ds,yhat,yhat_lower,yhat_upper,y_actual,split,group_code,group_name,month_label,period_label,is_future,mae_test,mape_test_pct
2025-01-02,124644657,0,643250906,2305556,train,CITYBIKE_P,Xe phổ thông,2025-01,T1/2025,0,2263444556.0,67987.53
2025-01-06,180088415,0,687163481,14666667,train,CITYBIKE_P,Xe phổ thông,2025-01,T1/2025,0,2263444556.0,67987.53
2025-01-07,143113582,0,629361409,33453702,train,CITYBIKE_P,Xe phổ thông,2025-01,T1/2025,0,2263444556.0,67987.53
2025-01-08,174661656,0,680847035,178617593,train,CITYBIKE_P,Xe phổ thông,2025-01,T1/2025,0,2263444556.0,67987.53
2025-01-09,140560262,0,668593356,46750000,train,CITYBIKE_P,Xe phổ thông,2025-01,T1/2025,0,2263444556.0,67987.53
2025-01-10,181199912,0,699603248,98672593,train,CITYBIKE_P,Xe phổ thông,2025-01,T1/2025,0,2263444556.0,67987.53
2025-01-11,182223246,0,741440619,327341386,train,CITYBIKE_P,Xe phổ thông,2025-01,T1/2025,0,2263444556.0,67987.53
2025-01-13,202491467,0,719768472,424114444,train,CITYBIKE_P,Xe phổ thông,2025-01,T1/2025,0,2263444556.0,67987.53
2025-01-15,196093984,0,749763166,19010000,train,CITYBIKE_P,Xe phổ thông,2025-01,T1/2025,0,2263444556.0,67987.53
2025-01-16,157687466,0,689942998,242712962,train,CITYBIKE_P,Xe phổ thông,2025-01,T1/2025,0,2263444556.0,67987.53
2025-01-17,203122145,0,731084356,11064815,train,CITYBIKE_P,Xe phổ thông,2025-01,T1/2025,0,2263444556.0,67987.53
2025-01-18,204110121,0,713160550,13510000,train,CITYBIKE_P,Xe phổ thông,2025-01,T1/2025,0,2263444556.0,67987.53
2025-01-20,226454525,0,734093554,32350000,train,CITYBIKE_P,Xe phổ thông,2025-01,T1/2025,0,2263444556.0,67987.53
2025-01-22,218947415,0,743484860,32991017,train,CITYBIKE_P,Xe phổ thông,2025-01,T1/2025,0,2263444556.0,67987.53
2025-01-23,175921496,0,716938386,7950000,train,CITYBIKE_P,Xe phổ thông,2025-01,T1/2025,0,2263444556.0,67987.53
2025-01-24,226423917,0,720836555,84066642,train,CITYBIKE_P,Xe phổ thông,2025-01,T1/2025,0,2263444556.0,67987.53
2025-02-04,220436037,0,744303351,36180000,train,CITYBIKE_P,Xe phổ thông,2025-02,T2/2025,0,2263444556.0,67987.53
2025-02-05,268141129,0,763518552,4425926,train,CITYBIKE_P,Xe phổ thông,2025-02,T2/2025,0,2263444556.0,67987.53
2025-02-07,276325128,0,835941115,20342127,train,CITYBIKE_P,Xe phổ thông,2025-02,T2/2025,0,2263444556.0,67987.53
2025-02-10,305660125,0,831476379,472797862,train,CITYBIKE_P,Xe phổ thông,2025-02,T2/2025,0,2263444556.0,67987.53
2025-02-11,241887113,0,751469849,152132959,train,CITYBIKE_P,Xe phổ thông,2025-02,T2/2025,0,2263444556.0,67987.53
2025-02-13,235567701,0,762544413,8851852,train,CITYBIKE_P,Xe phổ thông,2025-02,T2/2025,0,2263444556.0,67987.53
2025-02-14,302380878,0,800994723,531638888,train,CITYBIKE_P,Xe phổ thông,2025-02,T2/2025,0,2263444556.0,67987.53
2025-02-15,302783429,0,807800379,8518519,train,CITYBIKE_P,Xe phổ thông,2025-02,T2/2025,0,2263444556.0,67987.53
2025-02-17,333554696,0,821053320,561385926,train,CITYBIKE_P,Xe phổ thông,2025-02,T2/2025,0,2263444556.0,67987.53
2025-02-18,263716615,0,771826647,11787037,train,CITYBIKE_P,Xe phổ thông,2025-02,T2/2025,0,2263444556.0,67987.53
2025-02-19,320196570,0,838781143,386660556,train,CITYBIKE_P,Xe phổ thông,2025-02,T2/2025,0,2263444556.0,67987.53
2025-02-20,256349031,0,779201307,633837037,train,CITYBIKE_P,Xe phổ thông,2025-02,T2/2025,0,2263444556.0,67987.53
2025-02-21,328749546,0,826698649,199999043,train,CITYBIKE_P,Xe phổ thông,2025-02,T2/2025,0,2263444556.0,67987.53
2025-02-22,328880049,0,848088766,746041846,train,CITYBIKE_P,Xe phổ thông,2025-02,T2/2025,0,2263444556.0,67987.53
2025-02-24,361627248,0,875057455,77776840,train,CITYBIKE_P,Xe phổ thông,2025-02,T2/2025,0,2263444556.0,67987.53
2025-02-25,285644503,0,818023931,75666286,train,CITYBIKE_P,Xe phổ thông,2025-02,T2/2025,0,2263444556.0,67987.53
2025-02-26,346496987,0,857284436,213998977,train,CITYBIKE_P,Xe phổ thông,2025-02,T2/2025,0,2263444556.0,67987.53
2025-02-27,277146311,0,786803659,26559259,train,CITYBIKE_P,Xe phổ thông,2025-02,T2/2025,0,2263444556.0,67987.53
2025-02-28,355089272,0,861207708,138944444,train,CITYBIKE_P,Xe phổ thông,2025-02,T2/2025,0,2263444556.0,67987.53
2025-03-01,354899451,0,873681793,71952223,train,CITYBIKE_P,Xe phổ thông,2025-03,T3/2025,0,2263444556.0,67987.53
2025-03-06,297690026,0,834569786,25605556,train,CITYBIKE_P,Xe phổ thông,2025-03,T3/2025,0,2263444556.0,67987.53
2025-03-07,381059690,0,896509512,16138889,train,CITYBIKE_P,Xe phổ thông,2025-03,T3/2025,0,2263444556.0,67987.53
2025-03-08,380506636,0,893423147,27296294,train,CITYBIKE_P,Xe phổ thông,2025-03,T3/2025,0,2263444556.0,67987.53
2025-03-10,416855222,0,919621469,72762964,train,CITYBIKE_P,Xe phổ thông,2025-03,T3/2025,0,2263444556.0,67987.53
2025-03-13,317723636,0,840337265,105807957,train,CITYBIKE_P,Xe phổ thông,2025-03,T3/2025,0,2263444556.0,67987.53
2025-03-14,406339280,0,928702668,137376837,train,CITYBIKE_P,Xe phổ thông,2025-03,T3/2025,0,2263444556.0,67987.53
2025-03-17,443326968,0,955057474,286018399,train,CITYBIKE_P,Xe phổ thông,2025-03,T3/2025,0,2263444556.0,67987.53
2025-03-18,349228992,0,858019616,297145611,train,CITYBIKE_P,Xe phổ thông,2025-03,T3/2025,0,2263444556.0,67987.53
2025-03-19,422483666,0,956889525,647426482,train,CITYBIKE_P,Xe phổ thông,2025-03,T3/2025,0,2263444556.0,67987.53
2025-03-20,337015993,0,827961539,1241342593,train,CITYBIKE_P,Xe phổ thông,2025-03,T3/2025,0,2263444556.0,67987.53
2025-03-21,430640716,0,921058035,995782222,train,CITYBIKE_P,Xe phổ thông,2025-03,T3/2025,0,2263444556.0,67987.53
2025-03-22,429263976,0,962834613,483500370,train,CITYBIKE_P,Xe phổ thông,2025-03,T3/2025,0,2263444556.0,67987.53
2025-03-24,468641993,0,953657694,1282268918,train,CITYBIKE_P,Xe phổ thông,2025-03,T3/2025,0,2263444556.0,67987.53
2025-03-25,368861051,0,922018933,2131145262,train,CITYBIKE_P,Xe phổ thông,2025-03,T3/2025,0,2263444556.0,67987.53
2025-03-26,445862151,0,981571914,455452669,train,CITYBIKE_P,Xe phổ thông,2025-03,T3/2025,0,2263444556.0,67987.53
2025-03-27,355371134,0,891858277,602384164,train,CITYBIKE_P,Xe phổ thông,2025-03,T3/2025,0,2263444556.0,67987.53
2025-03-28,453722719,0,952040136,974944066,train,CITYBIKE_P,Xe phổ thông,2025-03,T3/2025,0,2263444556.0,67987.53
2025-03-29,451904414,0,962123063,244310000,train,CITYBIKE_P,Xe phổ thông,2025-03,T3/2025,0,2263444556.0,67987.53
2025-03-31,492567422,0,1013777153,981106690,train,CITYBIKE_P,Xe phổ thông,2025-03,T3/2025,0,2263444556.0,67987.53
2026-01-06,542210831,22544362,1069327953,142083331,train,CITYBIKE_P,Xe phổ thông,2026-01,T1/2026,0,2263444556.0,67987.53
2026-01-08,514841674,7372163,1033893410,2268519,train,CITYBIKE_P,Xe phổ thông,2026-01,T1/2026,0,2263444556.0,67987.53
2026-01-12,694096637,176365935,1191463039,589040971,train,CITYBIKE_P,Xe phổ thông,2026-01,T1/2026,0,2263444556.0,67987.53
2026-01-13,542261001,32057990,1077276967,272567163,train,CITYBIKE_P,Xe phổ thông,2026-01,T1/2026,0,2263444556.0,67987.53
2026-01-14,650673886,116875736,1193774758,77513611,train,CITYBIKE_P,Xe phổ thông,2026-01,T1/2026,0,2263444556.0,67987.53
2026-01-15,514887160,31834770,1053300479,209211385,train,CITYBIKE_P,Xe phổ thông,2026-01,T1/2026,0,2263444556.0,67987.53
2026-01-16,652735296,153449989,1160746137,998160040,train,CITYBIKE_P,Xe phổ thông,2026-01,T1/2026,0,2263444556.0,67987.53
2026-01-17,645593118,143130117,1164268004,130373854,train,CITYBIKE_P,Xe phổ thông,2026-01,T1/2026,0,2263444556.0,67987.53
2026-01-19,694152549,178633881,1207607182,376951383,train,CITYBIKE_P,Xe phổ thông,2026-01,T1/2026,0,2263444556.0,67987.53
2026-01-20,542303684,18824165,1055064547,185444079,train,CITYBIKE_P,Xe phổ thông,2026-01,T1/2026,0,2263444556.0,67987.53
2026-01-21,650723933,150822144,1147330616,6261111,train,CITYBIKE_P,Xe phổ thông,2026-01,T1/2026,0,2263444556.0,67987.53
2026-01-22,514925859,0,1070134815,675948374,train,CITYBIKE_P,Xe phổ thông,2026-01,T1/2026,0,2263444556.0,67987.53
2026-01-23,652783234,130566834,1142059189,446654465,train,CITYBIKE_P,Xe phổ thông,2026-01,T1/2026,0,2263444556.0,67987.53
2026-01-24,645639449,122991759,1192441635,1235924022,train,CITYBIKE_P,Xe phổ thông,2026-01,T1/2026,0,2263444556.0,67987.53
2026-01-26,694200116,186311632,1200171388,535948018,train,CITYBIKE_P,Xe phổ thông,2026-01,T1/2026,0,2263444556.0,67987.53
2026-01-27,542339997,53547494,1071862092,787172426,train,CITYBIKE_P,Xe phổ thông,2026-01,T1/2026,0,2263444556.0,67987.53
2026-01-28,650766510,128653768,1149390328,1977151780,train,CITYBIKE_P,Xe phổ thông,2026-01,T1/2026,0,2263444556.0,67987.53
2026-01-29,514958781,18161975,1059313621,836841901,train,CITYBIKE_P,Xe phổ thông,2026-01,T1/2026,0,2263444556.0,67987.53
2026-01-30,652824018,137494108,1125758460,472869892,train,CITYBIKE_P,Xe phổ thông,2026-01,T1/2026,0,2263444556.0,67987.53
2026-01-31,645678865,124699741,1157777481,990068120,train,CITYBIKE_P,Xe phổ thông,2026-01,T1/2026,0,2263444556.0,67987.53
2026-02-01,33581496692,33052516894,34088877888,0,test,CITYBIKE_P,Xe phổ thông,2026-02,T2/2026,0,2263444556.0,67987.53
2026-02-02,694240583,163357686,1175332445,18796296,test,CITYBIKE_P,Xe phổ thông,2026-02,T2/2026,0,2263444556.0,67987.53
2026-02-03,542370889,0,1095375941,14944444,test,CITYBIKE_P,Xe phổ thông,2026-02,T2/2026,0,2263444556.0,67987.53
2026-02-04,650802732,139384881,1161170482,815909689,test,CITYBIKE_P,Xe phổ thông,2026-02,T2/2026,0,2263444556.0,67987.53
2026-02-05,514986790,10255890,1016407316,602562108,test,CITYBIKE_P,Xe phổ thông,2026-02,T2/2026,0,2263444556.0,67987.53
2026-02-06,652858714,104979998,1197880524,372652205,test,CITYBIKE_P,Xe phổ thông,2026-02,T2/2026,0,2263444556.0,67987.53
2026-02-07,645712397,132800625,1173601035,580858775,test,CITYBIKE_P,Xe phổ thông,2026-02,T2/2026,0,2263444556.0,67987.53
2026-02-08,33583200856,33045456302,34119615235,0,test,CITYBIKE_P,Xe phổ thông,2026-02,T2/2026,0,2263444556.0,67987.53
2026-02-09,694275009,192540080,1224746538,569631018,test,CITYBIKE_P,Xe phổ thông,2026-02,T2/2026,0,2263444556.0,67987.53
2026-02-10,542397170,35093604,1049949535,591573593,test,CITYBIKE_P,Xe phổ thông,2026-02,T2/2026,0,2263444556.0,67987.53
2026-02-11,650833547,146918395,1154491512,211352748,test,CITYBIKE_P,Xe phổ thông,2026-02,T2/2026,0,2263444556.0,67987.53
2026-02-12,515010617,9051435,1015330374,1182453105,test,CITYBIKE_P,Xe phổ thông,2026-02,T2/2026,0,2263444556.0,67987.53
2026-02-13,652888230,122181415,1197160473,1793847983,test,CITYBIKE_P,Xe phổ thông,2026-02,T2/2026,0,2263444556.0,67987.53
2026-02-14,645740924,174213697,1163300444,0,test,CITYBIKE_P,Xe phổ thông,2026-02,T2/2026,0,2263444556.0,67987.53
2026-02-15,33584650602,33064933569,34097579835,0,test,CITYBIKE_P,Xe phổ thông,2026-02,T2/2026,0,2263444556.0,67987.53
2026-02-16,694304295,130541953,1234891222,0,test,CITYBIKE_P,Xe phổ thông,2026-02,T2/2026,0,2263444556.0,67987.53
2026-02-17,542419527,22149046,1052234033,0,test,CITYBIKE_P,Xe phổ thông,2026-02,T2/2026,0,2263444556.0,67987.53
2026-02-18,650859761,122728128,1138270813,0,test,CITYBIKE_P,Xe phổ thông,2026-02,T2/2026,0,2263444556.0,67987.53
2026-02-19,515030886,2183650,1031625008,0,test,CITYBIKE_P,Xe phổ thông,2026-02,T2/2026,0,2263444556.0,67987.53
2026-02-20,652913339,136401571,1141742401,0,test,CITYBIKE_P,Xe phổ thông,2026-02,T2/2026,0,2263444556.0,67987.53
2026-02-21,645765191,144241070,1208385394,0,test,CITYBIKE_P,Xe phổ thông,2026-02,T2/2026,0,2263444556.0,67987.53
2026-02-22,33585883895,33059597226,34135634170,2768519,test,CITYBIKE_P,Xe phổ thông,2026-02,T2/2026,0,2263444556.0,67987.53
2026-02-23,694329209,186740114,1213721924,25310000,test,CITYBIKE_P,Xe phổ thông,2026-02,T2/2026,0,2263444556.0,67987.53
2026-02-24,542438547,17620939,1062155661,795695134,test,CITYBIKE_P,Xe phổ thông,2026-02,T2/2026,0,2263444556.0,67987.53
2026-02-25,650882061,146118322,1121077365,371645493,test,CITYBIKE_P,Xe phổ thông,2026-02,T2/2026,0,2263444556.0,67987.53
2026-02-26,515048129,46895590,1054031577,1056294510,test,CITYBIKE_P,Xe phổ thông,2026-02,T2/2026,0,2263444556.0,67987.53
2026-02-27,652934699,170992120,1181240533,1369024780,test,CITYBIKE_P,Xe phổ thông,2026-02,T2/2026,0,2263444556.0,67987.53
2026-02-28,645785835,134587698,1185000119,168064618,test,CITYBIKE_P,Xe phổ thông,2026-02,T2/2026,0,2263444556.0,67987.53
2026-03-01,33586933041,33041719549,34064845061,0,forecast,CITYBIKE_P,Xe phổ thông,2026-03,T3/2026,1,2263444556.0,67987.53
2026-03-02,694350403,190725423,1219672080,0,forecast,CITYBIKE_P,Xe phổ thông,2026-03,T3/2026,1,2263444556.0,67987.53
2026-03-03,542454726,0,1026133113,0,forecast,CITYBIKE_P,Xe phổ thông,2026-03,T3/2026,1,2263444556.0,67987.53
2026-03-04,650901032,121685523,1160388318,0,forecast,CITYBIKE_P,Xe phổ thông,2026-03,T3/2026,1,2263444556.0,67987.53
2026-03-05,515062798,0,977667040,0,forecast,CITYBIKE_P,Xe phổ thông,2026-03,T3/2026,1,2263444556.0,67987.53
2026-03-06,652952870,123767249,1154601476,0,forecast,CITYBIKE_P,Xe phổ thông,2026-03,T3/2026,1,2263444556.0,67987.53
2026-03-07,645803396,114352149,1170733668,0,forecast,CITYBIKE_P,Xe phổ thông,2026-03,T3/2026,1,2263444556.0,67987.53
2026-03-08,33587825525,33081870994,34135984389,0,forecast,CITYBIKE_P,Xe phổ thông,2026-03,T3/2026,1,2263444556.0,67987.53
2026-03-09,694368432,138594206,1211993746,0,forecast,CITYBIKE_P,Xe phổ thông,2026-03,T3/2026,1,2263444556.0,67987.53
2026-03-10,542468489,51091211,1068434188,0,forecast,CITYBIKE_P,Xe phổ thông,2026-03,T3/2026,1,2263444556.0,67987.53
2026-03-11,650917169,171731279,1180562230,0,forecast,CITYBIKE_P,Xe phổ thông,2026-03,T3/2026,1,2263444556.0,67987.53
2026-03-12,515075276,0,1043168888,0,forecast,CITYBIKE_P,Xe phổ thông,2026-03,T3/2026,1,2263444556.0,67987.53
2026-03-13,652968327,190909105,1170751609,0,forecast,CITYBIKE_P,Xe phổ thông,2026-03,T3/2026,1,2263444556.0,67987.53
2026-03-14,645818334,114883239,1128239960,0,forecast,CITYBIKE_P,Xe phổ thông,2026-03,T3/2026,1,2263444556.0,67987.53
2026-03-15,33588584735,33071632547,34118302878,0,forecast,CITYBIKE_P,Xe phổ thông,2026-03,T3/2026,1,2263444556.0,67987.53
2026-03-16,694383769,199297487,1206230747,0,forecast,CITYBIKE_P,Xe phổ thông,2026-03,T3/2026,1,2263444556.0,67987.53
2026-03-17,542480197,8136235,1068871337,0,forecast,CITYBIKE_P,Xe phổ thông,2026-03,T3/2026,1,2263444556.0,67987.53
2026-03-18,650930897,109215990,1161784052,0,forecast,CITYBIKE_P,Xe phổ thông,2026-03,T3/2026,1,2263444556.0,67987.53
2026-03-19,515085891,21866363,1022171064,0,forecast,CITYBIKE_P,Xe phổ thông,2026-03,T3/2026,1,2263444556.0,67987.53
2026-03-20,652981476,131515753,1129238380,0,forecast,CITYBIKE_P,Xe phổ thông,2026-03,T3/2026,1,2263444556.0,67987.53
2026-03-21,645831042,137995917,1136788100,0,forecast,CITYBIKE_P,Xe phổ thông,2026-03,T3/2026,1,2263444556.0,67987.53
2026-03-22,33589230567,33049202967,34150641758,0,forecast,CITYBIKE_P,Xe phổ thông,2026-03,T3/2026,1,2263444556.0,67987.53
2026-03-23,694396815,149478050,1175183600,0,forecast,CITYBIKE_P,Xe phổ thông,2026-03,T3/2026,1,2263444556.0,67987.53
2026-03-24,542490157,47960424,1036875085,0,forecast,CITYBIKE_P,Xe phổ thông,2026-03,T3/2026,1,2263444556.0,67987.53
2026-03-25,650942575,152288130,1170711133,0,forecast,CITYBIKE_P,Xe phổ thông,2026-03,T3/2026,1,2263444556.0,67987.53
2026-03-26,515094920,18468425,1018431219,0,forecast,CITYBIKE_P,Xe phổ thông,2026-03,T3/2026,1,2263444556.0,67987.53
2026-03-27,652992661,115305085,1182827455,0,forecast,CITYBIKE_P,Xe phổ thông,2026-03,T3/2026,1,2263444556.0,67987.53
2026-03-28,645841852,178885861,1195587619,0,forecast,CITYBIKE_P,Xe phổ thông,2026-03,T3/2026,1,2263444556.0,67987.53
2026-03-29,33589779950,33044289593,34124691953,0,forecast,CITYBIKE_P,Xe phổ thông,2026-03,T3/2026,1,2263444556.0,67987.53
2026-03-30,694407913,159936809,1190716669,0,forecast,CITYBIKE_P,Xe phổ thông,2026-03,T3/2026,1,2263444556.0,67987.53
2026-03-31,542498629,48600296,1045898681,0,forecast,CITYBIKE_P,Xe phổ thông,2026-03,T3/2026,1,2263444556.0,67987.53
2026-04-01,650952508,116991896,1162904265,0,forecast,CITYBIKE_P,Xe phổ thông,2026-04,T4/2026,1,2263444556.0,67987.53
2026-04-02,515102601,19123947,1066314568,0,forecast,CITYBIKE_P,Xe phổ thông,2026-04,T4/2026,1,2263444556.0,67987.53
2026-04-03,653002176,148461955,1152602561,0,forecast,CITYBIKE_P,Xe phổ thông,2026-04,T4/2026,1,2263444556.0,67987.53
2026-04-04,645851048,149307272,1166080368,0,forecast,CITYBIKE_P,Xe phổ thông,2026-04,T4/2026,1,2263444556.0,67987.53
2026-04-05,33590247285,33097406117,34115880177,0,forecast,CITYBIKE_P,Xe phổ thông,2026-04,T4/2026,1,2263444556.0,67987.53
2026-04-06,694417354,162457258,1180508398,0,forecast,CITYBIKE_P,Xe phổ thông,2026-04,T4/2026,1,2263444556.0,67987.53
2026-04-07,542505836,29355347,1061755792,0,forecast,CITYBIKE_P,Xe phổ thông,2026-04,T4/2026,1,2263444556.0,67987.53
2026-04-08,650960958,125099277,1163814518,0,forecast,CITYBIKE_P,Xe phổ thông,2026-04,T4/2026,1,2263444556.0,67987.53
2026-04-09,515109135,29238344,1028612299,0,forecast,CITYBIKE_P,Xe phổ thông,2026-04,T4/2026,1,2263444556.0,67987.53
2026-04-10,653010270,126860294,1154675651,0,forecast,CITYBIKE_P,Xe phổ thông,2026-04,T4/2026,1,2263444556.0,67987.53
2026-04-11,645858870,141392881,1171037727,0,forecast,CITYBIKE_P,Xe phổ thông,2026-04,T4/2026,1,2263444556.0,67987.53
2026-04-12,33590644824,33056216359,34121238542,0,forecast,CITYBIKE_P,Xe phổ thông,2026-04,T4/2026,1,2263444556.0,67987.53
2026-04-13,694425384,166244476,1207078769,0,forecast,CITYBIKE_P,Xe phổ thông,2026-04,T4/2026,1,2263444556.0,67987.53
2026-04-14,542511966,68918834,1047361608,0,forecast,CITYBIKE_P,Xe phổ thông,2026-04,T4/2026,1,2263444556.0,67987.53
2026-04-15,650968146,147166898,1122714283,0,forecast,CITYBIKE_P,Xe phổ thông,2026-04,T4/2026,1,2263444556.0,67987.53
2026-04-16,515114693,0,1062442325,0,forecast,CITYBIKE_P,Xe phổ thông,2026-04,T4/2026,1,2263444556.0,67987.53
2026-04-17,653017155,149956743,1171045562,0,forecast,CITYBIKE_P,Xe phổ thông,2026-04,T4/2026,1,2263444556.0,67987.53
2026-04-18,645865525,132007493,1123115403,0,forecast,CITYBIKE_P,Xe phổ thông,2026-04,T4/2026,1,2263444556.0,67987.53
2026-04-19,33590982989,33069888712,34116580511,0,forecast,CITYBIKE_P,Xe phổ thông,2026-04,T4/2026,1,2263444556.0,67987.53
2026-04-20,694432216,189658100,1187883898,0,forecast,CITYBIKE_P,Xe phổ thông,2026-04,T4/2026,1,2263444556.0,67987.53
2026-04-21,542517181,73188316,1075558458,0,forecast,CITYBIKE_P,Xe phổ thông,2026-04,T4/2026,1,2263444556.0,67987.53
2026-04-22,650974261,155462222,1172628729,0,forecast,CITYBIKE_P,Xe phổ thông,2026-04,T4/2026,1,2263444556.0,67987.53
2026-04-23,515119421,18422900,1029260049,0,forecast,CITYBIKE_P,Xe phổ thông,2026-04,T4/2026,1,2263444556.0,67987.53
2026-04-24,653023012,126654697,1171646924,0,forecast,CITYBIKE_P,Xe phổ thông,2026-04,T4/2026,1,2263444556.0,67987.53
2026-04-25,645871185,154214042,1175193743,0,forecast,CITYBIKE_P,Xe phổ thông,2026-04,T4/2026,1,2263444556.0,67987.53
2026-04-26,33591270647,33071103554,34111592031,0,forecast,CITYBIKE_P,Xe phổ thông,2026-04,T4/2026,1,2263444556.0,67987.53
2026-04-27,694438027,190638459,1212023352,0,forecast,CITYBIKE_P,Xe phổ thông,2026-04,T4/2026,1,2263444556.0,67987.53
2026-04-28,542521617,18231823,1033210436,0,forecast,CITYBIKE_P,Xe phổ thông,2026-04,T4/2026,1,2263444556.0,67987.53
2026-04-29,650979462,149858595,1130171839,0,forecast,CITYBIKE_P,Xe phổ thông,2026-04,T4/2026,1,2263444556.0,67987.53
2026-04-30,515123443,17808426,1033219099,0,forecast,CITYBIKE_P,Xe phổ thông,2026-04,T4/2026,1,2263444556.0,67987.53
2026-05-01,653027994,137874599,1152824019,0,forecast,CITYBIKE_P,Xe phổ thông,2026-05,T5/2026,1,2263444556.0,67987.53
2026-05-02,645876000,150020304,1210419215,0,forecast,CITYBIKE_P,Xe phổ thông,2026-05,T5/2026,1,2263444556.0,67987.53
2026-05-03,33591515340,33099340538,34133341554,0,forecast,CITYBIKE_P,Xe phổ thông,2026-05,T5/2026,1,2263444556.0,67987.53
2026-05-04,694442970,161239320,1254432211,0,forecast,CITYBIKE_P,Xe phổ thông,2026-05,T5/2026,1,2263444556.0,67987.53
2026-05-05,542525391,19267828,1069656516,0,forecast,CITYBIKE_P,Xe phổ thông,2026-05,T5/2026,1,2263444556.0,67987.53
2026-05-06,650983886,168696685,1190352471,0,forecast,CITYBIKE_P,Xe phổ thông,2026-05,T5/2026,1,2263444556.0,67987.53
2026-05-07,515126864,13606362,1017149668,0,forecast,CITYBIKE_P,Xe phổ thông,2026-05,T5/2026,1,2263444556.0,67987.53
2026-05-08,653032231,158888418,1175453731,0,forecast,CITYBIKE_P,Xe phổ thông,2026-05,T5/2026,1,2263444556.0,67987.53
2026-05-09,645880095,120324762,1175429683,0,forecast,CITYBIKE_P,Xe phổ thông,2026-05,T5/2026,1,2263444556.0,67987.53
2026-05-10,33591723487,33071496842,34108315614,0,forecast,CITYBIKE_P,Xe phổ thông,2026-05,T5/2026,1,2263444556.0,67987.53
2026-05-11,694447174,149556995,1213245324,0,forecast,CITYBIKE_P,Xe phổ thông,2026-05,T5/2026,1,2263444556.0,67987.53
2026-05-12,542528600,29722963,1042744393,0,forecast,CITYBIKE_P,Xe phổ thông,2026-05,T5/2026,1,2263444556.0,67987.53
2026-05-13,650987650,148939132,1171968936,0,forecast,CITYBIKE_P,Xe phổ thông,2026-05,T5/2026,1,2263444556.0,67987.53
2026-05-14,515129774,0,1057958697,0,forecast,CITYBIKE_P,Xe phổ thông,2026-05,T5/2026,1,2263444556.0,67987.53
2026-05-15,653035836,127293007,1202934647,0,forecast,CITYBIKE_P,Xe phổ thông,2026-05,T5/2026,1,2263444556.0,67987.53
2026-05-16,645883579,134918693,1151052851,0,forecast,CITYBIKE_P,Xe phổ thông,2026-05,T5/2026,1,2263444556.0,67987.53
2026-05-17,33591900544,33046505603,34069935868,0,forecast,CITYBIKE_P,Xe phổ thông,2026-05,T5/2026,1,2263444556.0,67987.53
2026-05-18,694450751,189037864,1222651571,0,forecast,CITYBIKE_P,Xe phổ thông,2026-05,T5/2026,1,2263444556.0,67987.53
2026-05-19,542531331,61207975,1071618290,0,forecast,CITYBIKE_P,Xe phổ thông,2026-05,T5/2026,1,2263444556.0,67987.53
2026-05-20,650990852,164011126,1162352142,0,forecast,CITYBIKE_P,Xe phổ thông,2026-05,T5/2026,1,2263444556.0,67987.53
2026-05-21,515132249,0,1031148742,0,forecast,CITYBIKE_P,Xe phổ thông,2026-05,T5/2026,1,2263444556.0,67987.53
2026-05-22,653038903,169171139,1191495416,0,forecast,CITYBIKE_P,Xe phổ thông,2026-05,T5/2026,1,2263444556.0,67987.53
2026-05-23,645886543,155501283,1167029372,0,forecast,CITYBIKE_P,Xe phổ thông,2026-05,T5/2026,1,2263444556.0,67987.53
2026-05-24,33592051155,33110648354,34114540786,0,forecast,CITYBIKE_P,Xe phổ thông,2026-05,T5/2026,1,2263444556.0,67987.53
2026-05-25,694453793,180881438,1169396457,0,forecast,CITYBIKE_P,Xe phổ thông,2026-05,T5/2026,1,2263444556.0,67987.53
2026-05-26,542533654,22262752,1049063587,0,forecast,CITYBIKE_P,Xe phổ thông,2026-05,T5/2026,1,2263444556.0,67987.53
2026-05-27,650993575,172397645,1143402669,0,forecast,CITYBIKE_P,Xe phổ thông,2026-05,T5/2026,1,2263444556.0,67987.53
2026-05-28,515134355,40727016,1030076872,0,forecast,CITYBIKE_P,Xe phổ thông,2026-05,T5/2026,1,2263444556.0,67987.53
2026-05-29,653041511,137263682,1166200731,0,forecast,CITYBIKE_P,Xe phổ thông,2026-05,T5/2026,1,2263444556.0,67987.53
2026-05-30,645889064,98032065,1164424073,0,forecast,CITYBIKE_P,Xe phổ thông,2026-05,T5/2026,1,2263444556.0,67987.53
2026-05-31,33592179271,33079431299,34094564716,0,forecast,CITYBIKE_P,Xe phổ thông,2026-05,T5/2026,1,2263444556.0,67987.53
2026-06-01,694456382,199466720,1264850565,0,forecast,CITYBIKE_P,Xe phổ thông,2026-06,T6/2026,1,2263444556.0,67987.53
2026-06-02,542535629,43516064,1087947798,0,forecast,CITYBIKE_P,Xe phổ thông,2026-06,T6/2026,1,2263444556.0,67987.53
2026-06-03,650995891,136951727,1176503236,0,forecast,CITYBIKE_P,Xe phổ thông,2026-06,T6/2026,1,2263444556.0,67987.53
2026-06-04,515136146,19518942,1031594544,0,forecast,CITYBIKE_P,Xe phổ thông,2026-06,T6/2026,1,2263444556.0,67987.53
2026-06-05,653043730,157987584,1164420536,0,forecast,CITYBIKE_P,Xe phổ thông,2026-06,T6/2026,1,2263444556.0,67987.53
2026-06-06,645891208,149053267,1158609548,0,forecast,CITYBIKE_P,Xe phổ thông,2026-06,T6/2026,1,2263444556.0,67987.53
2026-06-07,33592288250,33049956378,34108393237,0,forecast,CITYBIKE_P,Xe phổ thông,2026-06,T6/2026,1,2263444556.0,67987.53
2026-06-08,694458583,164214456,1196020066,0,forecast,CITYBIKE_P,Xe phổ thông,2026-06,T6/2026,1,2263444556.0,67987.53
2026-06-09,542537310,30324576,1055377522,0,forecast,CITYBIKE_P,Xe phổ thông,2026-06,T6/2026,1,2263444556.0,67987.53
2026-06-10,650997862,130749839,1178818270,0,forecast,CITYBIKE_P,Xe phổ thông,2026-06,T6/2026,1,2263444556.0,67987.53
2026-06-11,515137670,0,1027092403,0,forecast,CITYBIKE_P,Xe phổ thông,2026-06,T6/2026,1,2263444556.0,67987.53
2026-06-12,653045617,152023295,1151153793,0,forecast,CITYBIKE_P,Xe phổ thông,2026-06,T6/2026,1,2263444556.0,67987.53
2026-06-13,645893032,68855483,1158826105,0,forecast,CITYBIKE_P,Xe phổ thông,2026-06,T6/2026,1,2263444556.0,67987.53
2026-06-14,33592380952,33110618801,34147621389,0,forecast,CITYBIKE_P,Xe phổ thông,2026-06,T6/2026,1,2263444556.0,67987.53
2026-06-15,694460456,162936504,1186953804,0,forecast,CITYBIKE_P,Xe phổ thông,2026-06,T6/2026,1,2263444556.0,67987.53
2026-06-16,542538739,81155536,1078253607,0,forecast,CITYBIKE_P,Xe phổ thông,2026-06,T6/2026,1,2263444556.0,67987.53
2026-06-17,650999538,167788849,1128037536,0,forecast,CITYBIKE_P,Xe phổ thông,2026-06,T6/2026,1,2263444556.0,67987.53
2026-06-18,515138966,0,1051929053,0,forecast,CITYBIKE_P,Xe phổ thông,2026-06,T6/2026,1,2263444556.0,67987.53
2026-06-19,653047223,139014586,1161509708,0,forecast,CITYBIKE_P,Xe phổ thông,2026-06,T6/2026,1,2263444556.0,67987.53
2026-06-20,645894584,144248872,1168956221,0,forecast,CITYBIKE_P,Xe phổ thông,2026-06,T6/2026,1,2263444556.0,67987.53
2026-06-21,33592459806,33041513070,34120610262,0,forecast,CITYBIKE_P,Xe phổ thông,2026-06,T6/2026,1,2263444556.0,67987.53
2026-06-22,694462049,164525799,1187387314,0,forecast,CITYBIKE_P,Xe phổ thông,2026-06,T6/2026,1,2263444556.0,67987.53
2026-06-23,542539955,51944774,1073270910,0,forecast,CITYBIKE_P,Xe phổ thông,2026-06,T6/2026,1,2263444556.0,67987.53
2026-06-24,651000964,135871522,1190095196,0,forecast,CITYBIKE_P,Xe phổ thông,2026-06,T6/2026,1,2263444556.0,67987.53
2026-06-25,515140068,10199868,1042368795,0,forecast,CITYBIKE_P,Xe phổ thông,2026-06,T6/2026,1,2263444556.0,67987.53
2026-06-26,653048589,119536597,1194872211,0,forecast,CITYBIKE_P,Xe phổ thông,2026-06,T6/2026,1,2263444556.0,67987.53
2026-06-27,645895904,144098028,1145819070,0,forecast,CITYBIKE_P,Xe phổ thông,2026-06,T6/2026,1,2263444556.0,67987.53
2026-06-28,33592526883,33066136531,34143435076,0,forecast,CITYBIKE_P,Xe phổ thông,2026-06,T6/2026,1,2263444556.0,67987.53
2026-06-29,694463404,172236129,1192165816,0,forecast,CITYBIKE_P,Xe phổ thông,2026-06,T6/2026,1,2263444556.0,67987.53
2026-06-30,542540990,10262261,1006612406,0,forecast,CITYBIKE_P,Xe phổ thông,2026-06,T6/2026,1,2263444556.0,67987.53
2025-01-08,100900912,0,224638122,17965278,train,KIDBIKE_1,Xe trẻ em N1,2025-01,T1/2025,0,70972920.0,291.32
2025-01-10,80382351,0,194999975,5250000,train,KIDBIKE_1,Xe trẻ em N1,2025-01,T1/2025,0,70972920.0,291.32
2025-01-11,89373654,0,217298079,56951481,train,KIDBIKE_1,Xe trẻ em N1,2025-01,T1/2025,0,70972920.0,291.32
2025-01-13,93639840,0,217476055,3550556,train,KIDBIKE_1,Xe trẻ em N1,2025-01,T1/2025,0,70972920.0,291.32
2025-01-18,90034760,0,218315159,4200000,train,KIDBIKE_1,Xe trẻ em N1,2025-01,T1/2025,0,70972920.0,291.32
2025-01-21,90335588,0,213342336,233548140,train,KIDBIKE_1,Xe trẻ em N1,2025-01,T1/2025,0,70972920.0,291.32
2025-01-22,102399114,0,222752411,3749537,train,KIDBIKE_1,Xe trẻ em N1,2025-01,T1/2025,0,70972920.0,291.32
2025-01-23,97420386,0,228733195,21300000,train,KIDBIKE_1,Xe trẻ em N1,2025-01,T1/2025,0,70972920.0,291.32
2025-01-24,81575678,0,209370124,17676383,train,KIDBIKE_1,Xe trẻ em N1,2025-01,T1/2025,0,70972920.0,291.32
2025-02-07,82785215,0,208678251,8870000,train,KIDBIKE_1,Xe trẻ em N1,2025-02,T2/2025,0,70972920.0,291.32
2025-02-10,96438256,0,216345544,91240000,train,KIDBIKE_1,Xe trẻ em N1,2025-02,T2/2025,0,70972920.0,291.32
2025-02-11,92352057,0,220822144,3550556,train,KIDBIKE_1,Xe trẻ em N1,2025-02,T2/2025,0,70972920.0,291.32
2025-02-14,83396117,0,203963073,172000000,train,KIDBIKE_1,Xe trẻ em N1,2025-02,T2/2025,0,70972920.0,291.32
2025-02-17,97149716,0,216896885,172141481,train,KIDBIKE_1,Xe trẻ em N1,2025-02,T2/2025,0,70972920.0,291.32
2025-02-19,105456816,0,230634071,91660000,train,KIDBIKE_1,Xe trẻ em N1,2025-02,T2/2025,0,70972920.0,291.32
2025-02-20,100329157,0,223787558,62420000,train,KIDBIKE_1,Xe trẻ em N1,2025-02,T2/2025,0,70972920.0,291.32
2025-02-21,84011137,0,213539812,5881944,train,KIDBIKE_1,Xe trẻ em N1,2025-02,T2/2025,0,70972920.0,291.32
2025-02-22,93407977,0,211551347,108760000,train,KIDBIKE_1,Xe trẻ em N1,2025-02,T2/2025,0,70972920.0,291.32
2025-02-25,93719151,0,214539568,8908331,train,KIDBIKE_1,Xe trẻ em N1,2025-02,T2/2025,0,70972920.0,291.32
2025-02-26,106234173,0,227046337,51615740,train,KIDBIKE_1,Xe trẻ em N1,2025-02,T2/2025,0,70972920.0,291.32
2025-02-28,84630297,0,215834757,61200000,train,KIDBIKE_1,Xe trẻ em N1,2025-02,T2/2025,0,70972920.0,291.32
2025-03-10,99312958,0,230789238,10500000,train,KIDBIKE_1,Xe trẻ em N1,2025-03,T3/2025,0,70972920.0,291.32
2025-03-13,102562574,0,231462579,35220370,train,KIDBIKE_1,Xe trẻ em N1,2025-03,T3/2025,0,70972920.0,291.32
2025-03-14,85881127,0,213461474,88890250,train,KIDBIKE_1,Xe trẻ em N1,2025-03,T3/2025,0,70972920.0,291.32
2025-03-17,100043744,0,226242134,150973151,train,KIDBIKE_1,Xe trẻ em N1,2025-03,T3/2025,0,70972920.0,291.32
2025-03-18,95804455,0,221819521,43860185,train,KIDBIKE_1,Xe trẻ em N1,2025-03,T3/2025,0,70972920.0,291.32
2025-03-19,108597721,0,238446356,198093426,train,KIDBIKE_1,Xe trẻ em N1,2025-03,T3/2025,0,70972920.0,291.32
2025-03-20,103317062,0,228263749,210490000,train,KIDBIKE_1,Xe trẻ em N1,2025-03,T3/2025,0,70972920.0,291.32
2025-03-21,86512841,0,216678232,225510000,train,KIDBIKE_1,Xe trẻ em N1,2025-03,T3/2025,0,70972920.0,291.32
2025-03-22,96189242,0,220887384,181120000,train,KIDBIKE_1,Xe trẻ em N1,2025-03,T3/2025,0,70972920.0,291.32
2025-03-24,100779427,0,218288696,307480000,train,KIDBIKE_1,Xe trẻ em N1,2025-03,T3/2025,0,70972920.0,291.32
2025-03-25,96508897,0,222742726,417778983,train,KIDBIKE_1,Xe trẻ em N1,2025-03,T3/2025,0,70972920.0,291.32
2025-03-26,109396156,0,228328737,153152777,train,KIDBIKE_1,Xe trẻ em N1,2025-03,T3/2025,0,70972920.0,291.32
2025-03-27,104076601,0,216551400,352047038,train,KIDBIKE_1,Xe trẻ em N1,2025-03,T3/2025,0,70972920.0,291.32
2025-03-28,87148783,0,204976147,228343701,train,KIDBIKE_1,Xe trẻ em N1,2025-03,T3/2025,0,70972920.0,291.32
2025-03-29,96896247,0,211829660,82710000,train,KIDBIKE_1,Xe trẻ em N1,2025-03,T3/2025,0,70972920.0,291.32
2025-03-31,101520030,0,235113914,126180000,train,KIDBIKE_1,Xe trẻ em N1,2025-03,T3/2025,0,70972920.0,291.32
2026-01-04,11387211,0,131966082,2027778,train,KIDBIKE_1,Xe trẻ em N1,2026-01,T1/2026,0,70972920.0,291.32
2026-01-06,129731490,3743324,254991151,110900001,train,KIDBIKE_1,Xe trẻ em N1,2026-01,T1/2026,0,70972920.0,291.32
2026-01-12,136441126,3562394,267622027,77306283,train,KIDBIKE_1,Xe trẻ em N1,2026-01,T1/2026,0,70972920.0,291.32
2026-01-13,130655090,5728236,261303364,71104888,train,KIDBIKE_1,Xe trẻ em N1,2026-01,T1/2026,0,70972920.0,291.32
2026-01-14,148097116,16311571,269691025,116581386,train,KIDBIKE_1,Xe trẻ em N1,2026-01,T1/2026,0,70972920.0,291.32
2026-01-15,140890978,14397228,268049823,79706571,train,KIDBIKE_1,Xe trẻ em N1,2026-01,T1/2026,0,70972920.0,291.32
2026-01-16,117971457,0,240114823,143798019,train,KIDBIKE_1,Xe trẻ em N1,2026-01,T1/2026,0,70972920.0,291.32
2026-01-17,131162019,1576579,256889671,10173608,train,KIDBIKE_1,Xe trẻ em N1,2026-01,T1/2026,0,70972920.0,291.32
2026-01-19,137411750,13548181,255892357,66214709,train,KIDBIKE_1,Xe trẻ em N1,2026-01,T1/2026,0,70972920.0,291.32
2026-01-20,131584434,0,249061850,39050000,train,KIDBIKE_1,Xe trẻ em N1,2026-01,T1/2026,0,70972920.0,291.32
2026-01-21,149150390,30668794,268413392,1842593,train,KIDBIKE_1,Xe trẻ em N1,2026-01,T1/2026,0,70972920.0,291.32
2026-01-22,141892873,6551186,266000034,128774042,train,KIDBIKE_1,Xe trẻ em N1,2026-01,T1/2026,0,70972920.0,291.32
2026-01-23,118810260,0,246489568,99214432,train,KIDBIKE_1,Xe trẻ em N1,2026-01,T1/2026,0,70972920.0,291.32
2026-01-24,132094490,2740756,252701629,251659474,train,KIDBIKE_1,Xe trẻ em N1,2026-01,T1/2026,0,70972920.0,291.32
2026-01-26,138388401,17059229,272412308,126453120,train,KIDBIKE_1,Xe trẻ em N1,2026-01,T1/2026,0,70972920.0,291.32
2026-01-27,132519547,9715087,258309597,118352939,train,KIDBIKE_1,Xe trẻ em N1,2026-01,T1/2026,0,70972920.0,291.32
2026-01-28,150210200,11639886,269681059,391084716,train,KIDBIKE_1,Xe trẻ em N1,2026-01,T1/2026,0,70972920.0,291.32
2026-01-29,142900983,21698054,272840607,74180439,train,KIDBIKE_1,Xe trẻ em N1,2026-01,T1/2026,0,70972920.0,291.32
2026-01-30,119654265,1138991,252068690,51848414,train,KIDBIKE_1,Xe trẻ em N1,2026-01,T1/2026,0,70972920.0,291.32
2026-01-31,133032742,9495920,262568693,140903390,train,KIDBIKE_1,Xe trẻ em N1,2026-01,T1/2026,0,70972920.0,291.32
2026-02-01,11714607,0,143155746,0,test,KIDBIKE_1,Xe trẻ em N1,2026-02,T2/2026,0,70972920.0,291.32
2026-02-02,139371104,6381481,262791397,0,test,KIDBIKE_1,Xe trẻ em N1,2026-02,T2/2026,0,70972920.0,291.32
2026-02-03,133460452,10068807,255394726,0,test,KIDBIKE_1,Xe trẻ em N1,2026-02,T2/2026,0,70972920.0,291.32
2026-02-04,151276572,28566233,282179131,174822369,test,KIDBIKE_1,Xe trẻ em N1,2026-02,T2/2026,0,70972920.0,291.32
2026-02-05,143915334,9699616,267021894,53273777,test,KIDBIKE_1,Xe trẻ em N1,2026-02,T2/2026,0,70972920.0,291.32
2026-02-06,120503494,0,251391995,6454812,test,KIDBIKE_1,Xe trẻ em N1,2026-02,T2/2026,0,70972920.0,291.32
2026-02-07,133976800,11257202,260901232,88907094,test,KIDBIKE_1,Xe trẻ em N1,2026-02,T2/2026,0,70972920.0,291.32
2026-02-08,11797728,0,137008321,0,test,KIDBIKE_1,Xe trẻ em N1,2026-02,T2/2026,0,70972920.0,291.32
2026-02-09,140359882,9014977,260530579,67199999,test,KIDBIKE_1,Xe trẻ em N1,2026-02,T2/2026,0,70972920.0,291.32
2026-02-10,134407174,5380375,264505701,132837931,test,KIDBIKE_1,Xe trẻ em N1,2026-02,T2/2026,0,70972920.0,291.32
2026-02-11,152349535,22979036,271772961,14537957,test,KIDBIKE_1,Xe trẻ em N1,2026-02,T2/2026,0,70972920.0,291.32
2026-02-12,144935951,8417981,264776843,198644652,test,KIDBIKE_1,Xe trẻ em N1,2026-02,T2/2026,0,70972920.0,291.32
2026-02-13,121357968,0,252076032,281731740,test,KIDBIKE_1,Xe trẻ em N1,2026-02,T2/2026,0,70972920.0,291.32
2026-02-14,134926686,6610501,266638991,0,test,KIDBIKE_1,Xe trẻ em N1,2026-02,T2/2026,0,70972920.0,291.32
2026-02-15,11881362,0,133258675,0,test,KIDBIKE_1,Xe trẻ em N1,2026-02,T2/2026,0,70972920.0,291.32
2026-02-16,141354762,13006460,263406696,0,test,KIDBIKE_1,Xe trẻ em N1,2026-02,T2/2026,0,70972920.0,291.32
2026-02-17,135359735,16420548,263715991,0,test,KIDBIKE_1,Xe trẻ em N1,2026-02,T2/2026,0,70972920.0,291.32
2026-02-18,153429114,27740815,276435295,0,test,KIDBIKE_1,Xe trẻ em N1,2026-02,T2/2026,0,70972920.0,291.32
2026-02-19,145962860,28593365,280405439,0,test,KIDBIKE_1,Xe trẻ em N1,2026-02,T2/2026,0,70972920.0,291.32
2026-02-20,122217707,0,246551875,0,test,KIDBIKE_1,Xe trẻ em N1,2026-02,T2/2026,0,70972920.0,291.32
2026-02-21,135882424,0,270625521,0,test,KIDBIKE_1,Xe trẻ em N1,2026-02,T2/2026,0,70972920.0,291.32
2026-02-22,11965511,0,138060813,2027778,test,KIDBIKE_1,Xe trẻ em N1,2026-02,T2/2026,0,70972920.0,291.32
2026-02-23,142355768,7512395,282195664,32168520,test,KIDBIKE_1,Xe trẻ em N1,2026-02,T2/2026,0,70972920.0,291.32
2026-02-24,136318160,18551775,265965558,173311154,test,KIDBIKE_1,Xe trẻ em N1,2026-02,T2/2026,0,70972920.0,291.32
2026-02-25,154515336,28086655,280795432,54103320,test,KIDBIKE_1,Xe trẻ em N1,2026-02,T2/2026,0,70972920.0,291.32
2026-02-26,146996087,25175678,271379037,151682176,test,KIDBIKE_1,Xe trẻ em N1,2026-02,T2/2026,0,70972920.0,291.32
2026-02-27,123082734,0,255036728,184914493,test,KIDBIKE_1,Xe trẻ em N1,2026-02,T2/2026,0,70972920.0,291.32
2026-02-28,136844038,16400679,263332233,25254072,test,KIDBIKE_1,Xe trẻ em N1,2026-02,T2/2026,0,70972920.0,291.32
2026-03-01,12050177,0,131037446,0,forecast,KIDBIKE_1,Xe trẻ em N1,2026-03,T3/2026,1,70972920.0,291.32
2026-03-02,143362924,30391918,269477484,0,forecast,KIDBIKE_1,Xe trẻ em N1,2026-03,T3/2026,1,70972920.0,291.32
2026-03-03,137282471,4634399,256138352,0,forecast,KIDBIKE_1,Xe trẻ em N1,2026-03,T3/2026,1,70972920.0,291.32
2026-03-04,155608228,21185566,283593223,0,forecast,KIDBIKE_1,Xe trẻ em N1,2026-03,T3/2026,1,70972920.0,291.32
2026-03-05,148035656,17313811,271306444,0,forecast,KIDBIKE_1,Xe trẻ em N1,2026-03,T3/2026,1,70972920.0,291.32
2026-03-06,123953069,0,243167852,0,forecast,KIDBIKE_1,Xe trẻ em N1,2026-03,T3/2026,1,70972920.0,291.32
2026-03-07,137811552,19768769,267501983,0,forecast,KIDBIKE_1,Xe trẻ em N1,2026-03,T3/2026,1,70972920.0,291.32
2026-03-08,12135363,0,139404779,0,forecast,KIDBIKE_1,Xe trẻ em N1,2026-03,T3/2026,1,70972920.0,291.32
2026-03-09,144376255,16236840,269798214,0,forecast,KIDBIKE_1,Xe trẻ em N1,2026-03,T3/2026,1,70972920.0,291.32
2026-03-10,138252693,7182695,265945549,0,forecast,KIDBIKE_1,Xe trẻ em N1,2026-03,T3/2026,1,70972920.0,291.32
2026-03-11,156707816,28715068,274974351,0,forecast,KIDBIKE_1,Xe trẻ em N1,2026-03,T3/2026,1,70972920.0,291.32
2026-03-12,149081592,27124965,282041214,0,forecast,KIDBIKE_1,Xe trẻ em N1,2026-03,T3/2026,1,70972920.0,291.32
2026-03-13,124828733,0,256709233,0,forecast,KIDBIKE_1,Xe trẻ em N1,2026-03,T3/2026,1,70972920.0,291.32
2026-03-14,138784988,15735126,265703366,0,forecast,KIDBIKE_1,Xe trẻ em N1,2026-03,T3/2026,1,70972920.0,291.32
2026-03-15,12221070,0,135650812,0,forecast,KIDBIKE_1,Xe trẻ em N1,2026-03,T3/2026,1,70972920.0,291.32
2026-03-16,145395785,24434443,273100346,0,forecast,KIDBIKE_1,Xe trẻ em N1,2026-03,T3/2026,1,70972920.0,291.32
2026-03-17,139228849,6394661,265877131,0,forecast,KIDBIKE_1,Xe trẻ em N1,2026-03,T3/2026,1,70972920.0,291.32
2026-03-18,157814127,32604557,277984096,0,forecast,KIDBIKE_1,Xe trẻ em N1,2026-03,T3/2026,1,70972920.0,291.32
2026-03-19,150133922,28693533,278854535,0,forecast,KIDBIKE_1,Xe trẻ em N1,2026-03,T3/2026,1,70972920.0,291.32
2026-03-20,125709748,0,253686512,0,forecast,KIDBIKE_1,Xe trẻ em N1,2026-03,T3/2026,1,70972920.0,291.32
2026-03-21,139764370,11190105,269539134,0,forecast,KIDBIKE_1,Xe trẻ em N1,2026-03,T3/2026,1,70972920.0,291.32
2026-03-22,12307300,0,143837117,0,forecast,KIDBIKE_1,Xe trẻ em N1,2026-03,T3/2026,1,70972920.0,291.32
2026-03-23,146421539,26379266,272345940,0,forecast,KIDBIKE_1,Xe trẻ em N1,2026-03,T3/2026,1,70972920.0,291.32
2026-03-24,140210962,3952199,256829119,0,forecast,KIDBIKE_1,Xe trẻ em N1,2026-03,T3/2026,1,70972920.0,291.32
2026-03-25,158927187,36502902,277196587,0,forecast,KIDBIKE_1,Xe trẻ em N1,2026-03,T3/2026,1,70972920.0,291.32
2026-03-26,151192669,29365615,271924421,0,forecast,KIDBIKE_1,Xe trẻ em N1,2026-03,T3/2026,1,70972920.0,291.32
2026-03-27,126596134,0,254163450,0,forecast,KIDBIKE_1,Xe trẻ em N1,2026-03,T3/2026,1,70972920.0,291.32
2026-03-28,140749720,8082487,272404373,0,forecast,KIDBIKE_1,Xe trẻ em N1,2026-03,T3/2026,1,70972920.0,291.32
2026-03-29,12394056,0,137652927,0,forecast,KIDBIKE_1,Xe trẻ em N1,2026-03,T3/2026,1,70972920.0,291.32
2026-03-30,147453540,24034340,269330625,0,forecast,KIDBIKE_1,Xe trẻ em N1,2026-03,T3/2026,1,70972920.0,291.32
2026-03-31,141199054,10971394,267562565,0,forecast,KIDBIKE_1,Xe trẻ em N1,2026-03,T3/2026,1,70972920.0,291.32
2026-04-01,160047022,40768004,289161434,0,forecast,KIDBIKE_1,Xe trẻ em N1,2026-04,T4/2026,1,70972920.0,291.32
2026-04-02,152257858,19276339,275138428,0,forecast,KIDBIKE_1,Xe trẻ em N1,2026-04,T4/2026,1,70972920.0,291.32
2026-04-03,127487912,10107434,253322304,0,forecast,KIDBIKE_1,Xe trẻ em N1,2026-04,T4/2026,1,70972920.0,291.32
2026-04-04,141741063,15275461,264338746,0,forecast,KIDBIKE_1,Xe trẻ em N1,2026-04,T4/2026,1,70972920.0,291.32
2026-04-05,12481339,0,143678069,0,forecast,KIDBIKE_1,Xe trẻ em N1,2026-04,T4/2026,1,70972920.0,291.32
2026-04-06,148491813,12996488,277144113,0,forecast,KIDBIKE_1,Xe trẻ em N1,2026-04,T4/2026,1,70972920.0,291.32
2026-04-07,142193149,15638525,273173149,0,forecast,KIDBIKE_1,Xe trẻ em N1,2026-04,T4/2026,1,70972920.0,291.32
2026-04-08,161173658,37944064,282091650,0,forecast,KIDBIKE_1,Xe trẻ em N1,2026-04,T4/2026,1,70972920.0,291.32
2026-04-09,153329515,27033989,273094767,0,forecast,KIDBIKE_1,Xe trẻ em N1,2026-04,T4/2026,1,70972920.0,291.32
2026-04-10,128385102,8941774,256575182,0,forecast,KIDBIKE_1,Xe trẻ em N1,2026-04,T4/2026,1,70972920.0,291.32
2026-04-11,142738421,14372956,272932249,0,forecast,KIDBIKE_1,Xe trẻ em N1,2026-04,T4/2026,1,70972920.0,291.32
2026-04-12,12569151,0,144666685,0,forecast,KIDBIKE_1,Xe trẻ em N1,2026-04,T4/2026,1,70972920.0,291.32
2026-04-13,149536382,29725011,264808334,0,forecast,KIDBIKE_1,Xe trẻ em N1,2026-04,T4/2026,1,70972920.0,291.32
2026-04-14,143193271,25160864,265197343,0,forecast,KIDBIKE_1,Xe trẻ em N1,2026-04,T4/2026,1,70972920.0,291.32
2026-04-15,162307122,27737017,282757887,0,forecast,KIDBIKE_1,Xe trẻ em N1,2026-04,T4/2026,1,70972920.0,291.32
2026-04-16,154407663,27561160,276369523,0,forecast,KIDBIKE_1,Xe trẻ em N1,2026-04,T4/2026,1,70972920.0,291.32
2026-04-17,129287726,2937399,251098160,0,forecast,KIDBIKE_1,Xe trẻ em N1,2026-04,T4/2026,1,70972920.0,291.32
2026-04-18,143741817,17435236,269099127,0,forecast,KIDBIKE_1,Xe trẻ em N1,2026-04,T4/2026,1,70972920.0,291.32
2026-04-19,12657495,0,133096907,0,forecast,KIDBIKE_1,Xe trẻ em N1,2026-04,T4/2026,1,70972920.0,291.32
2026-04-20,150587271,25216505,275928980,0,forecast,KIDBIKE_1,Xe trẻ em N1,2026-04,T4/2026,1,70972920.0,291.32
2026-04-21,144199441,19551399,261880291,0,forecast,KIDBIKE_1,Xe trẻ em N1,2026-04,T4/2026,1,70972920.0,291.32
2026-04-22,163447438,41569330,298484980,0,forecast,KIDBIKE_1,Xe trẻ em N1,2026-04,T4/2026,1,70972920.0,291.32
2026-04-23,155492328,38131848,282387959,0,forecast,KIDBIKE_1,Xe trẻ em N1,2026-04,T4/2026,1,70972920.0,291.32
2026-04-24,130195804,9947002,256627803,0,forecast,KIDBIKE_1,Xe trẻ em N1,2026-04,T4/2026,1,70972920.0,291.32
2026-04-25,144751274,8066780,270907851,0,forecast,KIDBIKE_1,Xe trẻ em N1,2026-04,T4/2026,1,70972920.0,291.32
2026-04-26,12746372,0,146080211,0,forecast,KIDBIKE_1,Xe trẻ em N1,2026-04,T4/2026,1,70972920.0,291.32
2026-04-27,151644502,25169424,281204647,0,forecast,KIDBIKE_1,Xe trẻ em N1,2026-04,T4/2026,1,70972920.0,291.32
2026-04-28,145211683,17854478,267099860,0,forecast,KIDBIKE_1,Xe trẻ em N1,2026-04,T4/2026,1,70972920.0,291.32
2026-04-29,164594634,36042558,296968334,0,forecast,KIDBIKE_1,Xe trẻ em N1,2026-04,T4/2026,1,70972920.0,291.32
2026-04-30,156583534,21608451,278054216,0,forecast,KIDBIKE_1,Xe trẻ em N1,2026-04,T4/2026,1,70972920.0,291.32
2026-05-01,131109356,4616542,251976383,0,forecast,KIDBIKE_1,Xe trẻ em N1,2026-05,T5/2026,1,70972920.0,291.32
2026-05-02,145766814,24018414,276657975,0,forecast,KIDBIKE_1,Xe trẻ em N1,2026-05,T5/2026,1,70972920.0,291.32
2026-05-03,12835785,0,142439577,0,forecast,KIDBIKE_1,Xe trẻ em N1,2026-05,T5/2026,1,70972920.0,291.32
2026-05-04,152708101,22988965,283031091,0,forecast,KIDBIKE_1,Xe trẻ em N1,2026-05,T5/2026,1,70972920.0,291.32
2026-05-05,146230018,24045120,264797331,0,forecast,KIDBIKE_1,Xe trẻ em N1,2026-05,T5/2026,1,70972920.0,291.32
2026-05-06,165748733,39574608,286252585,0,forecast,KIDBIKE_1,Xe trẻ em N1,2026-05,T5/2026,1,70972920.0,291.32
2026-05-07,157681305,24757227,287752176,0,forecast,KIDBIKE_1,Xe trẻ em N1,2026-05,T5/2026,1,70972920.0,291.32
2026-05-08,132028402,9754510,257425397,0,forecast,KIDBIKE_1,Xe trẻ em N1,2026-05,T5/2026,1,70972920.0,291.32
2026-05-09,146788459,30317384,267690751,0,forecast,KIDBIKE_1,Xe trẻ em N1,2026-05,T5/2026,1,70972920.0,291.32
2026-05-10,12925735,0,137585577,0,forecast,KIDBIKE_1,Xe trẻ em N1,2026-05,T5/2026,1,70972920.0,291.32
2026-05-11,153778090,29046546,274049313,0,forecast,KIDBIKE_1,Xe trẻ em N1,2026-05,T5/2026,1,70972920.0,291.32
2026-05-12,147254470,21920542,272959942,0,forecast,KIDBIKE_1,Xe trẻ em N1,2026-05,T5/2026,1,70972920.0,291.32
2026-05-13,166909762,40311358,295315467,0,forecast,KIDBIKE_1,Xe trẻ em N1,2026-05,T5/2026,1,70972920.0,291.32
2026-05-14,158785665,33682269,279797530,0,forecast,KIDBIKE_1,Xe trẻ em N1,2026-05,T5/2026,1,70972920.0,291.32
2026-05-15,132952963,2393834,249219767,0,forecast,KIDBIKE_1,Xe trẻ em N1,2026-05,T5/2026,1,70972920.0,291.32
2026-05-16,147816233,14215395,271318931,0,forecast,KIDBIKE_1,Xe trẻ em N1,2026-05,T5/2026,1,70972920.0,291.32
2026-05-17,13016225,0,138797157,0,forecast,KIDBIKE_1,Xe trẻ em N1,2026-05,T5/2026,1,70972920.0,291.32
2026-05-18,154854494,28689234,270284633,0,forecast,KIDBIKE_1,Xe trẻ em N1,2026-05,T5/2026,1,70972920.0,291.32
2026-05-19,148285061,30920120,270975223,0,forecast,KIDBIKE_1,Xe trẻ em N1,2026-05,T5/2026,1,70972920.0,291.32
2026-05-20,168077746,45996423,299995589,0,forecast,KIDBIKE_1,Xe trẻ em N1,2026-05,T5/2026,1,70972920.0,291.32
2026-05-21,159896638,37370858,277173211,0,forecast,KIDBIKE_1,Xe trẻ em N1,2026-05,T5/2026,1,70972920.0,291.32
2026-05-22,133883058,16170898,262855365,0,forecast,KIDBIKE_1,Xe trẻ em N1,2026-05,T5/2026,1,70972920.0,291.32
2026-05-23,148850157,24673326,272768154,0,forecast,KIDBIKE_1,Xe trẻ em N1,2026-05,T5/2026,1,70972920.0,291.32
2026-05-24,13107256,0,141838811,0,forecast,KIDBIKE_1,Xe trẻ em N1,2026-05,T5/2026,1,70972920.0,291.32
2026-05-25,155937334,32971986,276351463,0,forecast,KIDBIKE_1,Xe trẻ em N1,2026-05,T5/2026,1,70972920.0,291.32
2026-05-26,149321813,18441708,272218904,0,forecast,KIDBIKE_1,Xe trẻ em N1,2026-05,T5/2026,1,70972920.0,291.32
2026-05-27,169252710,39657158,296892147,0,forecast,KIDBIKE_1,Xe trẻ em N1,2026-05,T5/2026,1,70972920.0,291.32
2026-05-28,161014249,37455838,273500192,0,forecast,KIDBIKE_1,Xe trẻ em N1,2026-05,T5/2026,1,70972920.0,291.32
2026-05-29,134818708,13217521,265230209,0,forecast,KIDBIKE_1,Xe trẻ em N1,2026-05,T5/2026,1,70972920.0,291.32
2026-05-30,149890254,22934719,284602740,0,forecast,KIDBIKE_1,Xe trẻ em N1,2026-05,T5/2026,1,70972920.0,291.32
2026-05-31,13198830,0,137776134,0,forecast,KIDBIKE_1,Xe trẻ em N1,2026-05,T5/2026,1,70972920.0,291.32
2026-06-01,157026634,29061190,286366269,0,forecast,KIDBIKE_1,Xe trẻ em N1,2026-06,T6/2026,1,70972920.0,291.32
2026-06-02,150364749,21998747,275010489,0,forecast,KIDBIKE_1,Xe trẻ em N1,2026-06,T6/2026,1,70972920.0,291.32
2026-06-03,170434679,34080722,294412482,0,forecast,KIDBIKE_1,Xe trẻ em N1,2026-06,T6/2026,1,70972920.0,291.32
2026-06-04,162138520,27738670,288808767,0,forecast,KIDBIKE_1,Xe trẻ em N1,2026-06,T6/2026,1,70972920.0,291.32
2026-06-05,135759933,16667332,264092259,0,forecast,KIDBIKE_1,Xe trẻ em N1,2026-06,T6/2026,1,70972920.0,291.32
2026-06-06,150936546,32865489,280387200,0,forecast,KIDBIKE_1,Xe trẻ em N1,2026-06,T6/2026,1,70972920.0,291.32
2026-06-07,13290949,0,132215696,0,forecast,KIDBIKE_1,Xe trẻ em N1,2026-06,T6/2026,1,70972920.0,291.32
2026-06-08,158122418,37783332,283444718,0,forecast,KIDBIKE_1,Xe trẻ em N1,2026-06,T6/2026,1,70972920.0,291.32
2026-06-09,151413889,24193235,273147170,0,forecast,KIDBIKE_1,Xe trẻ em N1,2026-06,T6/2026,1,70972920.0,291.32
2026-06-10,171623678,57076848,295792845,0,forecast,KIDBIKE_1,Xe trẻ em N1,2026-06,T6/2026,1,70972920.0,291.32
2026-06-11,163269476,38093375,288665873,0,forecast,KIDBIKE_1,Xe trẻ em N1,2026-06,T6/2026,1,70972920.0,291.32
2026-06-12,136706752,11529531,262528811,0,forecast,KIDBIKE_1,Xe trẻ em N1,2026-06,T6/2026,1,70972920.0,291.32
2026-06-13,151989054,26565247,281564124,0,forecast,KIDBIKE_1,Xe trẻ em N1,2026-06,T6/2026,1,70972920.0,291.32
2026-06-14,13383616,0,148130830,0,forecast,KIDBIKE_1,Xe trẻ em N1,2026-06,T6/2026,1,70972920.0,291.32
2026-06-15,159224708,30536610,282366339,0,forecast,KIDBIKE_1,Xe trẻ em N1,2026-06,T6/2026,1,70972920.0,291.32
2026-06-16,152469256,27927783,272153889,0,forecast,KIDBIKE_1,Xe trẻ em N1,2026-06,T6/2026,1,70972920.0,291.32
2026-06-17,172819732,57336349,301627883,0,forecast,KIDBIKE_1,Xe trẻ em N1,2026-06,T6/2026,1,70972920.0,291.32
2026-06-18,164407140,41107092,287638161,0,forecast,KIDBIKE_1,Xe trẻ em N1,2026-06,T6/2026,1,70972920.0,291.32
2026-06-19,137659184,13025630,263355317,0,forecast,KIDBIKE_1,Xe trẻ em N1,2026-06,T6/2026,1,70972920.0,291.32
2026-06-20,153047800,35179421,279725578,0,forecast,KIDBIKE_1,Xe trẻ em N1,2026-06,T6/2026,1,70972920.0,291.32
2026-06-21,13476831,0,137546871,0,forecast,KIDBIKE_1,Xe trẻ em N1,2026-06,T6/2026,1,70972920.0,291.32
2026-06-22,160333527,39714690,286327104,0,forecast,KIDBIKE_1,Xe trẻ em N1,2026-06,T6/2026,1,70972920.0,291.32
2026-06-23,153530872,28238534,280820892,0,forecast,KIDBIKE_1,Xe trẻ em N1,2026-06,T6/2026,1,70972920.0,291.32
2026-06-24,174022865,45591013,290841424,0,forecast,KIDBIKE_1,Xe trẻ em N1,2026-06,T6/2026,1,70972920.0,291.32
2026-06-25,165551535,38902524,288068793,0,forecast,KIDBIKE_1,Xe trẻ em N1,2026-06,T6/2026,1,70972920.0,291.32
2026-06-26,138617250,15966239,267341906,0,forecast,KIDBIKE_1,Xe trẻ em N1,2026-06,T6/2026,1,70972920.0,291.32
2026-06-27,154112806,27343143,272438108,0,forecast,KIDBIKE_1,Xe trẻ em N1,2026-06,T6/2026,1,70972920.0,291.32
2026-06-28,13570598,0,130396292,0,forecast,KIDBIKE_1,Xe trẻ em N1,2026-06,T6/2026,1,70972920.0,291.32
2026-06-29,161448897,42815631,292975596,0,forecast,KIDBIKE_1,Xe trẻ em N1,2026-06,T6/2026,1,70972920.0,291.32
2026-06-30,154598759,24623313,279243187,0,forecast,KIDBIKE_1,Xe trẻ em N1,2026-06,T6/2026,1,70972920.0,291.32
2025-01-09,28653122,0,62184246,13410000,train,KIDBIKE_2,Xe trẻ em N2,2025-01,T1/2025,0,61632152.0,81.22
2025-01-10,30136078,0,62601158,7410000,train,KIDBIKE_2,Xe trẻ em N2,2025-01,T1/2025,0,61632152.0,81.22
2025-01-11,43915085,10704332,77479052,48381664,train,KIDBIKE_2,Xe trẻ em N2,2025-01,T1/2025,0,61632152.0,81.22
2025-01-13,25070122,0,56956677,19313610,train,KIDBIKE_2,Xe trẻ em N2,2025-01,T1/2025,0,61632152.0,81.22
2025-01-16,28589480,0,61691461,10118331,train,KIDBIKE_2,Xe trẻ em N2,2025-01,T1/2025,0,61632152.0,81.22
2025-01-21,35681733,3656666,66443906,20833335,train,KIDBIKE_2,Xe trẻ em N2,2025-01,T1/2025,0,61632152.0,81.22
2025-02-10,24847030,0,56844457,52734903,train,KIDBIKE_2,Xe trẻ em N2,2025-02,T2/2025,0,61632152.0,81.22
2025-02-11,35442960,1558182,66227463,76295362,train,KIDBIKE_2,Xe trẻ em N2,2025-02,T2/2025,0,61632152.0,81.22
2025-02-14,29801178,0,61418953,24386664,train,KIDBIKE_2,Xe trẻ em N2,2025-02,T2/2025,0,61632152.0,81.22
2025-02-17,24791236,0,57814171,12230000,train,KIDBIKE_2,Xe trẻ em N2,2025-02,T2/2025,0,61632152.0,81.22
2025-02-19,20292281,0,55407844,10320000,train,KIDBIKE_2,Xe trẻ em N2,2025-02,T2/2025,0,61632152.0,81.22
2025-02-20,28271120,0,62370901,21640000,train,KIDBIKE_2,Xe trẻ em N2,2025-02,T2/2025,0,61632152.0,81.22
2025-02-21,29734169,0,62683748,8997593,train,KIDBIKE_2,Xe trẻ em N2,2025-02,T2/2025,0,61632152.0,81.22
2025-02-22,43329215,10265836,75126337,71294995,train,KIDBIKE_2,Xe trẻ em N2,2025-02,T2/2025,0,61632152.0,81.22
2025-02-24,24735436,0,59011188,13779996,train,KIDBIKE_2,Xe trẻ em N2,2025-02,T2/2025,0,61632152.0,81.22
2025-02-25,35283723,4139032,66864534,7500000,train,KIDBIKE_2,Xe trẻ em N2,2025-02,T2/2025,0,61632152.0,81.22
2025-02-26,20246576,0,51074701,7836944,train,KIDBIKE_2,Xe trẻ em N2,2025-02,T2/2025,0,61632152.0,81.22
2025-03-01,43231524,9727700,77318724,59432593,train,KIDBIKE_2,Xe trẻ em N2,2025-03,T3/2025,0,61632152.0,81.22
2025-03-07,29600129,0,62838010,1472222,train,KIDBIKE_2,Xe trẻ em N2,2025-03,T3/2025,0,61632152.0,81.22
2025-03-08,43133822,10660443,76593387,21818327,train,KIDBIKE_2,Xe trẻ em N2,2025-03,T3/2025,0,61632152.0,81.22
2025-03-10,24623816,0,56097498,1472222,train,KIDBIKE_2,Xe trẻ em N2,2025-03,T3/2025,0,61632152.0,81.22
2025-03-13,28080007,0,60578099,54370637,train,KIDBIKE_2,Xe trẻ em N2,2025-03,T3/2025,0,61632152.0,81.22
2025-03-14,29533098,0,62566986,3500000,train,KIDBIKE_2,Xe trẻ em N2,2025-03,T3/2025,0,61632152.0,81.22
2025-03-17,24567998,0,55825820,50879721,train,KIDBIKE_2,Xe trẻ em N2,2025-03,T3/2025,0,61632152.0,81.22
2025-03-18,35044803,2541897,68354662,10428241,train,KIDBIKE_2,Xe trẻ em N2,2025-03,T3/2025,0,61632152.0,81.22
2025-03-19,20109432,0,53656220,46917778,train,KIDBIKE_2,Xe trẻ em N2,2025-03,T3/2025,0,61632152.0,81.22
2025-03-20,28016290,0,59913095,51270000,train,KIDBIKE_2,Xe trẻ em N2,2025-03,T3/2025,0,61632152.0,81.22
2025-03-21,29466062,0,63571650,40079998,train,KIDBIKE_2,Xe trẻ em N2,2025-03,T3/2025,0,61632152.0,81.22
2025-03-22,42938393,9425049,76956359,31520000,train,KIDBIKE_2,Xe trẻ em N2,2025-03,T3/2025,0,61632152.0,81.22
2025-03-24,24512176,0,59456214,38660000,train,KIDBIKE_2,Xe trẻ em N2,2025-03,T3/2025,0,61632152.0,81.22
2025-03-25,34965149,2802717,68196417,106827314,train,KIDBIKE_2,Xe trẻ em N2,2025-03,T3/2025,0,61632152.0,81.22
2025-03-26,20063710,0,53084706,19536759,train,KIDBIKE_2,Xe trẻ em N2,2025-03,T3/2025,0,61632152.0,81.22
2025-03-27,27952569,0,61040236,8113703,train,KIDBIKE_2,Xe trẻ em N2,2025-03,T3/2025,0,61632152.0,81.22
2025-03-28,29399021,0,64385836,127120000,train,KIDBIKE_2,Xe trẻ em N2,2025-03,T3/2025,0,61632152.0,81.22
2025-03-29,42840666,9973268,75290074,3000000,train,KIDBIKE_2,Xe trẻ em N2,2025-03,T3/2025,0,61632152.0,81.22
2025-03-31,24456350,0,58207487,19110000,train,KIDBIKE_2,Xe trẻ em N2,2025-03,T3/2025,0,61632152.0,81.22
2026-01-12,22171418,0,55830972,8107773,train,KIDBIKE_2,Xe trẻ em N2,2026-01,T1/2026,0,61632152.0,81.22
2026-01-13,31625184,0,64161192,19234431,train,KIDBIKE_2,Xe trẻ em N2,2026-01,T1/2026,0,61632152.0,81.22
2026-01-14,18146589,0,50996978,13868425,train,KIDBIKE_2,Xe trẻ em N2,2026-01,T1/2026,0,61632152.0,81.22
2026-01-15,25280845,0,58368728,54737221,train,KIDBIKE_2,Xe trẻ em N2,2026-01,T1/2026,0,61632152.0,81.22
2026-01-16,26588192,0,59743861,38122759,train,KIDBIKE_2,Xe trẻ em N2,2026-01,T1/2026,0,61632152.0,81.22
2026-01-17,38743446,5141054,70399299,7430365,train,KIDBIKE_2,Xe trẻ em N2,2026-01,T1/2026,0,61632152.0,81.22
2026-01-19,22115962,0,58980601,22436649,train,KIDBIKE_2,Xe trẻ em N2,2026-01,T1/2026,0,61632152.0,81.22
2026-01-20,31546059,0,64808989,7380000,train,KIDBIKE_2,Xe trẻ em N2,2026-01,T1/2026,0,61632152.0,81.22
2026-01-21,18101173,0,52287753,1379630,train,KIDBIKE_2,Xe trẻ em N2,2026-01,T1/2026,0,61632152.0,81.22
2026-01-22,25217555,0,59072536,32262485,train,KIDBIKE_2,Xe trẻ em N2,2026-01,T1/2026,0,61632152.0,81.22
2026-01-23,26521609,0,58809536,30013608,train,KIDBIKE_2,Xe trẻ em N2,2026-01,T1/2026,0,61632152.0,81.22
2026-01-24,38646394,7062550,71141350,80598014,train,KIDBIKE_2,Xe trẻ em N2,2026-01,T1/2026,0,61632152.0,81.22
2026-01-26,22060529,0,56615840,24981093,train,KIDBIKE_2,Xe trẻ em N2,2026-01,T1/2026,0,61632152.0,81.22
2026-01-27,31466965,0,66375839,18331100,train,KIDBIKE_2,Xe trẻ em N2,2026-01,T1/2026,0,61632152.0,81.22
2026-01-28,18055775,0,50402315,35304797,train,KIDBIKE_2,Xe trẻ em N2,2026-01,T1/2026,0,61632152.0,81.22
2026-01-29,25154290,0,57589153,1915554,train,KIDBIKE_2,Xe trẻ em N2,2026-01,T1/2026,0,61632152.0,81.22
2026-01-30,26455052,0,58986865,7715828,train,KIDBIKE_2,Xe trẻ em N2,2026-01,T1/2026,0,61632152.0,81.22
2026-01-31,38549380,3461947,69161700,55373291,train,KIDBIKE_2,Xe trẻ em N2,2026-01,T1/2026,0,61632152.0,81.22
2026-02-01,852691190,817121681,887032444,0,test,KIDBIKE_2,Xe trẻ em N2,2026-02,T2/2026,0,61632152.0,81.22
2026-02-02,22005117,0,54276276,0,test,KIDBIKE_2,Xe trẻ em N2,2026-02,T2/2026,0,61632152.0,81.22
2026-02-03,31387903,0,64765158,0,test,KIDBIKE_2,Xe trẻ em N2,2026-02,T2/2026,0,61632152.0,81.22
2026-02-04,18010395,0,51010650,148254314,test,KIDBIKE_2,Xe trẻ em N2,2026-02,T2/2026,0,61632152.0,81.22
2026-02-05,25091050,0,58694385,53201618,test,KIDBIKE_2,Xe trẻ em N2,2026-02,T2/2026,0,61632152.0,81.22
2026-02-06,26388522,0,60215665,14036098,test,KIDBIKE_2,Xe trẻ em N2,2026-02,T2/2026,0,61632152.0,81.22
2026-02-07,38452406,3535810,69839253,88168808,test,KIDBIKE_2,Xe trẻ em N2,2026-02,T2/2026,0,61632152.0,81.22
2026-02-08,850545531,818971040,882743413,0,test,KIDBIKE_2,Xe trẻ em N2,2026-02,T2/2026,0,61632152.0,81.22
2026-02-09,21949728,0,55980039,70453111,test,KIDBIKE_2,Xe trẻ em N2,2026-02,T2/2026,0,61632152.0,81.22
2026-02-10,31308873,0,63357951,164491523,test,KIDBIKE_2,Xe trẻ em N2,2026-02,T2/2026,0,61632152.0,81.22
2026-02-11,17965034,0,49911054,30502565,test,KIDBIKE_2,Xe trẻ em N2,2026-02,T2/2026,0,61632152.0,81.22
2026-02-12,25027837,0,57672499,139560618,test,KIDBIKE_2,Xe trẻ em N2,2026-02,T2/2026,0,61632152.0,81.22
2026-02-13,26322020,0,58509430,96636577,test,KIDBIKE_2,Xe trẻ em N2,2026-02,T2/2026,0,61632152.0,81.22
2026-02-14,38355472,5588868,70627810,0,test,KIDBIKE_2,Xe trẻ em N2,2026-02,T2/2026,0,61632152.0,81.22
2026-02-15,848400770,815790235,882188697,0,test,KIDBIKE_2,Xe trẻ em N2,2026-02,T2/2026,0,61632152.0,81.22
2026-02-16,21894362,0,56652280,0,test,KIDBIKE_2,Xe trẻ em N2,2026-02,T2/2026,0,61632152.0,81.22
2026-02-17,31229876,0,63312513,0,test,KIDBIKE_2,Xe trẻ em N2,2026-02,T2/2026,0,61632152.0,81.22
2026-02-18,17919693,0,53378401,0,test,KIDBIKE_2,Xe trẻ em N2,2026-02,T2/2026,0,61632152.0,81.22
2026-02-19,24964650,0,59386252,0,test,KIDBIKE_2,Xe trẻ em N2,2026-02,T2/2026,0,61632152.0,81.22
2026-02-20,26255546,0,59905296,0,test,KIDBIKE_2,Xe trẻ em N2,2026-02,T2/2026,0,61632152.0,81.22
2026-02-21,38258580,6450692,73993303,0,test,KIDBIKE_2,Xe trẻ em N2,2026-02,T2/2026,0,61632152.0,81.22
2026-02-22,846256929,813972747,880062111,0,test,KIDBIKE_2,Xe trẻ em N2,2026-02,T2/2026,0,61632152.0,81.22
2026-02-23,21839021,0,56882936,11500000,test,KIDBIKE_2,Xe trẻ em N2,2026-02,T2/2026,0,61632152.0,81.22
2026-02-24,31150913,0,66023722,217584746,test,KIDBIKE_2,Xe trẻ em N2,2026-02,T2/2026,0,61632152.0,81.22
2026-02-25,17874370,0,47575179,9857776,test,KIDBIKE_2,Xe trẻ em N2,2026-02,T2/2026,0,61632152.0,81.22
2026-02-26,24901491,0,58557860,52723390,test,KIDBIKE_2,Xe trẻ em N2,2026-02,T2/2026,0,61632152.0,81.22
2026-02-27,26189101,0,58892636,92873812,test,KIDBIKE_2,Xe trẻ em N2,2026-02,T2/2026,0,61632152.0,81.22
2026-02-28,38161730,2472579,71062653,12469721,test,KIDBIKE_2,Xe trẻ em N2,2026-02,T2/2026,0,61632152.0,81.22
2026-03-01,844114031,810589447,876316178,0,forecast,KIDBIKE_2,Xe trẻ em N2,2026-03,T3/2026,1,61632152.0,81.22
2026-03-02,21783703,0,53521771,0,forecast,KIDBIKE_2,Xe trẻ em N2,2026-03,T3/2026,1,61632152.0,81.22
2026-03-03,31071986,0,63267382,0,forecast,KIDBIKE_2,Xe trẻ em N2,2026-03,T3/2026,1,61632152.0,81.22
2026-03-04,17829068,0,49543676,0,forecast,KIDBIKE_2,Xe trẻ em N2,2026-03,T3/2026,1,61632152.0,81.22
2026-03-05,24838360,0,58198633,0,forecast,KIDBIKE_2,Xe trẻ em N2,2026-03,T3/2026,1,61632152.0,81.22
2026-03-06,26122686,0,57947952,0,forecast,KIDBIKE_2,Xe trẻ em N2,2026-03,T3/2026,1,61632152.0,81.22
2026-03-07,38064924,5199693,69979635,0,forecast,KIDBIKE_2,Xe trẻ em N2,2026-03,T3/2026,1,61632152.0,81.22
2026-03-08,841972097,805318823,872636372,0,forecast,KIDBIKE_2,Xe trẻ em N2,2026-03,T3/2026,1,61632152.0,81.22
2026-03-09,21728411,0,53985371,0,forecast,KIDBIKE_2,Xe trẻ em N2,2026-03,T3/2026,1,61632152.0,81.22
2026-03-10,30993094,0,62311570,0,forecast,KIDBIKE_2,Xe trẻ em N2,2026-03,T3/2026,1,61632152.0,81.22
2026-03-11,17783787,0,51557239,0,forecast,KIDBIKE_2,Xe trẻ em N2,2026-03,T3/2026,1,61632152.0,81.22
2026-03-12,24775258,0,54747474,0,forecast,KIDBIKE_2,Xe trẻ em N2,2026-03,T3/2026,1,61632152.0,81.22
2026-03-13,26056302,0,59037506,0,forecast,KIDBIKE_2,Xe trẻ em N2,2026-03,T3/2026,1,61632152.0,81.22
2026-03-14,37968162,5716556,70752236,0,forecast,KIDBIKE_2,Xe trẻ em N2,2026-03,T3/2026,1,61632152.0,81.22
2026-03-15,839831150,806573358,872995223,0,forecast,KIDBIKE_2,Xe trẻ em N2,2026-03,T3/2026,1,61632152.0,81.22
2026-03-16,21673144,0,56437594,0,forecast,KIDBIKE_2,Xe trẻ em N2,2026-03,T3/2026,1,61632152.0,81.22
2026-03-17,30914239,0,62598458,0,forecast,KIDBIKE_2,Xe trẻ em N2,2026-03,T3/2026,1,61632152.0,81.22
2026-03-18,17738526,0,50913867,0,forecast,KIDBIKE_2,Xe trẻ em N2,2026-03,T3/2026,1,61632152.0,81.22
2026-03-19,24712185,0,55786572,0,forecast,KIDBIKE_2,Xe trẻ em N2,2026-03,T3/2026,1,61632152.0,81.22
2026-03-20,25989948,0,57087114,0,forecast,KIDBIKE_2,Xe trẻ em N2,2026-03,T3/2026,1,61632152.0,81.22
2026-03-21,37871446,3399208,71871713,0,forecast,KIDBIKE_2,Xe trẻ em N2,2026-03,T3/2026,1,61632152.0,81.22
2026-03-22,837691211,804963782,870743322,0,forecast,KIDBIKE_2,Xe trẻ em N2,2026-03,T3/2026,1,61632152.0,81.22
2026-03-23,21617903,0,53359343,0,forecast,KIDBIKE_2,Xe trẻ em N2,2026-03,T3/2026,1,61632152.0,81.22
2026-03-24,30835421,0,62661122,0,forecast,KIDBIKE_2,Xe trẻ em N2,2026-03,T3/2026,1,61632152.0,81.22
2026-03-25,17693287,0,51107259,0,forecast,KIDBIKE_2,Xe trẻ em N2,2026-03,T3/2026,1,61632152.0,81.22
2026-03-26,24649142,0,59320150,0,forecast,KIDBIKE_2,Xe trẻ em N2,2026-03,T3/2026,1,61632152.0,81.22
2026-03-27,25923626,0,58644044,0,forecast,KIDBIKE_2,Xe trẻ em N2,2026-03,T3/2026,1,61632152.0,81.22
2026-03-28,37774776,2937498,71665901,0,forecast,KIDBIKE_2,Xe trẻ em N2,2026-03,T3/2026,1,61632152.0,81.22
2026-03-29,835552305,800309872,867921432,0,forecast,KIDBIKE_2,Xe trẻ em N2,2026-03,T3/2026,1,61632152.0,81.22
2026-03-30,21562689,0,52907053,0,forecast,KIDBIKE_2,Xe trẻ em N2,2026-03,T3/2026,1,61632152.0,81.22
2026-03-31,30756641,0,66000862,0,forecast,KIDBIKE_2,Xe trẻ em N2,2026-03,T3/2026,1,61632152.0,81.22
2026-04-01,17648070,0,50588450,0,forecast,KIDBIKE_2,Xe trẻ em N2,2026-04,T4/2026,1,61632152.0,81.22
2026-04-02,24586131,0,58403245,0,forecast,KIDBIKE_2,Xe trẻ em N2,2026-04,T4/2026,1,61632152.0,81.22
2026-04-03,25857337,0,59595839,0,forecast,KIDBIKE_2,Xe trẻ em N2,2026-04,T4/2026,1,61632152.0,81.22
2026-04-04,37678153,3325926,71743861,0,forecast,KIDBIKE_2,Xe trẻ em N2,2026-04,T4/2026,1,61632152.0,81.22
2026-04-05,833414451,800105625,866798811,0,forecast,KIDBIKE_2,Xe trẻ em N2,2026-04,T4/2026,1,61632152.0,81.22
2026-04-06,21507502,0,53691142,0,forecast,KIDBIKE_2,Xe trẻ em N2,2026-04,T4/2026,1,61632152.0,81.22
2026-04-07,30677900,0,61035597,0,forecast,KIDBIKE_2,Xe trẻ em N2,2026-04,T4/2026,1,61632152.0,81.22
2026-04-08,17602876,0,53834184,0,forecast,KIDBIKE_2,Xe trẻ em N2,2026-04,T4/2026,1,61632152.0,81.22
2026-04-09,24523150,0,59135497,0,forecast,KIDBIKE_2,Xe trẻ em N2,2026-04,T4/2026,1,61632152.0,81.22
2026-04-10,25791080,0,59111313,0,forecast,KIDBIKE_2,Xe trẻ em N2,2026-04,T4/2026,1,61632152.0,81.22
2026-04-11,37581579,4636010,69286968,0,forecast,KIDBIKE_2,Xe trẻ em N2,2026-04,T4/2026,1,61632152.0,81.22
2026-04-12,831277673,798496586,866434107,0,forecast,KIDBIKE_2,Xe trẻ em N2,2026-04,T4/2026,1,61632152.0,81.22
2026-04-13,21452343,0,53972630,0,forecast,KIDBIKE_2,Xe trẻ em N2,2026-04,T4/2026,1,61632152.0,81.22
2026-04-14,30599200,0,64393356,0,forecast,KIDBIKE_2,Xe trẻ em N2,2026-04,T4/2026,1,61632152.0,81.22
2026-04-15,17557704,0,51497990,0,forecast,KIDBIKE_2,Xe trẻ em N2,2026-04,T4/2026,1,61632152.0,81.22
2026-04-16,24460202,0,59114013,0,forecast,KIDBIKE_2,Xe trẻ em N2,2026-04,T4/2026,1,61632152.0,81.22
2026-04-17,25724858,0,57108118,0,forecast,KIDBIKE_2,Xe trẻ em N2,2026-04,T4/2026,1,61632152.0,81.22
2026-04-18,37485055,6050695,71906667,0,forecast,KIDBIKE_2,Xe trẻ em N2,2026-04,T4/2026,1,61632152.0,81.22
2026-04-19,829141992,797083478,861992486,0,forecast,KIDBIKE_2,Xe trẻ em N2,2026-04,T4/2026,1,61632152.0,81.22
2026-04-20,21397213,0,51768799,0,forecast,KIDBIKE_2,Xe trẻ em N2,2026-04,T4/2026,1,61632152.0,81.22
2026-04-21,30520539,0,60727952,0,forecast,KIDBIKE_2,Xe trẻ em N2,2026-04,T4/2026,1,61632152.0,81.22
2026-04-22,17512556,0,50661290,0,forecast,KIDBIKE_2,Xe trẻ em N2,2026-04,T4/2026,1,61632152.0,81.22
2026-04-23,24397286,0,58735026,0,forecast,KIDBIKE_2,Xe trẻ em N2,2026-04,T4/2026,1,61632152.0,81.22
2026-04-24,25658670,0,56188037,0,forecast,KIDBIKE_2,Xe trẻ em N2,2026-04,T4/2026,1,61632152.0,81.22
2026-04-25,37388581,2081348,70239396,0,forecast,KIDBIKE_2,Xe trẻ em N2,2026-04,T4/2026,1,61632152.0,81.22
2026-04-26,827007431,791091144,860931249,0,forecast,KIDBIKE_2,Xe trẻ em N2,2026-04,T4/2026,1,61632152.0,81.22
2026-04-27,21342111,0,55417675,0,forecast,KIDBIKE_2,Xe trẻ em N2,2026-04,T4/2026,1,61632152.0,81.22
2026-04-28,30441921,0,64055792,0,forecast,KIDBIKE_2,Xe trẻ em N2,2026-04,T4/2026,1,61632152.0,81.22
2026-04-29,17467432,0,50625913,0,forecast,KIDBIKE_2,Xe trẻ em N2,2026-04,T4/2026,1,61632152.0,81.22
2026-04-30,24334404,0,54197743,0,forecast,KIDBIKE_2,Xe trẻ em N2,2026-04,T4/2026,1,61632152.0,81.22
2026-05-01,25592517,0,56826168,0,forecast,KIDBIKE_2,Xe trẻ em N2,2026-05,T5/2026,1,61632152.0,81.22
2026-05-02,37292158,2905684,69976680,0,forecast,KIDBIKE_2,Xe trẻ em N2,2026-05,T5/2026,1,61632152.0,81.22
2026-05-03,824874011,792304570,859294155,0,forecast,KIDBIKE_2,Xe trẻ em N2,2026-05,T5/2026,1,61632152.0,81.22
2026-05-04,21287039,0,54632142,0,forecast,KIDBIKE_2,Xe trẻ em N2,2026-05,T5/2026,1,61632152.0,81.22
2026-05-05,30363344,0,65283511,0,forecast,KIDBIKE_2,Xe trẻ em N2,2026-05,T5/2026,1,61632152.0,81.22
2026-05-06,17422332,0,51510359,0,forecast,KIDBIKE_2,Xe trẻ em N2,2026-05,T5/2026,1,61632152.0,81.22
2026-05-07,24271555,0,59675553,0,forecast,KIDBIKE_2,Xe trẻ em N2,2026-05,T5/2026,1,61632152.0,81.22
2026-05-08,25526400,0,60616003,0,forecast,KIDBIKE_2,Xe trẻ em N2,2026-05,T5/2026,1,61632152.0,81.22
2026-05-09,37195788,2890912,69996187,0,forecast,KIDBIKE_2,Xe trẻ em N2,2026-05,T5/2026,1,61632152.0,81.22
2026-05-10,822741754,792437935,855060324,0,forecast,KIDBIKE_2,Xe trẻ em N2,2026-05,T5/2026,1,61632152.0,81.22
2026-05-11,21231997,0,54952754,0,forecast,KIDBIKE_2,Xe trẻ em N2,2026-05,T5/2026,1,61632152.0,81.22
2026-05-12,30284811,0,62213724,0,forecast,KIDBIKE_2,Xe trẻ em N2,2026-05,T5/2026,1,61632152.0,81.22
2026-05-13,17377257,0,52368633,0,forecast,KIDBIKE_2,Xe trẻ em N2,2026-05,T5/2026,1,61632152.0,81.22
2026-05-14,24208742,0,57307152,0,forecast,KIDBIKE_2,Xe trẻ em N2,2026-05,T5/2026,1,61632152.0,81.22
2026-05-15,25460320,0,58623991,0,forecast,KIDBIKE_2,Xe trẻ em N2,2026-05,T5/2026,1,61632152.0,81.22
2026-05-16,37099471,1224893,69923430,0,forecast,KIDBIKE_2,Xe trẻ em N2,2026-05,T5/2026,1,61632152.0,81.22
2026-05-17,820610683,785408546,855109070,0,forecast,KIDBIKE_2,Xe trẻ em N2,2026-05,T5/2026,1,61632152.0,81.22
2026-05-18,21176986,0,55429626,0,forecast,KIDBIKE_2,Xe trẻ em N2,2026-05,T5/2026,1,61632152.0,81.22
2026-05-19,30206322,0,64596423,0,forecast,KIDBIKE_2,Xe trẻ em N2,2026-05,T5/2026,1,61632152.0,81.22
2026-05-20,17332207,0,49602293,0,forecast,KIDBIKE_2,Xe trẻ em N2,2026-05,T5/2026,1,61632152.0,81.22
2026-05-21,24145963,0,58227140,0,forecast,KIDBIKE_2,Xe trẻ em N2,2026-05,T5/2026,1,61632152.0,81.22
2026-05-22,25394277,0,56971429,0,forecast,KIDBIKE_2,Xe trẻ em N2,2026-05,T5/2026,1,61632152.0,81.22
2026-05-23,37003208,5280159,69176758,0,forecast,KIDBIKE_2,Xe trẻ em N2,2026-05,T5/2026,1,61632152.0,81.22
2026-05-24,818480818,785607276,851268278,0,forecast,KIDBIKE_2,Xe trẻ em N2,2026-05,T5/2026,1,61632152.0,81.22
2026-05-25,21122006,0,53489882,0,forecast,KIDBIKE_2,Xe trẻ em N2,2026-05,T5/2026,1,61632152.0,81.22
2026-05-26,30127877,0,61222904,0,forecast,KIDBIKE_2,Xe trẻ em N2,2026-05,T5/2026,1,61632152.0,81.22
2026-05-27,17287183,0,50875669,0,forecast,KIDBIKE_2,Xe trẻ em N2,2026-05,T5/2026,1,61632152.0,81.22
2026-05-28,24083221,0,57773582,0,forecast,KIDBIKE_2,Xe trẻ em N2,2026-05,T5/2026,1,61632152.0,81.22
2026-05-29,25328272,0,57320294,0,forecast,KIDBIKE_2,Xe trẻ em N2,2026-05,T5/2026,1,61632152.0,81.22
2026-05-30,36907001,3443082,68671599,0,forecast,KIDBIKE_2,Xe trẻ em N2,2026-05,T5/2026,1,61632152.0,81.22
2026-05-31,816352182,780975564,847947746,0,forecast,KIDBIKE_2,Xe trẻ em N2,2026-05,T5/2026,1,61632152.0,81.22
2026-06-01,21067058,0,54359343,0,forecast,KIDBIKE_2,Xe trẻ em N2,2026-06,T6/2026,1,61632152.0,81.22
2026-06-02,30049478,0,65470880,0,forecast,KIDBIKE_2,Xe trẻ em N2,2026-06,T6/2026,1,61632152.0,81.22
2026-06-03,17242185,0,47648733,0,forecast,KIDBIKE_2,Xe trẻ em N2,2026-06,T6/2026,1,61632152.0,81.22
2026-06-04,24020515,0,58592900,0,forecast,KIDBIKE_2,Xe trẻ em N2,2026-06,T6/2026,1,61632152.0,81.22
2026-06-05,25262305,0,58513122,0,forecast,KIDBIKE_2,Xe trẻ em N2,2026-06,T6/2026,1,61632152.0,81.22
2026-06-06,36810850,1089941,68536308,0,forecast,KIDBIKE_2,Xe trẻ em N2,2026-06,T6/2026,1,61632152.0,81.22
2026-06-07,814224797,777211656,846547400,0,forecast,KIDBIKE_2,Xe trẻ em N2,2026-06,T6/2026,1,61632152.0,81.22
2026-06-08,21012142,0,53403391,0,forecast,KIDBIKE_2,Xe trẻ em N2,2026-06,T6/2026,1,61632152.0,81.22
2026-06-09,29971125,0,63818620,0,forecast,KIDBIKE_2,Xe trẻ em N2,2026-06,T6/2026,1,61632152.0,81.22
2026-06-10,17197214,0,51160517,0,forecast,KIDBIKE_2,Xe trẻ em N2,2026-06,T6/2026,1,61632152.0,81.22
2026-06-11,23957846,0,60827328,0,forecast,KIDBIKE_2,Xe trẻ em N2,2026-06,T6/2026,1,61632152.0,81.22
2026-06-12,25196378,0,58158877,0,forecast,KIDBIKE_2,Xe trẻ em N2,2026-06,T6/2026,1,61632152.0,81.22
2026-06-13,36714757,3563436,70474622,0,forecast,KIDBIKE_2,Xe trẻ em N2,2026-06,T6/2026,1,61632152.0,81.22
2026-06-14,812098683,777269610,845912357,0,forecast,KIDBIKE_2,Xe trẻ em N2,2026-06,T6/2026,1,61632152.0,81.22
2026-06-15,20957259,0,53090966,0,forecast,KIDBIKE_2,Xe trẻ em N2,2026-06,T6/2026,1,61632152.0,81.22
2026-06-16,29892819,0,63427756,0,forecast,KIDBIKE_2,Xe trẻ em N2,2026-06,T6/2026,1,61632152.0,81.22
2026-06-17,17152270,0,50570142,0,forecast,KIDBIKE_2,Xe trẻ em N2,2026-06,T6/2026,1,61632152.0,81.22
2026-06-18,23895216,0,58299264,0,forecast,KIDBIKE_2,Xe trẻ em N2,2026-06,T6/2026,1,61632152.0,81.22
2026-06-19,25130490,0,59838219,0,forecast,KIDBIKE_2,Xe trẻ em N2,2026-06,T6/2026,1,61632152.0,81.22
2026-06-20,36618722,3375265,69340535,0,forecast,KIDBIKE_2,Xe trẻ em N2,2026-06,T6/2026,1,61632152.0,81.22
2026-06-21,809973863,777969559,842236796,0,forecast,KIDBIKE_2,Xe trẻ em N2,2026-06,T6/2026,1,61632152.0,81.22
2026-06-22,20902410,0,55224070,0,forecast,KIDBIKE_2,Xe trẻ em N2,2026-06,T6/2026,1,61632152.0,81.22
2026-06-23,29814561,0,62678024,0,forecast,KIDBIKE_2,Xe trẻ em N2,2026-06,T6/2026,1,61632152.0,81.22
2026-06-24,17107353,0,51678971,0,forecast,KIDBIKE_2,Xe trẻ em N2,2026-06,T6/2026,1,61632152.0,81.22
2026-06-25,23832623,0,55631569,0,forecast,KIDBIKE_2,Xe trẻ em N2,2026-06,T6/2026,1,61632152.0,81.22
2026-06-26,25064643,0,58173661,0,forecast,KIDBIKE_2,Xe trẻ em N2,2026-06,T6/2026,1,61632152.0,81.22
2026-06-27,36522746,3746781,69211112,0,forecast,KIDBIKE_2,Xe trẻ em N2,2026-06,T6/2026,1,61632152.0,81.22
2026-06-28,807850358,776126331,843543639,0,forecast,KIDBIKE_2,Xe trẻ em N2,2026-06,T6/2026,1,61632152.0,81.22
2026-06-29,20847594,0,55089162,0,forecast,KIDBIKE_2,Xe trẻ em N2,2026-06,T6/2026,1,61632152.0,81.22
2026-06-30,29736352,0,65666476,0,forecast,KIDBIKE_2,Xe trẻ em N2,2026-06,T6/2026,1,61632152.0,81.22
2025-01-08,41770134,0,134069381,47088889,train,SPORTBIKE_A,Thể thao nhôm,2025-01,T1/2025,0,12408415.0,58.77
2025-01-10,56786039,0,149216579,10750000,train,SPORTBIKE_A,Thể thao nhôm,2025-01,T1/2025,0,12408415.0,58.77
2025-01-13,81823970,0,168397170,16113215,train,SPORTBIKE_A,Thể thao nhôm,2025-01,T1/2025,0,12408415.0,58.77
2025-01-16,40733889,0,127672530,8133334,train,SPORTBIKE_A,Thể thao nhôm,2025-01,T1/2025,0,12408415.0,58.77
2025-01-20,81569203,0,169664039,14981481,train,SPORTBIKE_A,Thể thao nhôm,2025-01,T1/2025,0,12408415.0,58.77
2025-01-22,41515008,0,130820590,16361111,train,SPORTBIKE_A,Thể thao nhôm,2025-01,T1/2025,0,12408415.0,58.77
2025-01-23,40602220,0,127449611,18111112,train,SPORTBIKE_A,Thể thao nhôm,2025-01,T1/2025,0,12408415.0,58.77
2025-02-07,56009938,0,152297563,59728702,train,SPORTBIKE_A,Thể thao nhôm,2025-02,T2/2025,0,12408415.0,58.77
2025-02-10,80663415,0,166549361,47930300,train,SPORTBIKE_A,Thể thao nhôm,2025-02,T2/2025,0,12408415.0,58.77
2025-02-14,55772104,0,142982320,48779290,train,SPORTBIKE_A,Thể thao nhôm,2025-02,T2/2025,0,12408415.0,58.77
2025-02-17,80308010,0,163401838,110963215,train,SPORTBIKE_A,Thể thao nhôm,2025-02,T2/2025,0,12408415.0,58.77
2025-02-19,40857145,0,135345005,24494359,train,SPORTBIKE_A,Thể thao nhôm,2025-02,T2/2025,0,12408415.0,58.77
2025-02-20,39950874,0,131735141,24958501,train,SPORTBIKE_A,Thể thao nhôm,2025-02,T2/2025,0,12408415.0,58.77
2025-02-21,55513997,0,145523757,9011361,train,SPORTBIKE_A,Thể thao nhôm,2025-02,T2/2025,0,12408415.0,58.77
2025-02-22,88290556,0,171443383,110766075,train,SPORTBIKE_A,Thể thao nhôm,2025-02,T2/2025,0,12408415.0,58.77
2025-02-25,152140908,67147027,242154648,4527778,train,SPORTBIKE_A,Thể thao nhôm,2025-02,T2/2025,0,12408415.0,58.77
2025-02-26,40656127,0,131363283,9922643,train,SPORTBIKE_A,Thể thao nhôm,2025-02,T2/2025,0,12408415.0,58.77
2025-03-06,39536294,0,130367316,7490741,train,SPORTBIKE_A,Thể thao nhôm,2025-03,T3/2025,0,12408415.0,58.77
2025-03-10,79051844,0,170631760,2400000,train,SPORTBIKE_A,Thể thao nhôm,2025-03,T3/2025,0,12408415.0,58.77
2025-03-13,39302887,0,135512627,69727776,train,SPORTBIKE_A,Thể thao nhôm,2025-03,T3/2025,0,12408415.0,58.77
2025-03-14,54602650,0,146426637,4300000,train,SPORTBIKE_A,Thể thao nhôm,2025-03,T3/2025,0,12408415.0,58.77
2025-03-17,78562104,0,169978236,248566818,train,SPORTBIKE_A,Thể thao nhôm,2025-03,T3/2025,0,12408415.0,58.77
2025-03-18,149520037,53466942,244730388,34863890,train,SPORTBIKE_A,Thể thao nhôm,2025-03,T3/2025,0,12408415.0,58.77
2025-03-19,39947295,0,125806429,96900619,train,SPORTBIKE_A,Thể thao nhôm,2025-03,T3/2025,0,12408415.0,58.77
2025-03-20,39050463,0,132555785,102659149,train,SPORTBIKE_A,Thể thao nhôm,2025-03,T3/2025,0,12408415.0,58.77
2025-03-21,54247732,0,145960914,89324002,train,SPORTBIKE_A,Thể thao nhôm,2025-03,T3/2025,0,12408415.0,58.77
2025-03-22,86252394,0,175725140,138907792,train,SPORTBIKE_A,Thể thao nhôm,2025-03,T3/2025,0,12408415.0,58.77
2025-03-24,78032783,0,162907179,176868179,train,SPORTBIKE_A,Thể thao nhôm,2025-03,T3/2025,0,12408415.0,58.77
2025-03-25,148500524,57145383,235527050,424035577,train,SPORTBIKE_A,Thể thao nhôm,2025-03,T3/2025,0,12408415.0,58.77
2025-03-26,39671642,0,126031214,49165698,train,SPORTBIKE_A,Thể thao nhôm,2025-03,T3/2025,0,12408415.0,58.77
2025-03-27,38777768,0,128686098,50741630,train,SPORTBIKE_A,Thể thao nhôm,2025-03,T3/2025,0,12408415.0,58.77
2025-03-28,53864375,0,153565908,169282445,train,SPORTBIKE_A,Thể thao nhôm,2025-03,T3/2025,0,12408415.0,58.77
2025-03-29,85635573,1327287,171348967,13972643,train,SPORTBIKE_A,Thể thao nhôm,2025-03,T3/2025,0,12408415.0,58.77
2025-03-31,77461331,0,165255845,27950000,train,SPORTBIKE_A,Thể thao nhôm,2025-03,T3/2025,0,12408415.0,58.77
2026-01-12,17622713,0,100172880,7992777,train,SPORTBIKE_A,Thể thao nhôm,2026-01,T1/2026,0,12408415.0,58.77
2026-01-13,33227883,0,120179022,10657036,train,SPORTBIKE_A,Thể thao nhôm,2026-01,T1/2026,0,12408415.0,58.77
2026-01-19,16390770,0,109834656,18649813,train,SPORTBIKE_A,Thể thao nhôm,2026-01,T1/2026,0,12408415.0,58.77
2026-01-22,7917342,0,100897450,2664259,train,SPORTBIKE_A,Thể thao nhôm,2026-01,T1/2026,0,12408415.0,58.77
2026-01-23,10893765,0,105066583,10657036,train,SPORTBIKE_A,Thể thao nhôm,2026-01,T1/2026,0,12408415.0,58.77
2026-01-24,17155557,0,102950590,2664259,train,SPORTBIKE_A,Thể thao nhôm,2026-01,T1/2026,0,12408415.0,58.77
2026-01-26,15225373,0,99797997,10657036,train,SPORTBIKE_A,Thể thao nhôm,2026-01,T1/2026,0,12408415.0,58.77
2026-01-27,28697168,0,118198926,7992777,train,SPORTBIKE_A,Thể thao nhôm,2026-01,T1/2026,0,12408415.0,58.77
2026-01-28,7592872,0,97644655,18649813,train,SPORTBIKE_A,Thể thao nhôm,2026-01,T1/2026,0,12408415.0,58.77
2026-01-31,15921857,0,108769591,6400000,train,SPORTBIKE_A,Thể thao nhôm,2026-01,T1/2026,0,12408415.0,58.77
2026-02-01,1170822110,1084256720,1258981136,0,test,SPORTBIKE_A,Thể thao nhôm,2026-02,T2/2026,0,12408415.0,58.77
2026-02-02,14125678,0,104881828,0,test,SPORTBIKE_A,Thể thao nhôm,2026-02,T2/2026,0,12408415.0,58.77
2026-02-03,26619972,0,112770392,0,test,SPORTBIKE_A,Thể thao nhôm,2026-02,T2/2026,0,12408415.0,58.77
2026-02-04,7042103,0,96468968,0,test,SPORTBIKE_A,Thể thao nhôm,2026-02,T2/2026,0,12408415.0,58.77
2026-02-05,6816211,0,100445170,0,test,SPORTBIKE_A,Thể thao nhôm,2026-02,T2/2026,0,12408415.0,58.77
2026-02-06,9375520,0,95456922,26644995,test,SPORTBIKE_A,Thể thao nhôm,2026-02,T2/2026,0,12408415.0,58.77
2026-02-07,14759686,0,96084823,0,test,SPORTBIKE_A,Thể thao nhôm,2026-02,T2/2026,0,12408415.0,58.77
2026-02-08,1085186932,995051756,1174854892,0,test,SPORTBIKE_A,Thể thao nhôm,2026-02,T2/2026,0,12408415.0,58.77
2026-02-09,13090427,0,106196190,0,test,SPORTBIKE_A,Thể thao nhôm,2026-02,T2/2026,0,12408415.0,58.77
2026-02-10,24665137,0,116953182,0,test,SPORTBIKE_A,Thể thao nhôm,2026-02,T2/2026,0,12408415.0,58.77
2026-02-11,6523947,0,85471613,4527778,test,SPORTBIKE_A,Thể thao nhôm,2026-02,T2/2026,0,12408415.0,58.77
2026-02-12,6313696,0,96336675,0,test,SPORTBIKE_A,Thể thao nhôm,2026-02,T2/2026,0,12408415.0,58.77
2026-02-13,8682989,0,96653180,26642590,test,SPORTBIKE_A,Thể thao nhôm,2026-02,T2/2026,0,12408415.0,58.77
2026-02-14,13667367,0,102432414,0,test,SPORTBIKE_A,Thể thao nhôm,2026-02,T2/2026,0,12408415.0,58.77
2026-02-15,1004723942,915866920,1091068707,0,test,SPORTBIKE_A,Thể thao nhôm,2026-02,T2/2026,0,12408415.0,58.77
2026-02-16,12118002,0,101704262,0,test,SPORTBIKE_A,Thể thao nhôm,2026-02,T2/2026,0,12408415.0,58.77
2026-02-17,22829499,0,109985521,0,test,SPORTBIKE_A,Thể thao nhôm,2026-02,T2/2026,0,12408415.0,58.77
2026-02-18,6037532,0,98075424,0,test,SPORTBIKE_A,Thể thao nhôm,2026-02,T2/2026,0,12408415.0,58.77
2026-02-19,5842107,0,88603225,0,test,SPORTBIKE_A,Thể thao nhôm,2026-02,T2/2026,0,12408415.0,58.77
2026-02-20,8033272,0,99413569,0,test,SPORTBIKE_A,Thể thao nhôm,2026-02,T2/2026,0,12408415.0,58.77
2026-02-21,12642881,0,99163670,0,test,SPORTBIKE_A,Thể thao nhôm,2026-02,T2/2026,0,12408415.0,58.77
2026-02-22,929279686,839809149,1017071956,0,test,SPORTBIKE_A,Thể thao nhôm,2026-02,T2/2026,0,12408415.0,58.77
2026-02-23,11206495,0,101157678,0,test,SPORTBIKE_A,Thể thao nhôm,2026-02,T2/2026,0,12408415.0,58.77
2026-02-24,21109349,0,110718075,0,test,SPORTBIKE_A,Thể thao nhôm,2026-02,T2/2026,0,12408415.0,58.77
2026-02-25,5581850,0,92440927,0,test,SPORTBIKE_A,Thể thao nhôm,2026-02,T2/2026,0,12408415.0,58.77
2026-02-26,5400438,0,95451607,0,test,SPORTBIKE_A,Thể thao nhôm,2026-02,T2/2026,0,12408415.0,58.77
2026-02-27,7424946,0,95772934,0,test,SPORTBIKE_A,Thể thao nhôm,2026-02,T2/2026,0,12408415.0,58.77
2026-02-28,11683925,0,100473372,0,test,SPORTBIKE_A,Thể thao nhôm,2026-02,T2/2026,0,12408415.0,58.77
2026-03-01,858680582,778381913,948408637,0,forecast,SPORTBIKE_A,Thể thao nhôm,2026-03,T3/2026,1,12408415.0,58.77
2026-03-02,10353759,0,101888104,0,forecast,SPORTBIKE_A,Thể thao nhôm,2026-03,T3/2026,1,12408415.0,58.77
2026-03-03,19500539,0,113155632,0,forecast,SPORTBIKE_A,Thể thao nhôm,2026-03,T3/2026,1,12408415.0,58.77
2026-03-04,5155776,0,91180391,0,forecast,SPORTBIKE_A,Thể thao nhôm,2026-03,T3/2026,1,12408415.0,58.77
2026-03-05,4987576,0,93931863,0,forecast,SPORTBIKE_A,Thể thao nhôm,2026-03,T3/2026,1,12408415.0,58.77
2026-03-06,6856445,0,96769922,0,forecast,SPORTBIKE_A,Thể thao nhôm,2026-03,T3/2026,1,12408415.0,58.77
2026-03-07,10787982,0,99860246,0,forecast,SPORTBIKE_A,Thể thao nhôm,2026-03,T3/2026,1,12408415.0,58.77
2026-03-08,792737355,708518681,884918643,0,forecast,SPORTBIKE_A,Thể thao nhôm,2026-03,T3/2026,1,12408415.0,58.77
2026-03-09,9557460,0,98267069,0,forecast,SPORTBIKE_A,Thể thao nhôm,2026-03,T3/2026,1,12408415.0,58.77
2026-03-10,17998585,0,106135941,0,forecast,SPORTBIKE_A,Thể thao nhôm,2026-03,T3/2026,1,12408415.0,58.77
2026-03-11,4758100,0,88711995,0,forecast,SPORTBIKE_A,Thể thao nhôm,2026-03,T3/2026,1,12408415.0,58.77
2026-03-12,4602327,0,96265130,0,forecast,SPORTBIKE_A,Thể thao nhôm,2026-03,T3/2026,1,12408415.0,58.77
2026-03-13,6326096,0,95215800,0,forecast,SPORTBIKE_A,Thể thao nhôm,2026-03,T3/2026,1,12408415.0,58.77
2026-03-14,9952367,0,98261226,0,forecast,SPORTBIKE_A,Thể thao nhôm,2026-03,T3/2026,1,12408415.0,58.77
2026-03-15,731249119,641529071,813251932,0,forecast,SPORTBIKE_A,Thể thao nhôm,2026-03,T3/2026,1,12408415.0,58.77
2026-03-16,8815134,0,96564477,0,forecast,SPORTBIKE_A,Thể thao nhôm,2026-03,T3/2026,1,12408415.0,58.77
2026-03-17,16598761,0,102948912,0,forecast,SPORTBIKE_A,Thể thao nhôm,2026-03,T3/2026,1,12408415.0,58.77
2026-03-18,4387552,0,93793016,0,forecast,SPORTBIKE_A,Thể thao nhôm,2026-03,T3/2026,1,12408415.0,58.77
2026-03-19,4243439,0,96456209,0,forecast,SPORTBIKE_A,Thể thao nhôm,2026-03,T3/2026,1,12408415.0,58.77
2026-03-20,5832150,0,95274383,0,forecast,SPORTBIKE_A,Thể thao nhôm,2026-03,T3/2026,1,12408415.0,58.77
2026-03-21,9174283,0,95153143,0,forecast,SPORTBIKE_A,Thể thao nhôm,2026-03,T3/2026,1,12408415.0,58.77
2026-03-22,674007056,590803474,762549132,0,forecast,SPORTBIKE_A,Thể thao nhôm,2026-03,T3/2026,1,12408415.0,58.77
2026-03-23,8124222,0,89576343,0,forecast,SPORTBIKE_A,Thể thao nhôm,2026-03,T3/2026,1,12408415.0,58.77
2026-03-24,15296175,0,104167818,0,forecast,SPORTBIKE_A,Thể thao nhôm,2026-03,T3/2026,1,12408415.0,58.77
2026-03-25,4042818,0,97926504,0,forecast,SPORTBIKE_A,Thể thao nhôm,2026-03,T3/2026,1,12408415.0,58.77
2026-03-26,3909626,0,88984729,0,forecast,SPORTBIKE_A,Thể thao nhôm,2026-03,T3/2026,1,12408415.0,58.77
2026-03-27,5372811,0,92147007,0,forecast,SPORTBIKE_A,Thể thao nhôm,2026-03,T3/2026,1,12408415.0,58.77
2026-03-28,8450865,0,89818237,0,forecast,SPORTBIKE_A,Thể thao nhôm,2026-03,T3/2026,1,12408415.0,58.77
2026-03-29,620797685,529246064,702930620,0,forecast,SPORTBIKE_A,Thể thao nhôm,2026-03,T3/2026,1,12408415.0,58.77
2026-03-30,7482117,0,91635332,0,forecast,SPORTBIKE_A,Thể thao nhôm,2026-03,T3/2026,1,12408415.0,58.77
2026-03-31,14085851,0,96760632,0,forecast,SPORTBIKE_A,Thể thao nhôm,2026-03,T3/2026,1,12408415.0,58.77
2026-04-01,3722566,0,96888457,0,forecast,SPORTBIKE_A,Thể thao nhôm,2026-04,T4/2026,1,12408415.0,58.77
2026-04-02,3599580,0,95038089,0,forecast,SPORTBIKE_A,Thể thao nhôm,2026-04,T4/2026,1,12408415.0,58.77
2026-04-03,4946261,0,93366022,0,forecast,SPORTBIKE_A,Thể thao nhôm,2026-04,T4/2026,1,12408415.0,58.77
2026-04-04,7779217,0,105888764,0,forecast,SPORTBIKE_A,Thể thao nhôm,2026-04,T4/2026,1,12408415.0,58.77
2026-04-05,571405710,488089413,657818578,0,forecast,SPORTBIKE_A,Thể thao nhôm,2026-04,T4/2026,1,12408415.0,58.77
2026-04-06,6886193,0,97067757,0,forecast,SPORTBIKE_A,Thể thao nhôm,2026-04,T4/2026,1,12408415.0,58.77
2026-04-07,12962785,0,103581249,0,forecast,SPORTBIKE_A,Thể thao nhôm,2026-04,T4/2026,1,12408415.0,58.77
2026-04-08,3425458,0,98959451,0,forecast,SPORTBIKE_A,Thể thao nhôm,2026-04,T4/2026,1,12408415.0,58.77
2026-04-09,3311993,0,92428810,0,forecast,SPORTBIKE_A,Thể thao nhôm,2026-04,T4/2026,1,12408415.0,58.77
2026-04-10,4550683,0,95956658,0,forecast,SPORTBIKE_A,Thể thao nhôm,2026-04,T4/2026,1,12408415.0,58.77
2026-04-11,7156450,0,93665046,0,forecast,SPORTBIKE_A,Thể thao nhôm,2026-04,T4/2026,1,12408415.0,58.77
2026-04-12,525616475,434795629,608945587,0,forecast,SPORTBIKE_A,Thể thao nhôm,2026-04,T4/2026,1,12408415.0,58.77
2026-04-13,6333833,0,94120476,0,forecast,SPORTBIKE_A,Thể thao nhôm,2026-04,T4/2026,1,12408415.0,58.77
2026-04-14,11922003,0,102816339,0,forecast,SPORTBIKE_A,Thể thao nhôm,2026-04,T4/2026,1,12408415.0,58.77
2026-04-15,3150166,0,89378964,0,forecast,SPORTBIKE_A,Thể thao nhôm,2026-04,T4/2026,1,12408415.0,58.77
2026-04-16,3045569,0,89889297,0,forecast,SPORTBIKE_A,Thể thao nhôm,2026-04,T4/2026,1,12408415.0,58.77
2026-04-17,4184275,0,90084757,0,forecast,SPORTBIKE_A,Thể thao nhôm,2026-04,T4/2026,1,12408415.0,58.77
2026-04-18,6579704,0,97812788,0,forecast,SPORTBIKE_A,Thể thao nhôm,2026-04,T4/2026,1,12408415.0,58.77
2026-04-19,483218017,397097638,564321711,0,forecast,SPORTBIKE_A,Thể thao nhôm,2026-04,T4/2026,1,12408415.0,58.77
2026-04-20,5822461,0,98681780,0,forecast,SPORTBIKE_A,Thể thao nhôm,2026-04,T4/2026,1,12408415.0,58.77
2026-04-21,10958607,0,100703016,0,forecast,SPORTBIKE_A,Thể thao nhôm,2026-04,T4/2026,1,12408415.0,58.77
2026-04-22,2895384,0,83454340,0,forecast,SPORTBIKE_A,Thể thao nhôm,2026-04,T4/2026,1,12408415.0,58.77
2026-04-23,2799033,0,86478410,0,forecast,SPORTBIKE_A,Thể thao nhôm,2026-04,T4/2026,1,12408415.0,58.77
2026-04-24,3845273,0,92065979,0,forecast,SPORTBIKE_A,Thể thao nhôm,2026-04,T4/2026,1,12408415.0,58.77
2026-04-25,6046178,0,92671316,0,forecast,SPORTBIKE_A,Thể thao nhôm,2026-04,T4/2026,1,12408415.0,58.77
2026-04-26,444002775,357759832,530920763,0,forecast,SPORTBIKE_A,Thể thao nhôm,2026-04,T4/2026,1,12408415.0,58.77
2026-04-27,5349553,0,97345087,0,forecast,SPORTBIKE_A,Thể thao nhôm,2026-04,T4/2026,1,12408415.0,58.77
2026-04-28,10067810,0,99225572,0,forecast,SPORTBIKE_A,Thể thao nhôm,2026-04,T4/2026,1,12408415.0,58.77
2026-04-29,2659836,0,93745030,0,forecast,SPORTBIKE_A,Thể thao nhôm,2026-04,T4/2026,1,12408415.0,58.77
2026-04-30,2571143,0,88936321,0,forecast,SPORTBIKE_A,Thể thao nhôm,2026-04,T4/2026,1,12408415.0,58.77
2026-05-01,3531954,0,91241748,0,forecast,SPORTBIKE_A,Thể thao nhôm,2026-05,T5/2026,1,12408415.0,58.77
2026-05-02,5553144,0,95432859,0,forecast,SPORTBIKE_A,Thể thao nhôm,2026-05,T5/2026,1,12408415.0,58.77
2026-05-03,407768960,319422480,496723663,0,forecast,SPORTBIKE_A,Thể thao nhôm,2026-05,T5/2026,1,12408415.0,58.77
2026-05-04,4912661,0,89264330,0,forecast,SPORTBIKE_A,Thể thao nhôm,2026-05,T5/2026,1,12408415.0,58.77
2026-05-05,9244968,0,96655447,0,forecast,SPORTBIKE_A,Thể thao nhôm,2026-05,T5/2026,1,12408415.0,58.77
2026-05-06,2442287,0,99365830,0,forecast,SPORTBIKE_A,Thể thao nhôm,2026-05,T5/2026,1,12408415.0,58.77
2026-05-07,2360695,0,100979750,0,forecast,SPORTBIKE_A,Thể thao nhôm,2026-05,T5/2026,1,12408415.0,58.77
2026-05-08,3242655,0,92367468,0,forecast,SPORTBIKE_A,Thể thao nhôm,2026-05,T5/2026,1,12408415.0,58.77
2026-05-09,5097967,0,97378578,0,forecast,SPORTBIKE_A,Thể thao nhôm,2026-05,T5/2026,1,12408415.0,58.77
2026-05-10,374321632,288999544,461572058,0,forecast,SPORTBIKE_A,Thể thao nhôm,2026-05,T5/2026,1,12408415.0,58.77
2026-05-11,4509419,0,91701180,0,forecast,SPORTBIKE_A,Thể thao nhôm,2026-05,T5/2026,1,12408415.0,58.77
2026-05-12,8485599,0,101554616,0,forecast,SPORTBIKE_A,Thể thao nhôm,2026-05,T5/2026,1,12408415.0,58.77
2026-05-13,2241545,0,89981534,0,forecast,SPORTBIKE_A,Thể thao nhôm,2026-05,T5/2026,1,12408415.0,58.77
2026-05-14,2166529,0,92972905,0,forecast,SPORTBIKE_A,Thể thao nhôm,2026-05,T5/2026,1,12408415.0,58.77
2026-05-15,2975772,0,94945903,0,forecast,SPORTBIKE_A,Thể thao nhôm,2026-05,T5/2026,1,12408415.0,58.77
2026-05-16,4678111,0,92178516,0,forecast,SPORTBIKE_A,Thể thao nhôm,2026-05,T5/2026,1,12408415.0,58.77
2026-05-17,343473516,256889830,432880084,0,forecast,SPORTBIKE_A,Thể thao nhôm,2026-05,T5/2026,1,12408415.0,58.77
2026-05-18,4137557,0,93019487,0,forecast,SPORTBIKE_A,Thể thao nhôm,2026-05,T5/2026,1,12408415.0,58.77
2026-05-19,7785408,0,89554407,0,forecast,SPORTBIKE_A,Thể thao nhôm,2026-05,T5/2026,1,12408415.0,58.77
2026-05-20,2056468,0,88853548,0,forecast,SPORTBIKE_A,Thể thao nhôm,2026-05,T5/2026,1,12408415.0,58.77
2026-05-21,1987536,0,100949305,0,forecast,SPORTBIKE_A,Thể thao nhôm,2026-05,T5/2026,1,12408415.0,58.77
2026-05-22,2729773,0,90038844,0,forecast,SPORTBIKE_A,Thể thao nhôm,2026-05,T5/2026,1,12408415.0,58.77
2026-05-23,4291151,0,98309655,0,forecast,SPORTBIKE_A,Thể thao nhôm,2026-05,T5/2026,1,12408415.0,58.77
2026-05-24,315045586,224456792,405209579,0,forecast,SPORTBIKE_A,Thể thao nhôm,2026-05,T5/2026,1,12408415.0,58.77
2026-05-25,3794908,0,86495495,0,forecast,SPORTBIKE_A,Thể thao nhôm,2026-05,T5/2026,1,12408415.0,58.77
2026-05-26,7140292,0,98774897,0,forecast,SPORTBIKE_A,Thể thao nhôm,2026-05,T5/2026,1,12408415.0,58.77
2026-05-27,1885967,0,90610756,0,forecast,SPORTBIKE_A,Thể thao nhôm,2026-05,T5/2026,1,12408415.0,58.77
2026-05-28,1822658,0,89572188,0,forecast,SPORTBIKE_A,Thể thao nhôm,2026-05,T5/2026,1,12408415.0,58.77
2026-05-29,2503195,0,88829928,0,forecast,SPORTBIKE_A,Thể thao nhôm,2026-05,T5/2026,1,12408415.0,58.77
2026-05-30,3934780,0,88364904,0,forecast,SPORTBIKE_A,Thể thao nhôm,2026-05,T5/2026,1,12408415.0,58.77
2026-05-31,288867450,203792967,381009795,0,forecast,SPORTBIKE_A,Thể thao nhôm,2026-05,T5/2026,1,12408415.0,58.77
2026-06-01,3479408,0,89128869,0,forecast,SPORTBIKE_A,Thể thao nhôm,2026-06,T6/2026,1,12408415.0,58.77
2026-06-02,6546350,0,91417744,0,forecast,SPORTBIKE_A,Thể thao nhôm,2026-06,T6/2026,1,12408415.0,58.77
2026-06-03,1729007,0,90009413,0,forecast,SPORTBIKE_A,Thể thao nhôm,2026-06,T6/2026,1,12408415.0,58.77
2026-06-04,1670888,0,87008680,0,forecast,SPORTBIKE_A,Thể thao nhôm,2026-06,T6/2026,1,12408415.0,58.77
2026-06-05,2294652,0,92965973,0,forecast,SPORTBIKE_A,Thể thao nhôm,2026-06,T6/2026,1,12408415.0,58.77
2026-06-06,3606805,0,91190917,0,forecast,SPORTBIKE_A,Thể thao nhôm,2026-06,T6/2026,1,12408415.0,58.77
2026-06-07,264777570,177730142,359561024,0,forecast,SPORTBIKE_A,Thể thao nhôm,2026-06,T6/2026,1,12408415.0,58.77
2026-06-08,3189103,0,89853212,0,forecast,SPORTBIKE_A,Thể thao nhôm,2026-06,T6/2026,1,12408415.0,58.77
2026-06-09,5999888,0,95112415,0,forecast,SPORTBIKE_A,Thể thao nhôm,2026-06,T6/2026,1,12408415.0,58.77
2026-06-10,1584608,0,93560438,0,forecast,SPORTBIKE_A,Thể thao nhôm,2026-06,T6/2026,1,12408415.0,58.77
2026-06-11,1531277,0,86173899,0,forecast,SPORTBIKE_A,Thể thao nhôm,2026-06,T6/2026,1,12408415.0,58.77
2026-06-12,2102832,0,91941440,0,forecast,SPORTBIKE_A,Thể thao nhôm,2026-06,T6/2026,1,12408415.0,58.77
2026-06-13,3305157,0,95598480,0,forecast,SPORTBIKE_A,Thể thao nhôm,2026-06,T6/2026,1,12408415.0,58.77
2026-06-14,242623337,156547449,325841804,0,forecast,SPORTBIKE_A,Thể thao nhôm,2026-06,T6/2026,1,12408415.0,58.77
2026-06-15,2922147,0,91154983,0,forecast,SPORTBIKE_A,Thể thao nhôm,2026-06,T6/2026,1,12408415.0,58.77
2026-06-16,5497421,0,98020746,0,forecast,SPORTBIKE_A,Thể thao nhôm,2026-06,T6/2026,1,12408415.0,58.77
2026-06-17,1451845,0,87856437,0,forecast,SPORTBIKE_A,Thể thao nhôm,2026-06,T6/2026,1,12408415.0,58.77
2026-06-18,1402926,0,87974293,0,forecast,SPORTBIKE_A,Thể thao nhôm,2026-06,T6/2026,1,12408415.0,58.77
2026-06-19,1926499,0,94049325,0,forecast,SPORTBIKE_A,Thể thao nhôm,2026-06,T6/2026,1,12408415.0,58.77
2026-06-20,3027886,0,96093350,0,forecast,SPORTBIKE_A,Thể thao nhôm,2026-06,T6/2026,1,12408415.0,58.77
2026-06-21,222261030,130154500,315697113,0,forecast,SPORTBIKE_A,Thể thao nhôm,2026-06,T6/2026,1,12408415.0,58.77
2026-06-22,2676803,0,94446403,0,forecast,SPORTBIKE_A,Thể thao nhôm,2026-06,T6/2026,1,12408415.0,58.77
2026-06-23,5035669,0,93497263,0,forecast,SPORTBIKE_A,Thể thao nhôm,2026-06,T6/2026,1,12408415.0,58.77
2026-06-24,1329849,0,93570925,0,forecast,SPORTBIKE_A,Thể thao nhôm,2026-06,T6/2026,1,12408415.0,58.77
2026-06-25,1284994,0,94301817,0,forecast,SPORTBIKE_A,Thể thao nhôm,2026-06,T6/2026,1,12408415.0,58.77
2026-06-26,1764491,0,86586603,0,forecast,SPORTBIKE_A,Thể thao nhôm,2026-06,T6/2026,1,12408415.0,58.77
2026-06-27,2773158,0,98655260,0,forecast,SPORTBIKE_A,Thể thao nhôm,2026-06,T6/2026,1,12408415.0,58.77
2026-06-28,203555683,115545021,294512975,0,forecast,SPORTBIKE_A,Thể thao nhôm,2026-06,T6/2026,1,12408415.0,58.77
2026-06-29,2451439,0,87854877,0,forecast,SPORTBIKE_A,Thể thao nhôm,2026-06,T6/2026,1,12408415.0,58.77
2026-06-30,4611552,0,92208784,0,forecast,SPORTBIKE_A,Thể thao nhôm,2026-06,T6/2026,1,12408415.0,58.77
2025-01-06,60495549,0,152595641,3509259,train,SPORTBIKE_S,Thể thao thép,2025-01,T1/2025,0,22434397.0,200.76
2025-01-09,122642864,38435073,210976841,6648148,train,SPORTBIKE_S,Thể thao thép,2025-01,T1/2025,0,22434397.0,200.76
2025-01-10,49902219,0,133746621,18500000,train,SPORTBIKE_S,Thể thao thép,2025-01,T1/2025,0,22434397.0,200.76
2025-01-11,56500229,0,146112373,64352036,train,SPORTBIKE_S,Thể thao thép,2025-01,T1/2025,0,22434397.0,200.76
2025-01-13,59995503,0,151663620,43748981,train,SPORTBIKE_S,Thể thao thép,2025-01,T1/2025,0,22434397.0,200.76
2025-01-15,74761357,0,162385729,117500000,train,SPORTBIKE_S,Thể thao thép,2025-01,T1/2025,0,22434397.0,200.76
2025-01-16,121619354,31034126,210031789,401851851,train,SPORTBIKE_S,Thể thao thép,2025-01,T1/2025,0,22434397.0,200.76
2025-01-18,56025696,0,142109755,9040000,train,SPORTBIKE_S,Thể thao thép,2025-01,T1/2025,0,22434397.0,200.76
2025-01-20,59488401,0,150629993,3879630,train,SPORTBIKE_S,Thể thao thép,2025-01,T1/2025,0,22434397.0,200.76
2025-01-21,77112191,0,166073442,84722220,train,SPORTBIKE_S,Thể thao thép,2025-01,T1/2025,0,22434397.0,200.76
2025-02-07,48196597,0,142369747,9046758,train,SPORTBIKE_S,Thể thao thép,2025-02,T2/2025,0,22434397.0,200.76
2025-02-10,57925763,0,147992268,25550000,train,SPORTBIKE_S,Thể thao thép,2025-02,T2/2025,0,22434397.0,200.76
2025-02-11,75080347,0,168163373,28635092,train,SPORTBIKE_S,Thể thao thép,2025-02,T2/2025,0,22434397.0,200.76
2025-02-14,47756130,0,140698708,26409259,train,SPORTBIKE_S,Thể thao thép,2025-02,T2/2025,0,22434397.0,200.76
2025-02-17,57391486,0,156769175,19600000,train,SPORTBIKE_S,Thể thao thép,2025-02,T2/2025,0,22434397.0,200.76
2025-02-19,71496545,0,162273745,21400000,train,SPORTBIKE_S,Thể thao thép,2025-02,T2/2025,0,22434397.0,200.76
2025-02-20,116292032,30216932,209540160,13700000,train,SPORTBIKE_S,Thể thao thép,2025-02,T2/2025,0,22434397.0,200.76
2025-02-21,47310239,0,131048446,8177685,train,SPORTBIKE_S,Thể thao thép,2025-02,T2/2025,0,22434397.0,200.76
2025-02-22,53556595,0,141930601,94620000,train,SPORTBIKE_S,Thể thao thép,2025-02,T2/2025,0,22434397.0,200.76
2025-02-25,73682707,0,157535452,5103702,train,SPORTBIKE_S,Thể thao thép,2025-02,T2/2025,0,22434397.0,200.76
2025-02-26,70818786,0,156534200,36224073,train,SPORTBIKE_S,Thể thao thép,2025-02,T2/2025,0,22434397.0,200.76
2025-03-01,53044282,0,142123905,39826112,train,SPORTBIKE_S,Thể thao thép,2025-03,T3/2025,0,22434397.0,200.76
2025-03-08,52526110,0,146181394,5819444,train,SPORTBIKE_S,Thể thao thép,2025-03,T3/2025,0,22434397.0,200.76
2025-03-13,112936806,19291344,203107539,35904816,train,SPORTBIKE_S,Thể thao thép,2025-03,T3/2025,0,22434397.0,200.76
2025-03-14,45941211,0,132444800,5200000,train,SPORTBIKE_S,Thể thao thép,2025-03,T3/2025,0,22434397.0,200.76
2025-03-17,55190992,0,141814064,139712221,train,SPORTBIKE_S,Thể thao thép,2025-03,T3/2025,0,22434397.0,200.76
2025-03-18,71525235,0,164255628,21458203,train,SPORTBIKE_S,Thể thao thép,2025-03,T3/2025,0,22434397.0,200.76
2025-03-19,68739071,0,155595100,79056165,train,SPORTBIKE_S,Thể thao thép,2025-03,T3/2025,0,22434397.0,200.76
2025-03-20,111793711,25599587,199860674,98437000,train,SPORTBIKE_S,Thể thao thép,2025-03,T3/2025,0,22434397.0,200.76
2025-03-21,45474851,0,140765780,56483500,train,SPORTBIKE_S,Thể thao thép,2025-03,T3/2025,0,22434397.0,200.76
2025-03-22,51472796,0,145767086,99934000,train,SPORTBIKE_S,Thể thao thép,2025-03,T3/2025,0,22434397.0,200.76
2025-03-24,54625805,0,145732073,193300000,train,SPORTBIKE_S,Thể thao thép,2025-03,T3/2025,0,22434397.0,200.76
2025-03-25,70790640,0,154249582,258442869,train,SPORTBIKE_S,Thể thao thép,2025-03,T3/2025,0,22434397.0,200.76
2025-03-26,68031034,0,155843875,79874606,train,SPORTBIKE_S,Thể thao thép,2025-03,T3/2025,0,22434397.0,200.76
2025-03-27,110638849,22841449,199516695,151584445,train,SPORTBIKE_S,Thể thao thép,2025-03,T3/2025,0,22434397.0,200.76
2025-03-28,45003718,0,132340111,218299480,train,SPORTBIKE_S,Thể thao thép,2025-03,T3/2025,0,22434397.0,200.76
2025-03-29,50937977,0,141773084,34493000,train,SPORTBIKE_S,Thể thao thép,2025-03,T3/2025,0,22434397.0,200.76
2025-03-31,54054937,0,143811909,53651000,train,SPORTBIKE_S,Thể thao thép,2025-03,T3/2025,0,22434397.0,200.76
2026-01-13,37338414,0,120988507,15735554,train,SPORTBIKE_S,Thể thao thép,2026-01,T1/2026,0,22434397.0,200.76
2026-01-15,58196014,0,148597095,49764817,train,SPORTBIKE_S,Thể thao thép,2026-01,T1/2026,0,22434397.0,200.76
2026-01-16,23639416,0,118418012,21877776,train,SPORTBIKE_S,Thể thao thép,2026-01,T1/2026,0,22434397.0,200.76
2026-01-17,26719774,0,109453351,5460000,train,SPORTBIKE_S,Thể thao thép,2026-01,T1/2026,0,22434397.0,200.76
2026-01-20,36593118,0,122523607,10800000,train,SPORTBIKE_S,Thể thao thép,2026-01,T1/2026,0,22434397.0,200.76
2026-01-22,57030899,0,146164773,50467758,train,SPORTBIKE_S,Thể thao thép,2026-01,T1/2026,0,22434397.0,200.76
2026-01-23,23165435,0,103244033,19905928,train,SPORTBIKE_S,Thể thao thép,2026-01,T1/2026,0,22434397.0,200.76
2026-01-24,26183232,0,121452849,97492025,train,SPORTBIKE_S,Thể thao thép,2026-01,T1/2026,0,22434397.0,200.76
2026-01-26,27707413,0,116000321,11753330,train,SPORTBIKE_S,Thể thao thép,2026-01,T1/2026,0,22434397.0,200.76
2026-01-28,34407874,0,123847081,72815531,train,SPORTBIKE_S,Thể thao thép,2026-01,T1/2026,0,22434397.0,200.76
2026-01-29,55877216,0,144612509,31069990,train,SPORTBIKE_S,Thể thao thép,2026-01,T1/2026,0,22434397.0,200.76
2026-01-30,22696133,0,112543576,23277771,train,SPORTBIKE_S,Thể thao thép,2026-01,T1/2026,0,22434397.0,200.76
2026-01-31,25652019,0,112472482,33005544,train,SPORTBIKE_S,Thể thao thép,2026-01,T1/2026,0,22434397.0,200.76
2026-02-01,2121294964,2025749015,2205823626,0,test,SPORTBIKE_S,Thể thao thép,2026-02,T2/2026,0,22434397.0,200.76
2026-02-02,27143642,0,111630823,0,test,SPORTBIKE_S,Thể thao thép,2026-02,T2/2026,0,22434397.0,200.76
2026-02-03,35124437,0,116092630,4157407,test,SPORTBIKE_S,Thể thao thép,2026-02,T2/2026,0,22434397.0,200.76
2026-02-04,33705743,0,126473590,9770000,test,SPORTBIKE_S,Thể thao thép,2026-02,T2/2026,0,22434397.0,200.76
2026-02-05,54735339,0,143058156,34726111,test,SPORTBIKE_S,Thể thao thép,2026-02,T2/2026,0,22434397.0,200.76
2026-02-06,22231662,0,112171855,0,test,SPORTBIKE_S,Thể thao thép,2026-02,T2/2026,0,22434397.0,200.76
2026-02-07,25126306,0,115064385,20682592,test,SPORTBIKE_S,Thể thao thép,2026-02,T2/2026,0,22434397.0,200.76
2026-02-08,2077759048,1989709944,2170060492,0,test,SPORTBIKE_S,Thể thao thép,2026-02,T2/2026,0,22434397.0,200.76
2026-02-09,26585774,0,110262187,20541204,test,SPORTBIKE_S,Thể thao thép,2026-02,T2/2026,0,22434397.0,200.76
2026-02-10,34401521,0,125713592,6315000,test,SPORTBIKE_S,Thể thao thép,2026-02,T2/2026,0,22434397.0,200.76
2026-02-11,33011045,0,122581780,11747222,test,SPORTBIKE_S,Thể thao thép,2026-02,T2/2026,0,22434397.0,200.76
2026-02-12,53605618,0,141555333,23732776,test,SPORTBIKE_S,Thể thao thép,2026-02,T2/2026,0,22434397.0,200.76
2026-02-13,21772163,0,112101622,6603888,test,SPORTBIKE_S,Thể thao thép,2026-02,T2/2026,0,22434397.0,200.76
2026-02-14,24606251,0,110196644,0,test,SPORTBIKE_S,Thể thao thép,2026-02,T2/2026,0,22434397.0,200.76
2026-02-15,2034694328,1944825227,2125767231,0,test,SPORTBIKE_S,Thể thao thép,2026-02,T2/2026,0,22434397.0,200.76
2026-02-16,26033976,0,112192521,0,test,SPORTBIKE_S,Thể thao thép,2026-02,T2/2026,0,22434397.0,200.76
2026-02-17,33686513,0,126303562,0,test,SPORTBIKE_S,Thể thao thép,2026-02,T2/2026,0,22434397.0,200.76
2026-02-18,32323989,0,120011134,0,test,SPORTBIKE_S,Thể thao thép,2026-02,T2/2026,0,22434397.0,200.76
2026-02-19,52488389,0,143108440,0,test,SPORTBIKE_S,Thể thao thép,2026-02,T2/2026,0,22434397.0,200.76
2026-02-20,21317771,0,110252911,0,test,SPORTBIKE_S,Thể thao thép,2026-02,T2/2026,0,22434397.0,200.76
2026-02-21,24092007,0,117030371,0,test,SPORTBIKE_S,Thể thao thép,2026-02,T2/2026,0,22434397.0,200.76
2026-02-22,1992113285,1900322839,2073173408,0,test,SPORTBIKE_S,Thể thao thép,2026-02,T2/2026,0,22434397.0,200.76
2026-02-23,25488408,0,107128934,0,test,SPORTBIKE_S,Thể thao thép,2026-02,T2/2026,0,22434397.0,200.76
2026-02-24,32979620,0,120715742,81723057,test,SPORTBIKE_S,Thể thao thép,2026-02,T2/2026,0,22434397.0,200.76
2026-02-25,31644768,0,117838415,0,test,SPORTBIKE_S,Thể thao thép,2026-02,T2/2026,0,22434397.0,200.76
2026-02-26,51383966,0,139347983,23155000,test,SPORTBIKE_S,Thể thao thép,2026-02,T2/2026,0,22434397.0,200.76
2026-02-27,20868614,0,111033001,8420000,test,SPORTBIKE_S,Thể thao thép,2026-02,T2/2026,0,22434397.0,200.76
2026-02-28,23583716,0,114806374,0,test,SPORTBIKE_S,Thể thao thép,2026-02,T2/2026,0,22434397.0,200.76
2026-03-01,1950027667,1865858808,2042959798,0,forecast,SPORTBIKE_S,Thể thao thép,2026-03,T3/2026,1,22434397.0,200.76
2026-03-02,24949218,0,116125700,0,forecast,SPORTBIKE_S,Thể thao thép,2026-03,T3/2026,1,22434397.0,200.76
2026-03-03,32281031,0,120507109,0,forecast,SPORTBIKE_S,Thể thao thép,2026-03,T3/2026,1,22434397.0,200.76
2026-03-04,30973566,0,121753931,0,forecast,SPORTBIKE_S,Thể thao thép,2026-03,T3/2026,1,22434397.0,200.76
2026-03-05,50292645,0,141297991,0,forecast,SPORTBIKE_S,Thể thao thép,2026-03,T3/2026,1,22434397.0,200.76
2026-03-06,20424811,0,109227567,0,forecast,SPORTBIKE_S,Thể thao thép,2026-03,T3/2026,1,22434397.0,200.76
2026-03-07,23081513,0,117942140,0,forecast,SPORTBIKE_S,Thể thao thép,2026-03,T3/2026,1,22434397.0,200.76
2026-03-08,1908448485,1818793763,1997014943,0,forecast,SPORTBIKE_S,Thể thao thép,2026-03,T3/2026,1,22434397.0,200.76
2026-03-09,24416548,0,113170418,0,forecast,SPORTBIKE_S,Thể thao thép,2026-03,T3/2026,1,22434397.0,200.76
2026-03-10,31590928,0,118704379,0,forecast,SPORTBIKE_S,Thể thao thép,2026-03,T3/2026,1,22434397.0,200.76
2026-03-11,30310555,0,115811395,0,forecast,SPORTBIKE_S,Thể thao thép,2026-03,T3/2026,1,22434397.0,200.76
2026-03-12,49214703,0,142272760,0,forecast,SPORTBIKE_S,Thể thao thép,2026-03,T3/2026,1,22434397.0,200.76
2026-03-13,19986473,0,111306267,0,forecast,SPORTBIKE_S,Thể thao thép,2026-03,T3/2026,1,22434397.0,200.76
2026-03-14,22585524,0,113904901,0,forecast,SPORTBIKE_S,Thể thao thép,2026-03,T3/2026,1,22434397.0,200.76
2026-03-15,1867386013,1778704272,1955252996,0,forecast,SPORTBIKE_S,Thể thao thép,2026-03,T3/2026,1,22434397.0,200.76
2026-03-16,23890527,0,114996564,0,forecast,SPORTBIKE_S,Thể thao thép,2026-03,T3/2026,1,22434397.0,200.76
2026-03-17,30909478,0,120229410,0,forecast,SPORTBIKE_S,Thể thao thép,2026-03,T3/2026,1,22434397.0,200.76
2026-03-18,29655894,0,121599049,0,forecast,SPORTBIKE_S,Thể thao thép,2026-03,T3/2026,1,22434397.0,200.76
2026-03-19,48150396,0,128705089,0,forecast,SPORTBIKE_S,Thể thao thép,2026-03,T3/2026,1,22434397.0,200.76
2026-03-20,19553705,0,106673613,0,forecast,SPORTBIKE_S,Thể thao thép,2026-03,T3/2026,1,22434397.0,200.76
2026-03-21,22095863,0,109595168,0,forecast,SPORTBIKE_S,Thể thao thép,2026-03,T3/2026,1,22434397.0,200.76
2026-03-22,1826849788,1732994957,1917230796,0,forecast,SPORTBIKE_S,Thể thao thép,2026-03,T3/2026,1,22434397.0,200.76
2026-03-23,23371276,0,109556735,0,forecast,SPORTBIKE_S,Thể thao thép,2026-03,T3/2026,1,22434397.0,200.76
2026-03-24,30236836,0,115607066,0,forecast,SPORTBIKE_S,Thể thao thép,2026-03,T3/2026,1,22434397.0,200.76
2026-03-25,29009731,0,116173426,0,forecast,SPORTBIKE_S,Thể thao thép,2026-03,T3/2026,1,22434397.0,200.76
2026-03-26,47099963,0,136573922,0,forecast,SPORTBIKE_S,Thể thao thép,2026-03,T3/2026,1,22434397.0,200.76
2026-03-27,19126602,0,105541388,0,forecast,SPORTBIKE_S,Thể thao thép,2026-03,T3/2026,1,22434397.0,200.76
2026-03-28,21612639,0,110595500,0,forecast,SPORTBIKE_S,Thể thao thép,2026-03,T3/2026,1,22434397.0,200.76
2026-03-29,1786848610,1690230660,1881048432,0,forecast,SPORTBIKE_S,Thể thao thép,2026-03,T3/2026,1,22434397.0,200.76
2026-03-30,22858907,0,106774661,0,forecast,SPORTBIKE_S,Thể thao thép,2026-03,T3/2026,1,22434397.0,200.76
2026-03-31,29573145,0,122856715,0,forecast,SPORTBIKE_S,Thể thao thép,2026-03,T3/2026,1,22434397.0,200.76
2026-04-01,28372201,0,122602468,0,forecast,SPORTBIKE_S,Thể thao thép,2026-04,T4/2026,1,22434397.0,200.76
2026-04-02,46063623,0,141323136,0,forecast,SPORTBIKE_S,Thể thao thép,2026-04,T4/2026,1,22434397.0,200.76
2026-04-03,18705251,0,108634815,0,forecast,SPORTBIKE_S,Thể thao thép,2026-04,T4/2026,1,22434397.0,200.76
2026-04-04,21135949,0,114010162,0,forecast,SPORTBIKE_S,Thể thao thép,2026-04,T4/2026,1,22434397.0,200.76
2026-04-05,1747390548,1659781984,1839056047,0,forecast,SPORTBIKE_S,Thể thao thép,2026-04,T4/2026,1,22434397.0,200.76
2026-04-06,22353522,0,115503109,0,forecast,SPORTBIKE_S,Thể thao thép,2026-04,T4/2026,1,22434397.0,200.76
2026-04-07,28918537,0,110604147,0,forecast,SPORTBIKE_S,Thể thao thép,2026-04,T4/2026,1,22434397.0,200.76
2026-04-08,27743431,0,115282675,0,forecast,SPORTBIKE_S,Thể thao thép,2026-04,T4/2026,1,22434397.0,200.76
2026-04-09,45041576,0,135515327,0,forecast,SPORTBIKE_S,Thể thao thép,2026-04,T4/2026,1,22434397.0,200.76
2026-04-10,18289734,0,112013250,0,forecast,SPORTBIKE_S,Thể thao thép,2026-04,T4/2026,1,22434397.0,200.76
2026-04-11,20665885,0,111380622,0,forecast,SPORTBIKE_S,Thể thao thép,2026-04,T4/2026,1,22434397.0,200.76
2026-04-12,1708482947,1617334852,1795687010,0,forecast,SPORTBIKE_S,Thể thao thép,2026-04,T4/2026,1,22434397.0,200.76
2026-04-13,21855214,0,103953354,0,forecast,SPORTBIKE_S,Thể thao thép,2026-04,T4/2026,1,22434397.0,200.76
2026-04-14,28273131,0,114905286,0,forecast,SPORTBIKE_S,Thể thao thép,2026-04,T4/2026,1,22434397.0,200.76
2026-04-15,27123531,0,118770480,0,forecast,SPORTBIKE_S,Thể thao thép,2026-04,T4/2026,1,22434397.0,200.76
2026-04-16,44034002,0,131186875,0,forecast,SPORTBIKE_S,Thể thao thép,2026-04,T4/2026,1,22434397.0,200.76
2026-04-17,17880123,0,106857246,0,forecast,SPORTBIKE_S,Thể thao thép,2026-04,T4/2026,1,22434397.0,200.76
2026-04-18,20202526,0,106659405,0,forecast,SPORTBIKE_S,Thể thao thép,2026-04,T4/2026,1,22434397.0,200.76
2026-04-19,1670132432,1585178742,1761945984,0,forecast,SPORTBIKE_S,Thể thao thép,2026-04,T4/2026,1,22434397.0,200.76
2026-04-20,21364067,0,114870444,0,forecast,SPORTBIKE_S,Thể thao thép,2026-04,T4/2026,1,22434397.0,200.76
2026-04-21,27637032,0,121909304,0,forecast,SPORTBIKE_S,Thể thao thép,2026-04,T4/2026,1,22434397.0,200.76
2026-04-22,26512604,0,123559895,0,forecast,SPORTBIKE_S,Thể thao thép,2026-04,T4/2026,1,22434397.0,200.76
2026-04-23,43041063,0,135160791,0,forecast,SPORTBIKE_S,Thể thao thép,2026-04,T4/2026,1,22434397.0,200.76
2026-04-24,17476484,0,106824542,0,forecast,SPORTBIKE_S,Thể thao thép,2026-04,T4/2026,1,22434397.0,200.76
2026-04-25,19745946,0,111829592,0,forecast,SPORTBIKE_S,Thể thao thép,2026-04,T4/2026,1,22434397.0,200.76
2026-04-26,1632344919,1538472758,1716797529,0,forecast,SPORTBIKE_S,Thể thao thép,2026-04,T4/2026,1,22434397.0,200.76
2026-04-27,20880156,0,110492213,0,forecast,SPORTBIKE_S,Thể thao thép,2026-04,T4/2026,1,22434397.0,200.76
2026-04-28,27010337,0,122174814,0,forecast,SPORTBIKE_S,Thể thao thép,2026-04,T4/2026,1,22434397.0,200.76
2026-04-29,25910740,0,120846803,0,forecast,SPORTBIKE_S,Thể thao thép,2026-04,T4/2026,1,22434397.0,200.76
2026-04-30,42062905,0,128520184,0,forecast,SPORTBIKE_S,Thể thao thép,2026-04,T4/2026,1,22434397.0,200.76
2026-05-01,17078873,0,102759878,0,forecast,SPORTBIKE_S,Thể thao thép,2026-05,T5/2026,1,22434397.0,200.76
2026-05-02,19296209,0,106852566,0,forecast,SPORTBIKE_S,Thể thao thép,2026-05,T5/2026,1,22434397.0,200.76
2026-05-03,1595125627,1505832657,1683013848,0,forecast,SPORTBIKE_S,Thể thao thép,2026-05,T5/2026,1,22434397.0,200.76
2026-05-04,20403545,0,111449149,0,forecast,SPORTBIKE_S,Thể thao thép,2026-05,T5/2026,1,22434397.0,200.76
2026-05-05,26393129,0,121657313,0,forecast,SPORTBIKE_S,Thể thao thép,2026-05,T5/2026,1,22434397.0,200.76
2026-05-06,25318017,0,117614406,0,forecast,SPORTBIKE_S,Thể thao thép,2026-05,T5/2026,1,22434397.0,200.76
2026-05-07,41099652,0,129049832,0,forecast,SPORTBIKE_S,Thể thao thép,2026-05,T5/2026,1,22434397.0,200.76
2026-05-08,16687340,0,108683187,0,forecast,SPORTBIKE_S,Thể thao thép,2026-05,T5/2026,1,22434397.0,200.76
2026-05-09,18853370,0,106869771,0,forecast,SPORTBIKE_S,Thể thao thép,2026-05,T5/2026,1,22434397.0,200.76
2026-05-10,1558479088,1472874455,1645559683,0,forecast,SPORTBIKE_S,Thể thao thép,2026-05,T5/2026,1,22434397.0,200.76
2026-05-11,19934293,0,109523542,0,forecast,SPORTBIKE_S,Thể thao thép,2026-05,T5/2026,1,22434397.0,200.76
2026-05-12,25785480,0,108771566,0,forecast,SPORTBIKE_S,Thể thao thép,2026-05,T5/2026,1,22434397.0,200.76
2026-05-13,24734503,0,104774701,0,forecast,SPORTBIKE_S,Thể thao thép,2026-05,T5/2026,1,22434397.0,200.76
2026-05-14,40151414,0,134059909,0,forecast,SPORTBIKE_S,Thể thao thép,2026-05,T5/2026,1,22434397.0,200.76
2026-05-15,16301930,0,104338018,0,forecast,SPORTBIKE_S,Thể thao thép,2026-05,T5/2026,1,22434397.0,200.76
2026-05-16,18417477,0,112909324,0,forecast,SPORTBIKE_S,Thể thao thép,2026-05,T5/2026,1,22434397.0,200.76
2026-05-17,1522409159,1437338030,1612549522,0,forecast,SPORTBIKE_S,Thể thao thép,2026-05,T5/2026,1,22434397.0,200.76
2026-05-18,19472447,0,117098306,0,forecast,SPORTBIKE_S,Thể thao thép,2026-05,T5/2026,1,22434397.0,200.76
2026-05-19,25187451,0,118815410,0,forecast,SPORTBIKE_S,Thể thao thép,2026-05,T5/2026,1,22434397.0,200.76
2026-05-20,24160256,0,117527687,0,forecast,SPORTBIKE_S,Thể thao thép,2026-05,T5/2026,1,22434397.0,200.76
2026-05-21,39218281,0,128864875,0,forecast,SPORTBIKE_S,Thể thao thép,2026-05,T5/2026,1,22434397.0,200.76
2026-05-22,15922678,0,108561248,0,forecast,SPORTBIKE_S,Thể thao thép,2026-05,T5/2026,1,22434397.0,200.76
2026-05-23,17988570,0,111201279,0,forecast,SPORTBIKE_S,Thể thao thép,2026-05,T5/2026,1,22434397.0,200.76
2026-05-24,1486919040,1395211040,1574076777,0,forecast,SPORTBIKE_S,Thể thao thép,2026-05,T5/2026,1,22434397.0,200.76
2026-05-25,19018048,0,108630665,0,forecast,SPORTBIKE_S,Thể thao thép,2026-05,T5/2026,1,22434397.0,200.76
2026-05-26,24599093,0,111665071,0,forecast,SPORTBIKE_S,Thể thao thép,2026-05,T5/2026,1,22434397.0,200.76
2026-05-27,23595322,0,108950173,0,forecast,SPORTBIKE_S,Thể thao thép,2026-05,T5/2026,1,22434397.0,200.76
2026-05-28,38300326,0,125377788,0,forecast,SPORTBIKE_S,Thể thao thép,2026-05,T5/2026,1,22434397.0,200.76
2026-05-29,15549614,0,96971693,0,forecast,SPORTBIKE_S,Thể thao thép,2026-05,T5/2026,1,22434397.0,200.76
2026-05-30,17566680,0,106595579,0,forecast,SPORTBIKE_S,Thể thao thép,2026-05,T5/2026,1,22434397.0,200.76
2026-05-31,1452011288,1359486179,1540972251,0,forecast,SPORTBIKE_S,Thể thao thép,2026-05,T5/2026,1,22434397.0,200.76
2026-06-01,18571126,0,110233073,0,forecast,SPORTBIKE_S,Thể thao thép,2026-06,T6/2026,1,22434397.0,200.76
2026-06-02,24020446,0,117246585,0,forecast,SPORTBIKE_S,Thể thao thép,2026-06,T6/2026,1,22434397.0,200.76
2026-06-03,23039739,0,117233505,0,forecast,SPORTBIKE_S,Thể thao thép,2026-06,T6/2026,1,22434397.0,200.76
2026-06-04,37397608,0,126275741,0,forecast,SPORTBIKE_S,Thể thao thép,2026-06,T6/2026,1,22434397.0,200.76
2026-06-05,15182759,0,106525757,0,forecast,SPORTBIKE_S,Thể thao thép,2026-06,T6/2026,1,22434397.0,200.76
2026-06-06,17151833,0,106935841,0,forecast,SPORTBIKE_S,Thể thao thép,2026-06,T6/2026,1,22434397.0,200.76
2026-06-07,1417687834,1326705625,1502812741,0,forecast,SPORTBIKE_S,Thể thao thép,2026-06,T6/2026,1,22434397.0,200.76
2026-06-08,18131706,0,104391578,0,forecast,SPORTBIKE_S,Thể thao thép,2026-06,T6/2026,1,22434397.0,200.76
2026-06-09,23451537,0,112867159,0,forecast,SPORTBIKE_S,Thể thao thép,2026-06,T6/2026,1,22434397.0,200.76
2026-06-10,22493533,0,115932331,0,forecast,SPORTBIKE_S,Thể thao thép,2026-06,T6/2026,1,22434397.0,200.76
2026-06-11,36510167,0,118862281,0,forecast,SPORTBIKE_S,Thể thao thép,2026-06,T6/2026,1,22434397.0,200.76
2026-06-12,14822129,0,105383180,0,forecast,SPORTBIKE_S,Thể thao thép,2026-06,T6/2026,1,22434397.0,200.76
2026-06-13,16744044,0,109532569,0,forecast,SPORTBIKE_S,Thể thao thép,2026-06,T6/2026,1,22434397.0,200.76
2026-06-14,1383949999,1301962329,1475551991,0,forecast,SPORTBIKE_S,Thể thao thép,2026-06,T6/2026,1,22434397.0,200.76
2026-06-15,17699803,0,108119475,0,forecast,SPORTBIKE_S,Thể thao thép,2026-06,T6/2026,1,22434397.0,200.76
2026-06-16,22892388,0,113510564,0,forecast,SPORTBIKE_S,Thể thao thép,2026-06,T6/2026,1,22434397.0,200.76
2026-06-17,21956721,0,111943278,0,forecast,SPORTBIKE_S,Thể thao thép,2026-06,T6/2026,1,22434397.0,200.76
2026-06-18,35638029,0,118318893,0,forecast,SPORTBIKE_S,Thể thao thép,2026-06,T6/2026,1,22434397.0,200.76
2026-06-19,14467734,0,104520189,0,forecast,SPORTBIKE_S,Thể thao thép,2026-06,T6/2026,1,22434397.0,200.76
2026-06-20,16343325,0,107446189,0,forecast,SPORTBIKE_S,Thể thao thép,2026-06,T6/2026,1,22434397.0,200.76
2026-06-21,1350798514,1261736701,1446301089,0,forecast,SPORTBIKE_S,Thể thao thép,2026-06,T6/2026,1,22434397.0,200.76
2026-06-22,17275426,0,108106148,0,forecast,SPORTBIKE_S,Thể thao thép,2026-06,T6/2026,1,22434397.0,200.76
2026-06-23,22343006,0,115762307,0,forecast,SPORTBIKE_S,Thể thao thép,2026-06,T6/2026,1,22434397.0,200.76
2026-06-24,21429310,0,110314460,0,forecast,SPORTBIKE_S,Thể thao thép,2026-06,T6/2026,1,22434397.0,200.76
2026-06-25,34781204,0,122788391,0,forecast,SPORTBIKE_S,Thể thao thép,2026-06,T6/2026,1,22434397.0,200.76
2026-06-26,14119578,0,110571151,0,forecast,SPORTBIKE_S,Thể thao thép,2026-06,T6/2026,1,22434397.0,200.76
2026-06-27,15949677,0,110138328,0,forecast,SPORTBIKE_S,Thể thao thép,2026-06,T6/2026,1,22434397.0,200.76
2026-06-28,1318233537,1230282570,1413610965,0,forecast,SPORTBIKE_S,Thể thao thép,2026-06,T6/2026,1,22434397.0,200.76
2026-06-29,16858575,0,99673850,0,forecast,SPORTBIKE_S,Thể thao thép,2026-06,T6/2026,1,22434397.0,200.76
2026-06-30,21803392,0,109548162,0,forecast,SPORTBIKE_S,Thể thao thép,2026-06,T6/2026,1,22434397.0,200.76
