grain,fiscal_year,fiscal_month,fiscal_quarter,ym,group_code,group_name,region,revenue,quantity,n_orders,n_customers,period_label,mom_revenue_pct,yoy_revenue_pct,revenue_share_pct,cum_revenue_ytd,province_name,revenue_pct_province,revenue_pct_region,revenue_pct_national,rank_in_region,product_code,product_name,line_name,color,revenue_2025,quantity_2025,n_orders_2025,revenue_2026,quantity_2026,n_orders_2026,revenue_2026_ann,yoy_revenue_pct_ann,avg_unit_price,revenue_rank,pareto_cum_pct,pareto_class,revenue_share_in_group_pct,bcg_quadrant,customer_code,customer_name,cohort_month,first_order_date,last_order_q1_2025,recency_days,avg_order_value,n_product_groups,trend_slope,groups_bought,churn_label,rfm_r,rfm_f,rfm_m,rfm_segment,churn_prob,churn_split,churn_priority,roc_auc_test,n_orders_q1_2026,revenue_q1_2026,ds,yhat,yhat_lower,yhat_upper,y_actual,split,is_future,mae_test,mape_test_pct
monthly_group,2025.0,1.0,1.0,2025-01,CITYBIKE_P,Xe phổ thông,__ALL__,1569577377,947,45,34,T1/2025,,,49.08,1569577377.0,,,,,,,,,,,,,,,,,,,,,,,,,,,,,,,,,,,,,,,,,,,,,,,,,,,,,
monthly_group,2025.0,2.0,1.0,2025-02,CITYBIKE_P,Xe phổ thông,__ALL__,4307545384,3363,174,134,T2/2025,174.44,,67.97,5877122761.0,,,,,,,,,,,,,,,,,,,,,,,,,,,,,,,,,,,,,,,,,,,,,,,,,,,,,
monthly_group,2025.0,3.0,1.0,2025-03,CITYBIKE_P,Xe phổ thông,__ALL__,11079768166,8954,412,235,T3/2025,157.22,,59.63,16956890927.0,,,,,,,,,,,,,,,,,,,,,,,,,,,,,,,,,,,,,,,,,,,,,,,,,,,,,
monthly_group,2026.0,1.0,1.0,2026-01,CITYBIKE_P,Xe phổ thông,__ALL__,10948454445,6743,401,268,T1/2026,-1.19,597.54,51.8,10948454445.0,,,,,,,,,,,,,,,,,,,,,,,,,,,,,,,,,,,,,,,,,,,,,,,,,,,,,
monthly_group,2026.0,2.0,1.0,2026-02,CITYBIKE_P,Xe phổ thông,__ALL__,10543385018,6565,373,239,T2/2026,-3.7,144.77,54.38,21491839463.0,,,,,,,,,,,,,,,,,,,,,,,,,,,,,,,,,,,,,,,,,,,,,,,,,,,,,
monthly_group,2025.0,1.0,1.0,2025-01,KIDBIKE_1,Xe trẻ em nhóm 1,__ALL__,364191375,218,16,10,T1/2025,,,11.39,364191375.0,,,,,,,,,,,,,,,,,,,,,,,,,,,,,,,,,,,,,,,,,,,,,,,,,,,,,
monthly_group,2025.0,2.0,1.0,2025-02,KIDBIKE_1,Xe trẻ em nhóm 1,__ALL__,838248052,717,85,75,T2/2025,130.17,,13.23,1202439427.0,,,,,,,,,,,,,,,,,,,,,,,,,,,,,,,,,,,,,,,,,,,,,,,,,,,,,
monthly_group,2025.0,3.0,1.0,2025-03,KIDBIKE_1,Xe trẻ em nhóm 1,__ALL__,2812349881,2427,265,160,T3/2025,235.5,,15.13,4014789308.0,,,,,,,,,,,,,,,,,,,,,,,,,,,,,,,,,,,,,,,,,,,,,,,,,,,,,
monthly_group,2026.0,1.0,1.0,2026-01,KIDBIKE_1,Xe trẻ em nhóm 1,__ALL__,2101176802,1637,231,163,T1/2026,-25.29,476.94,9.94,2101176802.0,,,,,,,,,,,,,,,,,,,,,,,,,,,,,,,,,,,,,,,,,,,,,,,,,,,,,
monthly_group,2026.0,2.0,1.0,2026-02,KIDBIKE_1,Xe trẻ em nhóm 1,__ALL__,1641871844,1280,222,151,T2/2026,-21.86,95.87,8.47,3743048646.0,,,,,,,,,,,,,,,,,,,,,,,,,,,,,,,,,,,,,,,,,,,,,,,,,,,,,
monthly_group,2025.0,1.0,1.0,2025-01,KIDBIKE_2,Xe trẻ em nhóm 2,__ALL__,119466940,128,15,6,T1/2025,,,3.74,119466940.0,,,,,,,,,,,,,,,,,,,,,,,,,,,,,,,,,,,,,,,,,,,,,,,,,,,,,
monthly_group,2025.0,2.0,1.0,2025-02,KIDBIKE_2,Xe trẻ em nhóm 2,__ALL__,307016457,462,56,41,T2/2025,156.99,,4.84,426483397.0,,,,,,,,,,,,,,,,,,,,,,,,,,,,,,,,,,,,,,,,,,,,,,,,,,,,,
monthly_group,2025.0,3.0,1.0,2025-03,KIDBIKE_2,Xe trẻ em nhóm 2,__ALL__,695529515,1117,134,86,T3/2025,126.54,,3.74,1122012912.0,,,,,,,,,,,,,,,,,,,,,,,,,,,,,,,,,,,,,,,,,,,,,,,,,,,,,
monthly_group,2026.0,1.0,1.0,2026-01,KIDBIKE_2,Xe trẻ em nhóm 2,__ALL__,459193023,496,109,67,T1/2026,-33.98,284.37,2.17,459193023.0,,,,,,,,,,,,,,,,,,,,,,,,,,,,,,,,,,,,,,,,,,,,,,,,,,,,,
monthly_group,2026.0,2.0,1.0,2026-02,KIDBIKE_2,Xe trẻ em nhóm 2,__ALL__,1202314677,1301,151,107,T2/2026,161.83,291.61,6.2,1661507700.0,,,,,,,,,,,,,,,,,,,,,,,,,,,,,,,,,,,,,,,,,,,,,,,,,,,,,
monthly_group,2025.0,1.0,1.0,2025-01,SPORTBIKE_A,Xe thể thao nhôm,__ALL__,131539142,37,7,6,T1/2025,,,4.11,131539142.0,,,,,,,,,,,,,,,,,,,,,,,,,,,,,,,,,,,,,,,,,,,,,,,,,,,,,
monthly_group,2025.0,2.0,1.0,2025-02,SPORTBIKE_A,Xe thể thao nhôm,__ALL__,451082224,171,42,40,T2/2025,242.93,,7.12,582621366.0,,,,,,,,,,,,,,,,,,,,,,,,,,,,,,,,,,,,,,,,,,,,,,,,,,,,,
monthly_group,2025.0,3.0,1.0,2025-03,SPORTBIKE_A,Xe thể thao nhôm,__ALL__,1707156959,608,130,77,T3/2025,278.46,,9.19,2289778325.0,,,,,,,,,,,,,,,,,,,,,,,,,,,,,,,,,,,,,,,,,,,,,,,,,,,,,
monthly_group,2026.0,1.0,1.0,2026-01,SPORTBIKE_A,Xe thể thao nhôm,__ALL__,96984806,38,14,12,T1/2026,-94.32,-26.27,0.46,96984806.0,,,,,,,,,,,,,,,,,,,,,,,,,,,,,,,,,,,,,,,,,,,,,,,,,,,,,
monthly_group,2026.0,2.0,1.0,2026-02,SPORTBIKE_A,Xe thể thao nhôm,__ALL__,57815363,20,4,4,T2/2026,-40.39,-87.18,0.3,154800169.0,,,,,,,,,,,,,,,,,,,,,,,,,,,,,,,,,,,,,,,,,,,,,,,,,,,,,
monthly_group,2025.0,1.0,1.0,2025-01,SPORTBIKE_S,Xe thể thao thép,__ALL__,753752125,346,23,13,T1/2025,,,23.57,753752125.0,,,,,,,,,,,,,,,,,,,,,,,,,,,,,,,,,,,,,,,,,,,,,,,,,,,,,
monthly_group,2025.0,2.0,1.0,2025-02,SPORTBIKE_S,Xe thể thao thép,__ALL__,288466569,204,56,50,T2/2025,-61.73,,4.55,1042218694.0,,,,,,,,,,,,,,,,,,,,,,,,,,,,,,,,,,,,,,,,,,,,,,,,,,,,,
monthly_group,2025.0,3.0,1.0,2025-03,SPORTBIKE_S,Xe thể thao thép,__ALL__,1571476861,952,144,88,T3/2025,444.77,,8.46,2613695555.0,,,,,,,,,,,,,,,,,,,,,,,,,,,,,,,,,,,,,,,,,,,,,,,,,,,,,
monthly_group,2026.0,1.0,1.0,2026-01,SPORTBIKE_S,Xe thể thao thép,__ALL__,443426024,197,60,43,T1/2026,-71.78,-41.17,2.1,443426024.0,,,,,,,,,,,,,,,,,,,,,,,,,,,,,,,,,,,,,,,,,,,,,,,,,,,,,
monthly_group,2026.0,2.0,1.0,2026-02,SPORTBIKE_S,Xe thể thao thép,__ALL__,251574257,116,36,31,T2/2026,-43.27,-12.79,1.3,695000281.0,,,,,,,,,,,,,,,,,,,,,,,,,,,,,,,,,,,,,,,,,,,,,,,,,,,,,
monthly_group,2025.0,1.0,1.0,2025-01,,,__ALL__,259643330,161,19,10,T1/2025,,,8.12,,,,,,,,,,,,,,,,,,,,,,,,,,,,,,,,,,,,,,,,,,,,,,,,,,,,,,
monthly_group,2025.0,2.0,1.0,2025-02,,,__ALL__,144852681,113,19,16,T2/2025,,,2.29,,,,,,,,,,,,,,,,,,,,,,,,,,,,,,,,,,,,,,,,,,,,,,,,,,,,,,
monthly_group,2025.0,3.0,1.0,2025-03,,,__ALL__,715508525,551,57,38,T3/2025,,,3.85,,,,,,,,,,,,,,,,,,,,,,,,,,,,,,,,,,,,,,,,,,,,,,,,,,,,,,
monthly_group,2026.0,1.0,1.0,2026-01,,,__ALL__,7085838510,3430,381,245,T1/2026,,2629.07,33.53,,,,,,,,,,,,,,,,,,,,,,,,,,,,,,,,,,,,,,,,,,,,,,,,,,,,,,
monthly_group,2026.0,2.0,1.0,2026-02,,,__ALL__,5691907974,3240,352,230,T2/2026,,3829.45,29.36,,,,,,,,,,,,,,,,,,,,,,,,,,,,,,,,,,,,,,,,,,,,,,,,,,,,,,
monthly_group_region,2025.0,1.0,1.0,2025-01,CITYBIKE_P,Xe phổ thông,Miền Bắc,1257222287,778,25,25,T1/2025,,,39.31,1257222287.0,,,,,,,,,,,,,,,,,,,,,,,,,,,,,,,,,,,,,,,,,,,,,,,,,,,,,
monthly_group_region,2025.0,2.0,1.0,2025-02,CITYBIKE_P,Xe phổ thông,Miền Bắc,3053671179,2434,127,105,T2/2025,142.89,,48.19,4310893466.0,,,,,,,,,,,,,,,,,,,,,,,,,,,,,,,,,,,,,,,,,,,,,,,,,,,,,
monthly_group_region,2025.0,3.0,1.0,2025-03,CITYBIKE_P,Xe phổ thông,Miền Bắc,9040596814,7340,345,201,T3/2025,196.06,,48.65,13351490280.0,,,,,,,,,,,,,,,,,,,,,,,,,,,,,,,,,,,,,,,,,,,,,,,,,,,,,
monthly_group_region,2026.0,1.0,1.0,2026-01,CITYBIKE_P,Xe phổ thông,Miền Bắc,8246548908,5105,304,212,T1/2026,-8.78,555.93,39.02,8246548908.0,,,,,,,,,,,,,,,,,,,,,,,,,,,,,,,,,,,,,,,,,,,,,,,,,,,,,
monthly_group_region,2026.0,2.0,1.0,2026-02,CITYBIKE_P,Xe phổ thông,Miền Bắc,5997169522,3776,206,130,T2/2026,-27.28,96.39,30.93,14243718430.0,,,,,,,,,,,,,,,,,,,,,,,,,,,,,,,,,,,,,,,,,,,,,,,,,,,,,
monthly_group_region,2025.0,1.0,1.0,2025-01,CITYBIKE_P,Xe phổ thông,Miền Nam,230726200,119,13,2,T1/2025,,,7.21,230726200.0,,,,,,,,,,,,,,,,,,,,,,,,,,,,,,,,,,,,,,,,,,,,,,,,,,,,,
monthly_group_region,2025.0,2.0,1.0,2025-02,CITYBIKE_P,Xe phổ thông,Miền Nam,271092662,140,17,3,T2/2025,17.5,,4.28,501818862.0,,,,,,,,,,,,,,,,,,,,,,,,,,,,,,,,,,,,,,,,,,,,,,,,,,,,,
monthly_group_region,2025.0,3.0,1.0,2025-03,CITYBIKE_P,Xe phổ thông,Miền Nam,212979529,110,10,2,T3/2025,-21.44,,1.15,714798391.0,,,,,,,,,,,,,,,,,,,,,,,,,,,,,,,,,,,,,,,,,,,,,,,,,,,,,
monthly_group_region,2026.0,1.0,1.0,2026-01,CITYBIKE_P,Xe phổ thông,Miền Nam,388907021,200,26,2,T1/2026,82.6,68.56,1.84,388907021.0,,,,,,,,,,,,,,,,,,,,,,,,,,,,,,,,,,,,,,,,,,,,,,,,,,,,,
monthly_group_region,2026.0,2.0,1.0,2026-02,CITYBIKE_P,Xe phổ thông,Miền Nam,303137570,155,26,2,T2/2026,-22.05,11.82,1.56,692044591.0,,,,,,,,,,,,,,,,,,,,,,,,,,,,,,,,,,,,,,,,,,,,,,,,,,,,,
monthly_group_region,2025.0,1.0,1.0,2025-01,CITYBIKE_P,Xe phổ thông,Miền Trung,69360371,45,6,6,T1/2025,,,2.17,69360371.0,,,,,,,,,,,,,,,,,,,,,,,,,,,,,,,,,,,,,,,,,,,,,,,,,,,,,
monthly_group_region,2025.0,2.0,1.0,2025-02,CITYBIKE_P,Xe phổ thông,Miền Trung,946041543,758,28,25,T2/2025,1263.95,,14.93,1015401914.0,,,,,,,,,,,,,,,,,,,,,,,,,,,,,,,,,,,,,,,,,,,,,,,,,,,,,
monthly_group_region,2025.0,3.0,1.0,2025-03,CITYBIKE_P,Xe phổ thông,Miền Trung,1700931823,1399,52,30,T3/2025,79.79,,9.15,2716333737.0,,,,,,,,,,,,,,,,,,,,,,,,,,,,,,,,,,,,,,,,,,,,,,,,,,,,,
monthly_group_region,2026.0,1.0,1.0,2026-01,CITYBIKE_P,Xe phổ thông,Miền Trung,2300729998,1433,70,53,T1/2026,35.26,3217.07,10.89,2300729998.0,,,,,,,,,,,,,,,,,,,,,,,,,,,,,,,,,,,,,,,,,,,,,,,,,,,,,
monthly_group_region,2026.0,2.0,1.0,2026-02,CITYBIKE_P,Xe phổ thông,Miền Trung,1936228163,1218,49,35,T2/2026,-15.84,104.67,9.99,4236958161.0,,,,,,,,,,,,,,,,,,,,,,,,,,,,,,,,,,,,,,,,,,,,,,,,,,,,,
monthly_group_region,2025.0,1.0,1.0,2025-01,CITYBIKE_P,Xe phổ thông,,12268519,5,1,1,T1/2025,,,0.38,,,,,,,,,,,,,,,,,,,,,,,,,,,,,,,,,,,,,,,,,,,,,,,,,,,,,,
monthly_group_region,2025.0,2.0,1.0,2025-02,CITYBIKE_P,Xe phổ thông,,36740000,31,2,1,T2/2025,,,0.58,,,,,,,,,,,,,,,,,,,,,,,,,,,,,,,,,,,,,,,,,,,,,,,,,,,,,,
monthly_group_region,2025.0,3.0,1.0,2025-03,CITYBIKE_P,Xe phổ thông,,125260000,105,5,2,T3/2025,,,0.67,,,,,,,,,,,,,,,,,,,,,,,,,,,,,,,,,,,,,,,,,,,,,,,,,,,,,,
monthly_group_region,2026.0,1.0,1.0,2026-01,CITYBIKE_P,Xe phổ thông,,12268518,5,1,1,T1/2026,,-0.0,0.06,,,,,,,,,,,,,,,,,,,,,,,,,,,,,,,,,,,,,,,,,,,,,,,,,,,,,,
monthly_group_region,2026.0,2.0,1.0,2026-02,CITYBIKE_P,Xe phổ thông,,2306849763,1416,92,72,T2/2026,,6178.85,11.9,,,,,,,,,,,,,,,,,,,,,,,,,,,,,,,,,,,,,,,,,,,,,,,,,,,,,,
monthly_group_region,2025.0,1.0,1.0,2025-01,KIDBIKE_1,Xe trẻ em nhóm 1,Miền Bắc,299489338,178,8,8,T1/2025,,,9.36,299489338.0,,,,,,,,,,,,,,,,,,,,,,,,,,,,,,,,,,,,,,,,,,,,,,,,,,,,,
monthly_group_region,2025.0,2.0,1.0,2025-02,KIDBIKE_1,Xe trẻ em nhóm 1,Miền Bắc,725105552,619,70,62,T2/2025,142.11,,11.44,1024594890.0,,,,,,,,,,,,,,,,,,,,,,,,,,,,,,,,,,,,,,,,,,,,,,,,,,,,,
monthly_group_region,2025.0,3.0,1.0,2025-03,KIDBIKE_1,Xe trẻ em nhóm 1,Miền Bắc,2461255464,2148,231,138,T3/2025,239.43,,13.25,3485850354.0,,,,,,,,,,,,,,,,,,,,,,,,,,,,,,,,,,,,,,,,,,,,,,,,,,,,,
monthly_group_region,2026.0,1.0,1.0,2026-01,KIDBIKE_1,Xe trẻ em nhóm 1,Miền Bắc,1519953386,1219,168,129,T1/2026,-38.24,407.52,7.19,1519953386.0,,,,,,,,,,,,,,,,,,,,,,,,,,,,,,,,,,,,,,,,,,,,,,,,,,,,,
monthly_group_region,2026.0,2.0,1.0,2026-02,KIDBIKE_1,Xe trẻ em nhóm 1,Miền Bắc,919246865,752,122,86,T2/2026,-39.52,26.77,4.74,2439200251.0,,,,,,,,,,,,,,,,,,,,,,,,,,,,,,,,,,,,,,,,,,,,,,,,,,,,,
monthly_group_region,2025.0,1.0,1.0,2025-01,KIDBIKE_1,Xe trẻ em nhóm 1,Miền Nam,60502037,36,7,1,T1/2025,,,1.89,60502037.0,,,,,,,,,,,,,,,,,,,,,,,,,,,,,,,,,,,,,,,,,,,,,,,,,,,,,
monthly_group_region,2025.0,2.0,1.0,2025-02,KIDBIKE_1,Xe trẻ em nhóm 1,Miền Nam,9432500,5,2,1,T2/2025,-84.41,,0.15,69934537.0,,,,,,,,,,,,,,,,,,,,,,,,,,,,,,,,,,,,,,,,,,,,,,,,,,,,,
monthly_group_region,2025.0,3.0,1.0,2025-03,KIDBIKE_1,Xe trẻ em nhóm 1,Miền Nam,67153982,39,2,1,T3/2025,611.94,,0.36,137088519.0,,,,,,,,,,,,,,,,,,,,,,,,,,,,,,,,,,,,,,,,,,,,,,,,,,,,,
monthly_group_region,2026.0,1.0,1.0,2026-01,KIDBIKE_1,Xe trẻ em nhóm 1,Miền Nam,222879341,127,24,2,T1/2026,231.89,268.38,1.05,222879341.0,,,,,,,,,,,,,,,,,,,,,,,,,,,,,,,,,,,,,,,,,,,,,,,,,,,,,
monthly_group_region,2026.0,2.0,1.0,2026-02,KIDBIKE_1,Xe trẻ em nhóm 1,Miền Nam,203971572,131,29,2,T2/2026,-8.48,2062.43,1.05,426850913.0,,,,,,,,,,,,,,,,,,,,,,,,,,,,,,,,,,,,,,,,,,,,,,,,,,,,,
monthly_group_region,2025.0,1.0,1.0,2025-01,KIDBIKE_1,Xe trẻ em nhóm 1,Miền Trung,4200000,4,1,1,T1/2025,,,0.13,4200000.0,,,,,,,,,,,,,,,,,,,,,,,,,,,,,,,,,,,,,,,,,,,,,,,,,,,,,
monthly_group_region,2025.0,2.0,1.0,2025-02,KIDBIKE_1,Xe trẻ em nhóm 1,Miền Trung,96960000,87,11,11,T2/2025,2208.57,,1.53,101160000.0,,,,,,,,,,,,,,,,,,,,,,,,,,,,,,,,,,,,,,,,,,,,,,,,,,,,,
monthly_group_region,2025.0,3.0,1.0,2025-03,KIDBIKE_1,Xe trẻ em nhóm 1,Miền Trung,263990435,222,29,20,T3/2025,172.27,,1.42,365150435.0,,,,,,,,,,,,,,,,,,,,,,,,,,,,,,,,,,,,,,,,,,,,,,,,,,,,,
monthly_group_region,2026.0,1.0,1.0,2026-01,KIDBIKE_1,Xe trẻ em nhóm 1,Miền Trung,358344075,291,39,32,T1/2026,35.74,8432.0,1.7,358344075.0,,,,,,,,,,,,,,,,,,,,,,,,,,,,,,,,,,,,,,,,,,,,,,,,,,,,,
monthly_group_region,2026.0,2.0,1.0,2026-02,KIDBIKE_1,Xe trẻ em nhóm 1,Miền Trung,140331794,108,17,16,T2/2026,-60.84,44.73,0.72,498675869.0,,,,,,,,,,,,,,,,,,,,,,,,,,,,,,,,,,,,,,,,,,,,,,,,,,,,,
monthly_group_region,2025.0,2.0,1.0,2025-02,KIDBIKE_1,Xe trẻ em nhóm 1,,6750000,6,2,1,T2/2025,,,0.11,,,,,,,,,,,,,,,,,,,,,,,,,,,,,,,,,,,,,,,,,,,,,,,,,,,,,,
monthly_group_region,2025.0,3.0,1.0,2025-03,KIDBIKE_1,Xe trẻ em nhóm 1,,19950000,18,3,1,T3/2025,,,0.11,,,,,,,,,,,,,,,,,,,,,,,,,,,,,,,,,,,,,,,,,,,,,,,,,,,,,,
monthly_group_region,2026.0,2.0,1.0,2026-02,KIDBIKE_1,Xe trẻ em nhóm 1,,378321613,289,54,47,T2/2026,,5504.76,1.95,,,,,,,,,,,,,,,,,,,,,,,,,,,,,,,,,,,,,,,,,,,,,,,,,,,,,,
monthly_group_region,2025.0,1.0,1.0,2025-01,KIDBIKE_2,Xe trẻ em nhóm 2,Miền Bắc,42123335,58,4,4,T1/2025,,,1.32,42123335.0,,,,,,,,,,,,,,,,,,,,,,,,,,,,,,,,,,,,,,,,,,,,,,,,,,,,,
monthly_group_region,2025.0,2.0,1.0,2025-02,KIDBIKE_2,Xe trẻ em nhóm 2,Miền Bắc,162541847,315,37,34,T2/2025,285.87,,2.56,204665182.0,,,,,,,,,,,,,,,,,,,,,,,,,,,,,,,,,,,,,,,,,,,,,,,,,,,,,
monthly_group_region,2025.0,3.0,1.0,2025-03,KIDBIKE_2,Xe trẻ em nhóm 2,Miền Bắc,526947219,933,112,73,T3/2025,224.19,,2.84,731612401.0,,,,,,,,,,,,,,,,,,,,,,,,,,,,,,,,,,,,,,,,,,,,,,,,,,,,,
monthly_group_region,2026.0,1.0,1.0,2026-01,KIDBIKE_2,Xe trẻ em nhóm 2,Miền Bắc,255216131,301,73,54,T1/2026,-51.57,505.88,1.21,255216131.0,,,,,,,,,,,,,,,,,,,,,,,,,,,,,,,,,,,,,,,,,,,,,,,,,,,,,
monthly_group_region,2026.0,2.0,1.0,2026-02,KIDBIKE_2,Xe trẻ em nhóm 2,Miền Bắc,677867195,773,91,68,T2/2026,165.61,317.04,3.5,933083326.0,,,,,,,,,,,,,,,,,,,,,,,,,,,,,,,,,,,,,,,,,,,,,,,,,,,,,
monthly_group_region,2025.0,1.0,1.0,2025-01,KIDBIKE_2,Xe trẻ em nhóm 2,Miền Nam,77343605,70,11,2,T1/2025,,,2.42,77343605.0,,,,,,,,,,,,,,,,,,,,,,,,,,,,,,,,,,,,,,,,,,,,,,,,,,,,,
monthly_group_region,2025.0,2.0,1.0,2025-02,KIDBIKE_2,Xe trẻ em nhóm 2,Miền Nam,127564610,113,14,2,T2/2025,64.93,,2.01,204908215.0,,,,,,,,,,,,,,,,,,,,,,,,,,,,,,,,,,,,,,,,,,,,,,,,,,,,,
monthly_group_region,2025.0,3.0,1.0,2025-03,KIDBIKE_2,Xe trẻ em nhóm 2,Miền Nam,135004055,120,10,2,T3/2025,5.83,,0.73,339912270.0,,,,,,,,,,,,,,,,,,,,,,,,,,,,,,,,,,,,,,,,,,,,,,,,,,,,,
monthly_group_region,2026.0,1.0,1.0,2026-01,KIDBIKE_2,Xe trẻ em nhóm 2,Miền Nam,138507306,123,25,2,T1/2026,2.59,79.08,0.66,138507306.0,,,,,,,,,,,,,,,,,,,,,,,,,,,,,,,,,,,,,,,,,,,,,,,,,,,,,
monthly_group_region,2026.0,2.0,1.0,2026-02,KIDBIKE_2,Xe trẻ em nhóm 2,Miền Nam,212591289,192,14,2,T2/2026,53.49,66.65,1.1,351098595.0,,,,,,,,,,,,,,,,,,,,,,,,,,,,,,,,,,,,,,,,,,,,,,,,,,,,,
monthly_group_region,2025.0,2.0,1.0,2025-02,KIDBIKE_2,Xe trẻ em nhóm 2,Miền Trung,16910000,34,5,5,T2/2025,,,0.27,16910000.0,,,,,,,,,,,,,,,,,,,,,,,,,,,,,,,,,,,,,,,,,,,,,,,,,,,,,
monthly_group_region,2025.0,3.0,1.0,2025-03,KIDBIKE_2,Xe trẻ em nhóm 2,Miền Trung,32078241,61,11,10,T3/2025,89.7,,0.17,48988241.0,,,,,,,,,,,,,,,,,,,,,,,,,,,,,,,,,,,,,,,,,,,,,,,,,,,,,
monthly_group_region,2026.0,1.0,1.0,2026-01,KIDBIKE_2,Xe trẻ em nhóm 2,Miền Trung,65469586,72,11,11,T1/2026,104.09,,0.31,65469586.0,,,,,,,,,,,,,,,,,,,,,,,,,,,,,,,,,,,,,,,,,,,,,,,,,,,,,
monthly_group_region,2026.0,2.0,1.0,2026-02,KIDBIKE_2,Xe trẻ em nhóm 2,Miền Trung,108418233,117,11,8,T2/2026,65.6,541.15,0.56,173887819.0,,,,,,,,,,,,,,,,,,,,,,,,,,,,,,,,,,,,,,,,,,,,,,,,,,,,,
monthly_group_region,2025.0,3.0,1.0,2025-03,KIDBIKE_2,Xe trẻ em nhóm 2,,1500000,3,1,1,T3/2025,,,0.01,,,,,,,,,,,,,,,,,,,,,,,,,,,,,,,,,,,,,,,,,,,,,,,,,,,,,,
monthly_group_region,2026.0,2.0,1.0,2026-02,KIDBIKE_2,Xe trẻ em nhóm 2,,203437960,219,35,29,T2/2026,,,1.05,,,,,,,,,,,,,,,,,,,,,,,,,,,,,,,,,,,,,,,,,,,,,,,,,,,,,,
monthly_group_region,2025.0,1.0,1.0,2025-01,SPORTBIKE_A,Xe thể thao nhôm,Miền Bắc,113428030,33,6,5,T1/2025,,,3.55,113428030.0,,,,,,,,,,,,,,,,,,,,,,,,,,,,,,,,,,,,,,,,,,,,,,,,,,,,,
monthly_group_region,2025.0,2.0,1.0,2025-02,SPORTBIKE_A,Xe thể thao nhôm,Miền Bắc,430414295,163,38,36,T2/2025,279.46,,6.79,543842325.0,,,,,,,,,,,,,,,,,,,,,,,,,,,,,,,,,,,,,,,,,,,,,,,,,,,,,
monthly_group_region,2025.0,3.0,1.0,2025-03,SPORTBIKE_A,Xe thể thao nhôm,Miền Bắc,1461261869,532,119,69,T3/2025,239.5,,7.86,2005104194.0,,,,,,,,,,,,,,,,,,,,,,,,,,,,,,,,,,,,,,,,,,,,,,,,,,,,,
monthly_group_region,2026.0,1.0,1.0,2026-01,SPORTBIKE_A,Xe thể thao nhôm,Miền Bắc,33042590,14,5,4,T1/2026,-97.74,-70.87,0.16,33042590.0,,,,,,,,,,,,,,,,,,,,,,,,,,,,,,,,,,,,,,,,,,,,,,,,,,,,,
monthly_group_region,2025.0,3.0,1.0,2025-03,SPORTBIKE_A,Xe thể thao nhôm,Miền Nam,146428334,42,2,1,T3/2025,,,0.79,146428334.0,,,,,,,,,,,,,,,,,,,,,,,,,,,,,,,,,,,,,,,,,,,,,,,,,,,,,
monthly_group_region,2025.0,1.0,1.0,2025-01,SPORTBIKE_A,Xe thể thao nhôm,Miền Trung,18111112,4,1,1,T1/2025,,,0.57,18111112.0,,,,,,,,,,,,,,,,,,,,,,,,,,,,,,,,,,,,,,,,,,,,,,,,,,,,,
monthly_group_region,2025.0,2.0,1.0,2025-02,SPORTBIKE_A,Xe thể thao nhôm,Miền Trung,20667929,8,4,4,T2/2025,14.12,,0.33,38779041.0,,,,,,,,,,,,,,,,,,,,,,,,,,,,,,,,,,,,,,,,,,,,,,,,,,,,,
monthly_group_region,2025.0,3.0,1.0,2025-03,SPORTBIKE_A,Xe thể thao nhôm,Miền Trung,92766756,31,8,6,T3/2025,348.84,,0.5,131545797.0,,,,,,,,,,,,,,,,,,,,,,,,,,,,,,,,,,,,,,,,,,,,,,,,,,,,,
monthly_group_region,2026.0,1.0,1.0,2026-01,SPORTBIKE_A,Xe thể thao nhôm,Miền Trung,63942216,24,9,8,T1/2026,-31.07,253.06,0.3,63942216.0,,,,,,,,,,,,,,,,,,,,,,,,,,,,,,,,,,,,,,,,,,,,,,,,,,,,,
monthly_group_region,2026.0,2.0,1.0,2026-02,SPORTBIKE_A,Xe thể thao nhôm,Miền Trung,26644995,9,1,1,T2/2026,-58.33,28.92,0.14,90587211.0,,,,,,,,,,,,,,,,,,,,,,,,,,,,,,,,,,,,,,,,,,,,,,,,,,,,,
monthly_group_region,2025.0,3.0,1.0,2025-03,SPORTBIKE_A,Xe thể thao nhôm,,6700000,3,1,1,T3/2025,,,0.04,,,,,,,,,,,,,,,,,,,,,,,,,,,,,,,,,,,,,,,,,,,,,,,,,,,,,,
monthly_group_region,2026.0,2.0,1.0,2026-02,SPORTBIKE_A,Xe thể thao nhôm,,31170368,11,3,3,T2/2026,,,0.16,,,,,,,,,,,,,,,,,,,,,,,,,,,,,,,,,,,,,,,,,,,,,,,,,,,,,,
monthly_group_region,2025.0,1.0,1.0,2025-01,SPORTBIKE_S,Xe thể thao thép,Miền Bắc,645161108,302,12,10,T1/2025,,,20.17,645161108.0,,,,,,,,,,,,,,,,,,,,,,,,,,,,,,,,,,,,,,,,,,,,,,,,,,,,,
monthly_group_region,2025.0,2.0,1.0,2025-02,SPORTBIKE_S,Xe thể thao thép,Miền Bắc,221653792,166,45,41,T2/2025,-65.64,,3.5,866814900.0,,,,,,,,,,,,,,,,,,,,,,,,,,,,,,,,,,,,,,,,,,,,,,,,,,,,,
monthly_group_region,2025.0,3.0,1.0,2025-03,SPORTBIKE_S,Xe thể thao thép,Miền Bắc,1344136787,844,127,75,T3/2025,506.41,,7.23,2210951687.0,,,,,,,,,,,,,,,,,,,,,,,,,,,,,,,,,,,,,,,,,,,,,,,,,,,,,
monthly_group_region,2026.0,1.0,1.0,2026-01,SPORTBIKE_S,Xe thể thao thép,Miền Bắc,228061793,106,38,32,T1/2026,-83.03,-64.65,1.08,228061793.0,,,,,,,,,,,,,,,,,,,,,,,,,,,,,,,,,,,,,,,,,,,,,,,,,,,,,
monthly_group_region,2026.0,2.0,1.0,2026-02,SPORTBIKE_S,Xe thể thao thép,Miền Bắc,131538885,64,23,21,T2/2026,-42.32,-40.66,0.68,359600678.0,,,,,,,,,,,,,,,,,,,,,,,,,,,,,,,,,,,,,,,,,,,,,,,,,,,,,
monthly_group_region,2025.0,1.0,1.0,2025-01,SPORTBIKE_S,Xe thể thao thép,Miền Nam,99551017,37,9,1,T1/2025,,,3.11,99551017.0,,,,,,,,,,,,,,,,,,,,,,,,,,,,,,,,,,,,,,,,,,,,,,,,,,,,,
monthly_group_region,2025.0,2.0,1.0,2025-02,SPORTBIKE_S,Xe thể thao thép,Miền Nam,36812777,14,4,2,T2/2025,-63.02,,0.58,136363794.0,,,,,,,,,,,,,,,,,,,,,,,,,,,,,,,,,,,,,,,,,,,,,,,,,,,,,
monthly_group_region,2025.0,3.0,1.0,2025-03,SPORTBIKE_S,Xe thể thao thép,Miền Nam,109270371,42,4,2,T3/2025,196.83,,0.59,245634165.0,,,,,,,,,,,,,,,,,,,,,,,,,,,,,,,,,,,,,,,,,,,,,,,,,,,,,
monthly_group_region,2026.0,1.0,1.0,2026-01,SPORTBIKE_S,Xe thể thao thép,Miền Nam,124412043,50,11,1,T1/2026,13.86,24.97,0.59,124412043.0,,,,,,,,,,,,,,,,,,,,,,,,,,,,,,,,,,,,,,,,,,,,,,,,,,,,,
monthly_group_region,2026.0,2.0,1.0,2026-02,SPORTBIKE_S,Xe thể thao thép,Miền Nam,64694261,26,4,1,T2/2026,-48.0,75.74,0.33,189106304.0,,,,,,,,,,,,,,,,,,,,,,,,,,,,,,,,,,,,,,,,,,,,,,,,,,,,,
monthly_group_region,2025.0,1.0,1.0,2025-01,SPORTBIKE_S,Xe thể thao thép,Miền Trung,9040000,7,2,2,T1/2025,,,0.28,9040000.0,,,,,,,,,,,,,,,,,,,,,,,,,,,,,,,,,,,,,,,,,,,,,,,,,,,,,
monthly_group_region,2025.0,2.0,1.0,2025-02,SPORTBIKE_S,Xe thể thao thép,Miền Trung,26300000,21,6,6,T2/2025,190.93,,0.42,35340000.0,,,,,,,,,,,,,,,,,,,,,,,,,,,,,,,,,,,,,,,,,,,,,,,,,,,,,
monthly_group_region,2025.0,3.0,1.0,2025-03,SPORTBIKE_S,Xe thể thao thép,Miền Trung,118069703,66,13,11,T3/2025,348.93,,0.64,153409703.0,,,,,,,,,,,,,,,,,,,,,,,,,,,,,,,,,,,,,,,,,,,,,,,,,,,,,
monthly_group_region,2026.0,1.0,1.0,2026-01,SPORTBIKE_S,Xe thể thao thép,Miền Trung,90952188,41,11,10,T1/2026,-22.97,906.11,0.43,90952188.0,,,,,,,,,,,,,,,,,,,,,,,,,,,,,,,,,,,,,,,,,,,,,,,,,,,,,
monthly_group_region,2026.0,2.0,1.0,2026-02,SPORTBIKE_S,Xe thể thao thép,Miền Trung,23766111,11,4,4,T2/2026,-73.87,-9.63,0.12,114718299.0,,,,,,,,,,,,,,,,,,,,,,,,,,,,,,,,,,,,,,,,,,,,,,,,,,,,,
monthly_group_region,2025.0,2.0,1.0,2025-02,SPORTBIKE_S,Xe thể thao thép,,3700000,3,1,1,T2/2025,,,0.06,,,,,,,,,,,,,,,,,,,,,,,,,,,,,,,,,,,,,,,,,,,,,,,,,,,,,,
monthly_group_region,2026.0,2.0,1.0,2026-02,SPORTBIKE_S,Xe thể thao thép,,31575000,15,5,5,T2/2026,,753.38,0.16,,,,,,,,,,,,,,,,,,,,,,,,,,,,,,,,,,,,,,,,,,,,,,,,,,,,,,
monthly_group_region,2025.0,1.0,1.0,2025-01,,,Miền Bắc,83174072,48,7,7,T1/2025,,,2.6,,,,,,,,,,,,,,,,,,,,,,,,,,,,,,,,,,,,,,,,,,,,,,,,,,,,,,
monthly_group_region,2025.0,2.0,1.0,2025-02,,,Miền Bắc,106484812,88,15,13,T2/2025,,,1.68,,,,,,,,,,,,,,,,,,,,,,,,,,,,,,,,,,,,,,,,,,,,,,,,,,,,,,
monthly_group_region,2025.0,3.0,1.0,2025-03,,,Miền Bắc,616562106,486,49,31,T3/2025,,,3.32,,,,,,,,,,,,,,,,,,,,,,,,,,,,,,,,,,,,,,,,,,,,,,,,,,,,,,
monthly_group_region,2026.0,1.0,1.0,2026-01,,,Miền Bắc,5108456275,2608,290,195,T1/2026,,6041.89,24.17,,,,,,,,,,,,,,,,,,,,,,,,,,,,,,,,,,,,,,,,,,,,,,,,,,,,,,
monthly_group_region,2026.0,2.0,1.0,2026-02,,,Miền Bắc,3557854625,2130,199,128,T2/2026,,3241.19,18.35,,,,,,,,,,,,,,,,,,,,,,,,,,,,,,,,,,,,,,,,,,,,,,,,,,,,,,
monthly_group_region,2025.0,1.0,1.0,2025-01,,,Miền Nam,163469258,103,11,2,T1/2025,,,5.11,,,,,,,,,,,,,,,,,,,,,,,,,,,,,,,,,,,,,,,,,,,,,,,,,,,,,,
monthly_group_region,2025.0,2.0,1.0,2025-02,,,Miền Nam,37136388,24,3,2,T2/2025,,,0.59,,,,,,,,,,,,,,,,,,,,,,,,,,,,,,,,,,,,,,,,,,,,,,,,,,,,,,
monthly_group_region,2025.0,3.0,1.0,2025-03,,,Miền Nam,74470648,45,3,2,T3/2025,,,0.4,,,,,,,,,,,,,,,,,,,,,,,,,,,,,,,,,,,,,,,,,,,,,,,,,,,,,,
monthly_group_region,2026.0,1.0,1.0,2026-01,,,Miền Nam,960988999,301,32,3,T1/2026,,487.87,4.55,,,,,,,,,,,,,,,,,,,,,,,,,,,,,,,,,,,,,,,,,,,,,,,,,,,,,,
monthly_group_region,2026.0,2.0,1.0,2026-02,,,Miền Nam,250171578,111,24,2,T2/2026,,573.66,1.29,,,,,,,,,,,,,,,,,,,,,,,,,,,,,,,,,,,,,,,,,,,,,,,,,,,,,,
monthly_group_region,2025.0,1.0,1.0,2025-01,,,Miền Trung,13000000,10,1,1,T1/2025,,,0.41,,,,,,,,,,,,,,,,,,,,,,,,,,,,,,,,,,,,,,,,,,,,,,,,,,,,,,
monthly_group_region,2025.0,2.0,1.0,2025-02,,,Miền Trung,1231481,1,1,1,T2/2025,,,0.02,,,,,,,,,,,,,,,,,,,,,,,,,,,,,,,,,,,,,,,,,,,,,,,,,,,,,,
monthly_group_region,2025.0,3.0,1.0,2025-03,,,Miền Trung,24475771,20,5,5,T3/2025,,,0.13,,,,,,,,,,,,,,,,,,,,,,,,,,,,,,,,,,,,,,,,,,,,,,,,,,,,,,
monthly_group_region,2026.0,1.0,1.0,2026-01,,,Miền Trung,1008087680,518,58,46,T1/2026,,7654.52,4.77,,,,,,,,,,,,,,,,,,,,,,,,,,,,,,,,,,,,,,,,,,,,,,,,,,,,,,
monthly_group_region,2026.0,2.0,1.0,2026-02,,,Miền Trung,755628151,383,40,32,T2/2026,,61259.3,3.9,,,,,,,,,,,,,,,,,,,,,,,,,,,,,,,,,,,,,,,,,,,,,,,,,,,,,,
monthly_group_region,2026.0,1.0,1.0,2026-01,,,,8305556,3,1,1,T1/2026,,,0.04,,,,,,,,,,,,,,,,,,,,,,,,,,,,,,,,,,,,,,,,,,,,,,,,,,,,,,
monthly_group_region,2026.0,2.0,1.0,2026-02,,,,1128253620,616,89,68,T2/2026,,,5.82,,,,,,,,,,,,,,,,,,,,,,,,,,,,,,,,,,,,,,,,,,,,,,,,,,,,,,
monthly_region,2025.0,1.0,1.0,2025-01,__ALL__,__ALL__,Miền Bắc,2440598170,1397,39,36,T1/2025,,,76.31,2440598170.0,,,,,,,,,,,,,,,,,,,,,,,,,,,,,,,,,,,,,,,,,,,,,,,,,,,,,
monthly_region,2025.0,2.0,1.0,2025-02,__ALL__,__ALL__,Miền Bắc,4699871477,3785,137,111,T2/2025,92.57,,74.16,7140469647.0,,,,,,,,,,,,,,,,,,,,,,,,,,,,,,,,,,,,,,,,,,,,,,,,,,,,,
monthly_region,2025.0,3.0,1.0,2025-03,__ALL__,__ALL__,Miền Bắc,15450760259,12283,376,207,T3/2025,228.75,,83.15,22591229906.0,,,,,,,,,,,,,,,,,,,,,,,,,,,,,,,,,,,,,,,,,,,,,,,,,,,,,
monthly_region,2026.0,1.0,1.0,2026-01,__ALL__,__ALL__,Miền Bắc,15391279083,9353,359,231,T1/2026,-0.38,530.64,72.82,15391279083.0,,,,,,,,,,,,,,,,,,,,,,,,,,,,,,,,,,,,,,,,,,,,,,,,,,,,,
monthly_region,2026.0,2.0,1.0,2026-02,__ALL__,__ALL__,Miền Bắc,11283677092,7495,253,146,T2/2026,-26.69,140.08,58.2,26674956175.0,,,,,,,,,,,,,,,,,,,,,,,,,,,,,,,,,,,,,,,,,,,,,,,,,,,,,
monthly_region,2025.0,1.0,1.0,2025-01,__ALL__,__ALL__,Miền Nam,631592117,365,14,2,T1/2025,,,19.75,631592117.0,,,,,,,,,,,,,,,,,,,,,,,,,,,,,,,,,,,,,,,,,,,,,,,,,,,,,
monthly_region,2025.0,2.0,1.0,2025-02,__ALL__,__ALL__,Miền Nam,482038937,296,17,3,T2/2025,-23.68,,7.61,1113631054.0,,,,,,,,,,,,,,,,,,,,,,,,,,,,,,,,,,,,,,,,,,,,,,,,,,,,,
monthly_region,2025.0,3.0,1.0,2025-03,__ALL__,__ALL__,Miền Nam,745306919,398,11,2,T3/2025,54.62,,4.01,1858937973.0,,,,,,,,,,,,,,,,,,,,,,,,,,,,,,,,,,,,,,,,,,,,,,,,,,,,,
monthly_region,2026.0,1.0,1.0,2026-01,__ALL__,__ALL__,Miền Nam,1835694710,801,47,3,T1/2026,146.3,190.65,8.69,1835694710.0,,,,,,,,,,,,,,,,,,,,,,,,,,,,,,,,,,,,,,,,,,,,,,,,,,,,,
monthly_region,2026.0,2.0,1.0,2026-02,__ALL__,__ALL__,Miền Nam,1034566270,615,37,2,T2/2026,-43.64,114.62,5.34,2870260980.0,,,,,,,,,,,,,,,,,,,,,,,,,,,,,,,,,,,,,,,,,,,,,,,,,,,,,
monthly_region,2025.0,1.0,1.0,2025-01,__ALL__,__ALL__,Miền Trung,113711483,70,7,7,T1/2025,,,3.56,113711483.0,,,,,,,,,,,,,,,,,,,,,,,,,,,,,,,,,,,,,,,,,,,,,,,,,,,,,
monthly_region,2025.0,2.0,1.0,2025-02,__ALL__,__ALL__,Miền Trung,1108110953,909,29,26,T2/2025,874.49,,17.49,1221822436.0,,,,,,,,,,,,,,,,,,,,,,,,,,,,,,,,,,,,,,,,,,,,,,,,,,,,,
monthly_region,2025.0,3.0,1.0,2025-03,__ALL__,__ALL__,Miền Trung,2232312729,1799,55,31,T3/2025,101.45,,12.01,3454135165.0,,,,,,,,,,,,,,,,,,,,,,,,,,,,,,,,,,,,,,,,,,,,,,,,,,,,,
monthly_region,2026.0,1.0,1.0,2026-01,__ALL__,__ALL__,Miền Trung,3887525743,2379,74,55,T1/2026,74.15,3318.76,18.39,3887525743.0,,,,,,,,,,,,,,,,,,,,,,,,,,,,,,,,,,,,,,,,,,,,,,,,,,,,,
monthly_region,2026.0,2.0,1.0,2026-02,__ALL__,__ALL__,Miền Trung,2991017447,1846,54,39,T2/2026,-23.06,169.92,15.43,6878543190.0,,,,,,,,,,,,,,,,,,,,,,,,,,,,,,,,,,,,,,,,,,,,,,,,,,,,,
monthly_region,2025.0,1.0,1.0,2025-01,__ALL__,__ALL__,,12268519,5,1,1,T1/2025,,,0.38,,,,,,,,,,,,,,,,,,,,,,,,,,,,,,,,,,,,,,,,,,,,,,,,,,,,,,
monthly_region,2025.0,2.0,1.0,2025-02,__ALL__,__ALL__,,47190000,40,2,1,T2/2025,,,0.74,,,,,,,,,,,,,,,,,,,,,,,,,,,,,,,,,,,,,,,,,,,,,,,,,,,,,,
monthly_region,2025.0,3.0,1.0,2025-03,__ALL__,__ALL__,,153410000,129,5,2,T3/2025,,,0.83,,,,,,,,,,,,,,,,,,,,,,,,,,,,,,,,,,,,,,,,,,,,,,,,,,,,,,
monthly_region,2026.0,1.0,1.0,2026-01,__ALL__,__ALL__,,20574074,8,2,1,T1/2026,,67.7,0.1,,,,,,,,,,,,,,,,,,,,,,,,,,,,,,,,,,,,,,,,,,,,,,,,,,,,,,
monthly_region,2026.0,2.0,1.0,2026-02,__ALL__,__ALL__,,4079608324,2566,108,81,T2/2026,,8545.07,21.04,,,,,,,,,,,,,,,,,,,,,,,,,,,,,,,,,,,,,,,,,,,,,,,,,,,,,,
monthly_total,2025.0,1.0,1.0,2025-01,__ALL__,__ALL__,__ALL__,3198170289,1837,61,46,T1/2025,,,100.0,3198170289.0,,,,,,,,,,,,,,,,,,,,,,,,,,,,,,,,,,,,,,,,,,,,,,,,,,,,,
monthly_total,2025.0,2.0,1.0,2025-02,__ALL__,__ALL__,__ALL__,6337211367,5030,185,141,T2/2025,98.15,,100.0,9535381656.0,,,,,,,,,,,,,,,,,,,,,,,,,,,,,,,,,,,,,,,,,,,,,,,,,,,,,
monthly_total,2025.0,3.0,1.0,2025-03,__ALL__,__ALL__,__ALL__,18581789907,14609,447,242,T3/2025,193.22,,100.0,28117171563.0,,,,,,,,,,,,,,,,,,,,,,,,,,,,,,,,,,,,,,,,,,,,,,,,,,,,,
monthly_total,2026.0,1.0,1.0,2026-01,__ALL__,__ALL__,__ALL__,21135073610,12541,482,290,T1/2026,13.74,560.85,100.0,21135073610.0,,,,,,,,,,,,,,,,,,,,,,,,,,,,,,,,,,,,,,,,,,,,,,,,,,,,,
monthly_total,2026.0,2.0,1.0,2026-02,__ALL__,__ALL__,__ALL__,19388869133,12522,452,268,T2/2026,-8.26,205.95,100.0,40523942743.0,,,,,,,,,,,,,,,,,,,,,,,,,,,,,,,,,,,,,,,,,,,,,,,,,,,,,
province_group,,,,,CITYBIKE_P,Xe phổ thông,Miền Bắc,1159751597,729,26,9,,,,,,Bắc Giang,40.85,2.35,1.69,3,,,,,,,,,,,,,,,,,,,,,,,,,,,,,,,,,,,,,,,,,,,,,,,,
province_group,,,,,KIDBIKE_1,Xe trẻ em nhóm 1,Miền Bắc,79714990,69,11,6,,,,,,Bắc Giang,2.81,0.16,0.12,3,,,,,,,,,,,,,,,,,,,,,,,,,,,,,,,,,,,,,,,,,,,,,,,,
province_group,,,,,KIDBIKE_2,Xe trẻ em nhóm 2,Miền Bắc,69676988,91,7,2,,,,,,Bắc Giang,2.45,0.14,0.1,3,,,,,,,,,,,,,,,,,,,,,,,,,,,,,,,,,,,,,,,,,,,,,,,,
province_group,,,,,SPORTBIKE_A,Xe thể thao nhôm,Miền Bắc,108432781,41,10,6,,,,,,Bắc Giang,3.82,0.22,0.16,3,,,,,,,,,,,,,,,,,,,,,,,,,,,,,,,,,,,,,,,,,,,,,,,,
province_group,,,,,SPORTBIKE_S,Xe thể thao thép,Miền Bắc,448339958,182,7,6,,,,,,Bắc Giang,15.79,0.91,0.65,3,,,,,,,,,,,,,,,,,,,,,,,,,,,,,,,,,,,,,,,,,,,,,,,,
province_group,,,,,,,Miền Bắc,973113949,480,15,4,,,,,,Bắc Giang,34.28,1.98,1.42,3,,,,,,,,,,,,,,,,,,,,,,,,,,,,,,,,,,,,,,,,,,,,,,,,
province_group,,,,,CITYBIKE_P,Xe phổ thông,Miền Bắc,3600000,3,1,1,,,,,,Bắc Kạn,6.38,0.01,0.01,41,,,,,,,,,,,,,,,,,,,,,,,,,,,,,,,,,,,,,,,,,,,,,,,,
province_group,,,,,KIDBIKE_1,Xe trẻ em nhóm 1,Miền Bắc,26325552,21,3,2,,,,,,Bắc Kạn,46.63,0.05,0.04,41,,,,,,,,,,,,,,,,,,,,,,,,,,,,,,,,,,,,,,,,,,,,,,,,
province_group,,,,,KIDBIKE_2,Xe trẻ em nhóm 2,Miền Bắc,16990000,35,2,1,,,,,,Bắc Kạn,30.09,0.03,0.02,41,,,,,,,,,,,,,,,,,,,,,,,,,,,,,,,,,,,,,,,,,,,,,,,,
province_group,,,,,,,Miền Bắc,9539996,7,1,1,,,,,,Bắc Kạn,16.9,0.02,0.01,41,,,,,,,,,,,,,,,,,,,,,,,,,,,,,,,,,,,,,,,,,,,,,,,,
province_group,,,,,CITYBIKE_P,Xe phổ thông,Miền Bắc,1074300021,733,42,23,,,,,,Bắc Ninh,54.59,2.18,1.57,5,,,,,,,,,,,,,,,,,,,,,,,,,,,,,,,,,,,,,,,,,,,,,,,,
province_group,,,,,KIDBIKE_1,Xe trẻ em nhóm 1,Miền Bắc,216694856,181,28,18,,,,,,Bắc Ninh,11.01,0.44,0.32,5,,,,,,,,,,,,,,,,,,,,,,,,,,,,,,,,,,,,,,,,,,,,,,,,
province_group,,,,,KIDBIKE_2,Xe trẻ em nhóm 2,Miền Bắc,75490873,94,10,6,,,,,,Bắc Ninh,3.84,0.15,0.11,5,,,,,,,,,,,,,,,,,,,,,,,,,,,,,,,,,,,,,,,,,,,,,,,,
province_group,,,,,SPORTBIKE_A,Xe thể thao nhôm,Miền Bắc,44747221,9,2,1,,,,,,Bắc Ninh,2.27,0.09,0.07,5,,,,,,,,,,,,,,,,,,,,,,,,,,,,,,,,,,,,,,,,,,,,,,,,
province_group,,,,,SPORTBIKE_S,Xe thể thao thép,Miền Bắc,6602314,4,2,2,,,,,,Bắc Ninh,0.34,0.01,0.01,5,,,,,,,,,,,,,,,,,,,,,,,,,,,,,,,,,,,,,,,,,,,,,,,,
province_group,,,,,,,Miền Bắc,549955529,295,27,16,,,,,,Bắc Ninh,27.95,1.12,0.8,5,,,,,,,,,,,,,,,,,,,,,,,,,,,,,,,,,,,,,,,,,,,,,,,,
province_group,,,,,CITYBIKE_P,Xe phổ thông,Miền Bắc,6788888,4,1,1,,,,,,Cao Bằng,9.95,0.01,0.01,37,,,,,,,,,,,,,,,,,,,,,,,,,,,,,,,,,,,,,,,,,,,,,,,,
province_group,,,,,KIDBIKE_1,Xe trẻ em nhóm 1,Miền Bắc,19627494,15,1,1,,,,,,Cao Bằng,28.76,0.04,0.03,37,,,,,,,,,,,,,,,,,,,,,,,,,,,,,,,,,,,,,,,,,,,,,,,,
province_group,,,,,,,Miền Bắc,41833882,20,1,1,,,,,,Cao Bằng,61.29,0.08,0.06,37,,,,,,,,,,,,,,,,,,,,,,,,,,,,,,,,,,,,,,,,,,,,,,,,
province_group,,,,,CITYBIKE_P,Xe phổ thông,Miền Bắc,2212963,1,1,1,,,,,,Chí Linh,100.0,0.0,0.0,61,,,,,,,,,,,,,,,,,,,,,,,,,,,,,,,,,,,,,,,,,,,,,,,,
province_group,,,,,CITYBIKE_P,Xe phổ thông,Miền Bắc,23040000,19,1,1,,,,,,Cường Tráng - An Thịnh - Lương Tài - Bắc Ninh,59.32,0.05,0.03,48,,,,,,,,,,,,,,,,,,,,,,,,,,,,,,,,,,,,,,,,,,,,,,,,
province_group,,,,,KIDBIKE_1,Xe trẻ em nhóm 1,Miền Bắc,10200000,9,1,1,,,,,,Cường Tráng - An Thịnh - Lương Tài - Bắc Ninh,26.26,0.02,0.01,48,,,,,,,,,,,,,,,,,,,,,,,,,,,,,,,,,,,,,,,,,,,,,,,,
province_group,,,,,SPORTBIKE_A,Xe thể thao nhôm,Miền Bắc,4300000,2,1,1,,,,,,Cường Tráng - An Thịnh - Lương Tài - Bắc Ninh,11.07,0.01,0.01,48,,,,,,,,,,,,,,,,,,,,,,,,,,,,,,,,,,,,,,,,,,,,,,,,
province_group,,,,,SPORTBIKE_S,Xe thể thao thép,Miền Bắc,1300000,1,1,1,,,,,,Cường Tráng - An Thịnh - Lương Tài - Bắc Ninh,3.35,0.0,0.0,48,,,,,,,,,,,,,,,,,,,,,,,,,,,,,,,,,,,,,,,,,,,,,,,,
province_group,,,,,CITYBIKE_P,Xe phổ thông,Miền Bắc,1180000,1,1,1,,,,,,Hoà Bình,4.77,0.0,0.0,52,,,,,,,,,,,,,,,,,,,,,,,,,,,,,,,,,,,,,,,,,,,,,,,,
province_group,,,,,KIDBIKE_1,Xe trẻ em nhóm 1,Miền Bắc,8700000,8,2,1,,,,,,Hoà Bình,35.16,0.02,0.01,52,,,,,,,,,,,,,,,,,,,,,,,,,,,,,,,,,,,,,,,,,,,,,,,,
province_group,,,,,KIDBIKE_2,Xe trẻ em nhóm 2,Miền Bắc,2500000,5,2,1,,,,,,Hoà Bình,10.1,0.01,0.0,52,,,,,,,,,,,,,,,,,,,,,,,,,,,,,,,,,,,,,,,,,,,,,,,,
province_group,,,,,SPORTBIKE_A,Xe thể thao nhôm,Miền Bắc,8600000,4,2,1,,,,,,Hoà Bình,34.76,0.02,0.01,52,,,,,,,,,,,,,,,,,,,,,,,,,,,,,,,,,,,,,,,,,,,,,,,,
province_group,,,,,SPORTBIKE_S,Xe thể thao thép,Miền Bắc,1300000,1,1,1,,,,,,Hoà Bình,5.25,0.0,0.0,52,,,,,,,,,,,,,,,,,,,,,,,,,,,,,,,,,,,,,,,,,,,,,,,,
province_group,,,,,,,Miền Bắc,2462962,2,1,1,,,,,,Hoà Bình,9.95,0.0,0.0,52,,,,,,,,,,,,,,,,,,,,,,,,,,,,,,,,,,,,,,,,,,,,,,,,
province_group,,,,,CITYBIKE_P,Xe phổ thông,Miền Bắc,62520000,53,3,3,,,,,,Hà Giang,54.16,0.13,0.09,30,,,,,,,,,,,,,,,,,,,,,,,,,,,,,,,,,,,,,,,,,,,,,,,,
province_group,,,,,KIDBIKE_1,Xe trẻ em nhóm 1,Miền Bắc,36810000,33,3,3,,,,,,Hà Giang,31.89,0.07,0.05,30,,,,,,,,,,,,,,,,,,,,,,,,,,,,,,,,,,,,,,,,,,,,,,,,
province_group,,,,,KIDBIKE_2,Xe trẻ em nhóm 2,Miền Bắc,3000000,6,1,1,,,,,,Hà Giang,2.6,0.01,0.0,30,,,,,,,,,,,,,,,,,,,,,,,,,,,,,,,,,,,,,,,,,,,,,,,,
province_group,,,,,SPORTBIKE_A,Xe thể thao nhôm,Miền Bắc,4300000,2,1,1,,,,,,Hà Giang,3.73,0.01,0.01,30,,,,,,,,,,,,,,,,,,,,,,,,,,,,,,,,,,,,,,,,,,,,,,,,
province_group,,,,,SPORTBIKE_S,Xe thể thao thép,Miền Bắc,8800000,7,2,2,,,,,,Hà Giang,7.62,0.02,0.01,30,,,,,,,,,,,,,,,,,,,,,,,,,,,,,,,,,,,,,,,,,,,,,,,,
province_group,,,,,CITYBIKE_P,Xe phổ thông,Miền Bắc,595772171,456,18,13,,,,,,Hà Nam,77.86,1.21,0.87,13,,,,,,,,,,,,,,,,,,,,,,,,,,,,,,,,,,,,,,,,,,,,,,,,
province_group,,,,,KIDBIKE_1,Xe trẻ em nhóm 1,Miền Bắc,60143142,52,9,8,,,,,,Hà Nam,7.86,0.12,0.09,13,,,,,,,,,,,,,,,,,,,,,,,,,,,,,,,,,,,,,,,,,,,,,,,,
province_group,,,,,KIDBIKE_2,Xe trẻ em nhóm 2,Miền Bắc,8702591,15,5,4,,,,,,Hà Nam,1.14,0.02,0.01,13,,,,,,,,,,,,,,,,,,,,,,,,,,,,,,,,,,,,,,,,,,,,,,,,
province_group,,,,,SPORTBIKE_A,Xe thể thao nhôm,Miền Bắc,27502860,11,6,4,,,,,,Hà Nam,3.59,0.06,0.04,13,,,,,,,,,,,,,,,,,,,,,,,,,,,,,,,,,,,,,,,,,,,,,,,,
province_group,,,,,SPORTBIKE_S,Xe thể thao thép,Miền Bắc,11560000,7,3,3,,,,,,Hà Nam,1.51,0.02,0.02,13,,,,,,,,,,,,,,,,,,,,,,,,,,,,,,,,,,,,,,,,,,,,,,,,
province_group,,,,,,,Miền Bắc,61489801,35,3,1,,,,,,Hà Nam,8.04,0.12,0.09,13,,,,,,,,,,,,,,,,,,,,,,,,,,,,,,,,,,,,,,,,,,,,,,,,
province_group,,,,,CITYBIKE_P,Xe phổ thông,Miền Bắc,24640000,21,1,1,,,,,,Hà Nộ,71.65,0.05,0.04,49,,,,,,,,,,,,,,,,,,,,,,,,,,,,,,,,,,,,,,,,,,,,,,,,
province_group,,,,,KIDBIKE_1,Xe trẻ em nhóm 1,Miền Bắc,9750000,9,1,1,,,,,,Hà Nộ,28.35,0.02,0.01,49,,,,,,,,,,,,,,,,,,,,,,,,,,,,,,,,,,,,,,,,,,,,,,,,
province_group,,,,,CITYBIKE_P,Xe phổ thông,Miền Bắc,11586608605,8246,503,193,,,,,,Hà Nội,49.39,23.52,16.88,1,,,,,,,,,,,,,,,,,,,,,,,,,,,,,,,,,,,,,,,,,,,,,,,,
province_group,,,,,KIDBIKE_1,Xe trẻ em nhóm 1,Miền Bắc,3226339422,2743,304,127,,,,,,Hà Nội,13.75,6.55,4.7,1,,,,,,,,,,,,,,,,,,,,,,,,,,,,,,,,,,,,,,,,,,,,,,,,
province_group,,,,,KIDBIKE_2,Xe trẻ em nhóm 2,Miền Bắc,967893581,1392,191,86,,,,,,Hà Nội,4.13,1.96,1.41,1,,,,,,,,,,,,,,,,,,,,,,,,,,,,,,,,,,,,,,,,,,,,,,,,
province_group,,,,,SPORTBIKE_A,Xe thể thao nhôm,Miền Bắc,1361326487,479,92,41,,,,,,Hà Nội,5.8,2.76,1.98,1,,,,,,,,,,,,,,,,,,,,,,,,,,,,,,,,,,,,,,,,,,,,,,,,
province_group,,,,,SPORTBIKE_S,Xe thể thao thép,Miền Bắc,1568373170,978,155,68,,,,,,Hà Nội,6.69,3.18,2.28,1,,,,,,,,,,,,,,,,,,,,,,,,,,,,,,,,,,,,,,,,,,,,,,,,
province_group,,,,,,,Miền Bắc,4747149898,2888,305,108,,,,,,Hà Nội,20.24,9.64,6.92,1,,,,,,,,,,,,,,,,,,,,,,,,,,,,,,,,,,,,,,,,,,,,,,,,
province_group,,,,,CITYBIKE_P,Xe phổ thông,Miền Trung,596491582,426,23,14,,,,,,Hà Tĩnh,62.82,5.77,0.87,4,,,,,,,,,,,,,,,,,,,,,,,,,,,,,,,,,,,,,,,,,,,,,,,,
province_group,,,,,KIDBIKE_1,Xe trẻ em nhóm 1,Miền Trung,127106915,104,16,12,,,,,,Hà Tĩnh,13.39,1.23,0.19,4,,,,,,,,,,,,,,,,,,,,,,,,,,,,,,,,,,,,,,,,,,,,,,,,
province_group,,,,,KIDBIKE_2,Xe trẻ em nhóm 2,Miền Trung,17906102,26,4,4,,,,,,Hà Tĩnh,1.89,0.17,0.03,4,,,,,,,,,,,,,,,,,,,,,,,,,,,,,,,,,,,,,,,,,,,,,,,,
province_group,,,,,SPORTBIKE_A,Xe thể thao nhôm,Miền Trung,5064259,2,2,2,,,,,,Hà Tĩnh,0.53,0.05,0.01,4,,,,,,,,,,,,,,,,,,,,,,,,,,,,,,,,,,,,,,,,,,,,,,,,
province_group,,,,,SPORTBIKE_S,Xe thể thao thép,Miền Trung,61036000,31,4,3,,,,,,Hà Tĩnh,6.43,0.59,0.09,4,,,,,,,,,,,,,,,,,,,,,,,,,,,,,,,,,,,,,,,,,,,,,,,,
province_group,,,,,,,Miền Trung,141991640,70,12,8,,,,,,Hà Tĩnh,14.95,1.37,0.21,4,,,,,,,,,,,,,,,,,,,,,,,,,,,,,,,,,,,,,,,,,,,,,,,,
province_group,,,,,CITYBIKE_P,Xe phổ thông,Miền Bắc,87421103,65,6,4,,,,,,Hòa Bình,54.95,0.18,0.13,24,,,,,,,,,,,,,,,,,,,,,,,,,,,,,,,,,,,,,,,,,,,,,,,,
province_group,,,,,KIDBIKE_1,Xe trẻ em nhóm 1,Miền Bắc,23641200,20,3,2,,,,,,Hòa Bình,14.86,0.05,0.03,24,,,,,,,,,,,,,,,,,,,,,,,,,,,,,,,,,,,,,,,,,,,,,,,,
province_group,,,,,KIDBIKE_2,Xe trẻ em nhóm 2,Miền Bắc,4396666,8,3,1,,,,,,Hòa Bình,2.76,0.01,0.01,24,,,,,,,,,,,,,,,,,,,,,,,,,,,,,,,,,,,,,,,,,,,,,,,,
province_group,,,,,SPORTBIKE_A,Xe thể thao nhôm,Miền Bắc,6964259,3,2,2,,,,,,Hòa Bình,4.38,0.01,0.01,24,,,,,,,,,,,,,,,,,,,,,,,,,,,,,,,,,,,,,,,,,,,,,,,,
province_group,,,,,SPORTBIKE_S,Xe thể thao thép,Miền Bắc,2400000,2,1,1,,,,,,Hòa Bình,1.51,0.0,0.0,24,,,,,,,,,,,,,,,,,,,,,,,,,,,,,,,,,,,,,,,,,,,,,,,,
province_group,,,,,,,Miền Bắc,34260365,13,2,2,,,,,,Hòa Bình,21.54,0.07,0.05,24,,,,,,,,,,,,,,,,,,,,,,,,,,,,,,,,,,,,,,,,,,,,,,,,
province_group,,,,,CITYBIKE_P,Xe phổ thông,Miền Bắc,1722325872,1204,70,43,,,,,,Hưng Yên,64.84,3.5,2.51,4,,,,,,,,,,,,,,,,,,,,,,,,,,,,,,,,,,,,,,,,,,,,,,,,
province_group,,,,,KIDBIKE_1,Xe trẻ em nhóm 1,Miền Bắc,379170030,315,44,30,,,,,,Hưng Yên,14.28,0.77,0.55,4,,,,,,,,,,,,,,,,,,,,,,,,,,,,,,,,,,,,,,,,,,,,,,,,
province_group,,,,,KIDBIKE_2,Xe trẻ em nhóm 2,Miền Bắc,83769953,114,19,12,,,,,,Hưng Yên,3.15,0.17,0.12,4,,,,,,,,,,,,,,,,,,,,,,,,,,,,,,,,,,,,,,,,,,,,,,,,
province_group,,,,,SPORTBIKE_A,Xe thể thao nhôm,Miền Bắc,37476126,14,6,4,,,,,,Hưng Yên,1.41,0.08,0.05,4,,,,,,,,,,,,,,,,,,,,,,,,,,,,,,,,,,,,,,,,,,,,,,,,
province_group,,,,,SPORTBIKE_S,Xe thể thao thép,Miền Bắc,61378424,38,9,7,,,,,,Hưng Yên,2.31,0.12,0.09,4,,,,,,,,,,,,,,,,,,,,,,,,,,,,,,,,,,,,,,,,,,,,,,,,
province_group,,,,,,,Miền Bắc,371996407,204,34,23,,,,,,Hưng Yên,14.01,0.76,0.54,4,,,,,,,,,,,,,,,,,,,,,,,,,,,,,,,,,,,,,,,,,,,,,,,,
province_group,,,,,CITYBIKE_P,Xe phổ thông,Miền Bắc,30340000,26,2,1,,,,,,Hưng yên,62.57,0.06,0.04,44,,,,,,,,,,,,,,,,,,,,,,,,,,,,,,,,,,,,,,,,,,,,,,,,
province_group,,,,,KIDBIKE_1,Xe trẻ em nhóm 1,Miền Bắc,18150000,16,2,1,,,,,,Hưng yên,37.43,0.04,0.03,44,,,,,,,,,,,,,,,,,,,,,,,,,,,,,,,,,,,,,,,,,,,,,,,,
province_group,,,,,CITYBIKE_P,Xe phổ thông,Miền Bắc,93856468,67,2,2,,,,,,Hạ Long,79.07,0.19,0.14,28,,,,,,,,,,,,,,,,,,,,,,,,,,,,,,,,,,,,,,,,,,,,,,,,
province_group,,,,,KIDBIKE_1,Xe trẻ em nhóm 1,Miền Bắc,14100000,13,1,1,,,,,,Hạ Long,11.88,0.03,0.02,28,,,,,,,,,,,,,,,,,,,,,,,,,,,,,,,,,,,,,,,,,,,,,,,,
province_group,,,,,KIDBIKE_2,Xe trẻ em nhóm 2,Miền Bắc,5500000,11,1,1,,,,,,Hạ Long,4.63,0.01,0.01,28,,,,,,,,,,,,,,,,,,,,,,,,,,,,,,,,,,,,,,,,,,,,,,,,
province_group,,,,,SPORTBIKE_S,Xe thể thao thép,Miền Bắc,5240000,4,1,1,,,,,,Hạ Long,4.41,0.01,0.01,28,,,,,,,,,,,,,,,,,,,,,,,,,,,,,,,,,,,,,,,,,,,,,,,,
province_group,,,,,CITYBIKE_P,Xe phổ thông,Miền Bắc,68710000,58,4,1,,,,,,Hải Dươn,83.0,0.14,0.1,34,,,,,,,,,,,,,,,,,,,,,,,,,,,,,,,,,,,,,,,,,,,,,,,,
province_group,,,,,KIDBIKE_1,Xe trẻ em nhóm 1,Miền Bắc,8100000,7,2,1,,,,,,Hải Dươn,9.78,0.02,0.01,34,,,,,,,,,,,,,,,,,,,,,,,,,,,,,,,,,,,,,,,,,,,,,,,,
province_group,,,,,SPORTBIKE_A,Xe thể thao nhôm,Miền Bắc,3222643,1,1,1,,,,,,Hải Dươn,3.89,0.01,0.0,34,,,,,,,,,,,,,,,,,,,,,,,,,,,,,,,,,,,,,,,,,,,,,,,,
province_group,,,,,SPORTBIKE_S,Xe thể thao thép,Miền Bắc,2750000,2,2,1,,,,,,Hải Dươn,3.32,0.01,0.0,34,,,,,,,,,,,,,,,,,,,,,,,,,,,,,,,,,,,,,,,,,,,,,,,,
province_group,,,,,CITYBIKE_P,Xe phổ thông,Miền Bắc,503658484,362,21,12,,,,,,Hải Dương,62.33,1.02,0.73,12,,,,,,,,,,,,,,,,,,,,,,,,,,,,,,,,,,,,,,,,,,,,,,,,
province_group,,,,,KIDBIKE_1,Xe trẻ em nhóm 1,Miền Bắc,67343699,61,12,8,,,,,,Hải Dương,8.33,0.14,0.1,12,,,,,,,,,,,,,,,,,,,,,,,,,,,,,,,,,,,,,,,,,,,,,,,,
province_group,,,,,KIDBIKE_2,Xe trẻ em nhóm 2,Miền Bắc,21569440,39,8,6,,,,,,Hải Dương,2.67,0.04,0.03,12,,,,,,,,,,,,,,,,,,,,,,,,,,,,,,,,,,,,,,,,,,,,,,,,
province_group,,,,,SPORTBIKE_A,Xe thể thao nhôm,Miền Bắc,59748146,25,5,4,,,,,,Hải Dương,7.39,0.12,0.09,12,,,,,,,,,,,,,,,,,,,,,,,,,,,,,,,,,,,,,,,,,,,,,,,,
province_group,,,,,SPORTBIKE_S,Xe thể thao thép,Miền Bắc,34165500,24,7,6,,,,,,Hải Dương,4.23,0.07,0.05,12,,,,,,,,,,,,,,,,,,,,,,,,,,,,,,,,,,,,,,,,,,,,,,,,
province_group,,,,,,,Miền Bắc,121567398,65,5,3,,,,,,Hải Dương,15.04,0.25,0.18,12,,,,,,,,,,,,,,,,,,,,,,,,,,,,,,,,,,,,,,,,,,,,,,,,
province_group,,,,,CITYBIKE_P,Xe phổ thông,Miền Bắc,491857162,358,16,13,,,,,,Hải Phòng,67.94,1.0,0.72,14,,,,,,,,,,,,,,,,,,,,,,,,,,,,,,,,,,,,,,,,,,,,,,,,
province_group,,,,,KIDBIKE_1,Xe trẻ em nhóm 1,Miền Bắc,49838602,41,10,9,,,,,,Hải Phòng,6.88,0.1,0.07,14,,,,,,,,,,,,,,,,,,,,,,,,,,,,,,,,,,,,,,,,,,,,,,,,
province_group,,,,,KIDBIKE_2,Xe trẻ em nhóm 2,Miền Bắc,38176655,64,5,5,,,,,,Hải Phòng,5.27,0.08,0.06,14,,,,,,,,,,,,,,,,,,,,,,,,,,,,,,,,,,,,,,,,,,,,,,,,
province_group,,,,,SPORTBIKE_S,Xe thể thao thép,Miền Bắc,13935552,6,2,1,,,,,,Hải Phòng,1.92,0.03,0.02,14,,,,,,,,,,,,,,,,,,,,,,,,,,,,,,,,,,,,,,,,,,,,,,,,
province_group,,,,,,,Miền Bắc,130157289,66,9,7,,,,,,Hải Phòng,17.98,0.26,0.19,14,,,,,,,,,,,,,,,,,,,,,,,,,,,,,,,,,,,,,,,,,,,,,,,,
province_group,,,,,CITYBIKE_P,Xe phổ thông,Miền Bắc,40550000,26,2,2,,,,,,Hội An,76.0,0.08,0.06,42,,,,,,,,,,,,,,,,,,,,,,,,,,,,,,,,,,,,,,,,,,,,,,,,
province_group,,,,,SPORTBIKE_A,Xe thể thao nhôm,Miền Bắc,12807000,5,1,1,,,,,,Hội An,24.0,0.03,0.02,42,,,,,,,,,,,,,,,,,,,,,,,,,,,,,,,,,,,,,,,,,,,,,,,,
province_group,,,,,CITYBIKE_P,Xe phổ thông,Miền Bắc,50880000,42,2,1,,,,,,Khu 2- thị trấn Kim Tân- Thạch Thành - Thanh Hóa,82.81,0.1,0.07,39,,,,,,,,,,,,,,,,,,,,,,,,,,,,,,,,,,,,,,,,,,,,,,,,
province_group,,,,,KIDBIKE_1,Xe trẻ em nhóm 1,Miền Bắc,7830000,7,1,1,,,,,,Khu 2- thị trấn Kim Tân- Thạch Thành - Thanh Hóa,12.74,0.02,0.01,39,,,,,,,,,,,,,,,,,,,,,,,,,,,,,,,,,,,,,,,,,,,,,,,,
province_group,,,,,KIDBIKE_2,Xe trẻ em nhóm 2,Miền Bắc,1500000,3,1,1,,,,,,Khu 2- thị trấn Kim Tân- Thạch Thành - Thanh Hóa,2.44,0.0,0.0,39,,,,,,,,,,,,,,,,,,,,,,,,,,,,,,,,,,,,,,,,,,,,,,,,
province_group,,,,,,,Miền Bắc,1231481,1,1,1,,,,,,Khu 2- thị trấn Kim Tân- Thạch Thành - Thanh Hóa,2.0,0.0,0.0,39,,,,,,,,,,,,,,,,,,,,,,,,,,,,,,,,,,,,,,,,,,,,,,,,
province_group,,,,,CITYBIKE_P,Xe phổ thông,Miền Bắc,283620000,239,6,1,,,,,,Khu 6 – TT Gia Lộc – Huyện Gia Lộc – Hải Dương,78.12,0.58,0.41,18,,,,,,,,,,,,,,,,,,,,,,,,,,,,,,,,,,,,,,,,,,,,,,,,
province_group,,,,,KIDBIKE_1,Xe trẻ em nhóm 1,Miền Bắc,21050000,20,3,1,,,,,,Khu 6 – TT Gia Lộc – Huyện Gia Lộc – Hải Dương,5.8,0.04,0.03,18,,,,,,,,,,,,,,,,,,,,,,,,,,,,,,,,,,,,,,,,,,,,,,,,
province_group,,,,,KIDBIKE_2,Xe trẻ em nhóm 2,Miền Bắc,1410000,3,1,1,,,,,,Khu 6 – TT Gia Lộc – Huyện Gia Lộc – Hải Dương,0.39,0.0,0.0,18,,,,,,,,,,,,,,,,,,,,,,,,,,,,,,,,,,,,,,,,,,,,,,,,
province_group,,,,,SPORTBIKE_A,Xe thể thao nhôm,Miền Bắc,38607000,17,2,1,,,,,,Khu 6 – TT Gia Lộc – Huyện Gia Lộc – Hải Dương,10.63,0.08,0.06,18,,,,,,,,,,,,,,,,,,,,,,,,,,,,,,,,,,,,,,,,,,,,,,,,
province_group,,,,,SPORTBIKE_S,Xe thể thao thép,Miền Bắc,18375500,11,3,1,,,,,,Khu 6 – TT Gia Lộc – Huyện Gia Lộc – Hải Dương,5.06,0.04,0.03,18,,,,,,,,,,,,,,,,,,,,,,,,,,,,,,,,,,,,,,,,,,,,,,,,
province_group,,,,,CITYBIKE_P,Xe phổ thông,Miền Bắc,14558886,9,4,2,,,,,,Lào Cai,11.72,0.03,0.02,26,,,,,,,,,,,,,,,,,,,,,,,,,,,,,,,,,,,,,,,,,,,,,,,,
province_group,,,,,KIDBIKE_1,Xe trẻ em nhóm 1,Miền Bắc,38604152,29,5,3,,,,,,Lào Cai,31.08,0.08,0.06,26,,,,,,,,,,,,,,,,,,,,,,,,,,,,,,,,,,,,,,,,,,,,,,,,
province_group,,,,,KIDBIKE_2,Xe trẻ em nhóm 2,Miền Bắc,21153870,23,3,1,,,,,,Lào Cai,17.03,0.04,0.03,26,,,,,,,,,,,,,,,,,,,,,,,,,,,,,,,,,,,,,,,,,,,,,,,,
province_group,,,,,,,Miền Bắc,49900449,31,5,3,,,,,,Lào Cai,40.17,0.1,0.07,26,,,,,,,,,,,,,,,,,,,,,,,,,,,,,,,,,,,,,,,,,,,,,,,,
province_group,,,,,CITYBIKE_P,Xe phổ thông,Miền Bắc,404761994,257,5,1,,,,,,Lê Hoàn - Thị trấn Thọ Xuân - Huyện Thọ Xuân - Thanh Hoá,66.74,0.82,0.59,16,,,,,,,,,,,,,,,,,,,,,,,,,,,,,,,,,,,,,,,,,,,,,,,,
province_group,,,,,KIDBIKE_1,Xe trẻ em nhóm 1,Miền Bắc,60007124,52,3,1,,,,,,Lê Hoàn - Thị trấn Thọ Xuân - Huyện Thọ Xuân - Thanh Hoá,9.89,0.12,0.09,16,,,,,,,,,,,,,,,,,,,,,,,,,,,,,,,,,,,,,,,,,,,,,,,,
province_group,,,,,KIDBIKE_2,Xe trẻ em nhóm 2,Miền Bắc,2361111,3,1,1,,,,,,Lê Hoàn - Thị trấn Thọ Xuân - Huyện Thọ Xuân - Thanh Hoá,0.39,0.0,0.0,16,,,,,,,,,,,,,,,,,,,,,,,,,,,,,,,,,,,,,,,,,,,,,,,,
province_group,,,,,SPORTBIKE_A,Xe thể thao nhôm,Miền Bắc,47088889,16,1,1,,,,,,Lê Hoàn - Thị trấn Thọ Xuân - Huyện Thọ Xuân - Thanh Hoá,7.76,0.1,0.07,16,,,,,,,,,,,,,,,,,,,,,,,,,,,,,,,,,,,,,,,,,,,,,,,,
province_group,,,,,SPORTBIKE_S,Xe thể thao thép,Miền Bắc,6356664,3,1,1,,,,,,Lê Hoàn - Thị trấn Thọ Xuân - Huyện Thọ Xuân - Thanh Hoá,1.05,0.01,0.01,16,,,,,,,,,,,,,,,,,,,,,,,,,,,,,,,,,,,,,,,,,,,,,,,,
province_group,,,,,,,Miền Bắc,85881096,48,4,1,,,,,,Lê Hoàn - Thị trấn Thọ Xuân - Huyện Thọ Xuân - Thanh Hoá,14.16,0.17,0.13,16,,,,,,,,,,,,,,,,,,,,,,,,,,,,,,,,,,,,,,,,,,,,,,,,
province_group,,,,,CITYBIKE_P,Xe phổ thông,Miền Bắc,66771111,55,3,2,,,,,,Lạng Sơn,54.77,0.14,0.1,27,,,,,,,,,,,,,,,,,,,,,,,,,,,,,,,,,,,,,,,,,,,,,,,,
province_group,,,,,KIDBIKE_1,Xe trẻ em nhóm 1,Miền Bắc,22500000,20,2,1,,,,,,Lạng Sơn,18.46,0.05,0.03,27,,,,,,,,,,,,,,,,,,,,,,,,,,,,,,,,,,,,,,,,,,,,,,,,
province_group,,,,,KIDBIKE_2,Xe trẻ em nhóm 2,Miền Bắc,7880000,16,1,1,,,,,,Lạng Sơn,6.46,0.02,0.01,27,,,,,,,,,,,,,,,,,,,,,,,,,,,,,,,,,,,,,,,,,,,,,,,,
province_group,,,,,SPORTBIKE_A,Xe thể thao nhôm,Miền Bắc,12900000,6,2,1,,,,,,Lạng Sơn,10.58,0.03,0.02,27,,,,,,,,,,,,,,,,,,,,,,,,,,,,,,,,,,,,,,,,,,,,,,,,
province_group,,,,,SPORTBIKE_S,Xe thể thao thép,Miền Bắc,11850000,9,1,1,,,,,,Lạng Sơn,9.72,0.02,0.02,27,,,,,,,,,,,,,,,,,,,,,,,,,,,,,,,,,,,,,,,,,,,,,,,,
province_group,,,,,CITYBIKE_P,Xe phổ thông,Miền Bắc,745014074,616,14,7,,,,,,Nam Định,80.43,1.51,1.09,10,,,,,,,,,,,,,,,,,,,,,,,,,,,,,,,,,,,,,,,,,,,,,,,,
province_group,,,,,KIDBIKE_1,Xe trẻ em nhóm 1,Miền Bắc,92550000,86,6,3,,,,,,Nam Định,9.99,0.19,0.13,10,,,,,,,,,,,,,,,,,,,,,,,,,,,,,,,,,,,,,,,,,,,,,,,,
province_group,,,,,KIDBIKE_2,Xe trẻ em nhóm 2,Miền Bắc,25140000,51,2,2,,,,,,Nam Định,2.71,0.05,0.04,10,,,,,,,,,,,,,,,,,,,,,,,,,,,,,,,,,,,,,,,,,,,,,,,,
province_group,,,,,SPORTBIKE_A,Xe thể thao nhôm,Miền Bắc,47483081,19,6,4,,,,,,Nam Định,5.13,0.1,0.07,10,,,,,,,,,,,,,,,,,,,,,,,,,,,,,,,,,,,,,,,,,,,,,,,,
province_group,,,,,SPORTBIKE_S,Xe thể thao thép,Miền Bắc,1200000,1,1,1,,,,,,Nam Định,0.13,0.0,0.0,10,,,,,,,,,,,,,,,,,,,,,,,,,,,,,,,,,,,,,,,,,,,,,,,,
province_group,,,,,,,Miền Bắc,14944444,6,1,1,,,,,,Nam Định,1.61,0.03,0.02,10,,,,,,,,,,,,,,,,,,,,,,,,,,,,,,,,,,,,,,,,,,,,,,,,
province_group,,,,,CITYBIKE_P,Xe phổ thông,Miền Bắc,75770000,63,1,1,,,,,,Nghệ A,54.75,0.15,0.11,25,,,,,,,,,,,,,,,,,,,,,,,,,,,,,,,,,,,,,,,,,,,,,,,,
province_group,,,,,KIDBIKE_1,Xe trẻ em nhóm 1,Miền Bắc,59400000,51,1,1,,,,,,Nghệ A,42.92,0.12,0.09,25,,,,,,,,,,,,,,,,,,,,,,,,,,,,,,,,,,,,,,,,,,,,,,,,
province_group,,,,,SPORTBIKE_A,Xe thể thao nhôm,Miền Bắc,3222643,1,1,1,,,,,,Nghệ A,2.33,0.01,0.0,25,,,,,,,,,,,,,,,,,,,,,,,,,,,,,,,,,,,,,,,,,,,,,,,,
province_group,,,,,CITYBIKE_P,Xe phổ thông,Miền Trung,1988549789,1447,44,17,,,,,,Nghệ An,71.61,19.25,2.9,2,,,,,,,,,,,,,,,,,,,,,,,,,,,,,,,,,,,,,,,,,,,,,,,,
province_group,,,,,KIDBIKE_1,Xe trẻ em nhóm 1,Miền Trung,223661262,193,24,13,,,,,,Nghệ An,8.05,2.16,0.33,2,,,,,,,,,,,,,,,,,,,,,,,,,,,,,,,,,,,,,,,,,,,,,,,,
province_group,,,,,KIDBIKE_2,Xe trẻ em nhóm 2,Miền Trung,82752154,97,9,6,,,,,,Nghệ An,2.98,0.8,0.12,2,,,,,,,,,,,,,,,,,,,,,,,,,,,,,,,,,,,,,,,,,,,,,,,,
province_group,,,,,SPORTBIKE_A,Xe thể thao nhôm,Miền Trung,73352351,28,8,5,,,,,,Nghệ An,2.64,0.71,0.11,2,,,,,,,,,,,,,,,,,,,,,,,,,,,,,,,,,,,,,,,,,,,,,,,,
province_group,,,,,SPORTBIKE_S,Xe thể thao thép,Miền Trung,57647762,29,7,6,,,,,,Nghệ An,2.08,0.56,0.08,2,,,,,,,,,,,,,,,,,,,,,,,,,,,,,,,,,,,,,,,,,,,,,,,,
province_group,,,,,,,Miền Trung,351039486,186,23,13,,,,,,Nghệ An,12.64,3.4,0.51,2,,,,,,,,,,,,,,,,,,,,,,,,,,,,,,,,,,,,,,,,,,,,,,,,
province_group,,,,,CITYBIKE_P,Xe phổ thông,Miền Bắc,2542888430,1679,58,18,,,,,,Ninh Bình,72.22,5.16,3.7,2,,,,,,,,,,,,,,,,,,,,,,,,,,,,,,,,,,,,,,,,,,,,,,,,
province_group,,,,,KIDBIKE_1,Xe trẻ em nhóm 1,Miền Bắc,247920874,210,28,12,,,,,,Ninh Bình,7.04,0.5,0.36,2,,,,,,,,,,,,,,,,,,,,,,,,,,,,,,,,,,,,,,,,,,,,,,,,
province_group,,,,,KIDBIKE_2,Xe trẻ em nhóm 2,Miền Bắc,34364419,41,10,8,,,,,,Ninh Bình,0.98,0.07,0.05,2,,,,,,,,,,,,,,,,,,,,,,,,,,,,,,,,,,,,,,,,,,,,,,,,
province_group,,,,,SPORTBIKE_A,Xe thể thao nhôm,Miền Bắc,22392777,9,2,2,,,,,,Ninh Bình,0.64,0.05,0.03,2,,,,,,,,,,,,,,,,,,,,,,,,,,,,,,,,,,,,,,,,,,,,,,,,
province_group,,,,,SPORTBIKE_S,Xe thể thao thép,Miền Bắc,27415000,20,5,5,,,,,,Ninh Bình,0.78,0.06,0.04,2,,,,,,,,,,,,,,,,,,,,,,,,,,,,,,,,,,,,,,,,,,,,,,,,
province_group,,,,,,,Miền Bắc,646160603,354,39,14,,,,,,Ninh Bình,18.35,1.31,0.94,2,,,,,,,,,,,,,,,,,,,,,,,,,,,,,,,,,,,,,,,,,,,,,,,,
province_group,,,,,,,Miền Bắc,4055556,2,1,1,,,,,,Phan Thiết,100.0,0.01,0.01,59,,,,,,,,,,,,,,,,,,,,,,,,,,,,,,,,,,,,,,,,,,,,,,,,
province_group,,,,,CITYBIKE_P,Xe phổ thông,Miền Bắc,61250010,30,1,1,,,,,,Phú Quốc,28.49,0.12,0.09,22,,,,,,,,,,,,,,,,,,,,,,,,,,,,,,,,,,,,,,,,,,,,,,,,
province_group,,,,,KIDBIKE_1,Xe trẻ em nhóm 1,Miền Bắc,48148140,20,1,1,,,,,,Phú Quốc,22.4,0.1,0.07,22,,,,,,,,,,,,,,,,,,,,,,,,,,,,,,,,,,,,,,,,,,,,,,,,
province_group,,,,,KIDBIKE_2,Xe trẻ em nhóm 2,Miền Bắc,20833335,15,1,1,,,,,,Phú Quốc,9.69,0.04,0.03,22,,,,,,,,,,,,,,,,,,,,,,,,,,,,,,,,,,,,,,,,,,,,,,,,
province_group,,,,,SPORTBIKE_S,Xe thể thao thép,Miền Bắc,84722220,25,1,1,,,,,,Phú Quốc,39.41,0.17,0.12,22,,,,,,,,,,,,,,,,,,,,,,,,,,,,,,,,,,,,,,,,,,,,,,,,
province_group,,,,,CITYBIKE_P,Xe phổ thông,Miền Bắc,525681045,376,33,25,,,,,,Phú Thọ,42.18,1.07,0.77,7,,,,,,,,,,,,,,,,,,,,,,,,,,,,,,,,,,,,,,,,,,,,,,,,
province_group,,,,,KIDBIKE_1,Xe trẻ em nhóm 1,Miền Bắc,136768491,112,24,21,,,,,,Phú Thọ,10.97,0.28,0.2,7,,,,,,,,,,,,,,,,,,,,,,,,,,,,,,,,,,,,,,,,,,,,,,,,
province_group,,,,,KIDBIKE_2,Xe trẻ em nhóm 2,Miền Bắc,23606096,32,6,5,,,,,,Phú Thọ,1.89,0.05,0.03,7,,,,,,,,,,,,,,,,,,,,,,,,,,,,,,,,,,,,,,,,,,,,,,,,
province_group,,,,,SPORTBIKE_A,Xe thể thao nhôm,Miền Bắc,36501143,16,4,3,,,,,,Phú Thọ,2.93,0.07,0.05,7,,,,,,,,,,,,,,,,,,,,,,,,,,,,,,,,,,,,,,,,,,,,,,,,
province_group,,,,,SPORTBIKE_S,Xe thể thao thép,Miền Bắc,79712380,45,11,10,,,,,,Phú Thọ,6.4,0.16,0.12,7,,,,,,,,,,,,,,,,,,,,,,,,,,,,,,,,,,,,,,,,,,,,,,,,
province_group,,,,,,,Miền Bắc,444025847,211,27,21,,,,,,Phú Thọ,35.63,0.9,0.65,7,,,,,,,,,,,,,,,,,,,,,,,,,,,,,,,,,,,,,,,,,,,,,,,,
province_group,,,,,CITYBIKE_P,Xe phổ thông,Miền Bắc,15600000,12,1,1,,,,,,Phố Kiểu - Yên Trường - Yên Định - Thanh Hoá,69.18,0.03,0.02,56,,,,,,,,,,,,,,,,,,,,,,,,,,,,,,,,,,,,,,,,,,,,,,,,
province_group,,,,,KIDBIKE_2,Xe trẻ em nhóm 2,Miền Bắc,500000,1,1,1,,,,,,Phố Kiểu - Yên Trường - Yên Định - Thanh Hoá,2.22,0.0,0.0,56,,,,,,,,,,,,,,,,,,,,,,,,,,,,,,,,,,,,,,,,,,,,,,,,
province_group,,,,,SPORTBIKE_A,Xe thể thao nhôm,Miền Bắc,6450000,3,1,1,,,,,,Phố Kiểu - Yên Trường - Yên Định - Thanh Hoá,28.6,0.01,0.01,56,,,,,,,,,,,,,,,,,,,,,,,,,,,,,,,,,,,,,,,,,,,,,,,,
province_group,,,,,CITYBIKE_P,Xe phổ thông,Miền Bắc,67874427,43,3,1,,,,,,Phủ Lý,67.76,0.14,0.1,32,,,,,,,,,,,,,,,,,,,,,,,,,,,,,,,,,,,,,,,,,,,,,,,,
province_group,,,,,,,Miền Bắc,32297771,18,3,1,,,,,,Phủ Lý,32.24,0.07,0.05,32,,,,,,,,,,,,,,,,,,,,,,,,,,,,,,,,,,,,,,,,,,,,,,,,
province_group,,,,,CITYBIKE_P,Xe phổ thông,Miền Trung,567748037,353,8,1,,,,,,Quảng Nam,78.3,5.49,0.83,5,,,,,,,,,,,,,,,,,,,,,,,,,,,,,,,,,,,,,,,,,,,,,,,,
province_group,,,,,KIDBIKE_1,Xe trẻ em nhóm 1,Miền Trung,15893328,12,1,1,,,,,,Quảng Nam,2.19,0.15,0.02,5,,,,,,,,,,,,,,,,,,,,,,,,,,,,,,,,,,,,,,,,,,,,,,,,
province_group,,,,,SPORTBIKE_A,Xe thể thao nhôm,Miền Trung,28745833,7,2,2,,,,,,Quảng Nam,3.96,0.28,0.04,5,,,,,,,,,,,,,,,,,,,,,,,,,,,,,,,,,,,,,,,,,,,,,,,,
province_group,,,,,,,Miền Trung,112669976,62,5,1,,,,,,Quảng Nam,15.54,1.09,0.16,5,,,,,,,,,,,,,,,,,,,,,,,,,,,,,,,,,,,,,,,,,,,,,,,,
province_group,,,,,CITYBIKE_P,Xe phổ thông,Miền Trung,48219437,32,4,3,,,,,,Quảng Ngãi,58.73,0.47,0.07,9,,,,,,,,,,,,,,,,,,,,,,,,,,,,,,,,,,,,,,,,,,,,,,,,
province_group,,,,,KIDBIKE_1,Xe trẻ em nhóm 1,Miền Trung,16933332,15,2,2,,,,,,Quảng Ngãi,20.62,0.16,0.02,9,,,,,,,,,,,,,,,,,,,,,,,,,,,,,,,,,,,,,,,,,,,,,,,,
province_group,,,,,KIDBIKE_2,Xe trẻ em nhóm 2,Miền Trung,3440000,7,1,1,,,,,,Quảng Ngãi,4.19,0.03,0.01,9,,,,,,,,,,,,,,,,,,,,,,,,,,,,,,,,,,,,,,,,,,,,,,,,
province_group,,,,,SPORTBIKE_A,Xe thể thao nhôm,Miền Trung,8600000,4,1,1,,,,,,Quảng Ngãi,10.47,0.08,0.01,9,,,,,,,,,,,,,,,,,,,,,,,,,,,,,,,,,,,,,,,,,,,,,,,,
province_group,,,,,,,Miền Trung,4908333,3,1,1,,,,,,Quảng Ngãi,5.98,0.05,0.01,9,,,,,,,,,,,,,,,,,,,,,,,,,,,,,,,,,,,,,,,,,,,,,,,,
province_group,,,,,CITYBIKE_P,Xe phổ thông,Miền Bắc,478501581,328,19,17,,,,,,Quảng Ninh,47.41,0.97,0.7,9,,,,,,,,,,,,,,,,,,,,,,,,,,,,,,,,,,,,,,,,,,,,,,,,
province_group,,,,,KIDBIKE_1,Xe trẻ em nhóm 1,Miền Bắc,87811545,67,11,9,,,,,,Quảng Ninh,8.7,0.18,0.13,9,,,,,,,,,,,,,,,,,,,,,,,,,,,,,,,,,,,,,,,,,,,,,,,,
province_group,,,,,KIDBIKE_2,Xe trẻ em nhóm 2,Miền Bắc,27388126,30,5,4,,,,,,Quảng Ninh,2.71,0.06,0.04,9,,,,,,,,,,,,,,,,,,,,,,,,,,,,,,,,,,,,,,,,,,,,,,,,
province_group,,,,,SPORTBIKE_A,Xe thể thao nhôm,Miền Bắc,25357574,11,3,3,,,,,,Quảng Ninh,2.51,0.05,0.04,9,,,,,,,,,,,,,,,,,,,,,,,,,,,,,,,,,,,,,,,,,,,,,,,,
province_group,,,,,SPORTBIKE_S,Xe thể thao thép,Miền Bắc,40722768,23,8,8,,,,,,Quảng Ninh,4.03,0.08,0.06,9,,,,,,,,,,,,,,,,,,,,,,,,,,,,,,,,,,,,,,,,,,,,,,,,
province_group,,,,,,,Miền Bắc,349600950,155,18,15,,,,,,Quảng Ninh,34.64,0.71,0.51,9,,,,,,,,,,,,,,,,,,,,,,,,,,,,,,,,,,,,,,,,,,,,,,,,
province_group,,,,,CITYBIKE_P,Xe phổ thông,Miền Bắc,8070000,7,1,1,,,,,,Quảng NinhSố,58.18,0.02,0.01,58,,,,,,,,,,,,,,,,,,,,,,,,,,,,,,,,,,,,,,,,,,,,,,,,
province_group,,,,,KIDBIKE_1,Xe trẻ em nhóm 1,Miền Bắc,4800000,4,1,1,,,,,,Quảng NinhSố,34.61,0.01,0.01,58,,,,,,,,,,,,,,,,,,,,,,,,,,,,,,,,,,,,,,,,,,,,,,,,
province_group,,,,,KIDBIKE_2,Xe trẻ em nhóm 2,Miền Bắc,1000000,2,1,1,,,,,,Quảng NinhSố,7.21,0.0,0.0,58,,,,,,,,,,,,,,,,,,,,,,,,,,,,,,,,,,,,,,,,,,,,,,,,
province_group,,,,,CITYBIKE_P,Xe phổ thông,Miền Trung,143843319,103,9,5,,,,,,Quảng Trị,45.91,1.39,0.21,8,,,,,,,,,,,,,,,,,,,,,,,,,,,,,,,,,,,,,,,,,,,,,,,,
province_group,,,,,KIDBIKE_1,Xe trẻ em nhóm 1,Miền Trung,15296664,13,3,2,,,,,,Quảng Trị,4.88,0.15,0.02,8,,,,,,,,,,,,,,,,,,,,,,,,,,,,,,,,,,,,,,,,,,,,,,,,
province_group,,,,,KIDBIKE_2,Xe trẻ em nhóm 2,Miền Trung,8034069,9,1,1,,,,,,Quảng Trị,2.56,0.08,0.01,8,,,,,,,,,,,,,,,,,,,,,,,,,,,,,,,,,,,,,,,,,,,,,,,,
province_group,,,,,SPORTBIKE_S,Xe thể thao thép,Miền Trung,2716111,1,1,1,,,,,,Quảng Trị,0.87,0.03,0.0,8,,,,,,,,,,,,,,,,,,,,,,,,,,,,,,,,,,,,,,,,,,,,,,,,
province_group,,,,,,,Miền Trung,143398308,80,7,6,,,,,,Quảng Trị,45.77,1.39,0.21,8,,,,,,,,,,,,,,,,,,,,,,,,,,,,,,,,,,,,,,,,,,,,,,,,
province_group,,,,,CITYBIKE_P,Xe phổ thông,Miền Bắc,2540000,2,1,1,,,,,,Sơn La,4.87,0.01,0.0,43,,,,,,,,,,,,,,,,,,,,,,,,,,,,,,,,,,,,,,,,,,,,,,,,
province_group,,,,,KIDBIKE_1,Xe trẻ em nhóm 1,Miền Bắc,45350000,41,2,2,,,,,,Sơn La,86.89,0.09,0.07,43,,,,,,,,,,,,,,,,,,,,,,,,,,,,,,,,,,,,,,,,,,,,,,,,
province_group,,,,,SPORTBIKE_A,Xe thể thao nhôm,Miền Bắc,4300000,2,1,1,,,,,,Sơn La,8.24,0.01,0.01,43,,,,,,,,,,,,,,,,,,,,,,,,,,,,,,,,,,,,,,,,,,,,,,,,
province_group,,,,,CITYBIKE_P,Xe phổ thông,Miền Bắc,42623881,26,2,1,,,,,,Sầm Sơn,36.41,0.09,0.06,29,,,,,,,,,,,,,,,,,,,,,,,,,,,,,,,,,,,,,,,,,,,,,,,,
province_group,,,,,KIDBIKE_1,Xe trẻ em nhóm 1,Miền Bắc,17557680,14,1,1,,,,,,Sầm Sơn,15.0,0.04,0.03,29,,,,,,,,,,,,,,,,,,,,,,,,,,,,,,,,,,,,,,,,,,,,,,,,
province_group,,,,,KIDBIKE_2,Xe trẻ em nhóm 2,Miền Bắc,12908877,14,1,1,,,,,,Sầm Sơn,11.03,0.03,0.02,29,,,,,,,,,,,,,,,,,,,,,,,,,,,,,,,,,,,,,,,,,,,,,,,,
province_group,,,,,,,Miền Bắc,43966100,26,3,1,,,,,,Sầm Sơn,37.56,0.09,0.06,29,,,,,,,,,,,,,,,,,,,,,,,,,,,,,,,,,,,,,,,,,,,,,,,,
province_group,,,,,CITYBIKE_P,Xe phổ thông,Miền Bắc,22709993,14,1,1,,,,,,TP Huế,49.89,0.05,0.03,45,,,,,,,,,,,,,,,,,,,,,,,,,,,,,,,,,,,,,,,,,,,,,,,,
province_group,,,,,KIDBIKE_1,Xe trẻ em nhóm 1,Miền Bắc,10385459,8,2,1,,,,,,TP Huế,22.81,0.02,0.02,45,,,,,,,,,,,,,,,,,,,,,,,,,,,,,,,,,,,,,,,,,,,,,,,,
province_group,,,,,KIDBIKE_2,Xe trẻ em nhóm 2,Miền Bắc,5663328,6,1,1,,,,,,TP Huế,12.44,0.01,0.01,45,,,,,,,,,,,,,,,,,,,,,,,,,,,,,,,,,,,,,,,,,,,,,,,,
province_group,,,,,,,Miền Bắc,6763885,5,2,1,,,,,,TP Huế,14.86,0.01,0.01,45,,,,,,,,,,,,,,,,,,,,,,,,,,,,,,,,,,,,,,,,,,,,,,,,
province_group,,,,,CITYBIKE_P,Xe phổ thông,Miền Bắc,16470000,14,1,1,,,,,,TP Hưng Yên,58.87,0.03,0.02,51,,,,,,,,,,,,,,,,,,,,,,,,,,,,,,,,,,,,,,,,,,,,,,,,
province_group,,,,,KIDBIKE_1,Xe trẻ em nhóm 1,Miền Bắc,4200000,4,1,1,,,,,,TP Hưng Yên,15.01,0.01,0.01,51,,,,,,,,,,,,,,,,,,,,,,,,,,,,,,,,,,,,,,,,,,,,,,,,
province_group,,,,,SPORTBIKE_A,Xe thể thao nhôm,Miền Bắc,2150000,1,1,1,,,,,,TP Hưng Yên,7.68,0.0,0.0,51,,,,,,,,,,,,,,,,,,,,,,,,,,,,,,,,,,,,,,,,,,,,,,,,
province_group,,,,,SPORTBIKE_S,Xe thể thao thép,Miền Bắc,5158500,3,1,1,,,,,,TP Hưng Yên,18.44,0.01,0.01,51,,,,,,,,,,,,,,,,,,,,,,,,,,,,,,,,,,,,,,,,,,,,,,,,
province_group,,,,,CITYBIKE_P,Xe phổ thông,Miền Bắc,24000000,20,1,1,,,,,,TP Hải Dương,100.0,0.05,0.03,53,,,,,,,,,,,,,,,,,,,,,,,,,,,,,,,,,,,,,,,,,,,,,,,,
province_group,,,,,CITYBIKE_P,Xe phổ thông,Miền Bắc,665420603,418,28,13,,,,,,TP Hải Phòng,61.72,1.35,0.97,8,,,,,,,,,,,,,,,,,,,,,,,,,,,,,,,,,,,,,,,,,,,,,,,,
province_group,,,,,KIDBIKE_1,Xe trẻ em nhóm 1,Miền Bắc,92176449,73,17,10,,,,,,TP Hải Phòng,8.55,0.19,0.13,8,,,,,,,,,,,,,,,,,,,,,,,,,,,,,,,,,,,,,,,,,,,,,,,,
province_group,,,,,KIDBIKE_2,Xe trẻ em nhóm 2,Miền Bắc,33892751,41,8,6,,,,,,TP Hải Phòng,3.14,0.07,0.05,8,,,,,,,,,,,,,,,,,,,,,,,,,,,,,,,,,,,,,,,,,,,,,,,,
province_group,,,,,SPORTBIKE_A,Xe thể thao nhôm,Miền Bắc,7522643,3,1,1,,,,,,TP Hải Phòng,0.7,0.02,0.01,8,,,,,,,,,,,,,,,,,,,,,,,,,,,,,,,,,,,,,,,,,,,,,,,,
province_group,,,,,SPORTBIKE_S,Xe thể thao thép,Miền Bắc,23224440,11,4,4,,,,,,TP Hải Phòng,2.15,0.05,0.03,8,,,,,,,,,,,,,,,,,,,,,,,,,,,,,,,,,,,,,,,,,,,,,,,,
province_group,,,,,,,Miền Bắc,255971174,143,19,11,,,,,,TP Hải Phòng,23.74,0.52,0.37,8,,,,,,,,,,,,,,,,,,,,,,,,,,,,,,,,,,,,,,,,,,,,,,,,
province_group,,,,,CITYBIKE_P,Xe phổ thông,Miền Bắc,72961105,44,6,4,,,,,,TP Đà Nẵng,84.55,0.15,0.11,33,,,,,,,,,,,,,,,,,,,,,,,,,,,,,,,,,,,,,,,,,,,,,,,,
province_group,,,,,KIDBIKE_1,Xe trẻ em nhóm 1,Miền Bắc,6300000,6,2,1,,,,,,TP Đà Nẵng,7.3,0.01,0.01,33,,,,,,,,,,,,,,,,,,,,,,,,,,,,,,,,,,,,,,,,,,,,,,,,
province_group,,,,,SPORTBIKE_S,Xe thể thao thép,Miền Bắc,7031481,4,2,2,,,,,,TP Đà Nẵng,8.15,0.01,0.01,33,,,,,,,,,,,,,,,,,,,,,,,,,,,,,,,,,,,,,,,,,,,,,,,,
province_group,,,,,CITYBIKE_P,Xe phổ thông,Miền Nam,1406842982,724,92,3,,,,,,TP. Hồ Chí Minh,29.78,29.75,2.05,1,,,,,,,,,,,,,,,,,,,,,,,,,,,,,,,,,,,,,,,,,,,,,,,,
province_group,,,,,KIDBIKE_1,Xe trẻ em nhóm 1,Miền Nam,563939432,338,64,2,,,,,,TP. Hồ Chí Minh,11.94,11.92,0.82,1,,,,,,,,,,,,,,,,,,,,,,,,,,,,,,,,,,,,,,,,,,,,,,,,
province_group,,,,,KIDBIKE_2,Xe trẻ em nhóm 2,Miền Nam,691010865,618,74,2,,,,,,TP. Hồ Chí Minh,14.63,14.61,1.01,1,,,,,,,,,,,,,,,,,,,,,,,,,,,,,,,,,,,,,,,,,,,,,,,,
province_group,,,,,SPORTBIKE_A,Xe thể thao nhôm,Miền Nam,146428334,42,2,1,,,,,,TP. Hồ Chí Minh,3.1,3.1,0.21,1,,,,,,,,,,,,,,,,,,,,,,,,,,,,,,,,,,,,,,,,,,,,,,,,
province_group,,,,,SPORTBIKE_S,Xe thể thao thép,Miền Nam,434740469,169,32,2,,,,,,TP. Hồ Chí Minh,9.2,9.19,0.63,1,,,,,,,,,,,,,,,,,,,,,,,,,,,,,,,,,,,,,,,,,,,,,,,,
province_group,,,,,,,Miền Nam,1481709093,583,72,2,,,,,,TP. Hồ Chí Minh,31.36,31.33,2.16,1,,,,,,,,,,,,,,,,,,,,,,,,,,,,,,,,,,,,,,,,,,,,,,,,
province_group,,,,,CITYBIKE_P,Xe phổ thông,Miền Bắc,23350000,20,1,1,,,,,,TT Hương Sơn- Phú Bình- Thái Nguyên,100.0,0.05,0.03,54,,,,,,,,,,,,,,,,,,,,,,,,,,,,,,,,,,,,,,,,,,,,,,,,
province_group,,,,,CITYBIKE_P,Xe phổ thông,Miền Bắc,55725542,37,2,1,,,,,,Tam Kỳ,72.35,0.11,0.08,36,,,,,,,,,,,,,,,,,,,,,,,,,,,,,,,,,,,,,,,,,,,,,,,,
province_group,,,,,KIDBIKE_1,Xe trẻ em nhóm 1,Miền Bắc,21300000,19,1,1,,,,,,Tam Kỳ,27.65,0.04,0.03,36,,,,,,,,,,,,,,,,,,,,,,,,,,,,,,,,,,,,,,,,,,,,,,,,
province_group,,,,,CITYBIKE_P,Xe phổ thông,Miền Trung,916274571,707,36,18,,,,,,Thanh Hoá,72.51,8.87,1.33,3,,,,,,,,,,,,,,,,,,,,,,,,,,,,,,,,,,,,,,,,,,,,,,,,
province_group,,,,,KIDBIKE_1,Xe trẻ em nhóm 1,Miền Trung,110536197,95,15,9,,,,,,Thanh Hoá,8.75,1.07,0.16,3,,,,,,,,,,,,,,,,,,,,,,,,,,,,,,,,,,,,,,,,,,,,,,,,
province_group,,,,,KIDBIKE_2,Xe trẻ em nhóm 2,Miền Trung,51379421,76,10,6,,,,,,Thanh Hoá,4.07,0.5,0.07,3,,,,,,,,,,,,,,,,,,,,,,,,,,,,,,,,,,,,,,,,,,,,,,,,
province_group,,,,,SPORTBIKE_A,Xe thể thao nhôm,Miền Trung,6445286,2,1,1,,,,,,Thanh Hoá,0.51,0.06,0.01,3,,,,,,,,,,,,,,,,,,,,,,,,,,,,,,,,,,,,,,,,,,,,,,,,
province_group,,,,,SPORTBIKE_S,Xe thể thao thép,Miền Trung,56122500,38,9,9,,,,,,Thanh Hoá,4.44,0.54,0.08,3,,,,,,,,,,,,,,,,,,,,,,,,,,,,,,,,,,,,,,,,,,,,,,,,
province_group,,,,,,,Miền Trung,122956556,69,11,7,,,,,,Thanh Hoá,9.73,1.19,0.18,3,,,,,,,,,,,,,,,,,,,,,,,,,,,,,,,,,,,,,,,,,,,,,,,,
province_group,,,,,CITYBIKE_P,Xe phổ thông,Miền Trung,2243737264,1486,61,31,,,,,,Thanh Hóa,64.99,21.71,3.27,1,,,,,,,,,,,,,,,,,,,,,,,,,,,,,,,,,,,,,,,,,,,,,,,,
province_group,,,,,KIDBIKE_1,Xe trẻ em nhóm 1,Miền Trung,239560773,189,26,18,,,,,,Thanh Hóa,6.94,2.32,0.35,1,,,,,,,,,,,,,,,,,,,,,,,,,,,,,,,,,,,,,,,,,,,,,,,,
province_group,,,,,KIDBIKE_2,Xe trẻ em nhóm 2,Miền Trung,58420426,68,12,10,,,,,,Thanh Hóa,1.69,0.57,0.09,1,,,,,,,,,,,,,,,,,,,,,,,,,,,,,,,,,,,,,,,,,,,,,,,,
province_group,,,,,SPORTBIKE_A,Xe thể thao nhôm,Miền Trung,94596761,31,7,6,,,,,,Thanh Hóa,2.74,0.92,0.14,1,,,,,,,,,,,,,,,,,,,,,,,,,,,,,,,,,,,,,,,,,,,,,,,,
province_group,,,,,SPORTBIKE_S,Xe thể thao thép,Miền Trung,63458969,32,9,7,,,,,,Thanh Hóa,1.84,0.61,0.09,1,,,,,,,,,,,,,,,,,,,,,,,,,,,,,,,,,,,,,,,,,,,,,,,,
province_group,,,,,,,Miền Trung,752684744,390,36,19,,,,,,Thanh Hóa,21.8,7.28,1.1,1,,,,,,,,,,,,,,,,,,,,,,,,,,,,,,,,,,,,,,,,,,,,,,,,
province_group,,,,,CITYBIKE_P,Xe phổ thông,Miền Bắc,567234389,422,16,7,,,,,,Thái Bình,79.84,1.15,0.83,15,,,,,,,,,,,,,,,,,,,,,,,,,,,,,,,,,,,,,,,,,,,,,,,,
province_group,,,,,KIDBIKE_1,Xe trẻ em nhóm 1,Miền Bắc,29954997,26,7,5,,,,,,Thái Bình,4.22,0.06,0.04,15,,,,,,,,,,,,,,,,,,,,,,,,,,,,,,,,,,,,,,,,,,,,,,,,
province_group,,,,,KIDBIKE_2,Xe trẻ em nhóm 2,Miền Bắc,8774996,13,3,3,,,,,,Thái Bình,1.24,0.02,0.01,15,,,,,,,,,,,,,,,,,,,,,,,,,,,,,,,,,,,,,,,,,,,,,,,,
province_group,,,,,,,Miền Bắc,104499981,48,8,3,,,,,,Thái Bình,14.71,0.21,0.15,15,,,,,,,,,,,,,,,,,,,,,,,,,,,,,,,,,,,,,,,,,,,,,,,,
province_group,,,,,CITYBIKE_P,Xe phổ thông,Miền Bắc,1115930656,765,19,8,,,,,,Thái Nguyên,69.78,2.27,1.63,6,,,,,,,,,,,,,,,,,,,,,,,,,,,,,,,,,,,,,,,,,,,,,,,,
province_group,,,,,KIDBIKE_1,Xe trẻ em nhóm 1,Miền Bắc,119963216,95,9,5,,,,,,Thái Nguyên,7.5,0.24,0.17,6,,,,,,,,,,,,,,,,,,,,,,,,,,,,,,,,,,,,,,,,,,,,,,,,
province_group,,,,,KIDBIKE_2,Xe trẻ em nhóm 2,Miền Bắc,85832631,109,5,2,,,,,,Thái Nguyên,5.37,0.17,0.13,6,,,,,,,,,,,,,,,,,,,,,,,,,,,,,,,,,,,,,,,,,,,,,,,,
province_group,,,,,SPORTBIKE_A,Xe thể thao nhôm,Miền Bắc,28226509,10,4,2,,,,,,Thái Nguyên,1.76,0.06,0.04,6,,,,,,,,,,,,,,,,,,,,,,,,,,,,,,,,,,,,,,,,,,,,,,,,
province_group,,,,,SPORTBIKE_S,Xe thể thao thép,Miền Bắc,10015554,6,2,2,,,,,,Thái Nguyên,0.63,0.02,0.01,6,,,,,,,,,,,,,,,,,,,,,,,,,,,,,,,,,,,,,,,,,,,,,,,,
province_group,,,,,,,Miền Bắc,239299655,143,10,6,,,,,,Thái Nguyên,14.96,0.49,0.35,6,,,,,,,,,,,,,,,,,,,,,,,,,,,,,,,,,,,,,,,,,,,,,,,,
province_group,,,,,CITYBIKE_P,Xe phổ thông,Miền Bắc,43000000,35,2,1,,,,,,Thân Nhân Trung - TT Bích Động - Việt Yên - Bắc Giang,69.64,0.09,0.06,38,,,,,,,,,,,,,,,,,,,,,,,,,,,,,,,,,,,,,,,,,,,,,,,,
province_group,,,,,KIDBIKE_1,Xe trẻ em nhóm 1,Miền Bắc,9750000,9,2,1,,,,,,Thân Nhân Trung - TT Bích Động - Việt Yên - Bắc Giang,15.79,0.02,0.01,38,,,,,,,,,,,,,,,,,,,,,,,,,,,,,,,,,,,,,,,,,,,,,,,,
province_group,,,,,SPORTBIKE_S,Xe thể thao thép,Miền Bắc,9000000,7,1,1,,,,,,Thân Nhân Trung - TT Bích Động - Việt Yên - Bắc Giang,14.57,0.02,0.01,38,,,,,,,,,,,,,,,,,,,,,,,,,,,,,,,,,,,,,,,,,,,,,,,,
province_group,,,,,CITYBIKE_P,Xe phổ thông,Miền Bắc,20750000,9,2,1,,,,,,Thủ Dầu Một,100.0,0.04,0.03,57,,,,,,,,,,,,,,,,,,,,,,,,,,,,,,,,,,,,,,,,,,,,,,,,
province_group,,,,,CITYBIKE_P,Xe phổ thông,Miền Trung,128130152,81,2,1,,,,,,Thừa Thiên Huế,38.71,1.24,0.19,7,,,,,,,,,,,,,,,,,,,,,,,,,,,,,,,,,,,,,,,,,,,,,,,,
province_group,,,,,KIDBIKE_1,Xe trẻ em nhóm 1,Miền Trung,79691638,62,2,1,,,,,,Thừa Thiên Huế,24.07,0.77,0.12,7,,,,,,,,,,,,,,,,,,,,,,,,,,,,,,,,,,,,,,,,,,,,,,,,
province_group,,,,,SPORTBIKE_S,Xe thể thao thép,Miền Trung,9631108,4,1,1,,,,,,Thừa Thiên Huế,2.91,0.09,0.01,7,,,,,,,,,,,,,,,,,,,,,,,,,,,,,,,,,,,,,,,,,,,,,,,,
province_group,,,,,,,Miền Trung,113563311,45,2,1,,,,,,Thừa Thiên Huế,34.31,1.1,0.17,7,,,,,,,,,,,,,,,,,,,,,,,,,,,,,,,,,,,,,,,,,,,,,,,,
province_group,,,,,CITYBIKE_P,Xe phổ thông,Miền Bắc,81733313,54,6,4,,,,,,Tuyên Quang,41.02,0.17,0.12,23,,,,,,,,,,,,,,,,,,,,,,,,,,,,,,,,,,,,,,,,,,,,,,,,
province_group,,,,,KIDBIKE_1,Xe trẻ em nhóm 1,Miền Bắc,38251379,31,6,4,,,,,,Tuyên Quang,19.2,0.08,0.06,23,,,,,,,,,,,,,,,,,,,,,,,,,,,,,,,,,,,,,,,,,,,,,,,,
province_group,,,,,KIDBIKE_2,Xe trẻ em nhóm 2,Miền Bắc,21569440,39,3,2,,,,,,Tuyên Quang,10.82,0.04,0.03,23,,,,,,,,,,,,,,,,,,,,,,,,,,,,,,,,,,,,,,,,,,,,,,,,
province_group,,,,,SPORTBIKE_A,Xe thể thao nhôm,Miền Bắc,14400000,6,1,1,,,,,,Tuyên Quang,7.23,0.03,0.02,23,,,,,,,,,,,,,,,,,,,,,,,,,,,,,,,,,,,,,,,,,,,,,,,,
province_group,,,,,SPORTBIKE_S,Xe thể thao thép,Miền Bắc,14494440,8,2,2,,,,,,Tuyên Quang,7.27,0.03,0.02,23,,,,,,,,,,,,,,,,,,,,,,,,,,,,,,,,,,,,,,,,,,,,,,,,
province_group,,,,,,,Miền Bắc,28824059,21,3,3,,,,,,Tuyên Quang,14.46,0.06,0.04,23,,,,,,,,,,,,,,,,,,,,,,,,,,,,,,,,,,,,,,,,,,,,,,,,
province_group,,,,,CITYBIKE_P,Xe phổ thông,Miền Bắc,17840000,15,1,1,,,,,,Tây Bình Cách - Xã Đông Xá - Huyện Đông Hưng - Thái Bình.,42.11,0.04,0.03,47,,,,,,,,,,,,,,,,,,,,,,,,,,,,,,,,,,,,,,,,,,,,,,,,
province_group,,,,,KIDBIKE_1,Xe trẻ em nhóm 1,Miền Bắc,10660000,10,1,1,,,,,,Tây Bình Cách - Xã Đông Xá - Huyện Đông Hưng - Thái Bình.,25.16,0.02,0.02,47,,,,,,,,,,,,,,,,,,,,,,,,,,,,,,,,,,,,,,,,,,,,,,,,
province_group,,,,,KIDBIKE_2,Xe trẻ em nhóm 2,Miền Bắc,1470000,3,1,1,,,,,,Tây Bình Cách - Xã Đông Xá - Huyện Đông Hưng - Thái Bình.,3.47,0.0,0.0,47,,,,,,,,,,,,,,,,,,,,,,,,,,,,,,,,,,,,,,,,,,,,,,,,
province_group,,,,,SPORTBIKE_S,Xe thể thao thép,Miền Bắc,12400000,10,1,1,,,,,,Tây Bình Cách - Xã Đông Xá - Huyện Đông Hưng - Thái Bình.,29.27,0.03,0.02,47,,,,,,,,,,,,,,,,,,,,,,,,,,,,,,,,,,,,,,,,,,,,,,,,
province_group,,,,,CITYBIKE_P,Xe phổ thông,Miền Bắc,40230000,33,1,1,,,,,,Tĩnh Thanh Hoá,66.71,0.08,0.06,40,,,,,,,,,,,,,,,,,,,,,,,,,,,,,,,,,,,,,,,,,,,,,,,,
province_group,,,,,KIDBIKE_1,Xe trẻ em nhóm 1,Miền Bắc,5410000,5,1,1,,,,,,Tĩnh Thanh Hoá,8.97,0.01,0.01,40,,,,,,,,,,,,,,,,,,,,,,,,,,,,,,,,,,,,,,,,,,,,,,,,
province_group,,,,,KIDBIKE_2,Xe trẻ em nhóm 2,Miền Bắc,5000000,10,1,1,,,,,,Tĩnh Thanh Hoá,8.29,0.01,0.01,40,,,,,,,,,,,,,,,,,,,,,,,,,,,,,,,,,,,,,,,,,,,,,,,,
province_group,,,,,SPORTBIKE_A,Xe thể thao nhôm,Miền Bắc,9667929,3,1,1,,,,,,Tĩnh Thanh Hoá,16.03,0.02,0.01,40,,,,,,,,,,,,,,,,,,,,,,,,,,,,,,,,,,,,,,,,,,,,,,,,
province_group,,,,,CITYBIKE_P,Xe phổ thông,Miền Bắc,2546296,1,1,1,,,,,,Tỉnh Hòa Bình.,100.0,0.01,0.0,60,,,,,,,,,,,,,,,,,,,,,,,,,,,,,,,,,,,,,,,,,,,,,,,,
province_group,,,,,CITYBIKE_P,Xe phổ thông,Miền Bắc,17690000,15,1,1,,,,,,Tổ 1 - Phường Mường Thanh - TP Điện Biên Phủ,75.88,0.04,0.03,55,,,,,,,,,,,,,,,,,,,,,,,,,,,,,,,,,,,,,,,,,,,,,,,,
province_group,,,,,SPORTBIKE_A,Xe thể thao nhôm,Miền Bắc,3222643,1,1,1,,,,,,Tổ 1 - Phường Mường Thanh - TP Điện Biên Phủ,13.82,0.01,0.0,55,,,,,,,,,,,,,,,,,,,,,,,,,,,,,,,,,,,,,,,,,,,,,,,,
province_group,,,,,SPORTBIKE_S,Xe thể thao thép,Miền Bắc,2400000,2,1,1,,,,,,Tổ 1 - Phường Mường Thanh - TP Điện Biên Phủ,10.29,0.0,0.0,55,,,,,,,,,,,,,,,,,,,,,,,,,,,,,,,,,,,,,,,,,,,,,,,,
province_group,,,,,CITYBIKE_P,Xe phổ thông,Miền Bắc,3600000,3,1,1,,,,,,Uông Bí,11.36,0.01,0.01,50,,,,,,,,,,,,,,,,,,,,,,,,,,,,,,,,,,,,,,,,,,,,,,,,
province_group,,,,,KIDBIKE_1,Xe trẻ em nhóm 1,Miền Bắc,4200000,4,1,1,,,,,,Uông Bí,13.26,0.01,0.01,50,,,,,,,,,,,,,,,,,,,,,,,,,,,,,,,,,,,,,,,,,,,,,,,,
province_group,,,,,KIDBIKE_2,Xe trẻ em nhóm 2,Miền Bắc,5410000,11,1,1,,,,,,Uông Bí,17.08,0.01,0.01,50,,,,,,,,,,,,,,,,,,,,,,,,,,,,,,,,,,,,,,,,,,,,,,,,
province_group,,,,,SPORTBIKE_S,Xe thể thao thép,Miền Bắc,2750000,2,1,1,,,,,,Uông Bí,8.68,0.01,0.0,50,,,,,,,,,,,,,,,,,,,,,,,,,,,,,,,,,,,,,,,,,,,,,,,,
province_group,,,,,,,Miền Bắc,15717734,13,1,1,,,,,,Uông Bí,49.62,0.03,0.02,50,,,,,,,,,,,,,,,,,,,,,,,,,,,,,,,,,,,,,,,,,,,,,,,,
province_group,,,,,CITYBIKE_P,Xe phổ thông,Miền Bắc,459211053,337,4,2,,,,,,Vinh,56.77,0.93,0.67,11,,,,,,,,,,,,,,,,,,,,,,,,,,,,,,,,,,,,,,,,,,,,,,,,
province_group,,,,,KIDBIKE_1,Xe trẻ em nhóm 1,Miền Bắc,321022220,188,6,3,,,,,,Vinh,39.69,0.65,0.47,11,,,,,,,,,,,,,,,,,,,,,,,,,,,,,,,,,,,,,,,,,,,,,,,,
province_group,,,,,,,Miền Bắc,28683328,16,1,1,,,,,,Vinh,3.55,0.06,0.04,11,,,,,,,,,,,,,,,,,,,,,,,,,,,,,,,,,,,,,,,,,,,,,,,,
province_group,,,,,CITYBIKE_P,Xe phổ thông,Miền Bắc,438698783,327,21,13,,,,,,Vĩnh Phúc,79.2,0.89,0.64,17,,,,,,,,,,,,,,,,,,,,,,,,,,,,,,,,,,,,,,,,,,,,,,,,
province_group,,,,,KIDBIKE_1,Xe trẻ em nhóm 1,Miền Bắc,42341475,37,7,4,,,,,,Vĩnh Phúc,7.64,0.09,0.06,17,,,,,,,,,,,,,,,,,,,,,,,,,,,,,,,,,,,,,,,,,,,,,,,,
province_group,,,,,KIDBIKE_2,Xe trẻ em nhóm 2,Miền Bắc,15520000,32,3,2,,,,,,Vĩnh Phúc,2.8,0.03,0.02,17,,,,,,,,,,,,,,,,,,,,,,,,,,,,,,,,,,,,,,,,,,,,,,,,
province_group,,,,,SPORTBIKE_A,Xe thể thao nhôm,Miền Bắc,32250000,15,3,3,,,,,,Vĩnh Phúc,5.82,0.07,0.05,17,,,,,,,,,,,,,,,,,,,,,,,,,,,,,,,,,,,,,,,,,,,,,,,,
province_group,,,,,SPORTBIKE_S,Xe thể thao thép,Miền Bắc,3900000,3,1,1,,,,,,Vĩnh Phúc,0.7,0.01,0.01,17,,,,,,,,,,,,,,,,,,,,,,,,,,,,,,,,,,,,,,,,,,,,,,,,
province_group,,,,,,,Miền Bắc,21214441,12,3,1,,,,,,Vĩnh Phúc,3.83,0.04,0.03,17,,,,,,,,,,,,,,,,,,,,,,,,,,,,,,,,,,,,,,,,,,,,,,,,
province_group,,,,,CITYBIKE_P,Xe phổ thông,Miền Bắc,14390000,12,2,2,,,,,,Vĩnh Yên,33.23,0.03,0.02,46,,,,,,,,,,,,,,,,,,,,,,,,,,,,,,,,,,,,,,,,,,,,,,,,
province_group,,,,,KIDBIKE_1,Xe trẻ em nhóm 1,Miền Bắc,13650000,13,2,2,,,,,,Vĩnh Yên,31.52,0.03,0.02,46,,,,,,,,,,,,,,,,,,,,,,,,,,,,,,,,,,,,,,,,,,,,,,,,
province_group,,,,,KIDBIKE_2,Xe trẻ em nhóm 2,Miền Bắc,500000,1,1,1,,,,,,Vĩnh Yên,1.15,0.0,0.0,46,,,,,,,,,,,,,,,,,,,,,,,,,,,,,,,,,,,,,,,,,,,,,,,,
province_group,,,,,SPORTBIKE_A,Xe thể thao nhôm,Miền Bắc,2150000,1,1,1,,,,,,Vĩnh Yên,4.96,0.0,0.0,46,,,,,,,,,,,,,,,,,,,,,,,,,,,,,,,,,,,,,,,,,,,,,,,,
province_group,,,,,SPORTBIKE_S,Xe thể thao thép,Miền Bắc,6578500,4,2,2,,,,,,Vĩnh Yên,15.19,0.01,0.01,46,,,,,,,,,,,,,,,,,,,,,,,,,,,,,,,,,,,,,,,,,,,,,,,,
province_group,,,,,,,Miền Bắc,6039559,5,2,2,,,,,,Vĩnh Yên,13.95,0.01,0.01,46,,,,,,,,,,,,,,,,,,,,,,,,,,,,,,,,,,,,,,,,,,,,,,,,
province_group,,,,,CITYBIKE_P,Xe phổ thông,Miền Bắc,91550000,77,2,1,,,,,,phố số 6 - Thị trấn Diêm Điền - Huyện Thái Thụy - Thái Bình.,79.35,0.19,0.13,31,,,,,,,,,,,,,,,,,,,,,,,,,,,,,,,,,,,,,,,,,,,,,,,,
province_group,,,,,KIDBIKE_1,Xe trẻ em nhóm 1,Miền Bắc,12300000,11,2,1,,,,,,phố số 6 - Thị trấn Diêm Điền - Huyện Thái Thụy - Thái Bình.,10.66,0.02,0.02,31,,,,,,,,,,,,,,,,,,,,,,,,,,,,,,,,,,,,,,,,,,,,,,,,
province_group,,,,,KIDBIKE_2,Xe trẻ em nhóm 2,Miền Bắc,1000000,2,1,1,,,,,,phố số 6 - Thị trấn Diêm Điền - Huyện Thái Thụy - Thái Bình.,0.87,0.0,0.0,31,,,,,,,,,,,,,,,,,,,,,,,,,,,,,,,,,,,,,,,,,,,,,,,,
province_group,,,,,SPORTBIKE_A,Xe thể thao nhôm,Miền Bắc,10526430,4,2,1,,,,,,phố số 6 - Thị trấn Diêm Điền - Huyện Thái Thụy - Thái Bình.,9.12,0.02,0.02,31,,,,,,,,,,,,,,,,,,,,,,,,,,,,,,,,,,,,,,,,,,,,,,,,
province_group,,,,,CITYBIKE_P,Xe phổ thông,Miền Bắc,30192214,19,3,3,,,,,,Điện Biên,39.13,0.06,0.04,35,,,,,,,,,,,,,,,,,,,,,,,,,,,,,,,,,,,,,,,,,,,,,,,,
province_group,,,,,KIDBIKE_1,Xe trẻ em nhóm 1,Miền Bắc,12146664,10,2,2,,,,,,Điện Biên,15.74,0.02,0.02,35,,,,,,,,,,,,,,,,,,,,,,,,,,,,,,,,,,,,,,,,,,,,,,,,
province_group,,,,,SPORTBIKE_A,Xe thể thao nhôm,Miền Bắc,4300000,2,1,1,,,,,,Điện Biên,5.57,0.01,0.01,35,,,,,,,,,,,,,,,,,,,,,,,,,,,,,,,,,,,,,,,,,,,,,,,,
province_group,,,,,SPORTBIKE_S,Xe thể thao thép,Miền Bắc,6700000,5,1,1,,,,,,Điện Biên,8.68,0.01,0.01,35,,,,,,,,,,,,,,,,,,,,,,,,,,,,,,,,,,,,,,,,,,,,,,,,
province_group,,,,,,,Miền Bắc,23828885,10,2,2,,,,,,Điện Biên,30.88,0.05,0.03,35,,,,,,,,,,,,,,,,,,,,,,,,,,,,,,,,,,,,,,,,,,,,,,,,
province_group,,,,,CITYBIKE_P,Xe phổ thông,Miền Trung,315314414,216,17,9,,,,,,Đà Nẵng,72.74,3.05,0.46,6,,,,,,,,,,,,,,,,,,,,,,,,,,,,,,,,,,,,,,,,,,,,,,,,
province_group,,,,,KIDBIKE_1,Xe trẻ em nhóm 1,Miền Trung,35146195,29,8,4,,,,,,Đà Nẵng,8.11,0.34,0.05,6,,,,,,,,,,,,,,,,,,,,,,,,,,,,,,,,,,,,,,,,,,,,,,,,
province_group,,,,,KIDBIKE_2,Xe trẻ em nhóm 2,Miền Trung,943888,1,1,1,,,,,,Đà Nẵng,0.22,0.01,0.0,6,,,,,,,,,,,,,,,,,,,,,,,,,,,,,,,,,,,,,,,,,,,,,,,,
province_group,,,,,SPORTBIKE_A,Xe thể thao nhôm,Miền Trung,5328518,2,2,1,,,,,,Đà Nẵng,1.23,0.05,0.01,6,,,,,,,,,,,,,,,,,,,,,,,,,,,,,,,,,,,,,,,,,,,,,,,,
province_group,,,,,SPORTBIKE_S,Xe thể thao thép,Miền Trung,17515552,11,5,4,,,,,,Đà Nẵng,4.04,0.17,0.03,6,,,,,,,,,,,,,,,,,,,,,,,,,,,,,,,,,,,,,,,,,,,,,,,,
province_group,,,,,,,Miền Trung,59210729,27,8,5,,,,,,Đà Nẵng,13.66,0.57,0.09,6,,,,,,,,,,,,,,,,,,,,,,,,,,,,,,,,,,,,,,,,,,,,,,,,
province_group,,,,,CITYBIKE_P,Xe phổ thông,Miền Bắc,195790500,161,4,1,,,,,,Đường Nguyễn Trải - P Ba Đình TP Thanh Hoá,79.99,0.4,0.29,21,,,,,,,,,,,,,,,,,,,,,,,,,,,,,,,,,,,,,,,,,,,,,,,,
province_group,,,,,KIDBIKE_1,Xe trẻ em nhóm 1,Miền Bắc,6020000,6,2,1,,,,,,Đường Nguyễn Trải - P Ba Đình TP Thanh Hoá,2.46,0.01,0.01,21,,,,,,,,,,,,,,,,,,,,,,,,,,,,,,,,,,,,,,,,,,,,,,,,
province_group,,,,,KIDBIKE_2,Xe trẻ em nhóm 2,Miền Bắc,2350000,5,1,1,,,,,,Đường Nguyễn Trải - P Ba Đình TP Thanh Hoá,0.96,0.0,0.0,21,,,,,,,,,,,,,,,,,,,,,,,,,,,,,,,,,,,,,,,,,,,,,,,,
province_group,,,,,SPORTBIKE_S,Xe thể thao thép,Miền Bắc,30400000,24,2,1,,,,,,Đường Nguyễn Trải - P Ba Đình TP Thanh Hoá,12.42,0.06,0.04,21,,,,,,,,,,,,,,,,,,,,,,,,,,,,,,,,,,,,,,,,,,,,,,,,
province_group,,,,,,,Miền Bắc,10205384,8,2,1,,,,,,Đường Nguyễn Trải - P Ba Đình TP Thanh Hoá,4.17,0.02,0.01,21,,,,,,,,,,,,,,,,,,,,,,,,,,,,,,,,,,,,,,,,,,,,,,,,
province_group,,,,,CITYBIKE_P,Xe phổ thông,Miền Bắc,352444443,208,3,1,,,,,,Đường Trang Quan - Xã An Đồng - Huyện An Dương - Hải Phòng.,100.0,0.72,0.51,19,,,,,,,,,,,,,,,,,,,,,,,,,,,,,,,,,,,,,,,,,,,,,,,,
province_group,,,,,CITYBIKE_P,Xe phổ thông,Miền Trung,4983333,2,1,1,,,,,,Đắk Lắk,100.0,0.05,0.01,10,,,,,,,,,,,,,,,,,,,,,,,,,,,,,,,,,,,,,,,,,,,,,,,,
province_group,,,,,CITYBIKE_P,Xe phổ thông,Miền Bắc,256201047,157,3,1,,,,,,Đồng Hới,87.69,0.52,0.37,20,,,,,,,,,,,,,,,,,,,,,,,,,,,,,,,,,,,,,,,,,,,,,,,,
province_group,,,,,KIDBIKE_1,Xe trẻ em nhóm 1,Miền Bắc,20071753,15,2,1,,,,,,Đồng Hới,6.87,0.04,0.03,20,,,,,,,,,,,,,,,,,,,,,,,,,,,,,,,,,,,,,,,,,,,,,,,,
province_group,,,,,,,Miền Bắc,15892032,9,2,1,,,,,,Đồng Hới,5.44,0.03,0.02,20,,,,,,,,,,,,,,,,,,,,,,,,,,,,,,,,,,,,,,,,,,,,,,,,
province_group,,,,,,,Miền Nam,4527778,1,1,1,,,,,,Đồng Nai,100.0,0.1,0.01,2,,,,,,,,,,,,,,,,,,,,,,,,,,,,,,,,,,,,,,,,,,,,,,,,
province_group,,,,,CITYBIKE_P,Xe phổ thông,,2493386800,1562,101,73,,,,,,,57.81,57.81,3.63,,,,,,,,,,,,,,,,,,,,,,,,,,,,,,,,,,,,,,,,,,,,,,,,,
province_group,,,,,KIDBIKE_1,Xe trẻ em nhóm 1,,405021613,313,59,47,,,,,,,9.39,9.39,0.59,,,,,,,,,,,,,,,,,,,,,,,,,,,,,,,,,,,,,,,,,,,,,,,,,
province_group,,,,,KIDBIKE_2,Xe trẻ em nhóm 2,,204937960,222,36,29,,,,,,,4.75,4.75,0.3,,,,,,,,,,,,,,,,,,,,,,,,,,,,,,,,,,,,,,,,,,,,,,,,,
province_group,,,,,SPORTBIKE_A,Xe thể thao nhôm,,37870368,14,4,4,,,,,,,0.88,0.88,0.06,,,,,,,,,,,,,,,,,,,,,,,,,,,,,,,,,,,,,,,,,,,,,,,,,
province_group,,,,,SPORTBIKE_S,Xe thể thao thép,,35275000,18,6,6,,,,,,,0.82,0.82,0.05,,,,,,,,,,,,,,,,,,,,,,,,,,,,,,,,,,,,,,,,,,,,,,,,,
province_group,,,,,,,,1136559176,619,90,68,,,,,,,26.35,26.35,1.66,,,,,,,,,,,,,,,,,,,,,,,,,,,,,,,,,,,,,,,,,,,,,,,,,
province_total,,,,,__ALL__,Tất cả nhóm,Miền Bắc,2839030263,1592,29,10,,,,,,Bắc Giang,100.0,5.76,4.14,3,,,,,,,,,,,,,,,,,,,,,,,,,,,,,,,,,,,,,,,,,,,,,,,,
province_total,,,,,__ALL__,Tất cả nhóm,Miền Bắc,56455548,66,3,2,,,,,,Bắc Kạn,100.0,0.11,0.08,41,,,,,,,,,,,,,,,,,,,,,,,,,,,,,,,,,,,,,,,,,,,,,,,,
province_total,,,,,__ALL__,Tất cả nhóm,Miền Bắc,1967790814,1316,47,23,,,,,,Bắc Ninh,100.0,3.99,2.87,5,,,,,,,,,,,,,,,,,,,,,,,,,,,,,,,,,,,,,,,,,,,,,,,,
province_total,,,,,__ALL__,Tất cả nhóm,Miền Bắc,68250264,39,1,1,,,,,,Cao Bằng,100.0,0.14,0.1,37,,,,,,,,,,,,,,,,,,,,,,,,,,,,,,,,,,,,,,,,,,,,,,,,
province_total,,,,,__ALL__,Tất cả nhóm,Miền Bắc,2212963,1,1,1,,,,,,Chí Linh,100.0,0.0,0.0,61,,,,,,,,,,,,,,,,,,,,,,,,,,,,,,,,,,,,,,,,,,,,,,,,
province_total,,,,,__ALL__,Tất cả nhóm,Miền Bắc,38840000,31,1,1,,,,,,Cường Tráng - An Thịnh - Lương Tài - Bắc Ninh,100.0,0.08,0.06,48,,,,,,,,,,,,,,,,,,,,,,,,,,,,,,,,,,,,,,,,,,,,,,,,
province_total,,,,,__ALL__,Tất cả nhóm,Miền Bắc,24742962,21,2,1,,,,,,Hoà Bình,100.0,0.05,0.04,52,,,,,,,,,,,,,,,,,,,,,,,,,,,,,,,,,,,,,,,,,,,,,,,,
province_total,,,,,__ALL__,Tất cả nhóm,Miền Bắc,115430000,101,3,3,,,,,,Hà Giang,100.0,0.23,0.17,30,,,,,,,,,,,,,,,,,,,,,,,,,,,,,,,,,,,,,,,,,,,,,,,,
province_total,,,,,__ALL__,Tất cả nhóm,Miền Bắc,765170565,576,18,13,,,,,,Hà Nam,100.0,1.55,1.11,13,,,,,,,,,,,,,,,,,,,,,,,,,,,,,,,,,,,,,,,,,,,,,,,,
province_total,,,,,__ALL__,Tất cả nhóm,Miền Bắc,34390000,30,1,1,,,,,,Hà Nộ,100.0,0.07,0.05,49,,,,,,,,,,,,,,,,,,,,,,,,,,,,,,,,,,,,,,,,,,,,,,,,
province_total,,,,,__ALL__,Tất cả nhóm,Miền Bắc,23457691163,16726,610,210,,,,,,Hà Nội,100.0,47.61,34.17,1,,,,,,,,,,,,,,,,,,,,,,,,,,,,,,,,,,,,,,,,,,,,,,,,
province_total,,,,,__ALL__,Tất cả nhóm,Miền Trung,949596498,659,24,15,,,,,,Hà Tĩnh,100.0,9.19,1.38,4,,,,,,,,,,,,,,,,,,,,,,,,,,,,,,,,,,,,,,,,,,,,,,,,
province_total,,,,,__ALL__,Tất cả nhóm,Miền Bắc,159083593,111,6,4,,,,,,Hòa Bình,100.0,0.32,0.23,24,,,,,,,,,,,,,,,,,,,,,,,,,,,,,,,,,,,,,,,,,,,,,,,,
province_total,,,,,__ALL__,Tất cả nhóm,Miền Bắc,2656116812,1889,75,45,,,,,,Hưng Yên,100.0,5.39,3.87,4,,,,,,,,,,,,,,,,,,,,,,,,,,,,,,,,,,,,,,,,,,,,,,,,
province_total,,,,,__ALL__,Tất cả nhóm,Miền Bắc,48490000,42,2,1,,,,,,Hưng yên,100.0,0.1,0.07,44,,,,,,,,,,,,,,,,,,,,,,,,,,,,,,,,,,,,,,,,,,,,,,,,
province_total,,,,,__ALL__,Tất cả nhóm,Miền Bắc,118696468,95,2,2,,,,,,Hạ Long,100.0,0.24,0.17,28,,,,,,,,,,,,,,,,,,,,,,,,,,,,,,,,,,,,,,,,,,,,,,,,
province_total,,,,,__ALL__,Tất cả nhóm,Miền Bắc,82782643,68,4,1,,,,,,Hải Dươn,100.0,0.17,0.12,34,,,,,,,,,,,,,,,,,,,,,,,,,,,,,,,,,,,,,,,,,,,,,,,,
province_total,,,,,__ALL__,Tất cả nhóm,Miền Bắc,808052667,576,22,12,,,,,,Hải Dương,100.0,1.64,1.18,12,,,,,,,,,,,,,,,,,,,,,,,,,,,,,,,,,,,,,,,,,,,,,,,,
province_total,,,,,__ALL__,Tất cả nhóm,Miền Bắc,723965260,535,17,13,,,,,,Hải Phòng,100.0,1.47,1.05,14,,,,,,,,,,,,,,,,,,,,,,,,,,,,,,,,,,,,,,,,,,,,,,,,
province_total,,,,,__ALL__,Tất cả nhóm,Miền Bắc,53357000,31,2,2,,,,,,Hội An,100.0,0.11,0.08,42,,,,,,,,,,,,,,,,,,,,,,,,,,,,,,,,,,,,,,,,,,,,,,,,
province_total,,,,,__ALL__,Tất cả nhóm,Miền Bắc,61441481,53,2,1,,,,,,Khu 2- thị trấn Kim Tân- Thạch Thành - Thanh Hóa,100.0,0.12,0.09,39,,,,,,,,,,,,,,,,,,,,,,,,,,,,,,,,,,,,,,,,,,,,,,,,
province_total,,,,,__ALL__,Tất cả nhóm,Miền Bắc,363062500,290,6,1,,,,,,Khu 6 – TT Gia Lộc – Huyện Gia Lộc – Hải Dương,100.0,0.74,0.53,18,,,,,,,,,,,,,,,,,,,,,,,,,,,,,,,,,,,,,,,,,,,,,,,,
province_total,,,,,__ALL__,Tất cả nhóm,Miền Bắc,124217357,92,6,3,,,,,,Lào Cai,100.0,0.25,0.18,26,,,,,,,,,,,,,,,,,,,,,,,,,,,,,,,,,,,,,,,,,,,,,,,,
province_total,,,,,__ALL__,Tất cả nhóm,Miền Bắc,606456878,379,7,1,,,,,,Lê Hoàn - Thị trấn Thọ Xuân - Huyện Thọ Xuân - Thanh Hoá,100.0,1.23,0.88,16,,,,,,,,,,,,,,,,,,,,,,,,,,,,,,,,,,,,,,,,,,,,,,,,
province_total,,,,,__ALL__,Tất cả nhóm,Miền Bắc,121901111,106,3,2,,,,,,Lạng Sơn,100.0,0.25,0.18,27,,,,,,,,,,,,,,,,,,,,,,,,,,,,,,,,,,,,,,,,,,,,,,,,
province_total,,,,,__ALL__,Tất cả nhóm,Miền Bắc,926331599,779,14,7,,,,,,Nam Định,100.0,1.88,1.35,10,,,,,,,,,,,,,,,,,,,,,,,,,,,,,,,,,,,,,,,,,,,,,,,,
province_total,,,,,__ALL__,Tất cả nhóm,Miền Bắc,138392643,115,1,1,,,,,,Nghệ A,100.0,0.28,0.2,25,,,,,,,,,,,,,,,,,,,,,,,,,,,,,,,,,,,,,,,,,,,,,,,,
province_total,,,,,__ALL__,Tất cả nhóm,Miền Trung,2777002804,1980,48,19,,,,,,Nghệ An,100.0,26.88,4.05,2,,,,,,,,,,,,,,,,,,,,,,,,,,,,,,,,,,,,,,,,,,,,,,,,
province_total,,,,,__ALL__,Tất cả nhóm,Miền Bắc,3521142103,2313,59,18,,,,,,Ninh Bình,100.0,7.15,5.13,2,,,,,,,,,,,,,,,,,,,,,,,,,,,,,,,,,,,,,,,,,,,,,,,,
province_total,,,,,__ALL__,Tất cả nhóm,Miền Bắc,4055556,2,1,1,,,,,,Phan Thiết,100.0,0.01,0.01,59,,,,,,,,,,,,,,,,,,,,,,,,,,,,,,,,,,,,,,,,,,,,,,,,
province_total,,,,,__ALL__,Tất cả nhóm,Miền Bắc,214953705,90,2,1,,,,,,Phú Quốc,100.0,0.44,0.31,22,,,,,,,,,,,,,,,,,,,,,,,,,,,,,,,,,,,,,,,,,,,,,,,,
province_total,,,,,__ALL__,Tất cả nhóm,Miền Bắc,1246295002,792,41,29,,,,,,Phú Thọ,100.0,2.53,1.82,7,,,,,,,,,,,,,,,,,,,,,,,,,,,,,,,,,,,,,,,,,,,,,,,,
province_total,,,,,__ALL__,Tất cả nhóm,Miền Bắc,22550000,16,1,1,,,,,,Phố Kiểu - Yên Trường - Yên Định - Thanh Hoá,100.0,0.05,0.03,56,,,,,,,,,,,,,,,,,,,,,,,,,,,,,,,,,,,,,,,,,,,,,,,,
province_total,,,,,__ALL__,Tất cả nhóm,Miền Bắc,100172198,61,3,1,,,,,,Phủ Lý,100.0,0.2,0.15,32,,,,,,,,,,,,,,,,,,,,,,,,,,,,,,,,,,,,,,,,,,,,,,,,
province_total,,,,,__ALL__,Tất cả nhóm,Miền Trung,725057174,434,9,2,,,,,,Quảng Nam,100.0,7.02,1.06,5,,,,,,,,,,,,,,,,,,,,,,,,,,,,,,,,,,,,,,,,,,,,,,,,
province_total,,,,,__ALL__,Tất cả nhóm,Miền Trung,82101102,61,4,3,,,,,,Quảng Ngãi,100.0,0.79,0.12,9,,,,,,,,,,,,,,,,,,,,,,,,,,,,,,,,,,,,,,,,,,,,,,,,
province_total,,,,,__ALL__,Tất cả nhóm,Miền Bắc,1009382544,614,23,20,,,,,,Quảng Ninh,100.0,2.05,1.47,9,,,,,,,,,,,,,,,,,,,,,,,,,,,,,,,,,,,,,,,,,,,,,,,,
province_total,,,,,__ALL__,Tất cả nhóm,Miền Bắc,13870000,13,1,1,,,,,,Quảng NinhSố,100.0,0.03,0.02,58,,,,,,,,,,,,,,,,,,,,,,,,,,,,,,,,,,,,,,,,,,,,,,,,
province_total,,,,,__ALL__,Tất cả nhóm,Miền Trung,313288471,206,11,6,,,,,,Quảng Trị,100.0,3.03,0.46,8,,,,,,,,,,,,,,,,,,,,,,,,,,,,,,,,,,,,,,,,,,,,,,,,
province_total,,,,,__ALL__,Tất cả nhóm,Miền Bắc,52190000,45,2,2,,,,,,Sơn La,100.0,0.11,0.08,43,,,,,,,,,,,,,,,,,,,,,,,,,,,,,,,,,,,,,,,,,,,,,,,,
province_total,,,,,__ALL__,Tất cả nhóm,Miền Bắc,117056538,80,3,1,,,,,,Sầm Sơn,100.0,0.24,0.17,29,,,,,,,,,,,,,,,,,,,,,,,,,,,,,,,,,,,,,,,,,,,,,,,,
province_total,,,,,__ALL__,Tất cả nhóm,Miền Bắc,45522665,33,2,1,,,,,,TP Huế,100.0,0.09,0.07,45,,,,,,,,,,,,,,,,,,,,,,,,,,,,,,,,,,,,,,,,,,,,,,,,
province_total,,,,,__ALL__,Tất cả nhóm,Miền Bắc,27978500,22,1,1,,,,,,TP Hưng Yên,100.0,0.06,0.04,51,,,,,,,,,,,,,,,,,,,,,,,,,,,,,,,,,,,,,,,,,,,,,,,,
province_total,,,,,__ALL__,Tất cả nhóm,Miền Bắc,24000000,20,1,1,,,,,,TP Hải Dương,100.0,0.05,0.03,53,,,,,,,,,,,,,,,,,,,,,,,,,,,,,,,,,,,,,,,,,,,,,,,,
province_total,,,,,__ALL__,Tất cả nhóm,Miền Bắc,1078208060,689,32,13,,,,,,TP Hải Phòng,100.0,2.19,1.57,8,,,,,,,,,,,,,,,,,,,,,,,,,,,,,,,,,,,,,,,,,,,,,,,,
province_total,,,,,__ALL__,Tất cả nhóm,Miền Bắc,86292586,54,7,5,,,,,,TP Đà Nẵng,100.0,0.18,0.13,33,,,,,,,,,,,,,,,,,,,,,,,,,,,,,,,,,,,,,,,,,,,,,,,,
province_total,,,,,__ALL__,Tất cả nhóm,Miền Nam,4724671175,2474,125,3,,,,,,TP. Hồ Chí Minh,100.0,99.9,6.88,1,,,,,,,,,,,,,,,,,,,,,,,,,,,,,,,,,,,,,,,,,,,,,,,,
province_total,,,,,__ALL__,Tất cả nhóm,Miền Bắc,23350000,20,1,1,,,,,,TT Hương Sơn- Phú Bình- Thái Nguyên,100.0,0.05,0.03,54,,,,,,,,,,,,,,,,,,,,,,,,,,,,,,,,,,,,,,,,,,,,,,,,
province_total,,,,,__ALL__,Tất cả nhóm,Miền Bắc,77025542,56,2,1,,,,,,Tam Kỳ,100.0,0.16,0.11,36,,,,,,,,,,,,,,,,,,,,,,,,,,,,,,,,,,,,,,,,,,,,,,,,
province_total,,,,,__ALL__,Tất cả nhóm,Miền Trung,1263714531,987,39,18,,,,,,Thanh Hoá,100.0,12.23,1.84,3,,,,,,,,,,,,,,,,,,,,,,,,,,,,,,,,,,,,,,,,,,,,,,,,
province_total,,,,,__ALL__,Tất cả nhóm,Miền Trung,3452458937,2196,63,31,,,,,,Thanh Hóa,100.0,33.41,5.03,1,,,,,,,,,,,,,,,,,,,,,,,,,,,,,,,,,,,,,,,,,,,,,,,,
province_total,,,,,__ALL__,Tất cả nhóm,Miền Bắc,710464363,509,16,7,,,,,,Thái Bình,100.0,1.44,1.04,15,,,,,,,,,,,,,,,,,,,,,,,,,,,,,,,,,,,,,,,,,,,,,,,,
province_total,,,,,__ALL__,Tất cả nhóm,Miền Bắc,1599268221,1128,21,8,,,,,,Thái Nguyên,100.0,3.25,2.33,6,,,,,,,,,,,,,,,,,,,,,,,,,,,,,,,,,,,,,,,,,,,,,,,,
province_total,,,,,__ALL__,Tất cả nhóm,Miền Bắc,61750000,51,2,1,,,,,,Thân Nhân Trung - TT Bích Động - Việt Yên - Bắc Giang,100.0,0.13,0.09,38,,,,,,,,,,,,,,,,,,,,,,,,,,,,,,,,,,,,,,,,,,,,,,,,
province_total,,,,,__ALL__,Tất cả nhóm,Miền Bắc,20750000,9,2,1,,,,,,Thủ Dầu Một,100.0,0.04,0.03,57,,,,,,,,,,,,,,,,,,,,,,,,,,,,,,,,,,,,,,,,,,,,,,,,
province_total,,,,,__ALL__,Tất cả nhóm,Miền Trung,331016209,192,3,1,,,,,,Thừa Thiên Huế,100.0,3.2,0.48,7,,,,,,,,,,,,,,,,,,,,,,,,,,,,,,,,,,,,,,,,,,,,,,,,
province_total,,,,,__ALL__,Tất cả nhóm,Miền Bắc,199272631,159,6,4,,,,,,Tuyên Quang,100.0,0.4,0.29,23,,,,,,,,,,,,,,,,,,,,,,,,,,,,,,,,,,,,,,,,,,,,,,,,
province_total,,,,,__ALL__,Tất cả nhóm,Miền Bắc,42370000,38,1,1,,,,,,Tây Bình Cách - Xã Đông Xá - Huyện Đông Hưng - Thái Bình.,100.0,0.09,0.06,47,,,,,,,,,,,,,,,,,,,,,,,,,,,,,,,,,,,,,,,,,,,,,,,,
province_total,,,,,__ALL__,Tất cả nhóm,Miền Bắc,60307929,51,1,1,,,,,,Tĩnh Thanh Hoá,100.0,0.12,0.09,40,,,,,,,,,,,,,,,,,,,,,,,,,,,,,,,,,,,,,,,,,,,,,,,,
province_total,,,,,__ALL__,Tất cả nhóm,Miền Bắc,2546296,1,1,1,,,,,,Tỉnh Hòa Bình.,100.0,0.01,0.0,60,,,,,,,,,,,,,,,,,,,,,,,,,,,,,,,,,,,,,,,,,,,,,,,,
province_total,,,,,__ALL__,Tất cả nhóm,Miền Bắc,23312643,18,1,1,,,,,,Tổ 1 - Phường Mường Thanh - TP Điện Biên Phủ,100.0,0.05,0.03,55,,,,,,,,,,,,,,,,,,,,,,,,,,,,,,,,,,,,,,,,,,,,,,,,
province_total,,,,,__ALL__,Tất cả nhóm,Miền Bắc,31677734,33,1,1,,,,,,Uông Bí,100.0,0.06,0.05,50,,,,,,,,,,,,,,,,,,,,,,,,,,,,,,,,,,,,,,,,,,,,,,,,
province_total,,,,,__ALL__,Tất cả nhóm,Miền Bắc,808916601,541,7,3,,,,,,Vinh,100.0,1.64,1.18,11,,,,,,,,,,,,,,,,,,,,,,,,,,,,,,,,,,,,,,,,,,,,,,,,
province_total,,,,,__ALL__,Tất cả nhóm,Miền Bắc,553924699,426,21,13,,,,,,Vĩnh Phúc,100.0,1.12,0.81,17,,,,,,,,,,,,,,,,,,,,,,,,,,,,,,,,,,,,,,,,,,,,,,,,
province_total,,,,,__ALL__,Tất cả nhóm,Miền Bắc,43308059,36,2,2,,,,,,Vĩnh Yên,100.0,0.09,0.06,46,,,,,,,,,,,,,,,,,,,,,,,,,,,,,,,,,,,,,,,,,,,,,,,,
province_total,,,,,__ALL__,Tất cả nhóm,Miền Bắc,115376430,94,2,1,,,,,,phố số 6 - Thị trấn Diêm Điền - Huyện Thái Thụy - Thái Bình.,100.0,0.23,0.17,31,,,,,,,,,,,,,,,,,,,,,,,,,,,,,,,,,,,,,,,,,,,,,,,,
province_total,,,,,__ALL__,Tất cả nhóm,Miền Bắc,77167763,46,3,3,,,,,,Điện Biên,100.0,0.16,0.11,35,,,,,,,,,,,,,,,,,,,,,,,,,,,,,,,,,,,,,,,,,,,,,,,,
province_total,,,,,__ALL__,Tất cả nhóm,Miền Trung,433459296,286,17,9,,,,,,Đà Nẵng,100.0,4.2,0.63,6,,,,,,,,,,,,,,,,,,,,,,,,,,,,,,,,,,,,,,,,,,,,,,,,
province_total,,,,,__ALL__,Tất cả nhóm,Miền Bắc,244765884,204,4,1,,,,,,Đường Nguyễn Trải - P Ba Đình TP Thanh Hoá,100.0,0.5,0.36,21,,,,,,,,,,,,,,,,,,,,,,,,,,,,,,,,,,,,,,,,,,,,,,,,
province_total,,,,,__ALL__,Tất cả nhóm,Miền Bắc,352444443,208,3,1,,,,,,Đường Trang Quan - Xã An Đồng - Huyện An Dương - Hải Phòng.,100.0,0.72,0.51,19,,,,,,,,,,,,,,,,,,,,,,,,,,,,,,,,,,,,,,,,,,,,,,,,
province_total,,,,,__ALL__,Tất cả nhóm,Miền Trung,4983333,2,1,1,,,,,,Đắk Lắk,100.0,0.05,0.01,10,,,,,,,,,,,,,,,,,,,,,,,,,,,,,,,,,,,,,,,,,,,,,,,,
province_total,,,,,__ALL__,Tất cả nhóm,Miền Bắc,292164832,181,3,1,,,,,,Đồng Hới,100.0,0.59,0.43,20,,,,,,,,,,,,,,,,,,,,,,,,,,,,,,,,,,,,,,,,,,,,,,,,
province_total,,,,,__ALL__,Tất cả nhóm,Miền Nam,4527778,1,1,1,,,,,,Đồng Nai,100.0,0.1,0.01,2,,,,,,,,,,,,,,,,,,,,,,,,,,,,,,,,,,,,,,,,,,,,,,,,
province_total,,,,,__ALL__,Tất cả nhóm,,4313050917,2748,118,82,,,,,,,100.0,100.0,6.28,,,,,,,,,,,,,,,,,,,,,,,,,,,,,,,,,,,,,,,,,,,,,,,,,
region_group,,,,,CITYBIKE_P,Xe phổ thông,Miền Bắc,27595208710,19433,1007,478,,,,,,__REGION__,,56.01,40.2,,,,,,,,,,,,,,,,,,,,,,,,,,,,,,,,,,,,,,,,,,,,,,,,,
region_group,,,,,KIDBIKE_1,Xe trẻ em nhóm 1,Miền Bắc,5925050605,4916,599,324,,,,,,__REGION__,,12.03,8.63,,,,,,,,,,,,,,,,,,,,,,,,,,,,,,,,,,,,,,,,,,,,,,,,,
region_group,,,,,KIDBIKE_2,Xe trẻ em nhóm 2,Miền Bắc,1664695727,2380,317,176,,,,,,__REGION__,,3.38,2.43,,,,,,,,,,,,,,,,,,,,,,,,,,,,,,,,,,,,,,,,,,,,,,,,,
region_group,,,,,SPORTBIKE_A,Xe thể thao nhôm,Miền Bắc,2038146784,742,168,98,,,,,,__REGION__,,4.14,2.97,,,,,,,,,,,,,,,,,,,,,,,,,,,,,,,,,,,,,,,,,,,,,,,,,
region_group,,,,,SPORTBIKE_S,Xe thể thao thép,Miền Bắc,2570552365,1482,245,148,,,,,,__REGION__,,5.22,3.74,,,,,,,,,,,,,,,,,,,,,,,,,,,,,,,,,,,,,,,,,,,,,,,,,
region_group,,,,,,,Miền Bắc,9472531890,5360,560,259,,,,,,__REGION__,,19.23,13.8,,,,,,,,,,,,,,,,,,,,,,,,,,,,,,,,,,,,,,,,,,,,,,,,,
region_group,,,,,CITYBIKE_P,Xe phổ thông,Miền Nam,1406842982,724,92,3,,,,,,__REGION__,,29.75,2.05,,,,,,,,,,,,,,,,,,,,,,,,,,,,,,,,,,,,,,,,,,,,,,,,,
region_group,,,,,KIDBIKE_1,Xe trẻ em nhóm 1,Miền Nam,563939432,338,64,2,,,,,,__REGION__,,11.92,0.82,,,,,,,,,,,,,,,,,,,,,,,,,,,,,,,,,,,,,,,,,,,,,,,,,
region_group,,,,,KIDBIKE_2,Xe trẻ em nhóm 2,Miền Nam,691010865,618,74,2,,,,,,__REGION__,,14.61,1.01,,,,,,,,,,,,,,,,,,,,,,,,,,,,,,,,,,,,,,,,,,,,,,,,,
region_group,,,,,SPORTBIKE_A,Xe thể thao nhôm,Miền Nam,146428334,42,2,1,,,,,,__REGION__,,3.1,0.21,,,,,,,,,,,,,,,,,,,,,,,,,,,,,,,,,,,,,,,,,,,,,,,,,
region_group,,,,,SPORTBIKE_S,Xe thể thao thép,Miền Nam,434740469,169,32,2,,,,,,__REGION__,,9.19,0.63,,,,,,,,,,,,,,,,,,,,,,,,,,,,,,,,,,,,,,,,,,,,,,,,,
region_group,,,,,,,Miền Nam,1486236871,584,73,3,,,,,,__REGION__,,31.43,2.17,,,,,,,,,,,,,,,,,,,,,,,,,,,,,,,,,,,,,,,,,,,,,,,,,
region_group,,,,,CITYBIKE_P,Xe phổ thông,Miền Trung,6953291898,4853,205,100,,,,,,__REGION__,,67.29,10.13,,,,,,,,,,,,,,,,,,,,,,,,,,,,,,,,,,,,,,,,,,,,,,,,,
region_group,,,,,KIDBIKE_1,Xe trẻ em nhóm 1,Miền Trung,863826304,712,97,62,,,,,,__REGION__,,8.36,1.26,,,,,,,,,,,,,,,,,,,,,,,,,,,,,,,,,,,,,,,,,,,,,,,,,
region_group,,,,,KIDBIKE_2,Xe trẻ em nhóm 2,Miền Trung,222876060,284,38,29,,,,,,__REGION__,,2.16,0.32,,,,,,,,,,,,,,,,,,,,,,,,,,,,,,,,,,,,,,,,,,,,,,,,,
region_group,,,,,SPORTBIKE_A,Xe thể thao nhôm,Miền Trung,222133008,76,23,18,,,,,,__REGION__,,2.15,0.32,,,,,,,,,,,,,,,,,,,,,,,,,,,,,,,,,,,,,,,,,,,,,,,,,
region_group,,,,,SPORTBIKE_S,Xe thể thao thép,Miền Trung,268128002,146,36,31,,,,,,__REGION__,,2.59,0.39,,,,,,,,,,,,,,,,,,,,,,,,,,,,,,,,,,,,,,,,,,,,,,,,,
region_group,,,,,,,Miền Trung,1802423083,932,105,61,,,,,,__REGION__,,17.44,2.63,,,,,,,,,,,,,,,,,,,,,,,,,,,,,,,,,,,,,,,,,,,,,,,,,
region_group,,,,,CITYBIKE_P,Xe phổ thông,,2493386800,1562,101,73,,,,,,__REGION__,,57.81,3.63,,,,,,,,,,,,,,,,,,,,,,,,,,,,,,,,,,,,,,,,,,,,,,,,,
region_group,,,,,KIDBIKE_1,Xe trẻ em nhóm 1,,405021613,313,59,47,,,,,,__REGION__,,9.39,0.59,,,,,,,,,,,,,,,,,,,,,,,,,,,,,,,,,,,,,,,,,,,,,,,,,
region_group,,,,,KIDBIKE_2,Xe trẻ em nhóm 2,,204937960,222,36,29,,,,,,__REGION__,,4.75,0.3,,,,,,,,,,,,,,,,,,,,,,,,,,,,,,,,,,,,,,,,,,,,,,,,,
region_group,,,,,SPORTBIKE_A,Xe thể thao nhôm,,37870368,14,4,4,,,,,,__REGION__,,0.88,0.06,,,,,,,,,,,,,,,,,,,,,,,,,,,,,,,,,,,,,,,,,,,,,,,,,
region_group,,,,,SPORTBIKE_S,Xe thể thao thép,,35275000,18,6,6,,,,,,__REGION__,,0.82,0.05,,,,,,,,,,,,,,,,,,,,,,,,,,,,,,,,,,,,,,,,,,,,,,,,,
region_group,,,,,,,,1136559176,619,90,68,,,,,,__REGION__,,26.35,1.66,,,,,,,,,,,,,,,,,,,,,,,,,,,,,,,,,,,,,,,,,,,,,,,,,
region_total,,,,,__ALL__,Tất cả nhóm,Miền Bắc,49266186081,34313,1164,511,,,,,,__REGION__,,100.0,71.77,,,,,,,,,,,,,,,,,,,,,,,,,,,,,,,,,,,,,,,,,,,,,,,,,
region_total,,,,,__ALL__,Tất cả nhóm,Miền Nam,4729198953,2475,126,4,,,,,,__REGION__,,100.0,6.89,,,,,,,,,,,,,,,,,,,,,,,,,,,,,,,,,,,,,,,,,,,,,,,,,
region_total,,,,,__ALL__,Tất cả nhóm,Miền Trung,10332678355,7003,219,105,,,,,,__REGION__,,100.0,15.05,,,,,,,,,,,,,,,,,,,,,,,,,,,,,,,,,,,,,,,,,,,,,,,,,
region_total,,,,,__ALL__,Tất cả nhóm,,4313050917,2748,118,82,,,,,,__REGION__,,100.0,6.28,,,,,,,,,,,,,,,,,,,,,,,,,,,,,,,,,,,,,,,,,,,,,,,,,
national_group,,,,,CITYBIKE_P,Xe phổ thông,__ALL__,38448730390,26572,1405,654,,,,,,__NATIONAL__,,,56.01,,,,,,,,,,,,,,,,,,,,,,,,,,,,,,,,,,,,,,,,,,,,,,,,,
national_group,,,,,KIDBIKE_1,Xe trẻ em nhóm 1,__ALL__,7757837954,6279,819,435,,,,,,__NATIONAL__,,,11.3,,,,,,,,,,,,,,,,,,,,,,,,,,,,,,,,,,,,,,,,,,,,,,,,,
national_group,,,,,KIDBIKE_2,Xe trẻ em nhóm 2,__ALL__,2783520612,3504,465,236,,,,,,__NATIONAL__,,,4.06,,,,,,,,,,,,,,,,,,,,,,,,,,,,,,,,,,,,,,,,,,,,,,,,,
national_group,,,,,SPORTBIKE_A,Xe thể thao nhôm,__ALL__,2444578494,874,197,121,,,,,,__NATIONAL__,,,3.56,,,,,,,,,,,,,,,,,,,,,,,,,,,,,,,,,,,,,,,,,,,,,,,,,
national_group,,,,,SPORTBIKE_S,Xe thể thao thép,__ALL__,3308695836,1815,319,187,,,,,,__NATIONAL__,,,4.82,,,,,,,,,,,,,,,,,,,,,,,,,,,,,,,,,,,,,,,,,,,,,,,,,
national_group,,,,,,,__ALL__,13897751020,7495,828,391,,,,,,__NATIONAL__,,,20.25,,,,,,,,,,,,,,,,,,,,,,,,,,,,,,,,,,,,,,,,,,,,,,,,,
national_total,,,,,__ALL__,Tất cả nhóm,__ALL__,68641114306,46539,1627,702,,,,,,__NATIONAL__,,,100.0,,,,,,,,,,,,,,,,,,,,,,,,,,,,,,,,,,,,,,,,,,,,,,,,,
sku,,,,,CITYBIKE_P,Xe phổ thông,,3537208993,2483,566,347,,,,,,,,,,,000225002023000,Xe đạp Thống Nhất New 26 Kem,Xe New 26,Kem,1619321843,1303.0,296.0,1917887150,1180.0,270.0,11507322900,610.63,1424571.0,1.0,5.15,A,9.2,Ngôi sao,,,,,,,,,,,,,,,,,,,,,,,,,,,,,,
sku,,,,,CITYBIKE_P,Xe phổ thông,,2320473494,1713,480,309,,,,,,,,,,,000224002023000,Xe đạp Thống Nhất New 24 Kem,Xe New 24,Kem,917042024,796.0,235.0,1403431470,917.0,245.0,8420588820,818.23,1354626.0,2.0,8.53,A,6.04,Ngôi sao,,,,,,,,,,,,,,,,,,,,,,,,,,,,,,
sku,,,,,CITYBIKE_P,Xe phổ thông,,1855162820,1211,371,242,,,,,,,,,,,000226003023000,Xe đạp Thống Nhất LD 24-01_2023 Kem,Xe LD 24-01_2023,Kem,693359259,524.0,166.0,1161803561,687.0,205.0,6970821366,905.37,1531926.0,3.0,11.24,A,4.83,Ngôi sao,,,,,,,,,,,,,,,,,,,,,,,,,,,,,,
sku,,,,,CITYBIKE_P,Xe phổ thông,,1811200009,1252,381,270,,,,,,,,,,,000225002015000,Xe đạp Thống Nhất New 26 Café/nâu,Xe New 26,Café/nâu,849378282,663.0,198.0,961821727,589.0,183.0,5770930362,579.43,1446645.0,4.0,13.88,A,4.71,Ngôi sao,,,,,,,,,,,,,,,,,,,,,,,,,,,,,,
sku,,,,,CITYBIKE_P,Xe phổ thông,,1759770654,1190,375,265,,,,,,,,,,,000217003001000,Xe đạp Thống Nhất GN 06-26 2.0 Đen,Xe GN 06-26 2.0,Đen,640455923,496.0,170.0,1119314731,694.0,205.0,6715888386,948.61,1478799.0,5.0,16.44,A,4.58,Ngôi sao,,,,,,,,,,,,,,,,,,,,,,,,,,,,,,
sku,,,,,CITYBIKE_P,Xe phổ thông,,1678308225,1138,383,247,,,,,,,,,,,000225002002000,Xe đạp Thống Nhất New 26 Trắng,Xe New 26,Trắng,891562788,673.0,223.0,786745437,465.0,160.0,4720472622,429.46,1474788.0,6.0,18.88,A,4.37,Bò sữa,,,,,,,,,,,,,,,,,,,,,,,,,,,,,,
sku,,,,,CITYBIKE_P,Xe phổ thông,,1444342063,895,296,208,,,,,,,,,,,000331002008000,Xe đạp Thống Nhất MTB 26-02 Ghi,Xe MTB 26 02,Ghi,549799074,409.0,136.0,894542989,486.0,160.0,5367257934,876.22,1613790.0,7.0,20.99,A,3.76,Ngôi sao,,,,,,,,,,,,,,,,,,,,,,,,,,,,,,
sku,,,,,CITYBIKE_P,Xe phổ thông,,1381409524,941,224,157,,,,,,,,,,,000207004000000,Xe đạp Thống Nhất 219-05-26,Xe 219-05-26,219-05-26,713951387,512.0,106.0,667458137,429.0,118.0,4004748822,460.93,1468023.0,9.0,25.09,A,3.59,Bò sữa,,,,,,,,,,,,,,,,,,,,,,,,,,,,,,
sku,,,,,CITYBIKE_P,Xe phổ thông,,1362615654,770,227,164,,,,,,,,,,,000230002023000,Xe đạp Thống Nhất LD 26 Kem,Xe LD 26,Kem,0,0.0,0.0,1362615654,770.0,227.0,8175693924,,1769631.0,10.0,27.08,A,3.54,Bò sữa,,,,,,,,,,,,,,,,,,,,,,,,,,,,,,
sku,,,,,CITYBIKE_P,Xe phổ thông,,1318725170,910,311,224,,,,,,,,,,,000217003008000,Xe đạp Thống Nhất GN 06-26 2.0 Ghi,Xe GN 06-26 2.0,Ghi,499178239,397.0,148.0,819546931,513.0,163.0,4917281586,885.08,1449149.0,11.0,29.0,A,3.43,Ngôi sao,,,,,,,,,,,,,,,,,,,,,,,,,,,,,,
sku,,,,,CITYBIKE_P,Xe phổ thông,,1308233962,886,129,100,,,,,,,,,,,000401002016000,"Xe đạp Thống Nhất Nữ Truyền thống Lốp đỏ, Ngọc",Xe Nữ,Ngọc,336916666,259.0,42.0,971317296,627.0,87.0,5827903776,1629.78,1476562.0,12.0,30.9,A,3.4,Ngôi sao,,,,,,,,,,,,,,,,,,,,,,,,,,,,,,
sku,,,,,CITYBIKE_P,Xe phổ thông,,1172070127,832,301,217,,,,,,,,,,,000225002025000,Xe đạp Thống Nhất New 26 Xanh mint,Xe New 26,Xanh mint,584952650,474.0,166.0,587117477,358.0,135.0,3522704862,502.22,1408738.0,13.0,32.61,A,3.05,Ngôi sao,,,,,,,,,,,,,,,,,,,,,,,,,,,,,,
sku,,,,,CITYBIKE_P,Xe phổ thông,,1112254536,821,294,218,,,,,,,,,,,000224002015000,Xe đạp Thống Nhất New 24 Café/nâu,Xe New 24,Café/nâu,475967124,414.0,150.0,636287412,407.0,144.0,3817724472,702.1,1354756.0,14.0,34.23,A,2.89,Ngôi sao,,,,,,,,,,,,,,,,,,,,,,,,,,,,,,
sku,,,,,CITYBIKE_P,Xe phổ thông,,792797344,571,233,177,,,,,,,,,,,000216003001000,Xe đạp Thống Nhất GN 06-24 2.0 Đen,Xe GN 06-24 2.0,Đen,283534722,236.0,101.0,509262622,335.0,132.0,3055575732,977.67,1388437.0,18.0,39.49,A,2.06,Ngôi sao,,,,,,,,,,,,,,,,,,,,,,,,,,,,,,
sku,,,,,CITYBIKE_P,Xe phổ thông,,779729677,576,250,197,,,,,,,,,,,000224002002000,Xe đạp Thống Nhất New 24 Trắng,Xe New 24,Trắng,379727576,318.0,130.0,400002101,258.0,120.0,2400012606,532.04,1353697.0,19.0,40.62,A,2.03,Ngôi sao,,,,,,,,,,,,,,,,,,,,,,,,,,,,,,
sku,,,,,CITYBIKE_P,Xe phổ thông,,777028965,532,212,159,,,,,,,,,,,000216003008000,Xe đạp Thống Nhất GN 06-24 2.0 Ghi,Xe GN 06-24 2.0,Ghi,147934722,123.0,66.0,629094243,409.0,146.0,3774565458,2451.51,1460581.0,20.0,41.76,A,2.02,Ngôi sao,,,,,,,,,,,,,,,,,,,,,,,,,,,,,,
sku,,,,,CITYBIKE_P,Xe phổ thông,,773837487,573,241,188,,,,,,,,,,,000224002026000,Xe đạp Thống Nhất New 24 Xanh mint,Xe New 24,Xanh mint,333801572,293.0,123.0,440035915,280.0,118.0,2640215490,690.95,1350502.0,21.0,42.88,A,2.01,Ngôi sao,,,,,,,,,,,,,,,,,,,,,,,,,,,,,,
sku,,,,,CITYBIKE_P,Xe phổ thông,,718796802,510,220,149,,,,,,,,,,,000226003002000,Xe đạp Thống Nhất LD 24-01_2023 Trắng,Xe LD 24-01_2023,Trắng,361982962,286.0,119.0,356813840,224.0,101.0,2140883040,491.43,1409405.0,23.0,44.99,A,1.87,Ngôi sao,,,,,,,,,,,,,,,,,,,,,,,,,,,,,,
sku,,,,,CITYBIKE_P,Xe phổ thông,,686770756,484,153,118,,,,,,,,,,,000214004000000,Xe đạp Thống Nhất GN 05-26,Xe GN 05-26,05-26,366029168,273.0,92.0,320741588,211.0,61.0,1924449528,425.76,1418948.0,26.0,48.05,A,1.79,Bò sữa,,,,,,,,,,,,,,,,,,,,,,,,,,,,,,
sku,,,,,CITYBIKE_P,Xe phổ thông,,682150847,518,159,133,,,,,,,,,,,000209002025000,Xe đạp Thống Nhất 219-26 Xanh Tím,Xe 219-26,Xanh Tím,347464813,298.0,98.0,334686034,220.0,61.0,2008116204,477.93,1316894.0,27.0,49.04,A,1.77,Bò sữa,,,,,,,,,,,,,,,,,,,,,,,,,,,,,,
sku,,,,,CITYBIKE_P,Xe phổ thông,,610686802,402,185,144,,,,,,,,,,,000331002022000,Xe đạp Thống Nhất MTB 26-02 Xanh dương,Xe MTB 26 02,Xanh dương,361662963,262.0,103.0,249023839,140.0,82.0,1494143034,313.13,1519121.0,31.0,52.71,A,1.59,Bò sữa,,,,,,,,,,,,,,,,,,,,,,,,,,,,,,
sku,,,,,CITYBIKE_P,Xe phổ thông,,530851824,358,139,95,,,,,,,,,,,000226003015000,Xe đạp Thống Nhất LD 24-01_2023 Café/nâu,Xe LD 24-01_2023,Café/nâu,326959259,232.0,80.0,203892565,126.0,59.0,1223355390,274.16,1482826.0,34.0,55.15,A,1.38,Bò sữa,,,,,,,,,,,,,,,,,,,,,,,,,,,,,,
sku,,,,,CITYBIKE_P,Xe phổ thông,,506745338,358,157,113,,,,,,,,,,,000226003014000,Xe đạp Thống Nhất LD 24-01_2023 Xanh Santorini,Xe LD 24-01_2023,Xanh Santorini,279929628,218.0,90.0,226815710,140.0,67.0,1360894260,386.16,1415490.0,37.0,57.4,A,1.32,Bò sữa,,,,,,,,,,,,,,,,,,,,,,,,,,,,,,
sku,,,,,CITYBIKE_P,Xe phổ thông,,483900907,325,25,20,,,,,,,,,,,000216002007000,Xe đạp Thống Nhất GN 06-24 Coban,Xe GN 06-24,Coban,152975925,105.0,11.0,330924982,220.0,14.0,1985549892,1197.95,1488926.0,43.0,61.71,A,1.26,Ngôi sao,,,,,,,,,,,,,,,,,,,,,,,,,,,,,,
sku,,,,,CITYBIKE_P,Xe phổ thông,,461487169,358,160,129,,,,,,,,,,,000224002009000,Xe đạp Thống Nhất New 24 Hồng,Xe New 24,Hồng,239560000,212.0,94.0,221927169,146.0,66.0,1331563014,455.84,1289070.0,45.0,63.08,A,1.2,Bò sữa,,,,,,,,,,,,,,,,,,,,,,,,,,,,,,
sku,,,,,CITYBIKE_P,Xe phổ thông,,433796953,243,110,88,,,,,,,,,,,000230002002000,Xe đạp Thống Nhất LD 26 Trắng,Xe LD 26,Trắng,9717500,5.0,2.0,424079453,238.0,108.0,2544476718,26084.48,1785173.0,49.0,65.7,A,1.13,Ngôi sao,,,,,,,,,,,,,,,,,,,,,,,,,,,,,,
sku,,,,,CITYBIKE_P,Xe phổ thông,,428189253,283,102,88,,,,,,,,,,,000225002004000,Xe đạp Thống Nhất New 26 Đỏ tươi,Xe New 26,Đỏ tươi,337658700,227.0,61.0,90530553,56.0,41.0,543183318,60.87,1513036.0,50.0,66.32,A,1.11,Bò sữa,,,,,,,,,,,,,,,,,,,,,,,,,,,,,,
sku,,,,,CITYBIKE_P,Xe phổ thông,,426110141,321,132,98,,,,,,,,,,,000217002001000,Xe đạp Thống Nhất GN 06-26 Đen,Xe GN 06-26,Đen,222473147,184.0,73.0,203636994,137.0,59.0,1221821964,449.2,1327446.0,51.0,66.94,A,1.11,Bò sữa,,,,,,,,,,,,,,,,,,,,,,,,,,,,,,
sku,,,,,CITYBIKE_P,Xe phổ thông,,413084716,339,145,102,,,,,,,,,,,000330002001000,Xe đạp Thống Nhất MTB 24-03 Đen,Xe MTB 24-03,Đen,413084716,339.0,145.0,0,0.0,0.0,0,-100.0,1218539.0,54.0,68.77,A,1.07,Bò sữa,,,,,,,,,,,,,,,,,,,,,,,,,,,,,,
sku,,,,,CITYBIKE_P,Xe phổ thông,,394773111,280,60,48,,,,,,,,,,,000208002003000,Xe đạp Thống Nhất 219-24 Đỏ đun,Xe 219-24,Đỏ đun,160118519,119.0,24.0,234654592,161.0,36.0,1407927552,779.3,1409904.0,55.0,69.35,A,1.03,Ngôi sao,,,,,,,,,,,,,,,,,,,,,,,,,,,,,,
sku,,,,,CITYBIKE_P,Xe phổ thông,,380212439,288,92,81,,,,,,,,,,,000209002003000,Xe đạp Thống Nhất 219-26 Đỏ đun,Xe 219-26,Đỏ đun,170318051,145.0,54.0,209894388,143.0,38.0,1259366328,639.42,1320182.0,56.0,69.9,A,0.99,Ngôi sao,,,,,,,,,,,,,,,,,,,,,,,,,,,,,,
sku,,,,,CITYBIKE_P,Xe phổ thông,,360359486,248,81,57,,,,,,,,,,,000215004000000,Xe đạp Thống Nhất GN 05-27,Xe GN 05-27,05-27,232241013,169.0,46.0,128118473,79.0,35.0,768710838,231.0,1453062.0,58.0,70.96,B,0.94,Bò sữa,,,,,,,,,,,,,,,,,,,,,,,,,,,,,,
sku,,,,,CITYBIKE_P,Xe phổ thông,,355948424,261,134,93,,,,,,,,,,,000330002002200,Xe đạp Thống Nhất MTB 24-03 Xanh dương,Xe MTB 24-03,Xanh dương,355948424,261.0,134.0,0,0.0,0.0,0,-100.0,1363787.0,59.0,71.48,B,0.93,Bò sữa,,,,,,,,,,,,,,,,,,,,,,,,,,,,,,
sku,,,,,CITYBIKE_P,Xe phổ thông,,353143755,224,127,97,,,,,,,,,,,000331002004000,Xe đạp Thống Nhất MTB 26-02 Đỏ tươi,Xe MTB 26 02,Đỏ tươi,141540278,104.0,58.0,211603477,120.0,69.0,1269620862,797.0,1576535.0,60.0,71.99,B,0.92,Dấu hỏi,,,,,,,,,,,,,,,,,,,,,,,,,,,,,,
sku,,,,,CITYBIKE_P,Xe phổ thông,,345344373,235,37,34,,,,,,,,,,,000401002016002,"Xe đạp Thống Nhất Nữ Truyền thống Lốp 2 màu, Ngọc",Xe Nữ,Ngọc,138233333,100.0,18.0,207111040,135.0,19.0,1242666240,798.96,1469551.0,61.0,72.5,B,0.9,Dấu hỏi,,,,,,,,,,,,,,,,,,,,,,,,,,,,,,
sku,,,,,CITYBIKE_P,Xe phổ thông,,319725888,211,79,70,,,,,,,,,,,000209002007000,Xe đạp Thống Nhất 219-26 Coban,Xe 219-26,Coban,108162035,84.0,39.0,211563853,127.0,40.0,1269383118,1073.59,1515289.0,65.0,74.41,B,0.83,Dấu hỏi,,,,,,,,,,,,,,,,,,,,,,,,,,,,,,
sku,,,,,CITYBIKE_P,Xe phổ thông,,318513650,236,109,92,,,,,,,,,,,000224002024000,Xe đạp Thống Nhất New 24 Tím,Xe New 24,Tím,139441572,121.0,52.0,179072078,115.0,57.0,1074432468,670.53,1349634.0,66.0,74.87,B,0.83,Dấu hỏi,,,,,,,,,,,,,,,,,,,,,,,,,,,,,,
sku,,,,,CITYBIKE_P,Xe phổ thông,,313868882,229,104,96,,,,,,,,,,,000225002009000,Xe đạp Thống Nhất New 26 Hồng,Xe New 26,Hồng,161796943,136.0,60.0,152071939,93.0,44.0,912431634,463.94,1370606.0,67.0,75.33,B,0.82,Con chó,,,,,,,,,,,,,,,,,,,,,,,,,,,,,,
sku,,,,,CITYBIKE_P,Xe phổ thông,,295741476,217,100,85,,,,,,,,,,,000225002024000,Xe đạp Thống Nhất New 26 Tím,Xe New 26,Tím,150435924,126.0,54.0,145305552,91.0,46.0,871833312,479.54,1362864.0,70.0,76.64,B,0.77,Dấu hỏi,,,,,,,,,,,,,,,,,,,,,,,,,,,,,,
sku,,,,,CITYBIKE_P,Xe phổ thông,,271683764,196,93,75,,,,,,,,,,,000217002007000,Xe đạp Thống Nhất GN 06-26 Coban,Xe GN 06-26,Coban,134548612,104.0,51.0,137135152,92.0,42.0,822810912,511.53,1386142.0,75.0,78.69,B,0.71,Dấu hỏi,,,,,,,,,,,,,,,,,,,,,,,,,,,,,,
sku,,,,,CITYBIKE_P,Xe phổ thông,,265837635,150,76,53,,,,,,,,,,,000230002014000,Xe đạp Thống Nhất LD 26 Xanh Santorini,Xe LD 26,Xanh Santorini,0,0.0,0.0,265837635,150.0,76.0,1595025810,,1772251.0,77.0,79.47,B,0.69,Con chó,,,,,,,,,,,,,,,,,,,,,,,,,,,,,,
sku,,,,,CITYBIKE_P,Xe phổ thông,,262572209,184,35,30,,,,,,,,,,,000208002007000,Xe đạp Thống Nhất 219-24 Coban,Xe 219-24,Coban,184233332,130.0,16.0,78338877,54.0,19.0,470033262,155.13,1427023.0,78.0,79.85,B,0.68,Con chó,,,,,,,,,,,,,,,,,,,,,,,,,,,,,,
sku,,,,,CITYBIKE_P,Xe phổ thông,,261500720,182,79,67,,,,,,,,,,,000224002004000,Xe đạp Thống Nhất New 24 Đỏ tươi,Xe New 24,Đỏ tươi,186009072,132.0,46.0,75491648,50.0,33.0,452949888,143.51,1436817.0,80.0,80.62,B,0.68,Con chó,,,,,,,,,,,,,,,,,,,,,,,,,,,,,,
sku,,,,,CITYBIKE_P,Xe phổ thông,,257756008,161,40,34,,,,,,,,,,,000218002007000,Xe đạp Thống Nhất GN 06-27 Coban,Xe GN 06-27,Coban,210424535,134.0,26.0,47331473,27.0,14.0,283988838,34.96,1600969.0,82.0,81.37,B,0.67,Con chó,,,,,,,,,,,,,,,,,,,,,,,,,,,,,,
sku,,,,,CITYBIKE_P,Xe phổ thông,,256620357,186,38,32,,,,,,,,,,,000216002001000,Xe đạp Thống Nhất GN 06-24 Đen,Xe GN 06-24,Đen,118107407,92.0,18.0,138512950,94.0,20.0,831077700,603.66,1379679.0,83.0,81.75,B,0.67,Dấu hỏi,,,,,,,,,,,,,,,,,,,,,,,,,,,,,,
sku,,,,,CITYBIKE_P,Xe phổ thông,,251803675,191,74,57,,,,,,,,,,,000208002023000,Xe đạp Thống Nhất 219-24 Xanh Tím,Xe 219-24,Xanh Tím,95938889,83.0,29.0,155864786,108.0,45.0,935188716,874.78,1318344.0,84.0,82.11,B,0.65,Dấu hỏi,,,,,,,,,,,,,,,,,,,,,,,,,,,,,,
sku,,,,,CITYBIKE_P,Xe phổ thông,,238478552,151,84,70,,,,,,,,,,,000217003005000,Xe đạp Thống Nhất GN 06-26 2.0 Cam,Xe GN 06-26 2.0,Cam,94373975,62.0,34.0,144104577,89.0,50.0,864627462,816.17,1579328.0,88.0,83.54,B,0.62,Dấu hỏi,,,,,,,,,,,,,,,,,,,,,,,,,,,,,,
sku,,,,,CITYBIKE_P,Xe phổ thông,,211300929,139,50,44,,,,,,,,,,,000217002003000,Xe đạp Thống Nhất GN 06-26 Đỏ đun,Xe GN 06-26,Đỏ đun,118392592,86.0,35.0,92908337,53.0,15.0,557450022,370.85,1520151.0,91.0,84.49,B,0.55,Con chó,,,,,,,,,,,,,,,,,,,,,,,,,,,,,,
sku,,,,,CITYBIKE_P,Xe phổ thông,,188916626,134,80,67,,,,,,,,,,,000216003005000,Xe đạp Thống Nhất GN 06-24 2.0 Cam,Xe GN 06-24 2.0,Cam,61200000,51.0,32.0,127716626,83.0,48.0,766299756,1152.12,1409826.0,97.0,86.22,B,0.49,Dấu hỏi,,,,,,,,,,,,,,,,,,,,,,,,,,,,,,
sku,,,,,CITYBIKE_P,Xe phổ thông,,158200826,121,35,31,,,,,,,,,,,000218002001000,Xe đạp Thống Nhất GN 06-27 Đen,Xe GN 06-27,Đen,145956386,113.0,28.0,12244440,8.0,7.0,73466640,-49.67,1307445.0,108.0,88.9,B,0.41,Con chó,,,,,,,,,,,,,,,,,,,,,,,,,,,,,,
sku,,,,,CITYBIKE_P,Xe phổ thông,,150251388,117,44,35,,,,,,,,,,,000218003008000,Xe đạp Thống Nhất GN 06-27 2.0 Ghi,Xe GN 06-27 2.0,Ghi,150251388,117.0,44.0,0,0.0,0.0,0,-100.0,1284200.0,113.0,90.02,C,0.39,Con chó,,,,,,,,,,,,,,,,,,,,,,,,,,,,,,
sku,,,,,CITYBIKE_P,Xe phổ thông,,89285092,70,30,28,,,,,,,,,,,000218003001000,Xe đạp Thống Nhất GN 06-27 2.0 Đen,Xe GN 06-27 2.0,Đen,89285092,70.0,30.0,0,0.0,0.0,0,-100.0,1275501.0,136.0,94.09,C,0.23,Con chó,,,,,,,,,,,,,,,,,,,,,,,,,,,,,,
sku,,,,,CITYBIKE_P,Xe phổ thông,,71369813,39,13,3,,,,,,,,,,,000227002014000,Xe đạp Thống Nhất LD 24-02 Xanh Santorini,Xe LD 24-02,Xanh Santorini,71369813,39.0,13.0,0,0.0,0.0,0,-100.0,1829995.0,146.0,95.28,C,0.19,Con chó,,,,,,,,,,,,,,,,,,,,,,,,,,,,,,
sku,,,,,CITYBIKE_P,Xe phổ thông,,71226385,58,15,13,,,,,,,,,,,000218002003000,Xe đạp Thống Nhất GN 06-27 Đỏ đun,Xe GN 06-27,Đỏ đun,60498611,51.0,10.0,10727774,7.0,5.0,64366644,6.39,1228041.0,147.0,95.39,C,0.19,Con chó,,,,,,,,,,,,,,,,,,,,,,,,,,,,,,
sku,,,,,CITYBIKE_P,Xe phổ thông,,68611111,38,1,1,,,,,,,,,,,000225002002001,Xe đạp Thống Nhất New 26 Trắng DA HP,Xe New 26,HP,0,0.0,0.0,68611111,38.0,1.0,411666666,,1805556.0,150.0,95.69,C,0.18,Con chó,,,,,,,,,,,,,,,,,,,,,,,,,,,,,,
sku,,,,,CITYBIKE_P,Xe phổ thông,,68611111,38,1,1,,,,,,,,,,,000225002007001,Xe đạp Thống Nhất New 26 Xanh DA HP,Xe New 26,HP,0,0.0,0.0,68611111,38.0,1.0,411666666,,1805556.0,151.0,95.79,C,0.18,Con chó,,,,,,,,,,,,,,,,,,,,,,,,,,,,,,
sku,,,,,CITYBIKE_P,Xe phổ thông,,66805555,37,1,1,,,,,,,,,,,000225002015001,Xe đạp Thống Nhất New 26 Café/nâu DA HP,Xe New 26,HP,0,0.0,0.0,66805555,37.0,1.0,400833330,,1805556.0,155.0,96.19,C,0.17,Con chó,,,,,,,,,,,,,,,,,,,,,,,,,,,,,,
sku,,,,,CITYBIKE_P,Xe phổ thông,,66805555,37,1,1,,,,,,,,,,,000225002004001,Xe đạp Thống Nhất New 26 màu đỏ DA HP,Xe New 26,HP,0,0.0,0.0,66805555,37.0,1.0,400833330,,1805556.0,156.0,96.28,C,0.17,Con chó,,,,,,,,,,,,,,,,,,,,,,,,,,,,,,
sku,,,,,CITYBIKE_P,Xe phổ thông,,66425092,52,12,9,,,,,,,,,,,000218003005000,Xe đạp Thống Nhất GN 06-27 2.0 Cam,Xe GN 06-27 2.0,Cam,66425092,52.0,12.0,0,0.0,0.0,0,-100.0,1277406.0,158.0,96.48,C,0.17,Con chó,,,,,,,,,,,,,,,,,,,,,,,,,,,,,,
sku,,,,,CITYBIKE_P,Xe phổ thông,,44050458,32,12,12,,,,,,,,,,,000216002003000,Xe đạp Thống Nhất GN 06-24 Đỏ đun,Xe GN 06-24,Đỏ đun,20011574,15.0,6.0,24038884,17.0,6.0,144233304,620.75,1376577.0,180.0,98.19,C,0.11,Dấu hỏi,,,,,,,,,,,,,,,,,,,,,,,,,,,,,,
sku,,,,,CITYBIKE_P,Xe phổ thông,,18198611,12,7,7,,,,,,,,,,,000490002004000,Xe đạp đôi Thống Nhất 26 Đỏ tươi,Xe đạp đôi 26,Đỏ tươi,18198611,12.0,7.0,0,0.0,0.0,0,-100.0,1516551.0,214.0,99.57,C,0.05,Con chó,,,,,,,,,,,,,,,,,,,,,,,,,,,,,,
sku,,,,,CITYBIKE_P,Xe phổ thông,,16797222,10,6,6,,,,,,,,,,,000490002007000,Xe đạp đôi Thống Nhất 26 Coban,Xe đạp đôi 26,Coban,16797222,10.0,6.0,0,0.0,0.0,0,-100.0,1679722.0,216.0,99.62,C,0.04,Con chó,,,,,,,,,,,,,,,,,,,,,,,,,,,,,,
sku,,,,,CITYBIKE_P,Xe phổ thông,,14000000,10,6,5,,,,,,,,,,,000490002009000,Xe đạp đôi Thống Nhất 26 Hồng,Xe đạp đôi 26,Hồng,14000000,10.0,6.0,0,0.0,0.0,0,-100.0,1400000.0,221.0,99.73,C,0.04,Con chó,,,,,,,,,,,,,,,,,,,,,,,,,,,,,,
sku,,,,,CITYBIKE_P,Xe phổ thông,,3750000,3,1,1,,,,,,,,,,,000230002001000,Xe đạp Thống Nhất M 27-01 Đen,Xe M 27-01,Đen,3750000,3.0,1.0,0,0.0,0.0,0,-100.0,1250000.0,242.0,99.99,C,0.01,Con chó,,,,,,,,,,,,,,,,,,,,,,,,,,,,,,
sku,,,,,CITYBIKE_P,Xe phổ thông,,2500000,2,1,1,,,,,,,,,,,000230002027000,Xe đạp Thống Nhất M 27-01 Xanh nước biển,Xe M 27-01,Xanh nước biển,2500000,2.0,1.0,0,0.0,0.0,0,-100.0,1250000.0,243.0,99.99,C,0.01,Con chó,,,,,,,,,,,,,,,,,,,,,,,,,,,,,,
sku,,,,,KIDBIKE_1,Xe trẻ em nhóm 1,,1434516070,1162,380,250,,,,,,,,,,,000125002009000,Xe đạp Thống Nhất Puppy 20 Hồng,Xe Puppy 20,Hồng,543273886,466.0,171.0,891242184,696.0,209.0,5347453104,884.3,1234523.0,8.0,23.08,A,18.49,Ngôi sao,,,,,,,,,,,,,,,,,,,,,,,,,,,,,,
sku,,,,,KIDBIKE_1,Xe trẻ em nhóm 1,,833759844,702,300,229,,,,,,,,,,,000125002023000,Xe đạp Thống Nhất Puppy 20 Kem,Xe Puppy 20,Kem,343298046,322.0,148.0,490461798,380.0,152.0,2942770788,757.21,1187692.0,17.0,38.33,A,10.75,Ngôi sao,,,,,,,,,,,,,,,,,,,,,,,,,,,,,,
sku,,,,,KIDBIKE_1,Xe trẻ em nhóm 1,,693316689,574,219,168,,,,,,,,,,,000131002001002,Xe đạp Thống Nhất GN 06 20 2024 Đen,Xe GN 06 20 2024,Đen,331980091,273.0,101.0,361336598,301.0,118.0,2168019588,553.06,1207869.0,25.0,47.05,A,8.94,Ngôi sao,,,,,,,,,,,,,,,,,,,,,,,,,,,,,,
sku,,,,,KIDBIKE_1,Xe trẻ em nhóm 1,,650642097,544,235,173,,,,,,,,,,,000125002013000,Xe đạp Thống Nhất Puppy 20 Xanh,Xe Puppy 20,Xanh,242743880,227.0,105.0,407898217,317.0,130.0,2447389302,908.22,1196033.0,28.0,49.99,A,8.39,Ngôi sao,,,,,,,,,,,,,,,,,,,,,,,,,,,,,,
sku,,,,,KIDBIKE_1,Xe trẻ em nhóm 1,,526713455,440,205,150,,,,,,,,,,,000131002008001,Xe đạp Thống Nhất GN 06 20 2024 Ghi,Xe GN 06 20 2024,Ghi,255579165,213.0,96.0,271134290,227.0,109.0,1626805740,536.52,1197076.0,35.0,55.92,A,6.79,Ngôi sao,,,,,,,,,,,,,,,,,,,,,,,,,,,,,,
sku,,,,,KIDBIKE_1,Xe trẻ em nhóm 1,,481958334,342,76,55,,,,,,,,,,,000305002022000,Xe đạp Thống Nhất MTB 20-05 Xanh dương,Xe MTB 20-05,Xanh dương,481958334,342.0,76.0,0,0.0,0.0,0,-100.0,1409235.0,44.0,62.41,A,6.21,Bò sữa,,,,,,,,,,,,,,,,,,,,,,,,,,,,,,
sku,,,,,KIDBIKE_1,Xe trẻ em nhóm 1,,452090245,264,88,48,,,,,,,,,,,000334002013000,Xe đạp Thống Nhất Super 20 Xanh,Xe TE Super 20,Xanh,240786944,149.0,49.0,211303301,115.0,39.0,1267819806,426.53,1712463.0,48.0,65.07,A,5.83,Ngôi sao,,,,,,,,,,,,,,,,,,,,,,,,,,,,,,
sku,,,,,KIDBIKE_1,Xe trẻ em nhóm 1,,418126327,354,174,122,,,,,,,,,,,000125002002000,Xe đạp Thống Nhất Puppy 20 Trắng,Xe Puppy 20,Trắng,174471660,163.0,79.0,243654667,191.0,95.0,1461928002,737.92,1181148.0,53.0,68.17,A,5.39,Ngôi sao,,,,,,,,,,,,,,,,,,,,,,,,,,,,,,
sku,,,,,KIDBIKE_1,Xe trẻ em nhóm 1,,305581626,258,141,108,,,,,,,,,,,000131002004005,Xe đạp Thống Nhất GN 06 20 2024 Đỏ,Xe GN 06 20 2024,Đỏ,135743055,115.0,61.0,169838571,143.0,80.0,1019031426,650.71,1184425.0,68.0,75.78,B,3.94,Ngôi sao,,,,,,,,,,,,,,,,,,,,,,,,,,,,,,
sku,,,,,KIDBIKE_1,Xe trẻ em nhóm 1,,297616254,250,142,112,,,,,,,,,,,000131002019002,Xe đạp Thống Nhất GN 06 20 2024 Vàng,Xe GN 06 20 2024,Vàng,130347685,110.0,67.0,167268569,140.0,75.0,1003611414,669.95,1190465.0,69.0,76.21,B,3.84,Ngôi sao,,,,,,,,,,,,,,,,,,,,,,,,,,,,,,
sku,,,,,KIDBIKE_1,Xe trẻ em nhóm 1,,248198319,229,44,33,,,,,,,,,,,000122002009000,Xe đạp Thống Nhất Neo 20-02 Hồng,Xe Neo 20-02,Hồng,117600000,112.0,24.0,130598319,117.0,20.0,783589914,566.32,1083835.0,86.0,82.84,B,3.2,Ngôi sao,,,,,,,,,,,,,,,,,,,,,,,,,,,,,,
sku,,,,,KIDBIKE_1,Xe trẻ em nhóm 1,,227133329,214,83,63,,,,,,,,,,,000305002001000,Xe đạp Thống Nhất MTB 20-05 Đen,Xe MTB 20-05,Đen,227133329,214.0,83.0,0,0.0,0.0,0,-100.0,1061371.0,89.0,83.88,B,2.93,Bò sữa,,,,,,,,,,,,,,,,,,,,,,,,,,,,,,
sku,,,,,KIDBIKE_1,Xe trẻ em nhóm 1,,192771629,140,70,54,,,,,,,,,,,000334002001000,Xe đạp Thống Nhất Super 20 Đen,Xe TE Super 20,Đen,94380000,78.0,30.0,98391629,62.0,40.0,590349774,525.5,1376940.0,96.0,85.94,B,2.48,Ngôi sao,,,,,,,,,,,,,,,,,,,,,,,,,,,,,,
sku,,,,,KIDBIKE_1,Xe trẻ em nhóm 1,,157993867,119,62,50,,,,,,,,,,,000334002004000,Xe đạp Thống Nhất Super 20 Đỏ,Xe TE Super 20,Đỏ,94380000,78.0,36.0,63613867,41.0,26.0,381683202,304.41,1327680.0,109.0,89.13,B,2.04,Ngôi sao,,,,,,,,,,,,,,,,,,,,,,,,,,,,,,
sku,,,,,KIDBIKE_1,Xe trẻ em nhóm 1,,141080553,121,21,16,,,,,,,,,,,000122002004000,Xe đạp Thống Nhất Neo 20-02 Đỏ tươi,Xe Neo 20-02,Đỏ tươi,121080555,103.0,13.0,19999998,18.0,8.0,119999988,-0.89,1165955.0,117.0,90.87,C,1.82,Bò sữa,,,,,,,,,,,,,,,,,,,,,,,,,,,,,,
sku,,,,,KIDBIKE_1,Xe trẻ em nhóm 1,,100105553,94,23,17,,,,,,,,,,,000122002007000,Xe đạp Thống Nhất Neo 20-02 Coban,Xe Neo 20-02,Coban,74550000,71.0,14.0,25555553,23.0,9.0,153333318,105.68,1064953.0,134.0,93.82,C,1.29,Bò sữa,,,,,,,,,,,,,,,,,,,,,,,,,,,,,,
sku,,,,,KIDBIKE_1,Xe trẻ em nhóm 1,,68089712,51,22,17,,,,,,,,,,,000124002009000,Xe đạp Thống Nhất Neo 2004 Hồng,Xe Neo 2004,Hồng,40928611,30.0,16.0,27161101,21.0,6.0,162966606,298.17,1335092.0,153.0,95.99,C,0.88,Dấu hỏi,,,,,,,,,,,,,,,,,,,,,,,,,,,,,,
sku,,,,,KIDBIKE_1,Xe trẻ em nhóm 1,,64050000,61,9,6,,,,,,,,,,,000122002002000,Xe đạp Thống Nhất Neo 20-02 Trắng,Xe Neo 20-02,Trắng,64050000,61.0,9.0,0,0.0,0.0,0,-100.0,1050000.0,159.0,96.57,C,0.83,Con chó,,,,,,,,,,,,,,,,,,,,,,,,,,,,,,
sku,,,,,KIDBIKE_1,Xe trẻ em nhóm 1,,60771388,52,18,14,,,,,,,,,,,000124002024000,Xe đạp Thống Nhất Neo 2004 Tím,Xe Neo 2004,Tím,38549168,32.0,14.0,22222220,20.0,4.0,133333320,245.88,1168681.0,164.0,97.03,C,0.78,Dấu hỏi,,,,,,,,,,,,,,,,,,,,,,,,,,,,,,
sku,,,,,KIDBIKE_1,Xe trẻ em nhóm 1,,59798606,37,6,3,,,,,,,,,,,000304002004000,Xe đạp Thống Nhất MTB 20-04 Tem đỏ,Xe MTB 20-04,Tem đỏ,59798606,37.0,6.0,0,0.0,0.0,0,-100.0,1616179.0,165.0,97.12,C,0.77,Con chó,,,,,,,,,,,,,,,,,,,,,,,,,,,,,,
sku,,,,,KIDBIKE_1,Xe trẻ em nhóm 1,,56668886,41,6,5,,,,,,,,,,,000124002004000,Xe đạp Thống Nhất Neo 2004 Đỏ tươi,Xe Neo 2004,Đỏ tươi,1050000,1.0,1.0,55618886,40.0,5.0,333713316,31682.22,1382168.0,168.0,97.37,C,0.73,Dấu hỏi,,,,,,,,,,,,,,,,,,,,,,,,,,,,,,
sku,,,,,KIDBIKE_1,Xe trẻ em nhóm 1,,46375274,35,22,9,,,,,,,,,,,000122002022000,Xe đạp Thống Nhất Bubbles 20 Xanh,Xe Neo 20-02 Bubble,Xanh,0,0.0,0.0,46375274,35.0,22.0,278251644,,1325008.0,174.0,97.8,C,0.6,Con chó,,,,,,,,,,,,,,,,,,,,,,,,,,,,,,
sku,,,,,KIDBIKE_1,Xe trẻ em nhóm 1,,46074070,30,2,2,,,,,,,,,,,000304002019000,Xe đạp Thống Nhất MTB 20-04 Tem Vàng,Xe MTB 20-04,Vàng,46074070,30.0,2.0,0,0.0,0.0,0,-100.0,1535802.0,175.0,97.86,C,0.59,Con chó,,,,,,,,,,,,,,,,,,,,,,,,,,,,,,
sku,,,,,KIDBIKE_1,Xe trẻ em nhóm 1,,39373604,30,19,12,,,,,,,,,,,000122002019000,Xe đạp Thống Nhất Bubbles 20 Vàng chanh,Xe Neo 20-02 Bubble,chanh,0,0.0,0.0,39373604,30.0,19.0,236241624,,1312453.0,187.0,98.61,C,0.51,Con chó,,,,,,,,,,,,,,,,,,,,,,,,,,,,,,
sku,,,,,KIDBIKE_1,Xe trẻ em nhóm 1,,36427500,29,5,4,,,,,,,,,,,000131002007000,Xe đạp Thống Nhất GN 06 20 Coban,Xe GN 06 20,Coban,36427500,29.0,5.0,0,0.0,0.0,0,-100.0,1256121.0,190.0,98.77,C,0.47,Con chó,,,,,,,,,,,,,,,,,,,,,,,,,,,,,,
sku,,,,,KIDBIKE_1,Xe trẻ em nhóm 1,,31929723,27,4,2,,,,,,,,,,,000123002009000,Xe đạp Thống Nhất Neo 20-03 Hồng,Xe Neo 20-03,Hồng,31929723,27.0,4.0,0,0.0,0.0,0,-100.0,1182582.0,191.0,98.82,C,0.41,Con chó,,,,,,,,,,,,,,,,,,,,,,,,,,,,,,
sku,,,,,KIDBIKE_1,Xe trẻ em nhóm 1,,23100000,22,3,3,,,,,,,,,,,000123002004000,Xe đạp Thống Nhất Neo 20-03 Đỏ tươi,Xe Neo 20-03,Đỏ tươi,23100000,22.0,3.0,0,0.0,0.0,0,-100.0,1050000.0,199.0,99.13,C,0.3,Con chó,,,,,,,,,,,,,,,,,,,,,,,,,,,,,,
sku,,,,,KIDBIKE_1,Xe trẻ em nhóm 1,,22000000,20,1,1,,,,,,,,,,,000304002005000,Xe đạp Thống Nhất MTB 20-04 Tem cam,Xe MTB 20-04,Tem cam,22000000,20.0,1.0,0,0.0,0.0,0,-100.0,1100000.0,202.0,99.23,C,0.28,Con chó,,,,,,,,,,,,,,,,,,,,,,,,,,,,,,
sku,,,,,KIDBIKE_1,Xe trẻ em nhóm 1,,21000000,20,1,1,,,,,,,,,,,000123002002000,Xe đạp Thống Nhất Neo 20-03 Trắng,Xe Neo 20-03,Trắng,21000000,20.0,1.0,0,0.0,0.0,0,-100.0,1050000.0,204.0,99.29,C,0.27,Con chó,,,,,,,,,,,,,,,,,,,,,,,,,,,,,,
sku,,,,,KIDBIKE_1,Xe trẻ em nhóm 1,,9000000,9,3,3,,,,,,,,,,,000114002000000,Xe đạp Thống Nhất TE 16-04,Xe TE 16-04,16-04,9000000,9.0,3.0,0,0.0,0.0,0,-100.0,1000000.0,232.0,99.91,C,0.12,Con chó,,,,,,,,,,,,,,,,,,,,,,,,,,,,,,
sku,,,,,KIDBIKE_1,Xe trẻ em nhóm 1,,5881944,3,1,1,,,,,,,,,,,000304002020000,Xe đạp Thống Nhất MTB 20-04 Tem Xanh da trời,Xe MTB 20-04,trời,5881944,3.0,1.0,0,0.0,0.0,0,-100.0,1960648.0,235.0,99.94,C,0.08,Con chó,,,,,,,,,,,,,,,,,,,,,,,,,,,,,,
sku,,,,,KIDBIKE_1,Xe trẻ em nhóm 1,,5693056,5,2,2,,,,,,,,,,,000131002004000,Xe đạp Thống Nhất GN 06 20 Đỏ tươi,Xe GN 06 20,Đỏ tươi,5693056,5.0,2.0,0,0.0,0.0,0,-100.0,1138611.0,236.0,99.95,C,0.07,Con chó,,,,,,,,,,,,,,,,,,,,,,,,,,,,,,
sku,,,,,KIDBIKE_2,Xe trẻ em nhóm 2,,485622223,625,203,142,,,,,,,,,,,1000240020090000,Xe đạp Thống Nhất TE Bunny 16 Hồng,Xe Bunny 16,Hồng,157807485,257.0,85.0,327814738,368.0,118.0,1966888428,1146.38,776996.0,42.0,61.0,A,17.45,Ngôi sao,,,,,,,,,,,,,,,,,,,,,,,,,,,,,,
sku,,,,,KIDBIKE_2,Xe trẻ em nhóm 2,,454386429,577,195,138,,,,,,,,,,,1000270020220000,Xe đạp Thống Nhất TE Spaceboy 16 Xanh dương,Xe Spaceboy 16,Xanh dương,185506660,288.0,94.0,268879769,289.0,101.0,1613278614,769.66,787498.0,47.0,64.41,A,16.32,Bò sữa,,,,,,,,,,,,,,,,,,,,,,,,,,,,,,
sku,,,,,KIDBIKE_2,Xe trẻ em nhóm 2,,327595442,383,132,89,,,,,,,,,,,1000270020150000,Xe đạp Thống Nhất TE Spaceboy 16 Café/nâu,Xe Spaceboy 16,Café/nâu,165905540,219.0,72.0,161689902,164.0,60.0,970139412,484.75,855341.0,64.0,73.94,B,11.77,Bò sữa,,,,,,,,,,,,,,,,,,,,,,,,,,,,,,
sku,,,,,KIDBIKE_2,Xe trẻ em nhóm 2,,286913076,406,125,94,,,,,,,,,,,1000230020090000,Xe đạp Thống Nhất TE Bunny 12 Hồng,Xe Bunny 12,Hồng,82330831,167.0,49.0,204582245,239.0,76.0,1227493470,1390.93,706682.0,72.0,77.48,B,10.31,Ngôi sao,,,,,,,,,,,,,,,,,,,,,,,,,,,,,,
sku,,,,,KIDBIKE_2,Xe trẻ em nhóm 2,,280669161,373,102,69,,,,,,,,,,,1000260020220000,Xe đạp Thống Nhất TE Spaceboy 12 Xanh dương,Xe Spaceboy 12,Xanh dương,148273424,227.0,67.0,132395737,146.0,35.0,794374422,435.75,752464.0,73.0,77.89,B,10.08,Bò sữa,,,,,,,,,,,,,,,,,,,,,,,,,,,,,,
sku,,,,,KIDBIKE_2,Xe trẻ em nhóm 2,,185495352,201,64,28,,,,,,,,,,,1000210020090000,Xe đạp Thống Nhất TE Love 12 Hồng,Xe Love 12,Hồng,92816203,109.0,39.0,92679149,92.0,25.0,556074894,499.11,922862.0,98.0,86.49,B,6.66,Bò sữa,,,,,,,,,,,,,,,,,,,,,,,,,,,,,,
sku,,,,,KIDBIKE_2,Xe trẻ em nhóm 2,,153469687,173,83,46,,,,,,,,,,,1000250020050000,Xe đạp Thống Nhất TE Robot 16 Cam,Xe Robot 16,Cam,52073054,75.0,36.0,101396633,98.0,47.0,608379798,1068.32,887108.0,111.0,89.59,B,5.51,Ngôi sao,,,,,,,,,,,,,,,,,,,,,,,,,,,,,,
sku,,,,,KIDBIKE_2,Xe trẻ em nhóm 2,,149086883,192,80,55,,,,,,,,,,,1000240020220000,Xe đạp Thống Nhất TE Bunny 16 Xanh dương,Xe Bunny 16,Xanh dương,51912496,88.0,31.0,97174387,104.0,49.0,583046322,1023.13,776494.0,114.0,90.24,C,5.36,Dấu hỏi,,,,,,,,,,,,,,,,,,,,,,,,,,,,,,
sku,,,,,KIDBIKE_2,Xe trẻ em nhóm 2,,143550264,142,45,16,,,,,,,,,,,1000220020220000,Xe đạp Thống Nhất TE Love 16 Xanh dương,Xe Love 16,Xanh dương,51809998,58.0,21.0,91740266,84.0,24.0,550441596,962.42,1010917.0,115.0,90.45,C,5.16,Dấu hỏi,,,,,,,,,,,,,,,,,,,,,,,,,,,,,,
sku,,,,,KIDBIKE_2,Xe trẻ em nhóm 2,,130661333,173,80,59,,,,,,,,,,,1000250020220000,Xe đạp Thống Nhất TE Robot 16 Xanh dương,Xe Robot 16,Xanh dương,61573056,94.0,37.0,69088277,79.0,43.0,414529662,573.23,755268.0,122.0,91.84,C,4.69,Con chó,,,,,,,,,,,,,,,,,,,,,,,,,,,,,,
sku,,,,,KIDBIKE_2,Xe trẻ em nhóm 2,,75418028,105,42,31,,,,,,,,,,,1000220020090000,Xe đạp Thống Nhất TE Love 16 Hồng,Xe Love 16,Hồng,43504165,68.0,27.0,31913863,37.0,15.0,191483178,340.15,718267.0,145.0,95.18,C,2.71,Con chó,,,,,,,,,,,,,,,,,,,,,,,,,,,,,,
sku,,,,,KIDBIKE_2,Xe trẻ em nhóm 2,,70014403,96,52,46,,,,,,,,,,,000117002023000,Xe đạp thống nhất TE Bunny 16 Kem,Xe Bunny 16,Kem,23500000,47.0,19.0,46514403,49.0,33.0,279086418,1087.6,729317.0,148.0,95.49,C,2.52,Dấu hỏi,,,,,,,,,,,,,,,,,,,,,,,,,,,,,,
sku,,,,,KIDBIKE_2,Xe trẻ em nhóm 2,,40638331,58,28,23,,,,,,,,,,,000116002023000,Xe đạp thống nhất TE Love 16 Kem,Xe Love 16,Kem,5000000,10.0,7.0,35638331,48.0,21.0,213829986,4176.6,700661.0,185.0,98.5,C,1.46,Dấu hỏi,,,,,,,,,,,,,,,,,,,,,,,,,,,,,,
sku,,,,,SPORTBIKE_A,Xe thể thao nhôm,,501888337,178,61,33,,,,,,,,,,,1000310050010000,Xe đạp Thống Nhất Road RPD 700C Đen,Xe Road RPD 700C,Đen,501888337,178.0,61.0,0,0.0,0.0,0,-100.0,2819597.0,39.0,58.87,A,20.53,Ngôi sao,,,,,,,,,,,,,,,,,,,,,,,,,,,,,,
sku,,,,,SPORTBIKE_A,Xe thể thao nhôm,,488659169,166,60,35,,,,,,,,,,,1000300050200000,Xe đạp Thống Nhất MTB SPD 27.5 (xanh da trời),Xe MTB SPD 27.5,trời,488659169,166.0,60.0,0,0.0,0.0,0,-100.0,2943730.0,41.0,60.3,A,19.99,Ngôi sao,,,,,,,,,,,,,,,,,,,,,,,,,,,,,,
sku,,,,,SPORTBIKE_A,Xe thể thao nhôm,,248844060,105,46,36,,,,,,,,,,,1000310050080000,Xe đạp Thống Nhất Road RPD 700C Ghi,Xe Road RPD 700C,Ghi,122550000,57.0,29.0,126294060,48.0,17.0,757764360,518.33,2369943.0,85.0,82.48,B,10.18,Ngôi sao,,,,,,,,,,,,,,,,,,,,,,,,,,,,,,
sku,,,,,SPORTBIKE_A,Xe thể thao nhôm,,247494445,107,58,46,,,,,,,,,,,1000300050010000,Xe đạp Thống Nhất MTB SPD 27.5 ( Đen),Xe MTB SPD 27.5,Đen,242966667,106.0,57.0,4527778,1.0,1.0,27166668,-88.82,2313032.0,87.0,83.2,B,10.12,Ngôi sao,,,,,,,,,,,,,,,,,,,,,,,,,,,,,,
sku,,,,,SPORTBIKE_A,Xe thể thao nhôm,,184335181,57,36,29,,,,,,,,,,,100029005001000,Xe đạp Thống Nhất Touring Blade 700C Đen,Xe Touring Blade 700C,Đen,184335181,57.0,36.0,0,0.0,0.0,0,-100.0,3233951.0,99.0,86.76,B,7.54,Ngôi sao,,,,,,,,,,,,,,,,,,,,,,,,,,,,,,
sku,,,,,SPORTBIKE_A,Xe thể thao nhôm,,161702312,48,30,24,,,,,,,,,,,100029005020000,Xe đạp Thống Nhất Touring Blade 700C Xanh,Xe Touring Blade 700C,Xanh,161702312,48.0,30.0,0,0.0,0.0,0,-100.0,3368798.0,103.0,87.74,B,6.61,Ngôi sao,,,,,,,,,,,,,,,,,,,,,,,,,,,,,,
sku,,,,,SPORTBIKE_A,Xe thể thao nhôm,,157861112,69,44,31,,,,,,,,,,,1000300050080000,Xe đạp Thống Nhất MTB SPD 27.5 ( Ghi),Xe MTB SPD 27.5,Ghi,157861112,69.0,44.0,0,0.0,0.0,0,-100.0,2287842.0,110.0,89.36,B,6.46,Ngôi sao,,,,,,,,,,,,,,,,,,,,,,,,,,,,,,
sku,,,,,SPORTBIKE_A,Xe thể thao nhôm,,115398719,41,17,16,,,,,,,,,,,1000310050200000,Xe đạp Thống Nhất Road RPD 700C Xanh da trời,Xe Road RPD 700C,trời,91420388,32.0,12.0,23978331,9.0,5.0,143869986,57.37,2814603.0,127.0,92.75,C,4.72,Ngôi sao,,,,,,,,,,,,,,,,,,,,,,,,,,,,,,
sku,,,,,SPORTBIKE_A,Xe thể thao nhôm,,94480656,31,23,20,,,,,,,,,,,1000350050220000,"Xe đạp Thống Nhất MTB Cyper 2024 27.5""  Ghi",Xe MTB Cyber 27.5 2024,Ghi,94480656,31.0,23.0,0,0.0,0.0,0,-100.0,3047763.0,135.0,93.96,C,3.86,Ngôi sao,,,,,,,,,,,,,,,,,,,,,,,,,,,,,,
sku,,,,,SPORTBIKE_A,Xe thể thao nhôm,,63680288,21,15,14,,,,,,,,,,,100035005001000,"Xe đạp Thống Nhất MTB Cyper 2024 27.5""  Đen",Xe MTB Cyber 27.5 2024,Đen,63680288,21.0,15.0,0,0.0,0.0,0,-100.0,3032395.0,162.0,96.85,C,2.6,Dấu hỏi,,,,,,,,,,,,,,,,,,,,,,,,,,,,,,
sku,,,,,SPORTBIKE_A,Xe thể thao nhôm,,63500000,20,8,8,,,,,,,,,,,1010020010050000,"Xe đạp Thống Nhất GRX AT 27,5_2.0_17 Cam","Xe GRX AT 27,5_2.0",Cam,63500000,20.0,8.0,0,0.0,0.0,0,-100.0,3175000.0,163.0,96.94,C,2.6,Dấu hỏi,,,,,,,,,,,,,,,,,,,,,,,,,,,,,,
sku,,,,,SPORTBIKE_A,Xe thể thao nhôm,,42253703,7,5,4,,,,,,,,,,,1010020000050000,"Xe đạp Thống Nhất GRX AT 27,5_2.0_15 Cam","Xe GRX AT 27,5_2.0",Cam,42253703,7.0,5.0,0,0.0,0.0,0,-100.0,6036243.0,184.0,98.44,C,1.73,Dấu hỏi,,,,,,,,,,,,,,,,,,,,,,,,,,,,,,
sku,,,,,SPORTBIKE_A,Xe thể thao nhôm,,21600000,9,6,5,,,,,,,,,,,1010020010080000,"Xe đạp Thống Nhất GRX AT 27,5_2.0_17 Ghi","Xe GRX AT 27,5_2.0",Ghi,21600000,9.0,6.0,0,0.0,0.0,0,-100.0,2400000.0,203.0,99.26,C,0.88,Dấu hỏi,,,,,,,,,,,,,,,,,,,,,,,,,,,,,,
sku,,,,,SPORTBIKE_A,Xe thể thao nhôm,,20600000,6,5,5,,,,,,,,,,,1010020010220000,"Xe đạp Thống Nhất GRX AT 27,5_2.0_17 Xanh dương","Xe GRX AT 27,5_2.0",Xanh dương,20600000,6.0,5.0,0,0.0,0.0,0,-100.0,3433333.0,206.0,99.35,C,0.84,Dấu hỏi,,,,,,,,,,,,,,,,,,,,,,,,,,,,,,
sku,,,,,SPORTBIKE_A,Xe thể thao nhôm,,18323104,6,4,4,,,,,,,,,,,100028005008000,Xe đạp Thống Nhất MTB Cyper 27.5 Ghi,Xe MTB Cyber 27.5,Ghi,18323104,6.0,4.0,0,0.0,0.0,0,-100.0,3053851.0,213.0,99.55,C,0.75,Dấu hỏi,,,,,,,,,,,,,,,,,,,,,,,,,,,,,,
sku,,,,,SPORTBIKE_A,Xe thể thao nhôm,,9890741,2,2,2,,,,,,,,,,,1010020000080000,"Xe đạp Thống Nhất GRX AT 27,5_2.0_15 Ghi","Xe GRX AT 27,5_2.0",Ghi,9890741,2.0,2.0,0,0.0,0.0,0,-100.0,4945370.0,231.0,99.9,C,0.4,Dấu hỏi,,,,,,,,,,,,,,,,,,,,,,,,,,,,,,
sku,,,,,SPORTBIKE_A,Xe thể thao nhôm,,4066667,1,1,1,,,,,,,,,,,100028005020000,Xe đạp Thống Nhất MTB Cyper 27.5 Xanh,Xe MTB Cyber 27.5,Xanh,4066667,1.0,1.0,0,0.0,0.0,0,-100.0,4066667.0,241.0,99.98,C,0.17,Dấu hỏi,,,,,,,,,,,,,,,,,,,,,,,,,,,,,,
sku,,,,,SPORTBIKE_S,Xe thể thao thép,,718213012,358,135,84,,,,,,,,,,,000335002001000,Xe đạp Thống Nhất Super 24 Đen,Xe Super 24,Đen,336265644,185.0,76.0,381947368,173.0,59.0,2291684208,581.51,2006182.0,24.0,46.04,A,21.71,Ngôi sao,,,,,,,,,,,,,,,,,,,,,,,,,,,,,,
sku,,,,,SPORTBIKE_S,Xe thể thao thép,,290653504,202,85,65,,,,,,,,,,,000335002013000,Xe đạp Thống Nhất Super 24 Xanh,Xe Super 24,Xanh,197682408,154.0,53.0,92971096,48.0,32.0,557826576,182.18,1438879.0,71.0,77.06,B,8.78,Ngôi sao,,,,,,,,,,,,,,,,,,,,,,,,,,,,,,
sku,,,,,SPORTBIKE_S,Xe thể thao thép,,204113606,84,21,4,,,,,,,,,,,000231003002000,Xe đạp Thống Nhất M2601 Trắng,Xe M2601,Trắng,204113606,84.0,21.0,0,0.0,0.0,0,-100.0,2429924.0,92.0,84.79,B,6.17,Ngôi sao,,,,,,,,,,,,,,,,,,,,,,,,,,,,,,
sku,,,,,SPORTBIKE_S,Xe thể thao thép,,202222222,78,1,1,,,,,,,,,,,000329002004001,Xe đạp Thống Nhất MTB 26-07 Tem đỏ,Xe MTB 26-07,Tem đỏ,202222222,78.0,1.0,0,0.0,0.0,0,-100.0,2592593.0,93.0,85.09,B,6.11,Ngôi sao,,,,,,,,,,,,,,,,,,,,,,,,,,,,,,
sku,,,,,SPORTBIKE_S,Xe thể thao thép,,199629629,77,1,1,,,,,,,,,,,000329002005000,Xe đạp Thống Nhất MTB 26-07 Tem cam,Xe MTB 26-07,Tem cam,199629629,77.0,1.0,0,0.0,0.0,0,-100.0,2592593.0,94.0,85.38,B,6.03,Ngôi sao,,,,,,,,,,,,,,,,,,,,,,,,,,,,,,
sku,,,,,SPORTBIKE_S,Xe thể thao thép,,195981018,150,69,56,,,,,,,,,,,000333002001000,Xe đạp Thống Nhất Super 26 đen,Xe Super 26,đen,195981018,150.0,69.0,0,0.0,0.0,0,-100.0,1306540.0,95.0,85.66,B,5.92,Ngôi sao,,,,,,,,,,,,,,,,,,,,,,,,,,,,,,
sku,,,,,SPORTBIKE_S,Xe thể thao thép,,160701006,107,64,61,,,,,,,,,,,000335002004000,Xe đạp Thống Nhất Super 24 Đỏ,Xe Super 24,Đỏ,84900462,70.0,38.0,75800544,37.0,26.0,454803264,435.69,1501879.0,106.0,88.44,B,4.86,Ngôi sao,,,,,,,,,,,,,,,,,,,,,,,,,,,,,,
sku,,,,,SPORTBIKE_S,Xe thể thao thép,,160120740,119,64,53,,,,,,,,,,,000333002022000,Xe đạp Thống Nhất Super 26 xanh,Xe Super 26,xanh,157818518,118.0,63.0,2302222,1.0,1.0,13813332,-91.25,1345552.0,107.0,88.67,B,4.84,Ngôi sao,,,,,,,,,,,,,,,,,,,,,,,,,,,,,,
sku,,,,,SPORTBIKE_S,Xe thể thao thép,,150564907,82,18,7,,,,,,,,,,,000217004022000,Xe đạp Thống Nhất GN 06-26 2.0 Pro Xanh dương,Xe GN 06-26 2.0 Pro,Xanh dương,150564907,82.0,18.0,0,0.0,0.0,0,-100.0,1836157.0,112.0,89.81,B,4.55,Ngôi sao,,,,,,,,,,,,,,,,,,,,,,,,,,,,,,
sku,,,,,SPORTBIKE_S,Xe thể thao thép,,110216378,70,35,27,,,,,,,,,,,000324000180000,Xe đạp Thống Nhất MTB 26-05_2023 Đen mờ,Xe MTB 26-05_2023,mờ,78929166,57.0,28.0,31287212,13.0,7.0,187723272,137.84,1574520.0,129.0,93.07,C,3.33,Ngôi sao,,,,,,,,,,,,,,,,,,,,,,,,,,,,,,
sku,,,,,SPORTBIKE_S,Xe thể thao thép,,102376943,41,17,16,,,,,,,,,,,000231003022000,Xe đạp Thống Nhất M2601 Xanh dương,Xe M2601,Xanh dương,102376943,41.0,17.0,0,0.0,0.0,0,-100.0,2496999.0,132.0,93.53,C,3.09,Ngôi sao,,,,,,,,,,,,,,,,,,,,,,,,,,,,,,
sku,,,,,SPORTBIKE_S,Xe thể thao thép,,86927870,51,9,6,,,,,,,,,,,000217004008000,Xe đạp Thống Nhất GN 06-26 2.0 Pro Ghi,Xe GN 06-26 2.0 Pro,Ghi,83696389,50.0,8.0,3231481,1.0,1.0,19388886,-76.83,1704468.0,138.0,94.35,C,2.63,Ngôi sao,,,,,,,,,,,,,,,,,,,,,,,,,,,,,,
sku,,,,,SPORTBIKE_S,Xe thể thao thép,,85821943,45,30,26,,,,,,,,,,,000413002001000,Xe đạp Thống Nhất Highway 27.5 Đen bóng,Xe Highway 27.5,bóng,46202314,31.0,18.0,39619629,14.0,12.0,237717774,414.51,1907154.0,139.0,94.47,C,2.59,Ngôi sao,,,,,,,,,,,,,,,,,,,,,,,,,,,,,,
sku,,,,,SPORTBIKE_S,Xe thể thao thép,,84405084,53,23,21,,,,,,,,,,,000324000100000,Xe đạp Thống Nhất MTB 26-05_2023 Xanh rêu,Xe MTB 26-05_2023,rêu,60341203,43.0,16.0,24063881,10.0,7.0,144383286,139.28,1592549.0,141.0,94.72,C,2.55,Ngôi sao,,,,,,,,,,,,,,,,,,,,,,,,,,,,,,
sku,,,,,SPORTBIKE_S,Xe thể thao thép,,81416572,42,28,24,,,,,,,,,,,000413002022000,Xe đạp Thống Nhất Highway 27.5 Xanh dương,Xe Highway 27.5,Xanh dương,47256943,30.0,18.0,34159629,12.0,10.0,204957774,333.71,1938490.0,143.0,94.96,C,2.46,Ngôi sao,,,,,,,,,,,,,,,,,,,,,,,,,,,,,,
sku,,,,,SPORTBIKE_S,Xe thể thao thép,,67255278,45,7,4,,,,,,,,,,,000217004005000,Xe đạp Thống Nhất GN 06-26 2.0 Pro Cam,Xe GN 06-26 2.0 Pro,Cam,67255278,45.0,7.0,0,0.0,0.0,0,-100.0,1494562.0,154.0,96.09,C,2.03,Ngôi sao,,,,,,,,,,,,,,,,,,,,,,,,,,,,,,
sku,,,,,SPORTBIKE_S,Xe thể thao thép,,66462500,25,14,13,,,,,,,,,,,000231003002001,Xe đạp Thống Nhất M2601 Shimano Trắng (tem tím),Xe M2601 Shimano,tím,66462500,25.0,14.0,0,0.0,0.0,0,-100.0,2658500.0,157.0,96.38,C,2.01,Ngôi sao,,,,,,,,,,,,,,,,,,,,,,,,,,,,,,
sku,,,,,SPORTBIKE_S,Xe thể thao thép,,45996849,30,10,10,,,,,,,,,,,000324000040000,Xe đạp Thống Nhất MTB 26-05_2023 Đỏ đun,Xe MTB 26-05_2023,Đỏ đun,36379630,26.0,7.0,9617219,4.0,3.0,57703314,58.61,1533228.0,176.0,97.93,C,1.39,Dấu hỏi,,,,,,,,,,,,,,,,,,,,,,,,,,,,,,
sku,,,,,SPORTBIKE_S,Xe thể thao thép,,42536000,16,9,9,,,,,,,,,,,000231003022001,Xe đạp Thống Nhất M2601 Shimano Xanh (tem trắng),Xe M2601 Shimano,trắng,42536000,16.0,9.0,0,0.0,0.0,0,-100.0,2658500.0,182.0,98.31,C,1.29,Dấu hỏi,,,,,,,,,,,,,,,,,,,,,,,,,,,,,,
sku,,,,,SPORTBIKE_S,Xe thể thao thép,,42536000,16,8,8,,,,,,,,,,,000231003005001,Xe đạp Thống Nhất M2601 Shimano Đen (tem cam),Xe M2601 Shimano,cam,42536000,16.0,8.0,0,0.0,0.0,0,-100.0,2658500.0,183.0,98.38,C,1.29,Dấu hỏi,,,,,,,,,,,,,,,,,,,,,,,,,,,,,,
sku,,,,,SPORTBIKE_S,Xe thể thao thép,,31902000,12,6,6,,,,,,,,,,,000231003023001,Xe đạp Thống Nhất M2601 Shimano Đen (tem xanh),Xe M2601 Shimano,xanh,31902000,12.0,6.0,0,0.0,0.0,0,-100.0,2658500.0,192.0,98.87,C,0.96,Dấu hỏi,,,,,,,,,,,,,,,,,,,,,,,,,,,,,,
sku,,,,,SPORTBIKE_S,Xe thể thao thép,,23335000,10,8,7,,,,,,,,,,,000217004008001,Xe đạp Thống Nhất GN 06-26 2.0 Pro Shimano Ghi,Xe GN 06-26 2.0 Pro Shimano,Ghi,23335000,10.0,8.0,0,0.0,0.0,0,-100.0,2333500.0,197.0,99.06,C,0.71,Dấu hỏi,,,,,,,,,,,,,,,,,,,,,,,,,,,,,,
sku,,,,,SPORTBIKE_S,Xe thể thao thép,,23200000,16,6,5,,,,,,,,,,,000413002003000,Xe đạp Thống Nhất Highway 27.5 Đỏ đun,Xe Highway 27.5,Đỏ đun,23200000,16.0,6.0,0,0.0,0.0,0,-100.0,1450000.0,198.0,99.09,C,0.7,Dấu hỏi,,,,,,,,,,,,,,,,,,,,,,,,,,,,,,
sku,,,,,SPORTBIKE_S,Xe thể thao thép,,23002315,15,5,4,,,,,,,,,,,000413002018000,Xe đạp Thống Nhất Highway 27.5 Đen mờ,Xe Highway 27.5,mờ,23002315,15.0,5.0,0,0.0,0.0,0,-100.0,1533488.0,200.0,99.16,C,0.7,Dấu hỏi,,,,,,,,,,,,,,,,,,,,,,,,,,,,,,
sku,,,,,SPORTBIKE_S,Xe thể thao thép,,16800000,14,13,13,,,,,,,,,,,000231003023000,Xe đạp Thống Nhất M2601 Đen Tem Xanh,Xe M2601,Xanh,16800000,14.0,13.0,0,0.0,0.0,0,-100.0,1200000.0,215.0,99.6,C,0.51,Dấu hỏi,,,,,,,,,,,,,,,,,,,,,,,,,,,,,,
sku,,,,,SPORTBIKE_S,Xe thể thao thép,,16500462,13,3,3,,,,,,,,,,,000314002005000,Xe đạp Thống Nhất MTB 24-04 Tem cam,Xe MTB 24-04,Tem cam,16500462,13.0,3.0,0,0.0,0.0,0,-100.0,1269266.0,217.0,99.65,C,0.5,Dấu hỏi,,,,,,,,,,,,,,,,,,,,,,,,,,,,,,
sku,,,,,SPORTBIKE_S,Xe thể thao thép,,14401388,11,11,11,,,,,,,,,,,000231003005000,Xe đạp Thống Nhất M2601 Đen Tem cam,Xe M2601,Tem cam,14401388,11.0,11.0,0,0.0,0.0,0,-100.0,1309217.0,219.0,99.69,C,0.44,Dấu hỏi,,,,,,,,,,,,,,,,,,,,,,,,,,,,,,
sku,,,,,SPORTBIKE_S,Xe thể thao thép,,12150000,9,1,1,,,,,,,,,,,000218004009001,Xe đạp Thống Nhất GN 06-27 2.0 Pro BLACKPINK,Xe GN 06-27 2.0 Pro,BLACKPINK,12150000,9.0,1.0,0,0.0,0.0,0,-100.0,1350000.0,224.0,99.79,C,0.37,Dấu hỏi,,,,,,,,,,,,,,,,,,,,,,,,,,,,,,
sku,,,,,SPORTBIKE_S,Xe thể thao thép,,12053425,5,2,2,,,,,,,,,,,000314002020000,Xe đạp Thống Nhất MTB 24-04 Tem Xanh da trời,Xe MTB 24-04,trời,12053425,5.0,2.0,0,0.0,0.0,0,-100.0,2410685.0,225.0,99.81,C,0.36,Dấu hỏi,,,,,,,,,,,,,,,,,,,,,,,,,,,,,,
sku,,,,,SPORTBIKE_S,Xe thể thao thép,,11448796,5,4,4,,,,,,,,,,,000218004005000,Xe đạp Thống Nhất GN 06-27 2.0 Pro Cam,Xe GN 06-27 2.0 Pro,Cam,11448796,5.0,4.0,0,0.0,0.0,0,-100.0,2289759.0,226.0,99.82,C,0.35,Dấu hỏi,,,,,,,,,,,,,,,,,,,,,,,,,,,,,,
sku,,,,,SPORTBIKE_S,Xe thể thao thép,,11400648,8,6,6,,,,,,,,,,,000218004008000,Xe đạp Thống Nhất GN 06-27 2.0 Pro Ghi,Xe GN 06-27 2.0 Pro,Ghi,11400648,8.0,6.0,0,0.0,0.0,0,-100.0,1425081.0,227.0,99.84,C,0.34,Dấu hỏi,,,,,,,,,,,,,,,,,,,,,,,,,,,,,,
sku,,,,,SPORTBIKE_S,Xe thể thao thép,,7195500,3,2,2,,,,,,,,,,,000218004008001,Xe đạp Thống Nhất GN 06-27 2.0 Pro Shimano Ghi,Xe GN 06-27 2.0 Pro Shimano,Ghi,7195500,3.0,2.0,0,0.0,0.0,0,-100.0,2398500.0,233.0,99.92,C,0.22,Dấu hỏi,,,,,,,,,,,,,,,,,,,,,,,,,,,,,,
sku,,,,,SPORTBIKE_S,Xe thể thao thép,,4667000,2,2,2,,,,,,,,,,,000217004022001,Xe đạp Thống Nhất GN 06-26 2.0 Pro Shimano Xanh,Xe GN 06-26 2.0 Pro Shimano,Xanh,4667000,2.0,2.0,0,0.0,0.0,0,-100.0,2333500.0,237.0,99.96,C,0.14,Dấu hỏi,,,,,,,,,,,,,,,,,,,,,,,,,,,,,,
sku,,,,,SPORTBIKE_S,Xe thể thao thép,,2488241,1,1,1,,,,,,,,,,,000314002019000,Xe đạp Thống Nhất MTB 24-04 Tem vàng,Xe MTB 24-04,vàng,2488241,1.0,1.0,0,0.0,0.0,0,-100.0,2488241.0,244.0,99.99,C,0.08,Dấu hỏi,,,,,,,,,,,,,,,,,,,,,,,,,,,,,,
customer,,,,,,,Miền Bắc,11527779,5,3,,,,,,,Hà Nội,,,,,,,,,,,,,,,,,,,,,,,KH-00001,HỘ KINH DOANH TÚ ANH,2025-01,2025-01-02,2025-03-26,5.0,3842593.0,1.0,6916667.0,CITYBIKE_P,1.0,4.0,5.0,1.0,Khách hàng trung thành,0.9907,train,Cao,0.8046,0.0,0.0,,,,,,,,,
customer,,,,,,,Miền Bắc,3509259,1,1,,,,,,,Hà Nội,,,,,,,,,,,,,,,,,,,,,,,KH-00002,CÔNG TY TNHH THƯƠNG MẠI VIỆT ANH,2025-01,2025-01-06,2025-01-06,84.0,3509259.0,1.0,0.0,SPORTBIKE_S,1.0,1.0,2.0,1.0,Có nguy cơ rời bỏ,0.9779,test,Cao,0.8046,0.0,0.0,,,,,,,,,
customer,,,,,,,Miền Bắc,2398148,1,1,,,,,,,Hà Nội,,,,,,,,,,,,,,,,,,,,,,,KH-00003,CÔNG TY CỔ PHẦN THƯƠNG MẠI NAM TIẾN,2025-01,2025-01-06,2025-01-06,84.0,2398148.0,1.0,0.0,CITYBIKE_P,1.0,1.0,2.0,1.0,Có nguy cơ rời bỏ,0.9779,train,Cao,0.8046,0.0,0.0,,,,,,,,,
customer,,,,,,,,195378519,159,7,,,,,,,,,,,,,,,,,,,,,,,,,,,,,,KH-00004,DOANH NGHIỆP TW KHẢI HOÀN,2025-01,2025-01-06,2025-03-28,3.0,27911217.0,5.0,61825740.5,CITYBIKE_P|KIDBIKE_1|KIDBIKE_2|SPORTBIKE_A|SPORTBIKE_S,0.0,4.0,5.0,5.0,Khách hàng tiêu biểu,0.0797,train,Thấp,0.8046,3.0,78361833.0,,,,,,,,,
customer,,,,,,,Miền Bắc,4425926,2,1,,,,,,,Hà Nội,,,,,,,,,,,,,,,,,,,,,,,KH-00005,CÔNG TY TNHH ĐẠI LỢI,2025-01,2025-01-07,2025-01-07,83.0,4425926.0,1.0,0.0,CITYBIKE_P,1.0,1.0,2.0,1.0,Có nguy cơ rời bỏ,0.9779,train,Cao,0.8046,0.0,0.0,,,,,,,,,
customer,,,,,,,Miền Nam,534583903,325,26,,,,,,,TP. Hồ Chí Minh,,,,,,,,,,,,,,,,,,,,,,,KH-00006,CÔNG TY TNHH CHI THÀNH,2025-01,2025-01-07,2025-03-21,10.0,20560919.0,3.0,46455267.5,CITYBIKE_P|KIDBIKE_2|SPORTBIKE_S,0.0,3.0,5.0,5.0,Cần theo dõi,0.0262,train,Thấp,0.8046,41.0,559333665.0,,,,,,,,,
customer,,,,,,,Miền Bắc,282381204,175,3,,,,,,,Lê Hoàn - Thị trấn Thọ Xuân - Huyện Thọ Xuân - Thanh Hoá,,,,,,,,,,,,,,,,,,,,,,,KH-00007,CÔNG TY TNHH THƯƠNG MẠI ĐẠI LỢI,2025-01,2025-01-08,2025-03-20,11.0,94127068.0,3.0,-212701204.0,CITYBIKE_P|KIDBIKE_1|SPORTBIKE_A,0.0,2.0,5.0,5.0,Cần chăm sóc đặc biệt,0.0392,train,Thấp,0.8046,4.0,324075674.0,,,,,,,,,
customer,,,,,,,Miền Bắc,6648148,2,1,,,,,,,Hưng Yên,,,,,,,,,,,,,,,,,,,,,,,KH-00008,CÔNG TY CỔ PHẦN YÊN BÌNH,2025-01,2025-01-09,2025-01-09,81.0,6648148.0,1.0,0.0,SPORTBIKE_S,0.0,1.0,2.0,1.0,Có nguy cơ rời bỏ,0.1084,train,Thấp,0.8046,1.0,7037038.0,,,,,,,,,
customer,,,,,,,Miền Bắc,44444444,20,1,,,,,,,Hà Nội,,,,,,,,,,,,,,,,,,,,,,,KH-00009,CỬA HÀNG XE ĐẠP THIÊN AN,2025-01,2025-01-09,2025-01-09,81.0,44444444.0,1.0,0.0,CITYBIKE_P,0.0,1.0,2.0,3.0,Có nguy cơ rời bỏ,0.1089,train,Thấp,0.8046,1.0,44444444.0,,,,,,,,,
customer,,,,,,,Miền Bắc,210870876,188,5,,,,,,,Thái Nguyên,,,,,,,,,,,,,,,,,,,,,,,KH-00010,CỬA HÀNG XE ĐẠP QUANG VINH,2025-01,2025-01-09,2025-03-25,6.0,42174175.0,4.0,64070352.0,CITYBIKE_P|KIDBIKE_1|KIDBIKE_2|SPORTBIKE_A,0.0,3.0,5.0,5.0,Cần theo dõi,0.0756,train,Thấp,0.8046,2.0,109468672.0,,,,,,,,,
customer,,,,,,,Miền Bắc,4611112,2,2,,,,,,,Hà Nội,,,,,,,,,,,,,,,,,,,,,,,KH-00011,DOANH NGHIỆP TW NAM TIẾN,2025-01,2025-01-09,2025-03-06,25.0,2305556.0,1.0,-0.0,CITYBIKE_P,1.0,2.0,4.0,1.0,Cần chăm sóc đặc biệt,0.9804,test,Cao,0.8046,0.0,0.0,,,,,,,,,
customer,,,,,,,Miền Bắc,5185186,2,2,,,,,,,Hà Nội,,,,,,,,,,,,,,,,,,,,,,,KH-00012,HỘ KINH DOANH THIÊN AN,2025-01,2025-01-10,2025-03-10,21.0,2592593.0,1.0,-0.0,CITYBIKE_P,1.0,2.0,4.0,1.0,Cần chăm sóc đặc biệt,0.9804,train,Cao,0.8046,0.0,0.0,,,,,,,,,
customer,,,,,,,Miền Bắc,2490741,1,1,,,,,,,Hưng Yên,,,,,,,,,,,,,,,,,,,,,,,KH-00013,DOANH NGHIỆP TW THANH BÌNH,2025-01,2025-01-10,2025-01-10,80.0,2490741.0,0.0,0.0,,1.0,1.0,2.0,1.0,Có nguy cơ rời bỏ,0.9869,train,Cao,0.8046,0.0,0.0,,,,,,,,,
customer,,,,,,,Miền Bắc,119270000,119,3,,,,,,,Bắc Ninh,,,,,,,,,,,,,,,,,,,,,,,KH-00014,HỘ KINH DOANH LONG PHÚ,2025-01,2025-01-10,2025-03-17,14.0,39756667.0,4.0,1190000.0,CITYBIKE_P|KIDBIKE_1|KIDBIKE_2|SPORTBIKE_S,0.0,2.0,5.0,5.0,Cần chăm sóc đặc biệt,0.112,train,Thấp,0.8046,1.0,39473324.0,,,,,,,,,
customer,,,,,,,Miền Bắc,77930000,55,3,,,,,,,Phú Thọ,,,,,,,,,,,,,,,,,,,,,,,KH-00015,DOANH NGHIỆP TW MINH PHƯƠNG,2025-01,2025-01-10,2025-03-25,6.0,25976667.0,4.0,31510000.0,CITYBIKE_P|KIDBIKE_1|SPORTBIKE_A|SPORTBIKE_S,1.0,3.0,5.0,4.0,Cần theo dõi,0.9727,train,Cao,0.8046,0.0,0.0,,,,,,,,,
customer,,,,,,,Miền Trung,93910000,78,4,,,,,,,Quảng Trị,,,,,,,,,,,,,,,,,,,,,,,KH-00016,DOANH NGHIỆP TW VIỆT ANH,2025-01,2025-01-10,2025-03-26,5.0,23477500.0,2.0,20450000.0,CITYBIKE_P|KIDBIKE_1,1.0,4.0,5.0,5.0,Khách hàng tiêu biểu,0.9053,test,Cao,0.8046,0.0,0.0,,,,,,,,,
customer,,,,,,,Miền Bắc,23350000,20,1,,,,,,,TT Hương Sơn- Phú Bình- Thái Nguyên,,,,,,,,,,,,,,,,,,,,,,,KH-00017,CỬA HÀNG XE ĐẠP THUỶ TIÊN,2025-01,2025-01-10,2025-01-10,80.0,23350000.0,1.0,0.0,CITYBIKE_P,1.0,1.0,2.0,2.0,Có nguy cơ rời bỏ,0.9276,train,Cao,0.8046,0.0,0.0,,,,,,,,,
customer,,,,,,,Miền Bắc,125901481,112,3,,,,,,,Hà Nội,,,,,,,,,,,,,,,,,,,,,,,KH-00018,CÔNG TY TNHH THƯƠNG MẠI PHÚ THỊNH,2025-01,2025-01-10,2025-03-21,10.0,41967160.0,4.0,-67938519.0,CITYBIKE_P|KIDBIKE_1|KIDBIKE_2|SPORTBIKE_S,0.0,3.0,5.0,5.0,Cần theo dõi,0.4116,test,Trung bình,0.8046,3.0,144333378.0,,,,,,,,,
customer,,,,,,,Miền Nam,1315502218,730,15,,,,,,,TP. Hồ Chí Minh,,,,,,,,,,,,,,,,,,,,,,,KH-00019,CÔNG TY CỔ PHẦN THƯƠNG MẠI LÊ ANH,2025-01,2025-01-11,2025-03-25,6.0,87700148.0,5.0,10402133.5,CITYBIKE_P|KIDBIKE_1|KIDBIKE_2|SPORTBIKE_A|SPORTBIKE_S,0.0,3.0,5.0,5.0,Cần theo dõi,0.0485,train,Thấp,0.8046,42.0,2306399537.0,,,,,,,,,
customer,,,,,,,Miền Bắc,124583332,60,1,,,,,,,Hà Nội,,,,,,,,,,,,,,,,,,,,,,,KH-00020,DOANH NGHIỆP TW TRƯỜNG THỊNH,2025-01,2025-01-11,2025-01-11,79.0,124583332.0,1.0,0.0,CITYBIKE_P,1.0,1.0,2.0,5.0,Có nguy cơ rời bỏ,0.9385,train,Cao,0.8046,0.0,0.0,,,,,,,,,
customer,,,,,,,Miền Bắc,87037037,40,1,,,,,,,Hà Nội,,,,,,,,,,,,,,,,,,,,,,,KH-00021,HỘ KINH DOANH XÂY DỰNG,2025-01,2025-01-11,2025-01-11,79.0,87037037.0,1.0,0.0,CITYBIKE_P,1.0,1.0,2.0,4.0,Có nguy cơ rời bỏ,0.9559,train,Cao,0.8046,0.0,0.0,,,,,,,,,
customer,,,,,,,Miền Bắc,139426647,122,12,,,,,,,Hà Nội,,,,,,,,,,,,,,,,,,,,,,,KH-00022,CÔNG TY CỔ PHẦN VIỆT ANH,2025-01,2025-01-13,2025-03-25,6.0,11618887.0,5.0,16383323.5,CITYBIKE_P|KIDBIKE_1|KIDBIKE_2|SPORTBIKE_A|SPORTBIKE_S,0.0,3.0,5.0,5.0,Cần theo dõi,0.0424,train,Thấp,0.8046,5.0,47703881.0,,,,,,,,,
customer,,,,,,,Miền Bắc,561667591,382,4,,,,,,,Hà Nội,,,,,,,,,,,,,,,,,,,,,,,KH-00023,CÔNG TY TNHH THANH BÌNH,2025-01,2025-01-13,2025-03-19,12.0,140416898.0,2.0,-140111110.0,CITYBIKE_P|KIDBIKE_1,0.0,2.0,5.0,5.0,Cần chăm sóc đặc biệt,0.3543,test,Trung bình,0.8046,2.0,230648146.0,,,,,,,,,
customer,,,,,,,Miền Bắc,266430000,220,6,,,,,,,Ninh Bình,,,,,,,,,,,,,,,,,,,,,,,KH-00024,CÔNG TY TNHH MINH PHƯƠNG,2025-01,2025-01-13,2025-03-25,6.0,44405000.0,3.0,29185000.0,CITYBIKE_P|KIDBIKE_1|SPORTBIKE_S,0.0,3.0,5.0,5.0,Cần theo dõi,0.0652,train,Thấp,0.8046,5.0,331010112.0,,,,,,,,,
customer,,,,,,,Miền Trung,13277778,6,1,,,,,,,Thanh Hoá,,,,,,,,,,,,,,,,,,,,,,,KH-00025,DOANH NGHIỆP TW SƠN HÀ,2025-01,2025-01-13,2025-01-13,77.0,13277778.0,1.0,0.0,CITYBIKE_P,1.0,1.0,2.0,1.0,Có nguy cơ rời bỏ,0.9638,train,Cao,0.8046,0.0,0.0,,,,,,,,,
customer,,,,,,,Miền Trung,7777778,3,1,,,,,,,Thanh Hóa,,,,,,,,,,,,,,,,,,,,,,,KH-00026,CÔNG TY CỔ PHẦN LÊ ANH,2025-01,2025-01-13,2025-01-13,77.0,7777778.0,1.0,0.0,CITYBIKE_P,1.0,1.0,2.0,1.0,Có nguy cơ rời bỏ,0.9619,test,Cao,0.8046,0.0,0.0,,,,,,,,,
customer,,,,,,,Miền Bắc,68267254,50,6,,,,,,,Hà Nội,,,,,,,,,,,,,,,,,,,,,,,KH-00027,HỘ KINH DOANH ĐẠI DƯƠNG,2025-01,2025-01-13,2025-03-25,6.0,11377876.0,5.0,90412.0,CITYBIKE_P|KIDBIKE_1|KIDBIKE_2|SPORTBIKE_A|SPORTBIKE_S,0.0,3.0,5.0,4.0,Cần theo dõi,0.0472,train,Thấp,0.8046,4.0,153786253.0,,,,,,,,,
customer,,,,,,,Miền Bắc,51050000,43,2,,,,,,,Phú Thọ,,,,,,,,,,,,,,,,,,,,,,,KH-00028,DOANH NGHIỆP TW PHÚ THỊNH,2025-01,2025-01-15,2025-03-28,3.0,25525000.0,4.0,-17970000.0,CITYBIKE_P|KIDBIKE_1|KIDBIKE_2|SPORTBIKE_S,1.0,4.0,4.0,3.0,Khách hàng trung thành,0.9885,test,Cao,0.8046,0.0,0.0,,,,,,,,,
customer,,,,,,,Miền Bắc,4055556,2,1,,,,,,,Phan Thiết,,,,,,,,,,,,,,,,,,,,,,,KH-00029,CÔNG TY TNHH THƯƠNG MẠI THANH BÌNH,2025-01,2025-01-16,2025-01-16,74.0,4055556.0,0.0,0.0,,1.0,1.0,2.0,1.0,Có nguy cơ rời bỏ,0.9846,train,Cao,0.8046,0.0,0.0,,,,,,,,,
customer,,,,,,,Miền Bắc,680818519,307,1,,,,,,,Bắc Giang,,,,,,,,,,,,,,,,,,,,,,,KH-00030,CỬA HÀNG XE ĐẠP BÌNH MINH,2025-01,2025-01-16,2025-01-16,74.0,680818519.0,3.0,0.0,CITYBIKE_P|SPORTBIKE_A|SPORTBIKE_S,0.0,1.0,2.0,5.0,Có nguy cơ rời bỏ,0.0133,train,Thấp,0.8046,1.0,685527778.0,,,,,,,,,
customer,,,,,,,Miền Bắc,4907408,2,1,,,,,,,Hà Nội,,,,,,,,,,,,,,,,,,,,,,,KH-00031,CÔNG TY CỔ PHẦN THƯƠNG MẠI ĐẠI DƯƠNG,2025-01,2025-01-16,2025-01-16,74.0,4907408.0,1.0,0.0,CITYBIKE_P,1.0,1.0,2.0,1.0,Có nguy cơ rời bỏ,0.9846,train,Cao,0.8046,0.0,0.0,,,,,,,,,
customer,,,,,,,Miền Bắc,1935185,1,1,,,,,,,Hà Nội,,,,,,,,,,,,,,,,,,,,,,,KH-00032,HỘ KINH DOANH CHI THÀNH,2025-01,2025-01-16,2025-01-16,74.0,1935185.0,0.0,0.0,,1.0,1.0,2.0,1.0,Có nguy cơ rời bỏ,0.9846,train,Cao,0.8046,0.0,0.0,,,,,,,,,
customer,,,,,,,Miền Bắc,11064815,5,1,,,,,,,Hà Nội,,,,,,,,,,,,,,,,,,,,,,,KH-00033,CỬA HÀNG XE ĐẠP HÙNG CƯỜNG,2025-01,2025-01-17,2025-01-17,73.0,11064815.0,1.0,0.0,CITYBIKE_P,1.0,1.0,2.0,1.0,Có nguy cơ rời bỏ,0.9575,train,Cao,0.8046,0.0,0.0,,,,,,,,,
customer,,,,,,,Miền Trung,32750000,28,2,,,,,,,Đà Nẵng,,,,,,,,,,,,,,,,,,,,,,,KH-00034,CÔNG TY TNHH BÌNH MINH,2025-01,2025-01-18,2025-02-20,39.0,16375000.0,3.0,9250000.0,CITYBIKE_P|KIDBIKE_1|SPORTBIKE_S,1.0,1.0,4.0,2.0,Cần chăm sóc đặc biệt,0.9881,train,Cao,0.8046,0.0,0.0,,,,,,,,,
customer,,,,,,,Miền Trung,63200000,51,4,,,,,,,Đà Nẵng,,,,,,,,,,,,,,,,,,,,,,,KH-00035,CỬA HÀNG XE ĐẠP TÂY BẮC,2025-01,2025-01-18,2025-03-28,3.0,15800000.0,2.0,33200000.0,CITYBIKE_P|SPORTBIKE_S,1.0,4.0,5.0,4.0,Khách hàng tiêu biểu,0.9402,train,Cao,0.8046,0.0,0.0,,,,,,,,,
customer,,,,,,,Miền Bắc,46324073,7,3,,,,,,,Hà Nội,,,,,,,,,,,,,,,,,,,,,,,KH-00036,CÔNG TY TNHH THƯƠNG MẠI PHÚC AN,2025-01,2025-01-20,2025-02-07,52.0,15441358.0,1.0,-16361111.0,SPORTBIKE_A,1.0,1.0,5.0,3.0,Cần chăm sóc đặc biệt,0.9347,train,Cao,0.8046,0.0,0.0,,,,,,,,,
customer,,,,,,,Miền Bắc,3879630,1,1,,,,,,,Hà Nội,,,,,,,,,,,,,,,,,,,,,,,KH-00037,CÔNG TY TNHH THƯƠNG MẠI THANH BÌNH,2025-01,2025-01-20,2025-01-20,70.0,3879630.0,1.0,0.0,SPORTBIKE_S,1.0,1.0,2.0,1.0,Có nguy cơ rời bỏ,0.9846,train,Cao,0.8046,0.0,0.0,,,,,,,,,
customer,,,,,,,Miền Bắc,106679035,86,2,,,,,,,Thái Nguyên,,,,,,,,,,,,,,,,,,,,,,,KH-00038,DOANH NGHIỆP TW TÂN TIẾN,2025-01,2025-01-20,2025-02-21,38.0,53339518.0,2.0,41979035.0,CITYBIKE_P|SPORTBIKE_A,1.0,2.0,4.0,5.0,Cần chăm sóc đặc biệt,0.9775,train,Cao,0.8046,0.0,0.0,,,,,,,,,
customer,,,,,,,Miền Bắc,153703695,60,1,,,,,,,Phú Quốc,,,,,,,,,,,,,,,,,,,,,,,KH-00039,CÔNG TY CỔ PHẦN ĐÔNG NAM,2025-01,2025-01-21,2025-01-21,69.0,153703695.0,3.0,0.0,KIDBIKE_1|KIDBIKE_2|SPORTBIKE_S,0.0,1.0,2.0,5.0,Có nguy cơ rời bỏ,0.0405,test,Thấp,0.8046,1.0,61250010.0,,,,,,,,,
customer,,,,,,,Miền Bắc,293400000,163,3,,,,,,,Vinh,,,,,,,,,,,,,,,,,,,,,,,KH-00040,CÔNG TY TNHH VẠN LỢI,2025-01,2025-01-21,2025-03-29,2.0,97800000.0,1.0,-69300000.0,KIDBIKE_1,1.0,5.0,5.0,5.0,Khách hàng tiêu biểu,0.8566,train,Cao,0.8046,0.0,0.0,,,,,,,,,
customer,,,,,,,Miền Trung,11064815,5,1,,,,,,,Thanh Hóa,,,,,,,,,,,,,,,,,,,,,,,KH-00041,CỬA HÀNG XE ĐẠP ĐÔNG NAM,2025-01,2025-01-22,2025-01-22,68.0,11064815.0,1.0,0.0,CITYBIKE_P,1.0,1.0,2.0,1.0,Có nguy cơ rời bỏ,0.9575,train,Cao,0.8046,0.0,0.0,,,,,,,,,
customer,,,,,,,Miền Bắc,122314323,76,6,,,,,,,Hà Nội,,,,,,,,,,,,,,,,,,,,,,,KH-00042,HỘ KINH DOANH MẶT TRỜI,2025-01,2025-01-22,2025-03-28,3.0,20385720.0,3.0,12413189.0,CITYBIKE_P|KIDBIKE_1|SPORTBIKE_S,0.0,4.0,5.0,5.0,Khách hàng tiêu biểu,0.0264,train,Thấp,0.8046,2.0,78345994.0,,,,,,,,,
customer,,,,,,,Miền Bắc,30650000,26,3,,,,,,,TP Đà Nẵng,,,,,,,,,,,,,,,,,,,,,,,KH-00043,CÔNG TY TNHH LONG PHÚ,2025-01,2025-01-22,2025-02-20,39.0,10216667.0,3.0,25930000.0,CITYBIKE_P|KIDBIKE_1|SPORTBIKE_S,1.0,1.0,5.0,2.0,Cần chăm sóc đặc biệt,0.9881,train,Cao,0.8046,0.0,0.0,,,,,,,,,
customer,,,,,,,Miền Bắc,29250000,26,1,,,,,,,Tam Kỳ,,,,,,,,,,,,,,,,,,,,,,,KH-00044,CÔNG TY TNHH THƯƠNG MẠI NGỌC ANH,2025-01,2025-01-23,2025-01-23,67.0,29250000.0,2.0,0.0,CITYBIKE_P|KIDBIKE_1,0.0,1.0,2.0,2.0,Có nguy cơ rời bỏ,0.4872,train,Trung bình,0.8046,1.0,47775542.0,,,,,,,,,
customer,,,,,,,Miền Trung,18111112,4,1,,,,,,,Quảng Nam,,,,,,,,,,,,,,,,,,,,,,,KH-00045,CÔNG TY TNHH AN PHÁT,2025-01,2025-01-23,2025-01-23,67.0,18111112.0,1.0,0.0,SPORTBIKE_A,1.0,1.0,2.0,2.0,Có nguy cơ rời bỏ,0.7701,test,Cao,0.8046,0.0,0.0,,,,,,,,,
customer,,,,,,,Miền Bắc,213842071,136,2,,,,,,,Đồng Hới,,,,,,,,,,,,,,,,,,,,,,,KH-00046,CÔNG TY CỔ PHẦN THƯƠNG MẠI MẶT TRỜI,2025-01,2025-01-24,2025-03-17,14.0,106921036.0,2.0,2487507.0,CITYBIKE_P|KIDBIKE_1,0.0,2.0,4.0,5.0,Cần chăm sóc đặc biệt,0.0457,train,Thấp,0.8046,1.0,78322761.0,,,,,,,,,
customer,,,,,,,Miền Bắc,36180000,30,1,,,,,,,Vĩnh Phúc,,,,,,,,,,,,,,,,,,,,,,,KH-00047,CÔNG TY CỔ PHẦN THƯƠNG MẠI TÚ ANH,2025-02,2025-02-04,2025-02-04,55.0,36180000.0,1.0,0.0,CITYBIKE_P,1.0,1.0,2.0,3.0,Có nguy cơ rời bỏ,0.9567,train,Cao,0.8046,0.0,0.0,,,,,,,,,
customer,,,,,,,Miền Bắc,13277778,6,3,,,,,,,Hà Nội,,,,,,,,,,,,,,,,,,,,,,,KH-00048,CÔNG TY TNHH THUỶ TIÊN,2025-02,2025-02-05,2025-02-20,39.0,4425926.0,1.0,0.0,CITYBIKE_P,1.0,1.0,5.0,1.0,Cần chăm sóc đặc biệt,0.9804,train,Cao,0.8046,0.0,0.0,,,,,,,,,
customer,,,,,,,Miền Bắc,87930080,36,3,,,,,,,Bắc Ninh,,,,,,,,,,,,,,,,,,,,,,,KH-00049,CÔNG TY CỔ PHẦN THUỶ TIÊN,2025-02,2025-02-07,2025-03-28,3.0,29310027.0,4.0,-29393984.0,CITYBIKE_P|KIDBIKE_1|SPORTBIKE_A|SPORTBIKE_S,0.0,4.0,5.0,4.0,Khách hàng tiêu biểu,0.9144,test,Cao,0.8046,2.0,37276660.0,,,,,,,,,
customer,,,,,,,Miền Bắc,2305556,1,1,,,,,,,Hải Dương,,,,,,,,,,,,,,,,,,,,,,,KH-00050,CÔNG TY TNHH AN PHÁT,2025-02,2025-02-07,2025-02-07,52.0,2305556.0,1.0,0.0,CITYBIKE_P,1.0,1.0,2.0,1.0,Có nguy cơ rời bỏ,0.9867,train,Cao,0.8046,0.0,0.0,,,,,,,,,
customer,,,,,,,Miền Bắc,4611111,2,1,,,,,,,Hưng Yên,,,,,,,,,,,,,,,,,,,,,,,KH-00051,CÔNG TY CỔ PHẦN KHẢI HOÀN,2025-02,2025-02-07,2025-02-07,52.0,4611111.0,1.0,0.0,CITYBIKE_P,1.0,1.0,2.0,1.0,Có nguy cơ rời bỏ,0.9867,train,Cao,0.8046,0.0,0.0,,,,,,,,,
customer,,,,,,,Miền Bắc,2212963,1,1,,,,,,,Chí Linh,,,,,,,,,,,,,,,,,,,,,,,KH-00052,DOANH NGHIỆP TW TÂN TIẾN,2025-02,2025-02-07,2025-02-07,52.0,2212963.0,1.0,0.0,CITYBIKE_P,1.0,1.0,2.0,1.0,Có nguy cơ rời bỏ,0.9867,test,Cao,0.8046,0.0,0.0,,,,,,,,,
customer,,,,,,,Miền Bắc,3694444,1,1,,,,,,,Hà Nội,,,,,,,,,,,,,,,,,,,,,,,KH-00053,CÔNG TY TNHH TRƯỜNG THỊNH,2025-02,2025-02-07,2025-02-07,52.0,3694444.0,1.0,0.0,SPORTBIKE_S,1.0,1.0,2.0,1.0,Có nguy cơ rời bỏ,0.9867,train,Cao,0.8046,0.0,0.0,,,,,,,,,
customer,,,,,,,Miền Bắc,2398148,1,1,,,,,,,Hà Nội,,,,,,,,,,,,,,,,,,,,,,,KH-00054,HỘ KINH DOANH TRÍ ĐỨC,2025-02,2025-02-10,2025-02-10,49.0,2398148.0,1.0,0.0,CITYBIKE_P,1.0,1.0,2.0,1.0,Có nguy cơ rời bỏ,0.9867,test,Cao,0.8046,0.0,0.0,,,,,,,,,
customer,,,,,,,Miền Trung,4983333,2,1,,,,,,,Đắk Lắk,,,,,,,,,,,,,,,,,,,,,,,KH-00055,CÔNG TY TNHH THƯƠNG MẠI TÂY BẮC,2025-02,2025-02-10,2025-02-10,49.0,4983333.0,1.0,0.0,CITYBIKE_P,1.0,1.0,2.0,1.0,Có nguy cơ rời bỏ,0.9867,train,Cao,0.8046,0.0,0.0,,,,,,,,,
customer,,,,,,,Miền Bắc,33090000,30,1,,,,,,,Hà Nam,,,,,,,,,,,,,,,,,,,,,,,KH-00056,DOANH NGHIỆP TW ĐÔNG NAM,2025-02,2025-02-10,2025-02-10,49.0,33090000.0,3.0,0.0,CITYBIKE_P|KIDBIKE_1|KIDBIKE_2,1.0,1.0,2.0,2.0,Có nguy cơ rời bỏ,0.9846,train,Cao,0.8046,0.0,0.0,,,,,,,,,
customer,,,,,,,Miền Bắc,563575152,499,5,,,,,,,Nam Định,,,,,,,,,,,,,,,,,,,,,,,KH-00057,CÔNG TY CỔ PHẦN THƯƠNG MẠI TOÀN THẮNG,2025-02,2025-02-10,2025-03-29,2.0,112715030.0,4.0,258464848.0,CITYBIKE_P|KIDBIKE_1|KIDBIKE_2|SPORTBIKE_A,1.0,5.0,5.0,5.0,Khách hàng tiêu biểu,0.947,train,Cao,0.8046,0.0,0.0,,,,,,,,,
customer,,,,,,,Miền Bắc,24000000,20,1,,,,,,,TP Hải Dương,,,,,,,,,,,,,,,,,,,,,,,KH-00058,DOANH NGHIỆP TW SÁN LẠP,2025-02,2025-02-10,2025-02-10,49.0,24000000.0,1.0,0.0,CITYBIKE_P,1.0,1.0,2.0,2.0,Có nguy cơ rời bỏ,0.9719,train,Cao,0.8046,0.0,0.0,,,,,,,,,
customer,,,,,,,Miền Bắc,48680000,42,1,,,,,,,Hải Dương,,,,,,,,,,,,,,,,,,,,,,,KH-00059,CÔNG TY TNHH TRÍ ĐỨC,2025-02,2025-02-10,2025-02-10,49.0,48680000.0,2.0,0.0,CITYBIKE_P|KIDBIKE_1,1.0,1.0,2.0,3.0,Có nguy cơ rời bỏ,0.961,train,Cao,0.8046,0.0,0.0,,,,,,,,,
customer,,,,,,,Miền Bắc,25550000,21,1,,,,,,,Hà Nam,,,,,,,,,,,,,,,,,,,,,,,KH-00060,CÔNG TY TNHH THƯƠNG MẠI VẠN LỢI,2025-02,2025-02-10,2025-02-10,49.0,25550000.0,1.0,0.0,CITYBIKE_P,1.0,1.0,2.0,2.0,Có nguy cơ rời bỏ,0.9719,test,Cao,0.8046,0.0,0.0,,,,,,,,,
customer,,,,,,,Miền Bắc,13730000,10,1,,,,,,,Hòa Bình,,,,,,,,,,,,,,,,,,,,,,,KH-00061,HỘ KINH DOANH THUỶ TIÊN,2025-02,2025-02-10,2025-02-10,49.0,13730000.0,3.0,0.0,CITYBIKE_P|SPORTBIKE_A|SPORTBIKE_S,1.0,1.0,2.0,1.0,Có nguy cơ rời bỏ,0.9806,train,Cao,0.8046,0.0,0.0,,,,,,,,,
customer,,,,,,,Miền Bắc,119540000,105,2,,,,,,,Lạng Sơn,,,,,,,,,,,,,,,,,,,,,,,KH-00062,CÔNG TY CỔ PHẦN YÊN BÌNH,2025-02,2025-02-10,2025-03-31,0.0,59770000.0,5.0,-24140000.0,CITYBIKE_P|KIDBIKE_1|KIDBIKE_2|SPORTBIKE_A|SPORTBIKE_S,1.0,5.0,4.0,5.0,Khách hàng tiêu biểu,0.9376,train,Cao,0.8046,0.0,0.0,,,,,,,,,
customer,,,,,,,Miền Bắc,51715148,28,2,,,,,,,Bắc Giang,,,,,,,,,,,,,,,,,,,,,,,KH-00063,HỘ KINH DOANH VẠN LỢI,2025-02,2025-02-10,2025-03-28,3.0,25857574.0,2.0,10484852.0,SPORTBIKE_A|SPORTBIKE_S,1.0,4.0,4.0,3.0,Khách hàng trung thành,0.9856,test,Cao,0.8046,0.0,0.0,,,,,,,,,
customer,,,,,,,Miền Bắc,363062500,290,6,,,,,,,Khu 6 – TT Gia Lộc – Huyện Gia Lộc – Hải Dương,,,,,,,,,,,,,,,,,,,,,,,KH-00064,CÔNG TY TNHH SƠN HÀ,2025-02,2025-02-10,2025-03-28,3.0,60510417.0,5.0,101262500.0,CITYBIKE_P|KIDBIKE_1|KIDBIKE_2|SPORTBIKE_A|SPORTBIKE_S,1.0,4.0,5.0,5.0,Khách hàng tiêu biểu,0.0972,test,Thấp,0.8046,0.0,0.0,,,,,,,,,
customer,,,,,,,Miền Bắc,550630000,466,8,,,,,,,Hà Nội,,,,,,,,,,,,,,,,,,,,,,,KH-00065,CÔNG TY CỔ PHẦN QUANG VINH,2025-02,2025-02-10,2025-03-25,6.0,68828750.0,5.0,386270000.0,CITYBIKE_P|KIDBIKE_1|KIDBIKE_2|SPORTBIKE_A|SPORTBIKE_S,1.0,3.0,5.0,5.0,Cần theo dõi,0.9449,train,Cao,0.8046,0.0,0.0,,,,,,,,,
customer,,,,,,,Miền Bắc,34390000,30,1,,,,,,,Hà Nộ,,,,,,,,,,,,,,,,,,,,,,,KH-00066,CÔNG TY CỔ PHẦN NGỌC ANH,2025-02,2025-02-10,2025-02-10,49.0,34390000.0,2.0,0.0,CITYBIKE_P|KIDBIKE_1,1.0,1.0,2.0,2.0,Có nguy cơ rời bỏ,0.9701,train,Cao,0.8046,0.0,0.0,,,,,,,,,
customer,,,,,,,Miền Bắc,213946302,170,9,,,,,,,Hà Nội,,,,,,,,,,,,,,,,,,,,,,,KH-00067,DOANH NGHIỆP TW NGỌC ANH,2025-02,2025-02-10,2025-03-31,0.0,23771811.0,5.0,76163340.0,CITYBIKE_P|KIDBIKE_1|KIDBIKE_2|SPORTBIKE_A|SPORTBIKE_S,1.0,5.0,5.0,5.0,Khách hàng tiêu biểu,0.8998,train,Cao,0.8046,0.0,0.0,,,,,,,,,
customer,,,,,,,Miền Bắc,48010000,56,3,,,,,,,Vĩnh Phúc,,,,,,,,,,,,,,,,,,,,,,,KH-00068,CÔNG TY CỔ PHẦN SÁN LẠP,2025-02,2025-02-10,2025-03-18,13.0,16003333.0,2.0,-13030000.0,CITYBIKE_P|KIDBIKE_2,1.0,2.0,5.0,3.0,Cần chăm sóc đặc biệt,0.9284,train,Cao,0.8046,0.0,0.0,,,,,,,,,
customer,,,,,,,Miền Bắc,11074074,4,2,,,,,,,Hà Nội,,,,,,,,,,,,,,,,,,,,,,,KH-00069,CÔNG TY TNHH MINH PHƯƠNG,2025-02,2025-02-11,2025-02-18,41.0,5537037.0,1.0,0.0,CITYBIKE_P,0.0,1.0,4.0,1.0,Cần chăm sóc đặc biệt,0.2232,train,Thấp,0.8046,1.0,5537037.0,,,,,,,,,
customer,,,,,,,Miền Nam,8851852,4,1,,,,,,,TP. Hồ Chí Minh,,,,,,,,,,,,,,,,,,,,,,,KH-00070,CÔNG TY TNHH THƯƠNG MẠI CHI THÀNH,2025-02,2025-02-13,2025-02-13,46.0,8851852.0,1.0,0.0,CITYBIKE_P,1.0,1.0,2.0,1.0,Có nguy cơ rời bỏ,0.9663,test,Cao,0.8046,0.0,0.0,,,,,,,,,
customer,,,,,,,Miền Bắc,3509259,1,1,,,,,,,Hà Nội,,,,,,,,,,,,,,,,,,,,,,,KH-00071,CỬA HÀNG XE ĐẠP BÌNH MINH,2025-02,2025-02-14,2025-02-14,45.0,3509259.0,1.0,0.0,SPORTBIKE_S,1.0,1.0,2.0,1.0,Có nguy cơ rời bỏ,0.9867,train,Cao,0.8046,0.0,0.0,,,,,,,,,
customer,,,,,,,Miền Trung,3450000,3,1,,,,,,,Hà Tĩnh,,,,,,,,,,,,,,,,,,,,,,,KH-00072,DOANH NGHIỆP TW PHÚC AN,2025-02,2025-02-14,2025-02-14,45.0,3450000.0,1.0,0.0,CITYBIKE_P,1.0,1.0,2.0,1.0,Có nguy cơ rời bỏ,0.9867,train,Cao,0.8046,0.0,0.0,,,,,,,,,
customer,,,,,,,Miền Trung,62612500,47,2,,,,,,,Thanh Hoá,,,,,,,,,,,,,,,,,,,,,,,KH-00073,CỬA HÀNG XE ĐẠP KHẢI HOÀN,2025-02,2025-02-14,2025-03-31,0.0,31306250.0,2.0,-7507500.0,CITYBIKE_P|SPORTBIKE_S,1.0,5.0,4.0,4.0,Khách hàng tiêu biểu,0.9506,test,Cao,0.8046,0.0,0.0,,,,,,,,,
customer,,,,,,,Miền Bắc,25831481,26,2,,,,,,,Hòa Bình,,,,,,,,,,,,,,,,,,,,,,,KH-00074,CÔNG TY TNHH THƯƠNG MẠI HOÀ BÌNH,2025-02,2025-02-14,2025-03-20,11.0,12915740.0,3.0,-5031481.0,CITYBIKE_P|KIDBIKE_1|KIDBIKE_2,0.0,2.0,4.0,2.0,Cần chăm sóc đặc biệt,0.9738,test,Cao,0.8046,1.0,13197126.0,,,,,,,,,
customer,,,,,,,Miền Bắc,312855405,238,5,,,,,,,Hà Nội,,,,,,,,,,,,,,,,,,,,,,,KH-00075,CÔNG TY CỔ PHẦN ĐÔNG NAM,2025-02,2025-02-14,2025-03-27,4.0,62571081.0,4.0,106875405.0,CITYBIKE_P|KIDBIKE_1|SPORTBIKE_A|SPORTBIKE_S,0.0,4.0,5.0,5.0,Khách hàng tiêu biểu,0.1208,train,Thấp,0.8046,2.0,54772209.0,,,,,,,,,
customer,,,,,,,Miền Bắc,142017573,128,3,,,,,,,Bắc Giang,,,,,,,,,,,,,,,,,,,,,,,KH-00076,CỬA HÀNG XE ĐẠP ĐẠI LỢI,2025-02,2025-02-14,2025-03-20,11.0,47339191.0,4.0,-18300573.0,CITYBIKE_P|KIDBIKE_1|KIDBIKE_2|SPORTBIKE_A,0.0,2.0,5.0,5.0,Cần chăm sóc đặc biệt,0.4113,test,Trung bình,0.8046,4.0,632901688.0,,,,,,,,,
customer,,,,,,,Miền Bắc,35020000,30,1,,,,,,,Hà Nội,,,,,,,,,,,,,,,,,,,,,,,KH-00077,CÔNG TY CỔ PHẦN THƯƠNG MẠI NGỌC ANH,2025-02,2025-02-14,2025-02-14,45.0,35020000.0,2.0,0.0,CITYBIKE_P|KIDBIKE_1,1.0,1.0,2.0,3.0,Có nguy cơ rời bỏ,0.9701,test,Cao,0.8046,0.0,0.0,,,,,,,,,
customer,,,,,,,Miền Bắc,226371529,214,12,,,,,,,Hà Nội,,,,,,,,,,,,,,,,,,,,,,,KH-00078,HỘ KINH DOANH VĨNH PHÁT,2025-02,2025-02-14,2025-03-31,0.0,18864294.0,5.0,28776719.0,CITYBIKE_P|KIDBIKE_1|KIDBIKE_2|SPORTBIKE_A|SPORTBIKE_S,0.0,5.0,5.0,5.0,Khách hàng tiêu biểu,0.0496,train,Thấp,0.8046,5.0,75514516.0,,,,,,,,,
customer,,,,,,,Miền Bắc,82316430,69,2,,,,,,,Bắc Giang,,,,,,,,,,,,,,,,,,,,,,,KH-00079,CÔNG TY TNHH ĐÔNG NAM,2025-02,2025-02-14,2025-03-17,14.0,41158215.0,5.0,-37976430.0,CITYBIKE_P|KIDBIKE_1|KIDBIKE_2|SPORTBIKE_A|SPORTBIKE_S,0.0,2.0,4.0,4.0,Cần chăm sóc đặc biệt,0.1225,train,Thấp,0.8046,4.0,130356634.0,,,,,,,,,
customer,,,,,,,Miền Bắc,60020000,50,1,,,,,,,Hà Nội,,,,,,,,,,,,,,,,,,,,,,,KH-00080,HỘ KINH DOANH VĨNH PHÁT,2025-02,2025-02-14,2025-02-14,45.0,60020000.0,1.0,0.0,CITYBIKE_P,1.0,1.0,2.0,4.0,Có nguy cơ rời bỏ,0.9683,train,Cao,0.8046,0.0,0.0,,,,,,,,,
customer,,,,,,,Miền Bắc,45220000,40,1,,,,,,,Hưng Yên,,,,,,,,,,,,,,,,,,,,,,,KH-00081,CÔNG TY TNHH THƯƠNG MẠI KHẢI HOÀN,2025-02,2025-02-14,2025-02-14,45.0,45220000.0,4.0,0.0,CITYBIKE_P|KIDBIKE_1|KIDBIKE_2|SPORTBIKE_S,1.0,1.0,2.0,3.0,Có nguy cơ rời bỏ,0.9673,train,Cao,0.8046,0.0,0.0,,,,,,,,,
customer,,,,,,,Miền Bắc,43600000,31,1,,,,,,,Vĩnh Phúc,,,,,,,,,,,,,,,,,,,,,,,KH-00082,CÔNG TY TNHH THƯƠNG MẠI PHÚC AN,2025-02,2025-02-14,2025-02-14,45.0,43600000.0,2.0,0.0,CITYBIKE_P|SPORTBIKE_A,1.0,1.0,2.0,3.0,Có nguy cơ rời bỏ,0.9376,train,Cao,0.8046,0.0,0.0,,,,,,,,,
customer,,,,,,,Miền Bắc,141400000,121,2,,,,,,,Hưng Yên,,,,,,,,,,,,,,,,,,,,,,,KH-00083,CÔNG TY CỔ PHẦN THƯƠNG MẠI THANH BÌNH,2025-02,2025-02-14,2025-03-19,12.0,70700000.0,3.0,62500000.0,CITYBIKE_P|KIDBIKE_1|SPORTBIKE_S,1.0,2.0,4.0,5.0,Cần chăm sóc đặc biệt,0.9501,train,Cao,0.8046,0.0,0.0,,,,,,,,,
customer,,,,,,,Miền Bắc,17860000,15,1,,,,,,,Hưng Yên,,,,,,,,,,,,,,,,,,,,,,,KH-00084,CỬA HÀNG XE ĐẠP TOÀN THẮNG,2025-02,2025-02-14,2025-02-14,45.0,17860000.0,2.0,0.0,CITYBIKE_P|KIDBIKE_1,1.0,1.0,2.0,1.0,Có nguy cơ rời bỏ,0.851,train,Cao,0.8046,0.0,0.0,,,,,,,,,
customer,,,,,,,Miền Bắc,46780000,40,2,,,,,,,Hà Nội,,,,,,,,,,,,,,,,,,,,,,,KH-00085,CÔNG TY CỔ PHẦN THƯƠNG MẠI NGỌC ANH,2025-02,2025-02-14,2025-03-27,4.0,23390000.0,2.0,-740000.0,CITYBIKE_P|SPORTBIKE_S,1.0,4.0,4.0,3.0,Khách hàng trung thành,0.9818,train,Cao,0.8046,0.0,0.0,,,,,,,,,
customer,,,,,,,Miền Bắc,110019361,95,3,,,,,,,Hà Nội,,,,,,,,,,,,,,,,,,,,,,,KH-00086,CÔNG TY TNHH NGỌC ANH,2025-02,2025-02-14,2025-03-24,7.0,36673120.0,4.0,42724213.0,CITYBIKE_P|KIDBIKE_1|KIDBIKE_2|SPORTBIKE_A,1.0,3.0,5.0,5.0,Cần theo dõi,0.9664,train,Cao,0.8046,0.0,0.0,,,,,,,,,
customer,,,,,,,Miền Trung,24200000,20,1,,,,,,,Nghệ An,,,,,,,,,,,,,,,,,,,,,,,KH-00087,CỬA HÀNG XE ĐẠP SÁN LẠP,2025-02,2025-02-14,2025-02-14,45.0,24200000.0,1.0,0.0,KIDBIKE_1,1.0,1.0,2.0,2.0,Có nguy cơ rời bỏ,0.9719,train,Cao,0.8046,0.0,0.0,,,,,,,,,
customer,,,,,,,Miền Trung,125882643,108,4,,,,,,,Nghệ An,,,,,,,,,,,,,,,,,,,,,,,KH-00088,CỬA HÀNG XE ĐẠP SÁN LẠP,2025-02,2025-02-14,2025-03-31,0.0,31470661.0,4.0,49897357.0,CITYBIKE_P|KIDBIKE_1|KIDBIKE_2|SPORTBIKE_A,0.0,5.0,5.0,5.0,Khách hàng tiêu biểu,0.2973,train,Thấp,0.8046,3.0,203398015.0,,,,,,,,,
customer,,,,,,,Miền Bắc,138392643,115,1,,,,,,,Nghệ A,,,,,,,,,,,,,,,,,,,,,,,KH-00089,HỘ KINH DOANH TOÀN THẮNG,2025-02,2025-02-14,2025-02-14,45.0,138392643.0,3.0,0.0,CITYBIKE_P|KIDBIKE_1|SPORTBIKE_A,1.0,1.0,2.0,5.0,Có nguy cơ rời bỏ,0.7011,test,Cao,0.8046,0.0,0.0,,,,,,,,,
customer,,,,,,,Miền Trung,8518519,4,1,,,,,,,Thanh Hoá,,,,,,,,,,,,,,,,,,,,,,,KH-00090,CÔNG TY TNHH THƯƠNG MẠI TÂY BẮC,2025-02,2025-02-15,2025-02-15,44.0,8518519.0,1.0,0.0,CITYBIKE_P,1.0,1.0,2.0,1.0,Có nguy cơ rời bỏ,0.9663,train,Cao,0.8046,0.0,0.0,,,,,,,,,
customer,,,,,,,Miền Bắc,2688609631,2291,7,,,,,,,Hà Nội,,,,,,,,,,,,,,,,,,,,,,,KH-00091,CÔNG TY TNHH BÌNH MINH,2025-02,2025-02-17,2025-03-28,3.0,384087090.0,5.0,2405571585.0,CITYBIKE_P|KIDBIKE_1|KIDBIKE_2|SPORTBIKE_A|SPORTBIKE_S,0.0,4.0,5.0,5.0,Khách hàng tiêu biểu,0.0186,train,Thấp,0.8046,22.0,2290250000.0,,,,,,,,,
customer,,,,,,,Miền Bắc,51482643,40,3,,,,,,,Hà Nội,,,,,,,,,,,,,,,,,,,,,,,KH-00092,CÔNG TY CỔ PHẦN THƯƠNG MẠI XUÂN MAI,2025-02,2025-02-17,2025-03-31,0.0,17160881.0,2.0,22962643.0,CITYBIKE_P|SPORTBIKE_A,1.0,5.0,5.0,3.0,Khách hàng trung thành,0.9852,test,Cao,0.8046,0.0,0.0,,,,,,,,,
customer,,,,,,,Miền Bắc,112430000,102,4,,,,,,,Hà Nội,,,,,,,,,,,,,,,,,,,,,,,KH-00093,CÔNG TY CỔ PHẦN PHÚC AN,2025-02,2025-02-17,2025-03-25,6.0,28107500.0,4.0,45290000.0,CITYBIKE_P|KIDBIKE_1|KIDBIKE_2|SPORTBIKE_S,1.0,3.0,5.0,5.0,Cần theo dõi,0.9135,train,Cao,0.8046,0.0,0.0,,,,,,,,,
customer,,,,,,,Miền Bắc,41790000,36,2,,,,,,,Phú Thọ,,,,,,,,,,,,,,,,,,,,,,,KH-00094,HỘ KINH DOANH SÁN LẠP,2025-02,2025-02-17,2025-03-31,0.0,20895000.0,3.0,-4870000.0,CITYBIKE_P|KIDBIKE_1|SPORTBIKE_S,1.0,5.0,4.0,3.0,Khách hàng trung thành,0.9893,train,Cao,0.8046,0.0,0.0,,,,,,,,,
customer,,,,,,,Miền Bắc,34730000,30,1,,,,,,,Hà Nội,,,,,,,,,,,,,,,,,,,,,,,KH-00095,CÔNG TY CỔ PHẦN THƯƠNG MẠI KHẢI HOÀN,2025-02,2025-02-17,2025-02-17,42.0,34730000.0,3.0,0.0,CITYBIKE_P|KIDBIKE_1|SPORTBIKE_S,1.0,1.0,2.0,3.0,Có nguy cơ rời bỏ,0.9846,train,Cao,0.8046,0.0,0.0,,,,,,,,,
customer,,,,,,,Miền Bắc,52127000,42,2,,,,,,,Hà Nội,,,,,,,,,,,,,,,,,,,,,,,KH-00096,CÔNG TY TNHH THƯƠNG MẠI SƠN HÀ,2025-02,2025-02-17,2025-03-18,13.0,26063500.0,3.0,3447000.0,CITYBIKE_P|KIDBIKE_1|SPORTBIKE_S,1.0,2.0,4.0,3.0,Cần chăm sóc đặc biệt,0.9576,train,Cao,0.8046,0.0,0.0,,,,,,,,,
customer,,,,,,,Miền Bắc,199350113,167,8,,,,,,,Hà Nội,,,,,,,,,,,,,,,,,,,,,,,KH-00097,CÔNG TY TNHH XUÂN MAI,2025-02,2025-02-17,2025-03-31,0.0,24918764.0,5.0,-64741097.0,CITYBIKE_P|KIDBIKE_1|KIDBIKE_2|SPORTBIKE_A|SPORTBIKE_S,1.0,5.0,5.0,5.0,Khách hàng tiêu biểu,0.9703,train,Cao,0.8046,0.0,0.0,,,,,,,,,
customer,,,,,,,Miền Trung,302480000,260,3,,,,,,,Nghệ An,,,,,,,,,,,,,,,,,,,,,,,KH-00098,HỘ KINH DOANH MẶT TRỜI,2025-02,2025-02-17,2025-03-18,13.0,100826667.0,2.0,-1080000.0,CITYBIKE_P|KIDBIKE_1,1.0,2.0,5.0,5.0,Cần chăm sóc đặc biệt,0.1136,test,Thấp,0.8046,0.0,0.0,,,,,,,,,
customer,,,,,,,Miền Bắc,43710000,39,1,,,,,,,Hà Nội,,,,,,,,,,,,,,,,,,,,,,,KH-00099,CÔNG TY TNHH NGỌC ANH,2025-02,2025-02-17,2025-02-17,42.0,43710000.0,4.0,0.0,CITYBIKE_P|KIDBIKE_1|KIDBIKE_2|SPORTBIKE_S,1.0,1.0,2.0,3.0,Có nguy cơ rời bỏ,0.9673,train,Cao,0.8046,0.0,0.0,,,,,,,,,
customer,,,,,,,Miền Bắc,87295102,83,3,,,,,,,Hà Nội,,,,,,,,,,,,,,,,,,,,,,,KH-00100,CỬA HÀNG XE ĐẠP ĐẠI LỢI,2025-02,2025-02-17,2025-03-22,9.0,29098367.0,4.0,10156058.0,CITYBIKE_P|KIDBIKE_1|KIDBIKE_2|SPORTBIKE_A,1.0,3.0,5.0,4.0,Cần theo dõi,0.9727,train,Cao,0.8046,0.0,0.0,,,,,,,,,
customer,,,,,,,Miền Bắc,35420000,29,3,,,,,,,Hà Nội,,,,,,,,,,,,,,,,,,,,,,,KH-00101,CÔNG TY CỔ PHẦN THƯƠNG MẠI QUANG VINH,2025-02,2025-02-17,2025-03-24,7.0,11806667.0,3.0,33060000.0,CITYBIKE_P|SPORTBIKE_A|SPORTBIKE_S,1.0,3.0,5.0,3.0,Cần theo dõi,0.9881,train,Cao,0.8046,0.0,0.0,,,,,,,,,
customer,,,,,,,Miền Bắc,69700000,60,1,,,,,,,Bắc Ninh,,,,,,,,,,,,,,,,,,,,,,,KH-00102,CỬA HÀNG XE ĐẠP AN PHÁT,2025-02,2025-02-17,2025-02-17,42.0,69700000.0,1.0,0.0,CITYBIKE_P,1.0,1.0,2.0,4.0,Có nguy cơ rời bỏ,0.9642,train,Cao,0.8046,0.0,0.0,,,,,,,,,
customer,,,,,,,Miền Bắc,18680556,10,1,,,,,,,Bắc Giang,,,,,,,,,,,,,,,,,,,,,,,KH-00103,CÔNG TY CỔ PHẦN AN PHÁT,2025-02,2025-02-19,2025-02-19,40.0,18680556.0,1.0,0.0,CITYBIKE_P,1.0,1.0,2.0,2.0,Có nguy cơ rời bỏ,0.9132,train,Cao,0.8046,0.0,0.0,,,,,,,,,
customer,,,,,,,Miền Trung,226215286,185,3,,,,,,,Thanh Hóa,,,,,,,,,,,,,,,,,,,,,,,KH-00104,DOANH NGHIỆP TW THUỶ TIÊN,2025-02,2025-02-19,2025-03-25,6.0,75405095.0,3.0,95544714.0,CITYBIKE_P|SPORTBIKE_A|SPORTBIKE_S,1.0,3.0,5.0,5.0,Cần theo dõi,0.9287,train,Cao,0.8046,0.0,0.0,,,,,,,,,
customer,,,,,,,Miền Bắc,34910000,30,1,,,,,,,Bắc Ninh,,,,,,,,,,,,,,,,,,,,,,,KH-00105,CỬA HÀNG XE ĐẠP PHÚC AN,2025-02,2025-02-19,2025-02-19,40.0,34910000.0,2.0,0.0,CITYBIKE_P|KIDBIKE_1,1.0,1.0,2.0,3.0,Có nguy cơ rời bỏ,0.9245,train,Cao,0.8046,0.0,0.0,,,,,,,,,
customer,,,,,,,Miền Trung,88360000,70,1,,,,,,,Thanh Hóa,,,,,,,,,,,,,,,,,,,,,,,KH-00106,CÔNG TY TNHH THƯƠNG MẠI TOÀN THẮNG,2025-02,2025-02-19,2025-02-19,40.0,88360000.0,2.0,0.0,CITYBIKE_P|SPORTBIKE_S,1.0,1.0,2.0,4.0,Có nguy cơ rời bỏ,0.9211,train,Cao,0.8046,0.0,0.0,,,,,,,,,
customer,,,,,,,Miền Bắc,82830000,70,3,,,,,,,Bắc Ninh,,,,,,,,,,,,,,,,,,,,,,,KH-00107,CÔNG TY TNHH LONG PHÚ,2025-02,2025-02-19,2025-03-28,3.0,27610000.0,2.0,39310000.0,CITYBIKE_P|KIDBIKE_1,1.0,4.0,5.0,4.0,Khách hàng tiêu biểu,0.9777,train,Cao,0.8046,0.0,0.0,,,,,,,,,
customer,,,,,,,Miền Bắc,35900000,30,1,,,,,,,Hà Nội,,,,,,,,,,,,,,,,,,,,,,,KH-00108,HỘ KINH DOANH LÊ ANH,2025-02,2025-02-19,2025-02-19,40.0,35900000.0,3.0,0.0,CITYBIKE_P|KIDBIKE_1|SPORTBIKE_S,1.0,1.0,2.0,3.0,Có nguy cơ rời bỏ,0.9538,test,Cao,0.8046,0.0,0.0,,,,,,,,,
customer,,,,,,,Miền Bắc,80790000,68,3,,,,,,,Hà Nội,,,,,,,,,,,,,,,,,,,,,,,KH-00109,CÔNG TY CỔ PHẦN VẠN LỢI,2025-02,2025-02-19,2025-03-31,0.0,26930000.0,3.0,56990000.0,CITYBIKE_P|KIDBIKE_1|SPORTBIKE_A,1.0,5.0,5.0,4.0,Khách hàng tiêu biểu,0.9804,train,Cao,0.8046,0.0,0.0,,,,,,,,,
customer,,,,,,,Miền Bắc,57900000,49,2,,,,,,,Hà Nội,,,,,,,,,,,,,,,,,,,,,,,KH-00110,CỬA HÀNG XE ĐẠP TÂY BẮC,2025-02,2025-02-19,2025-03-24,7.0,28950000.0,3.0,18400000.0,CITYBIKE_P|KIDBIKE_1|SPORTBIKE_S,1.0,3.0,4.0,4.0,Cần theo dõi,0.9892,train,Cao,0.8046,0.0,0.0,,,,,,,,,
customer,,,,,,,Miền Bắc,72628500,59,2,,,,,,,Hà Nội,,,,,,,,,,,,,,,,,,,,,,,KH-00111,DOANH NGHIỆP TW MẶT TRỜI,2025-02,2025-02-19,2025-03-27,4.0,36314250.0,4.0,20548500.0,CITYBIKE_P|KIDBIKE_1|KIDBIKE_2|SPORTBIKE_A,1.0,4.0,4.0,4.0,Khách hàng tiêu biểu,0.973,train,Cao,0.8046,0.0,0.0,,,,,,,,,
customer,,,,,,,Miền Bắc,61441481,53,2,,,,,,,Khu 2- thị trấn Kim Tân- Thạch Thành - Thanh Hóa,,,,,,,,,,,,,,,,,,,,,,,KH-00112,HỘ KINH DOANH TÚ ANH,2025-02,2025-02-19,2025-03-19,12.0,30720740.0,3.0,-8918519.0,CITYBIKE_P|KIDBIKE_1|KIDBIKE_2,1.0,2.0,4.0,4.0,Cần chăm sóc đặc biệt,0.9701,train,Cao,0.8046,0.0,0.0,,,,,,,,,
customer,,,,,,,Miền Trung,17790000,15,1,,,,,,,Thanh Hoá,,,,,,,,,,,,,,,,,,,,,,,KH-00113,DOANH NGHIỆP TW XÂY DỰNG,2025-02,2025-02-19,2025-02-19,40.0,17790000.0,1.0,0.0,CITYBIKE_P,0.0,1.0,2.0,1.0,Có nguy cơ rời bỏ,0.6829,train,Cao,0.8046,1.0,23649439.0,,,,,,,,,
customer,,,,,,,Miền Bắc,22550000,16,1,,,,,,,Phố Kiểu - Yên Trường - Yên Định - Thanh Hoá,,,,,,,,,,,,,,,,,,,,,,,KH-00114,CỬA HÀNG XE ĐẠP NGỌC ANH,2025-02,2025-02-19,2025-02-19,40.0,22550000.0,3.0,0.0,CITYBIKE_P|KIDBIKE_2|SPORTBIKE_A,1.0,1.0,2.0,2.0,Có nguy cơ rời bỏ,0.9539,train,Cao,0.8046,0.0,0.0,,,,,,,,,
customer,,,,,,,Miền Trung,52250000,50,2,,,,,,,Thanh Hóa,,,,,,,,,,,,,,,,,,,,,,,KH-00115,CÔNG TY CỔ PHẦN YÊN BÌNH,2025-02,2025-02-19,2025-03-31,0.0,26125000.0,3.0,-12470000.0,CITYBIKE_P|KIDBIKE_1|KIDBIKE_2,1.0,5.0,4.0,3.0,Khách hàng trung thành,0.9893,train,Cao,0.8046,0.0,0.0,,,,,,,,,
customer,,,,,,,Miền Bắc,57090000,50,1,,,,,,,Hưng Yên,,,,,,,,,,,,,,,,,,,,,,,KH-00116,HỘ KINH DOANH TOÀN THẮNG,2025-02,2025-02-19,2025-02-19,40.0,57090000.0,2.0,0.0,CITYBIKE_P|KIDBIKE_1,1.0,1.0,2.0,4.0,Có nguy cơ rời bỏ,0.9354,test,Cao,0.8046,0.0,0.0,,,,,,,,,
customer,,,,,,,Miền Bắc,48490000,42,2,,,,,,,Hưng yên,,,,,,,,,,,,,,,,,,,,,,,KH-00117,HỘ KINH DOANH YÊN BÌNH,2025-02,2025-02-19,2025-03-31,0.0,24245000.0,2.0,570000.0,CITYBIKE_P|KIDBIKE_1,1.0,5.0,4.0,3.0,Khách hàng trung thành,0.9453,test,Cao,0.8046,0.0,0.0,,,,,,,,,
customer,,,,,,,Miền Bắc,7361111,3,1,,,,,,,Nam Định,,,,,,,,,,,,,,,,,,,,,,,KH-00118,HỘ KINH DOANH HÙNG CƯỜNG,2025-02,2025-02-20,2025-02-20,39.0,7361111.0,1.0,0.0,CITYBIKE_P,1.0,1.0,2.0,1.0,Có nguy cơ rời bỏ,0.9509,train,Cao,0.8046,0.0,0.0,,,,,,,,,
customer,,,,,,,Miền Bắc,53513597,45,2,,,,,,,Hà Nội,,,,,,,,,,,,,,,,,,,,,,,KH-00119,DOANH NGHIỆP TW MẶT TRỜI,2025-02,2025-02-20,2025-03-25,6.0,26756798.0,4.0,-3231519.0,CITYBIKE_P|KIDBIKE_1|KIDBIKE_2|SPORTBIKE_S,1.0,3.0,4.0,4.0,Cần theo dõi,0.9753,train,Cao,0.8046,0.0,0.0,,,,,,,,,
customer,,,,,,,Miền Bắc,77920143,67,2,,,,,,,Hà Nội,,,,,,,,,,,,,,,,,,,,,,,KH-00120,CÔNG TY TNHH THANH BÌNH,2025-02,2025-02-20,2025-03-25,6.0,38960072.0,5.0,16434857.0,CITYBIKE_P|KIDBIKE_1|KIDBIKE_2|SPORTBIKE_A|SPORTBIKE_S,1.0,3.0,4.0,4.0,Cần theo dõi,0.9572,test,Cao,0.8046,0.0,0.0,,,,,,,,,
customer,,,,,,,Miền Bắc,25527929,19,1,,,,,,,Hưng Yên,,,,,,,,,,,,,,,,,,,,,,,KH-00121,CÔNG TY TNHH CHI THÀNH,2025-02,2025-02-20,2025-02-20,39.0,25527929.0,4.0,0.0,CITYBIKE_P|KIDBIKE_1|KIDBIKE_2|SPORTBIKE_A,1.0,1.0,2.0,2.0,Có nguy cơ rời bỏ,0.9826,train,Cao,0.8046,0.0,0.0,,,,,,,,,
customer,,,,,,,Miền Bắc,28520000,30,1,,,,,,,Hưng Yên,,,,,,,,,,,,,,,,,,,,,,,KH-00122,CÔNG TY TNHH CHI THÀNH,2025-02,2025-02-20,2025-02-20,39.0,28520000.0,3.0,0.0,CITYBIKE_P|KIDBIKE_1|KIDBIKE_2,1.0,1.0,2.0,2.0,Có nguy cơ rời bỏ,0.9826,train,Cao,0.8046,0.0,0.0,,,,,,,,,
customer,,,,,,,Miền Bắc,17390000,20,1,,,,,,,Hà Nội,,,,,,,,,,,,,,,,,,,,,,,KH-00123,CÔNG TY CỔ PHẦN THƯƠNG MẠI LONG PHÚ,2025-02,2025-02-20,2025-02-20,39.0,17390000.0,2.0,0.0,CITYBIKE_P|KIDBIKE_2,1.0,1.0,2.0,1.0,Có nguy cơ rời bỏ,0.9635,train,Cao,0.8046,0.0,0.0,,,,,,,,,
customer,,,,,,,Miền Trung,36220000,30,1,,,,,,,Thanh Hoá,,,,,,,,,,,,,,,,,,,,,,,KH-00124,CÔNG TY CỔ PHẦN THƯƠNG MẠI AN PHÁT,2025-02,2025-02-20,2025-02-20,39.0,36220000.0,2.0,0.0,CITYBIKE_P|SPORTBIKE_S,1.0,1.0,2.0,3.0,Có nguy cơ rời bỏ,0.9387,train,Cao,0.8046,0.0,0.0,,,,,,,,,
customer,,,,,,,Miền Trung,21860000,17,1,,,,,,,Thanh Hóa,,,,,,,,,,,,,,,,,,,,,,,KH-00125,HỘ KINH DOANH BÌNH MINH,2025-02,2025-02-20,2025-02-20,39.0,21860000.0,1.0,0.0,CITYBIKE_P,1.0,1.0,2.0,2.0,Có nguy cơ rời bỏ,0.9663,train,Cao,0.8046,0.0,0.0,,,,,,,,,
customer,,,,,,,Miền Trung,106170000,97,3,,,,,,,Thanh Hoá,,,,,,,,,,,,,,,,,,,,,,,KH-00126,HỘ KINH DOANH HOÀ BÌNH,2025-02,2025-02-20,2025-03-24,7.0,35390000.0,4.0,30230000.0,CITYBIKE_P|KIDBIKE_1|KIDBIKE_2|SPORTBIKE_S,1.0,3.0,5.0,5.0,Cần theo dõi,0.9791,train,Cao,0.8046,0.0,0.0,,,,,,,,,
customer,,,,,,,Miền Bắc,48240000,40,1,,,,,,,Hà Nam,,,,,,,,,,,,,,,,,,,,,,,KH-00127,CỬA HÀNG XE ĐẠP TÂN TIẾN,2025-02,2025-02-20,2025-02-20,39.0,48240000.0,1.0,0.0,CITYBIKE_P,1.0,1.0,2.0,3.0,Có nguy cơ rời bỏ,0.9548,train,Cao,0.8046,0.0,0.0,,,,,,,,,
customer,,,,,,,Miền Trung,46560000,40,1,,,,,,,Thanh Hóa,,,,,,,,,,,,,,,,,,,,,,,KH-00128,HỘ KINH DOANH TÂY BẮC,2025-02,2025-02-20,2025-02-20,39.0,46560000.0,2.0,0.0,CITYBIKE_P|KIDBIKE_1,1.0,1.0,2.0,3.0,Có nguy cơ rời bỏ,0.928,train,Cao,0.8046,0.0,0.0,,,,,,,,,
customer,,,,,,,Miền Bắc,60307929,51,1,,,,,,,Tĩnh Thanh Hoá,,,,,,,,,,,,,,,,,,,,,,,KH-00129,CÔNG TY CỔ PHẦN LÊ ANH,2025-02,2025-02-20,2025-02-20,39.0,60307929.0,4.0,0.0,CITYBIKE_P|KIDBIKE_1|KIDBIKE_2|SPORTBIKE_A,1.0,1.0,2.0,4.0,Có nguy cơ rời bỏ,0.9744,train,Cao,0.8046,0.0,0.0,,,,,,,,,
customer,,,,,,,Miền Trung,191180000,160,5,,,,,,,Thanh Hoá,,,,,,,,,,,,,,,,,,,,,,,KH-00130,CÔNG TY CỔ PHẦN THƯƠNG MẠI THUỶ TIÊN,2025-02,2025-02-20,2025-03-31,0.0,38236000.0,3.0,117980000.0,CITYBIKE_P|KIDBIKE_1|SPORTBIKE_S,1.0,5.0,5.0,5.0,Khách hàng tiêu biểu,0.9544,train,Cao,0.8046,0.0,0.0,,,,,,,,,
customer,,,,,,,Miền Bắc,35090000,30,1,,,,,,,Hà Nam,,,,,,,,,,,,,,,,,,,,,,,KH-00131,CÔNG TY TNHH QUANG VINH,2025-02,2025-02-20,2025-02-20,39.0,35090000.0,2.0,0.0,CITYBIKE_P|KIDBIKE_1,1.0,1.0,2.0,3.0,Có nguy cơ rời bỏ,0.9709,train,Cao,0.8046,0.0,0.0,,,,,,,,,
customer,,,,,,,Miền Trung,341650000,287,4,,,,,,,Nghệ An,,,,,,,,,,,,,,,,,,,,,,,KH-00132,CÔNG TY TNHH THƯƠNG MẠI HOÀ BÌNH,2025-02,2025-02-20,2025-03-28,3.0,85412500.0,4.0,194170000.0,CITYBIKE_P|KIDBIKE_2|SPORTBIKE_A|SPORTBIKE_S,1.0,4.0,5.0,5.0,Khách hàng tiêu biểu,0.9423,train,Cao,0.8046,0.0,0.0,,,,,,,,,
customer,,,,,,,Miền Trung,55861481,59,4,,,,,,,Thanh Hoá,,,,,,,,,,,,,,,,,,,,,,,KH-00133,DOANH NGHIỆP TW YÊN BÌNH,2025-02,2025-02-20,2025-03-14,17.0,13965370.0,2.0,-49861481.0,CITYBIKE_P|KIDBIKE_2,0.0,2.0,5.0,4.0,Cần chăm sóc đặc biệt,0.5173,test,Trung bình,0.8046,3.0,137844678.0,,,,,,,,,
customer,,,,,,,Miền Trung,236678935,149,3,,,,,,,Quảng Nam,,,,,,,,,,,,,,,,,,,,,,,KH-00134,DOANH NGHIỆP TW PHÚ THỊNH,2025-02,2025-02-21,2025-03-31,0.0,78892978.0,2.0,-20540447.0,CITYBIKE_P|SPORTBIKE_A,0.0,5.0,5.0,5.0,Khách hàng tiêu biểu,0.1951,train,Thấp,0.8046,5.0,470267127.0,,,,,,,,,
customer,,,,,,,Miền Bắc,34180000,30,1,,,,,,,Ninh Bình,,,,,,,,,,,,,,,,,,,,,,,KH-00135,CỬA HÀNG XE ĐẠP XUÂN MAI,2025-02,2025-02-22,2025-02-22,37.0,34180000.0,3.0,0.0,CITYBIKE_P|KIDBIKE_2|SPORTBIKE_S,1.0,2.0,2.0,2.0,Có nguy cơ rời bỏ,0.985,train,Cao,0.8046,0.0,0.0,,,,,,,,,
customer,,,,,,,Miền Bắc,42370000,38,1,,,,,,,Tây Bình Cách - Xã Đông Xá - Huyện Đông Hưng - Thái Bình.,,,,,,,,,,,,,,,,,,,,,,,KH-00136,CÔNG TY CỔ PHẦN NGỌC ANH,2025-02,2025-02-22,2025-02-22,37.0,42370000.0,4.0,0.0,CITYBIKE_P|KIDBIKE_1|KIDBIKE_2|SPORTBIKE_S,1.0,2.0,2.0,3.0,Có nguy cơ rời bỏ,0.9621,test,Cao,0.8046,0.0,0.0,,,,,,,,,
customer,,,,,,,Miền Bắc,36580000,29,1,,,,,,,Hà Nam,,,,,,,,,,,,,,,,,,,,,,,KH-00137,CÔNG TY TNHH THƯƠNG MẠI QUANG VINH,2025-02,2025-02-22,2025-02-22,37.0,36580000.0,3.0,0.0,CITYBIKE_P|SPORTBIKE_A|SPORTBIKE_S,1.0,2.0,2.0,3.0,Có nguy cơ rời bỏ,0.9679,train,Cao,0.8046,0.0,0.0,,,,,,,,,
customer,,,,,,,Miền Bắc,52850000,50,1,,,,,,,Thái Bình,,,,,,,,,,,,,,,,,,,,,,,KH-00138,CÔNG TY TNHH THƯƠNG MẠI VĨNH PHÁT,2025-02,2025-02-22,2025-02-22,37.0,52850000.0,3.0,0.0,CITYBIKE_P|KIDBIKE_1|KIDBIKE_2,1.0,2.0,2.0,3.0,Có nguy cơ rời bỏ,0.9744,train,Cao,0.8046,0.0,0.0,,,,,,,,,
customer,,,,,,,Miền Bắc,124298146,83,3,,,,,,,Hà Nội,,,,,,,,,,,,,,,,,,,,,,,KH-00139,HỘ KINH DOANH YÊN BÌNH,2025-02,2025-02-22,2025-03-31,0.0,41432715.0,3.0,-22847574.0,CITYBIKE_P|SPORTBIKE_A|SPORTBIKE_S,1.0,5.0,5.0,5.0,Khách hàng tiêu biểu,0.924,train,Cao,0.8046,0.0,0.0,,,,,,,,,
customer,,,,,,,Miền Bắc,98910000,82,3,,,,,,,Hải Dương,,,,,,,,,,,,,,,,,,,,,,,KH-00140,CÔNG TY TNHH XÂY DỰNG,2025-02,2025-02-22,2025-03-21,10.0,32970000.0,5.0,17390000.0,CITYBIKE_P|KIDBIKE_1|KIDBIKE_2|SPORTBIKE_A|SPORTBIKE_S,1.0,3.0,5.0,5.0,Cần theo dõi,0.9791,train,Cao,0.8046,0.0,0.0,,,,,,,,,
customer,,,,,,,Miền Bắc,108820000,120,1,,,,,,,Hải Phòng,,,,,,,,,,,,,,,,,,,,,,,KH-00141,CÔNG TY CỔ PHẦN THƯƠNG MẠI TÂN TIẾN,2025-02,2025-02-22,2025-02-22,37.0,108820000.0,3.0,0.0,CITYBIKE_P|KIDBIKE_1|KIDBIKE_2,1.0,2.0,2.0,5.0,Có nguy cơ rời bỏ,0.9368,train,Cao,0.8046,0.0,0.0,,,,,,,,,
customer,,,,,,,Miền Bắc,66548500,54,4,,,,,,,Hà Nội,,,,,,,,,,,,,,,,,,,,,,,KH-00142,CÔNG TY TNHH THƯƠNG MẠI CHI THÀNH,2025-02,2025-02-22,2025-03-31,0.0,16637125.0,5.0,39648500.0,CITYBIKE_P|KIDBIKE_1|KIDBIKE_2|SPORTBIKE_A|SPORTBIKE_S,1.0,5.0,5.0,4.0,Khách hàng tiêu biểu,0.9665,train,Cao,0.8046,0.0,0.0,,,,,,,,,
customer,,,,,,,Miền Bắc,29700000,20,1,,,,,,,Vĩnh Phúc,,,,,,,,,,,,,,,,,,,,,,,KH-00143,DOANH NGHIỆP TW TÂY BẮC,2025-02,2025-02-22,2025-02-22,37.0,29700000.0,2.0,0.0,CITYBIKE_P|SPORTBIKE_A,1.0,2.0,2.0,2.0,Có nguy cơ rời bỏ,0.9633,train,Cao,0.8046,0.0,0.0,,,,,,,,,
customer,,,,,,,Miền Bắc,22418078,20,1,,,,,,,Vĩnh Yên,,,,,,,,,,,,,,,,,,,,,,,KH-00144,CỬA HÀNG XE ĐẠP QUANG VINH,2025-02,2025-02-22,2025-02-22,37.0,22418078.0,4.0,0.0,CITYBIKE_P|KIDBIKE_1|KIDBIKE_2|SPORTBIKE_S,1.0,2.0,2.0,2.0,Có nguy cơ rời bỏ,0.9826,train,Cao,0.8046,0.0,0.0,,,,,,,,,
customer,,,,,,,Miền Trung,22940000,20,1,,,,,,,Quảng Ngãi,,,,,,,,,,,,,,,,,,,,,,,KH-00145,HỘ KINH DOANH PHÚ THỊNH,2025-02,2025-02-22,2025-02-22,37.0,22940000.0,4.0,0.0,CITYBIKE_P|KIDBIKE_1|KIDBIKE_2|SPORTBIKE_A,1.0,2.0,2.0,2.0,Có nguy cơ rời bỏ,0.9826,train,Cao,0.8046,0.0,0.0,,,,,,,,,
customer,,,,,,,Miền Bắc,18640000,14,1,,,,,,,Điện Biên,,,,,,,,,,,,,,,,,,,,,,,KH-00146,HỘ KINH DOANH LONG PHÚ,2025-02,2025-02-22,2025-02-22,37.0,18640000.0,4.0,0.0,CITYBIKE_P|KIDBIKE_1|SPORTBIKE_A|SPORTBIKE_S,1.0,2.0,2.0,2.0,Có nguy cơ rời bỏ,0.9826,train,Cao,0.8046,0.0,0.0,,,,,,,,,
customer,,,,,,,Miền Bắc,176398243,146,3,,,,,,,Hà Nội,,,,,,,,,,,,,,,,,,,,,,,KH-00147,CÔNG TY TNHH PHÚ THỊNH,2025-02,2025-02-22,2025-03-29,2.0,58799414.0,5.0,46488159.0,CITYBIKE_P|KIDBIKE_1|KIDBIKE_2|SPORTBIKE_A|SPORTBIKE_S,0.0,5.0,5.0,5.0,Khách hàng tiêu biểu,0.1484,train,Thấp,0.8046,5.0,290326127.0,,,,,,,,,
customer,,,,,,,Miền Bắc,82782643,68,4,,,,,,,Hải Dươn,,,,,,,,,,,,,,,,,,,,,,,KH-00148,HỘ KINH DOANH THUỶ TIÊN,2025-02,2025-02-22,2025-03-27,4.0,20695661.0,4.0,39937357.0,CITYBIKE_P|KIDBIKE_1|SPORTBIKE_A|SPORTBIKE_S,1.0,4.0,5.0,4.0,Khách hàng tiêu biểu,0.9135,train,Cao,0.8046,0.0,0.0,,,,,,,,,
customer,,,,,,,Miền Bắc,66287929,51,2,,,,,,,Hải Dương,,,,,,,,,,,,,,,,,,,,,,,KH-00149,CỬA HÀNG XE ĐẠP TÚ ANH,2025-02,2025-02-22,2025-03-21,10.0,33143964.0,5.0,-5247929.0,CITYBIKE_P|KIDBIKE_1|KIDBIKE_2|SPORTBIKE_A|SPORTBIKE_S,1.0,3.0,4.0,4.0,Cần theo dõi,0.9748,train,Cao,0.8046,0.0,0.0,,,,,,,,,
customer,,,,,,,Miền Bắc,14582643,9,1,,,,,,,Hải Dương,,,,,,,,,,,,,,,,,,,,,,,KH-00150,HỘ KINH DOANH SÁN LẠP,2025-02,2025-02-22,2025-02-22,37.0,14582643.0,2.0,0.0,CITYBIKE_P|SPORTBIKE_A,1.0,2.0,2.0,1.0,Có nguy cơ rời bỏ,0.9635,train,Cao,0.8046,0.0,0.0,,,,,,,,,
customer,,,,,,,Miền Trung,130261924,91,2,,,,,,,Hà Tĩnh,,,,,,,,,,,,,,,,,,,,,,,KH-00151,CÔNG TY TNHH LÊ ANH,2025-02,2025-02-22,2025-03-20,11.0,65130962.0,3.0,45661924.0,CITYBIKE_P|KIDBIKE_1|SPORTBIKE_S,1.0,2.0,4.0,5.0,Cần chăm sóc đặc biệt,0.9433,train,Cao,0.8046,0.0,0.0,,,,,,,,,
customer,,,,,,,Miền Trung,89045116,79,3,,,,,,,Nghệ An,,,,,,,,,,,,,,,,,,,,,,,KH-00152,HỘ KINH DOANH TRÍ ĐỨC,2025-02,2025-02-22,2025-03-31,0.0,29681705.0,3.0,11385116.0,CITYBIKE_P|KIDBIKE_1|KIDBIKE_2,1.0,5.0,5.0,4.0,Khách hàng tiêu biểu,0.9766,train,Cao,0.8046,0.0,0.0,,,,,,,,,
customer,,,,,,,Miền Trung,33900000,32,1,,,,,,,Hà Tĩnh,,,,,,,,,,,,,,,,,,,,,,,KH-00153,CÔNG TY CỔ PHẦN THƯƠNG MẠI PHÚ THỊNH,2025-02,2025-02-22,2025-02-22,37.0,33900000.0,3.0,0.0,CITYBIKE_P|KIDBIKE_1|KIDBIKE_2,1.0,2.0,2.0,2.0,Có nguy cơ rời bỏ,0.985,train,Cao,0.8046,0.0,0.0,,,,,,,,,
customer,,,,,,,Miền Trung,80000000,70,3,,,,,,,Hà Tĩnh,,,,,,,,,,,,,,,,,,,,,,,KH-00154,DOANH NGHIỆP TW VĨNH PHÁT,2025-02,2025-02-22,2025-03-31,0.0,26666667.0,1.0,32720000.0,CITYBIKE_P,1.0,5.0,5.0,4.0,Khách hàng tiêu biểu,0.9759,test,Cao,0.8046,0.0,0.0,,,,,,,,,
customer,,,,,,,Miền Bắc,140009520,126,4,,,,,,,Hà Nội,,,,,,,,,,,,,,,,,,,,,,,KH-00155,DOANH NGHIỆP TW HÙNG CƯỜNG,2025-02,2025-02-22,2025-03-28,3.0,35002380.0,5.0,59885286.0,CITYBIKE_P|KIDBIKE_1|KIDBIKE_2|SPORTBIKE_A|SPORTBIKE_S,1.0,4.0,5.0,5.0,Khách hàng tiêu biểu,0.8724,train,Cao,0.8046,0.0,0.0,,,,,,,,,
customer,,,,,,,Miền Trung,21250000,18,1,,,,,,,Thanh Hoá,,,,,,,,,,,,,,,,,,,,,,,KH-00156,DOANH NGHIỆP TW VIỆT ANH,2025-02,2025-02-22,2025-02-22,37.0,21250000.0,3.0,0.0,CITYBIKE_P|KIDBIKE_1|SPORTBIKE_S,1.0,2.0,2.0,2.0,Có nguy cơ rời bỏ,0.9826,train,Cao,0.8046,0.0,0.0,,,,,,,,,
customer,,,,,,,Miền Bắc,7018519,2,1,,,,,,,Hà Nội,,,,,,,,,,,,,,,,,,,,,,,KH-00157,CÔNG TY TNHH THƯƠNG MẠI LONG PHÚ,2025-02,2025-02-25,2025-02-25,34.0,7018519.0,2.0,0.0,CITYBIKE_P|SPORTBIKE_A,0.0,2.0,2.0,1.0,Có nguy cơ rời bỏ,0.3278,train,Trung bình,0.8046,51.0,245120380.0,,,,,,,,,
customer,,,,,,,Miền Bắc,23040000,19,1,,,,,,,Thái Bình,,,,,,,,,,,,,,,,,,,,,,,KH-00158,CÔNG TY TNHH THƯƠNG MẠI VIỆT ANH,2025-02,2025-02-25,2025-02-25,34.0,23040000.0,2.0,0.0,CITYBIKE_P|KIDBIKE_1,1.0,2.0,2.0,2.0,Có nguy cơ rời bỏ,0.9663,train,Cao,0.8046,0.0,0.0,,,,,,,,,
customer,,,,,,,Miền Bắc,20750000,9,2,,,,,,,Thủ Dầu Một,,,,,,,,,,,,,,,,,,,,,,,KH-00159,CÔNG TY TNHH THƯƠNG MẠI THANH BÌNH,2025-02,2025-02-25,2025-03-07,24.0,10375000.0,1.0,11527778.0,CITYBIKE_P,1.0,2.0,4.0,2.0,Cần chăm sóc đặc biệt,0.9789,train,Cao,0.8046,0.0,0.0,,,,,,,,,
customer,,,,,,,Miền Bắc,2768519,1,1,,,,,,,Hà Nội,,,,,,,,,,,,,,,,,,,,,,,KH-00160,CÔNG TY TNHH THƯƠNG MẠI TRÍ ĐỨC,2025-02,2025-02-26,2025-02-26,33.0,2768519.0,1.0,0.0,CITYBIKE_P,1.0,2.0,2.0,1.0,Có nguy cơ rời bỏ,0.9804,train,Cao,0.8046,0.0,0.0,,,,,,,,,
customer,,,,,,,Miền Bắc,182845338,103,3,,,,,,,Hà Nội,,,,,,,,,,,,,,,,,,,,,,,KH-00161,CÔNG TY TNHH THIÊN AN,2025-02,2025-02-26,2025-03-27,4.0,60948446.0,5.0,140450908.0,CITYBIKE_P|KIDBIKE_1|KIDBIKE_2|SPORTBIKE_A|SPORTBIKE_S,1.0,4.0,5.0,5.0,Khách hàng tiêu biểu,0.9827,test,Cao,0.8046,0.0,0.0,,,,,,,,,
customer,,,,,,,Miền Bắc,17880000,15,2,,,,,,,Hà Nội,,,,,,,,,,,,,,,,,,,,,,,KH-00162,CÔNG TY CỔ PHẦN THƯƠNG MẠI CHI THÀNH,2025-02,2025-02-26,2025-03-22,9.0,8940000.0,2.0,-3140000.0,CITYBIKE_P|KIDBIKE_1,0.0,3.0,4.0,1.0,Cần theo dõi,0.4197,train,Trung bình,0.8046,1.0,23001103.0,,,,,,,,,
customer,,,,,,,Miền Bắc,82695483,70,4,,,,,,,Hà Nội,,,,,,,,,,,,,,,,,,,,,,,KH-00163,HỘ KINH DOANH XUÂN MAI,2025-02,2025-02-26,2025-03-31,0.0,20673871.0,4.0,34663635.0,CITYBIKE_P|KIDBIKE_1|KIDBIKE_2|SPORTBIKE_S,1.0,5.0,5.0,4.0,Khách hàng tiêu biểu,0.9191,train,Cao,0.8046,0.0,0.0,,,,,,,,,
customer,,,,,,,Miền Bắc,61750000,51,2,,,,,,,Thân Nhân Trung - TT Bích Động - Việt Yên - Bắc Giang,,,,,,,,,,,,,,,,,,,,,,,KH-00164,HỘ KINH DOANH XÂY DỰNG,2025-02,2025-02-26,2025-03-21,10.0,30875000.0,3.0,10250000.0,CITYBIKE_P|KIDBIKE_1|SPORTBIKE_S,1.0,3.0,4.0,4.0,Cần theo dõi,0.9877,train,Cao,0.8046,0.0,0.0,,,,,,,,,
customer,,,,,,,Miền Bắc,10890000,8,1,,,,,,,Bắc Giang,,,,,,,,,,,,,,,,,,,,,,,KH-00165,CÔNG TY CỔ PHẦN THƯƠNG MẠI TRƯỜNG THỊNH,2025-02,2025-02-26,2025-02-26,33.0,10890000.0,3.0,0.0,CITYBIKE_P|SPORTBIKE_A|SPORTBIKE_S,1.0,2.0,2.0,1.0,Có nguy cơ rời bỏ,0.9811,train,Cao,0.8046,0.0,0.0,,,,,,,,,
customer,,,,,,,Miền Bắc,23312643,18,1,,,,,,,Tổ 1 - Phường Mường Thanh - TP Điện Biên Phủ,,,,,,,,,,,,,,,,,,,,,,,KH-00166,HỘ KINH DOANH QUANG VINH,2025-02,2025-02-26,2025-02-26,33.0,23312643.0,3.0,0.0,CITYBIKE_P|SPORTBIKE_A|SPORTBIKE_S,1.0,2.0,2.0,2.0,Có nguy cơ rời bỏ,0.9826,train,Cao,0.8046,0.0,0.0,,,,,,,,,
customer,,,,,,,Miền Bắc,82220000,67,4,,,,,,,Hà Nội,,,,,,,,,,,,,,,,,,,,,,,KH-00167,CÔNG TY CỔ PHẦN THƯƠNG MẠI LÊ ANH,2025-02,2025-02-26,2025-03-28,3.0,20555000.0,4.0,33440000.0,CITYBIKE_P|KIDBIKE_1|SPORTBIKE_A|SPORTBIKE_S,0.0,4.0,5.0,4.0,Khách hàng tiêu biểu,0.4638,train,Trung bình,0.8046,1.0,60264618.0,,,,,,,,,
customer,,,,,,,Miền Bắc,71662117,71,3,,,,,,,Hà Nội,,,,,,,,,,,,,,,,,,,,,,,KH-00168,DOANH NGHIỆP TW ĐẠI LỢI,2025-02,2025-02-26,2025-03-28,3.0,23887372.0,3.0,5897883.0,CITYBIKE_P|KIDBIKE_1|KIDBIKE_2,0.0,4.0,5.0,4.0,Khách hàng tiêu biểu,0.1768,train,Thấp,0.8046,1.0,83676273.0,,,,,,,,,
customer,,,,,,,Miền Bắc,89420000,77,1,,,,,,,Ninh Bình,,,,,,,,,,,,,,,,,,,,,,,KH-00169,CÔNG TY TNHH THƯƠNG MẠI VĨNH PHÁT,2025-02,2025-02-26,2025-02-26,33.0,89420000.0,3.0,0.0,CITYBIKE_P|KIDBIKE_1|SPORTBIKE_S,0.0,2.0,2.0,4.0,Có nguy cơ rời bỏ,0.2846,train,Thấp,0.8046,4.0,271788822.0,,,,,,,,,
customer,,,,,,,Miền Bắc,41700000,36,1,,,,,,,Ninh Bình,,,,,,,,,,,,,,,,,,,,,,,KH-00170,CỬA HÀNG XE ĐẠP TRƯỜNG THỊNH,2025-02,2025-02-26,2025-02-26,33.0,41700000.0,2.0,0.0,CITYBIKE_P|KIDBIKE_1,1.0,2.0,2.0,3.0,Có nguy cơ rời bỏ,0.8955,train,Cao,0.8046,0.0,0.0,,,,,,,,,
customer,,,,,,,Miền Bắc,24259259,10,1,,,,,,,Hà Nội,,,,,,,,,,,,,,,,,,,,,,,KH-00171,CÔNG TY CỔ PHẦN QUANG VINH,2025-02,2025-02-27,2025-02-27,32.0,24259259.0,1.0,0.0,CITYBIKE_P,1.0,2.0,2.0,2.0,Có nguy cơ rời bỏ,0.9663,test,Cao,0.8046,0.0,0.0,,,,,,,,,
customer,,,,,,,Miền Bắc,267722221,158,2,,,,,,,Đường Trang Quan - Xã An Đồng - Huyện An Dương - Hải Phòng.,,,,,,,,,,,,,,,,,,,,,,,KH-00172,CỬA HÀNG XE ĐẠP XÂY DỰNG,2025-02,2025-02-28,2025-03-31,0.0,133861110.0,1.0,-10166667.0,CITYBIKE_P,0.0,5.0,4.0,5.0,Khách hàng tiêu biểu,0.063,train,Thấp,0.8046,1.0,84722222.0,,,,,,,,,
customer,,,,,,,Miền Bắc,1582007777,740,21,,,,,,,Hà Nội,,,,,,,,,,,,,,,,,,,,,,,KH-00173,DOANH NGHIỆP TW PHÚ THỊNH,2025-03,2025-03-01,2025-03-25,6.0,75333704.0,5.0,0.0,CITYBIKE_P|KIDBIKE_1|KIDBIKE_2|SPORTBIKE_A|SPORTBIKE_S,1.0,3.0,5.0,5.0,Cần theo dõi,0.3882,test,Trung bình,0.8046,0.0,0.0,,,,,,,,,
customer,,,,,,,Miền Trung,23300000,20,1,,,,,,,Đà Nẵng,,,,,,,,,,,,,,,,,,,,,,,KH-00174,CÔNG TY CỔ PHẦN THƯƠNG MẠI LÊ ANH,2025-03,2025-03-06,2025-03-06,25.0,23300000.0,1.0,0.0,CITYBIKE_P,1.0,2.0,2.0,2.0,Có nguy cơ rời bỏ,0.9663,train,Cao,0.8046,0.0,0.0,,,,,,,,,
customer,,,,,,,Miền Bắc,7490741,1,1,,,,,,,Hà Nội,,,,,,,,,,,,,,,,,,,,,,,KH-00175,CÔNG TY CỔ PHẦN THƯƠNG MẠI TÂN TIẾN,2025-03,2025-03-06,2025-03-06,25.0,7490741.0,1.0,0.0,SPORTBIKE_A,1.0,2.0,2.0,1.0,Có nguy cơ rời bỏ,0.9509,train,Cao,0.8046,0.0,0.0,,,,,,,,,
customer,,,,,,,Miền Bắc,1472222,1,1,,,,,,,Hà Nội,,,,,,,,,,,,,,,,,,,,,,,KH-00176,CÔNG TY TNHH THUỶ TIÊN,2025-03,2025-03-07,2025-03-07,24.0,1472222.0,1.0,0.0,KIDBIKE_2,1.0,2.0,2.0,1.0,Có nguy cơ rời bỏ,0.9804,test,Cao,0.8046,0.0,0.0,,,,,,,,,
customer,,,,,,,Miền Bắc,7388889,3,1,,,,,,,Hưng Yên,,,,,,,,,,,,,,,,,,,,,,,KH-00177,CÔNG TY CỔ PHẦN TRƯỜNG THỊNH,2025-03,2025-03-10,2025-03-10,21.0,7388889.0,1.0,0.0,CITYBIKE_P,1.0,2.0,2.0,1.0,Có nguy cơ rời bỏ,0.9509,train,Cao,0.8046,0.0,0.0,,,,,,,,,
customer,,,,,,,Miền Bắc,2212963,1,1,,,,,,,Hà Nội,,,,,,,,,,,,,,,,,,,,,,,KH-00178,CÔNG TY CỔ PHẦN QUANG VINH,2025-03,2025-03-10,2025-03-10,21.0,2212963.0,1.0,0.0,CITYBIKE_P,1.0,2.0,2.0,1.0,Có nguy cơ rời bỏ,0.9804,train,Cao,0.8046,0.0,0.0,,,,,,,,,
customer,,,,,,,Miền Bắc,4240741,2,1,,,,,,,Hà Nội,,,,,,,,,,,,,,,,,,,,,,,KH-00179,CÔNG TY CỔ PHẦN TÂN TIẾN,2025-03,2025-03-10,2025-03-10,21.0,4240741.0,2.0,0.0,CITYBIKE_P|KIDBIKE_2,1.0,2.0,2.0,1.0,Có nguy cơ rời bỏ,0.9728,train,Cao,0.8046,0.0,0.0,,,,,,,,,
customer,,,,,,,Miền Trung,47210000,40,1,,,,,,,Thanh Hoá,,,,,,,,,,,,,,,,,,,,,,,KH-00180,CÔNG TY TNHH THƯƠNG MẠI VẠN LỢI,2025-03,2025-03-14,2025-03-14,17.0,47210000.0,1.0,0.0,CITYBIKE_P,0.0,2.0,2.0,3.0,Có nguy cơ rời bỏ,0.6712,train,Cao,0.8046,3.0,135465520.0,,,,,,,,,
customer,,,,,,,Miền Trung,145317087,103,1,,,,,,,Thừa Thiên Huế,,,,,,,,,,,,,,,,,,,,,,,KH-00181,CÔNG TY TNHH LONG PHÚ,2025-03,2025-03-14,2025-03-14,17.0,145317087.0,2.0,0.0,CITYBIKE_P|KIDBIKE_1,0.0,2.0,2.0,5.0,Có nguy cơ rời bỏ,0.3931,test,Trung bình,0.8046,2.0,185699122.0,,,,,,,,,
customer,,,,,,,Miền Bắc,13140000,10,1,,,,,,,Sơn La,,,,,,,,,,,,,,,,,,,,,,,KH-00182,CÔNG TY CỔ PHẦN PHÚ THỊNH,2025-03,2025-03-14,2025-03-14,17.0,13140000.0,3.0,0.0,CITYBIKE_P|KIDBIKE_1|SPORTBIKE_A,1.0,2.0,2.0,1.0,Có nguy cơ rời bỏ,0.9811,train,Cao,0.8046,0.0,0.0,,,,,,,,,
customer,,,,,,,Miền Bắc,20000000,17,1,,,,,,,Bắc Giang,,,,,,,,,,,,,,,,,,,,,,,KH-00183,DOANH NGHIỆP TW LONG PHÚ,2025-03,2025-03-14,2025-03-14,17.0,20000000.0,2.0,0.0,CITYBIKE_P|KIDBIKE_1,1.0,2.0,2.0,2.0,Có nguy cơ rời bỏ,0.9663,train,Cao,0.8046,0.0,0.0,,,,,,,,,
customer,,,,,,,Miền Bắc,24742962,21,2,,,,,,,Hoà Bình,,,,,,,,,,,,,,,,,,,,,,,KH-00184,DOANH NGHIỆP TW ĐẠI LỢI,2025-03,2025-03-17,2025-03-31,0.0,12371481.0,5.0,0.0,CITYBIKE_P|KIDBIKE_1|KIDBIKE_2|SPORTBIKE_A|SPORTBIKE_S,1.0,5.0,4.0,2.0,Khách hàng trung thành,0.9887,train,Cao,0.8046,0.0,0.0,,,,,,,,,
customer,,,,,,,Miền Bắc,2546296,1,1,,,,,,,Tỉnh Hòa Bình.,,,,,,,,,,,,,,,,,,,,,,,KH-00185,CÔNG TY TNHH THƯƠNG MẠI VĨNH PHÁT,2025-03,2025-03-17,2025-03-17,14.0,2546296.0,1.0,0.0,CITYBIKE_P,1.0,2.0,2.0,1.0,Có nguy cơ rời bỏ,0.9804,train,Cao,0.8046,0.0,0.0,,,,,,,,,
customer,,,,,,,Miền Bắc,67567129,35,4,,,,,,,Vĩnh Phúc,,,,,,,,,,,,,,,,,,,,,,,KH-00186,HỘ KINH DOANH XÂY DỰNG,2025-03,2025-03-17,2025-03-31,0.0,16891782.0,1.0,0.0,CITYBIKE_P,1.0,5.0,5.0,4.0,Khách hàng tiêu biểu,0.9942,train,Cao,0.8046,0.0,0.0,,,,,,,,,
customer,,,,,,,Miền Bắc,2768519,1,1,,,,,,,Hà Nội,,,,,,,,,,,,,,,,,,,,,,,KH-00187,HỘ KINH DOANH NGỌC ANH,2025-03,2025-03-18,2025-03-18,13.0,2768519.0,1.0,0.0,CITYBIKE_P,1.0,2.0,2.0,1.0,Có nguy cơ rời bỏ,0.9804,train,Cao,0.8046,0.0,0.0,,,,,,,,,
customer,,,,,,,Miền Trung,75574075,32,2,,,,,,,Thanh Hóa,,,,,,,,,,,,,,,,,,,,,,,KH-00188,DOANH NGHIỆP TW XÂY DỰNG,2025-03,2025-03-18,2025-03-18,13.0,37787038.0,5.0,0.0,CITYBIKE_P|KIDBIKE_1|KIDBIKE_2|SPORTBIKE_A|SPORTBIKE_S,1.0,2.0,4.0,4.0,Cần chăm sóc đặc biệt,0.8935,train,Cao,0.8046,0.0,0.0,,,,,,,,,
customer,,,,,,,Miền Bắc,68267826,60,2,,,,,,,Hà Nội,,,,,,,,,,,,,,,,,,,,,,,KH-00189,CÔNG TY CỔ PHẦN MẶT TRỜI,2025-03,2025-03-18,2025-03-20,11.0,34133913.0,4.0,0.0,CITYBIKE_P|KIDBIKE_1|KIDBIKE_2|SPORTBIKE_A,1.0,2.0,4.0,4.0,Cần chăm sóc đặc biệt,0.9747,train,Cao,0.8046,0.0,0.0,,,,,,,,,
customer,,,,,,,Miền Bắc,54567000,47,3,,,,,,,Hà Nội,,,,,,,,,,,,,,,,,,,,,,,KH-00190,HỘ KINH DOANH XÂY DỰNG,2025-03,2025-03-18,2025-03-20,11.0,18189000.0,4.0,0.0,CITYBIKE_P|KIDBIKE_1|KIDBIKE_2|SPORTBIKE_S,1.0,2.0,5.0,4.0,Cần chăm sóc đặc biệt,0.9826,train,Cao,0.8046,0.0,0.0,,,,,,,,,
customer,,,,,,,Miền Bắc,2768519,1,1,,,,,,,Hưng Yên,,,,,,,,,,,,,,,,,,,,,,,KH-00191,CÔNG TY CỔ PHẦN THƯƠNG MẠI XUÂN MAI,2025-03,2025-03-19,2025-03-19,12.0,2768519.0,1.0,0.0,CITYBIKE_P,1.0,2.0,2.0,1.0,Có nguy cơ rời bỏ,0.9804,train,Cao,0.8046,0.0,0.0,,,,,,,,,
customer,,,,,,,Miền Bắc,47910000,42,3,,,,,,,Hà Nội,,,,,,,,,,,,,,,,,,,,,,,KH-00192,HỘ KINH DOANH KHẢI HOÀN,2025-03,2025-03-19,2025-03-31,0.0,15970000.0,4.0,0.0,CITYBIKE_P|KIDBIKE_1|KIDBIKE_2|SPORTBIKE_A,1.0,5.0,5.0,3.0,Khách hàng trung thành,0.99,train,Cao,0.8046,0.0,0.0,,,,,,,,,
customer,,,,,,,Miền Bắc,244765884,204,4,,,,,,,Đường Nguyễn Trải - P Ba Đình TP Thanh Hoá,,,,,,,,,,,,,,,,,,,,,,,KH-00193,CÔNG TY TNHH TÚ ANH,2025-03,2025-03-19,2025-03-31,0.0,61191471.0,4.0,0.0,CITYBIKE_P|KIDBIKE_1|KIDBIKE_2|SPORTBIKE_S,1.0,5.0,5.0,5.0,Khách hàng tiêu biểu,0.8427,train,Cao,0.8046,0.0,0.0,,,,,,,,,
customer,,,,,,,Miền Bắc,154826001,115,2,,,,,,,Hà Nội,,,,,,,,,,,,,,,,,,,,,,,KH-00194,CỬA HÀNG XE ĐẠP SÁN LẠP,2025-03,2025-03-19,2025-03-28,3.0,77413000.0,5.0,0.0,CITYBIKE_P|KIDBIKE_1|KIDBIKE_2|SPORTBIKE_A|SPORTBIKE_S,0.0,4.0,4.0,5.0,Khách hàng tiêu biểu,0.1697,train,Thấp,0.8046,1.0,72601255.0,,,,,,,,,
customer,,,,,,,Miền Bắc,38790000,34,2,,,,,,,Hà Nội,,,,,,,,,,,,,,,,,,,,,,,KH-00195,CỬA HÀNG XE ĐẠP BÌNH MINH,2025-03,2025-03-19,2025-03-25,6.0,19395000.0,4.0,0.0,CITYBIKE_P|KIDBIKE_1|KIDBIKE_2|SPORTBIKE_A,1.0,3.0,4.0,3.0,Cần theo dõi,0.9835,train,Cao,0.8046,0.0,0.0,,,,,,,,,
customer,,,,,,,Miền Bắc,51900000,46,3,,,,,,,Bắc Ninh,,,,,,,,,,,,,,,,,,,,,,,KH-00196,CÔNG TY CỔ PHẦN NAM TIẾN,2025-03,2025-03-19,2025-03-27,4.0,17300000.0,2.0,0.0,CITYBIKE_P|KIDBIKE_1,1.0,4.0,5.0,3.0,Khách hàng trung thành,0.9833,train,Cao,0.8046,0.0,0.0,,,,,,,,,
customer,,,,,,,Miền Bắc,143952962,127,2,,,,,,,Hà Nội,,,,,,,,,,,,,,,,,,,,,,,KH-00197,CÔNG TY TNHH THƯƠNG MẠI MINH PHƯƠNG,2025-03,2025-03-19,2025-03-21,10.0,71976481.0,4.0,0.0,CITYBIKE_P|KIDBIKE_1|KIDBIKE_2|SPORTBIKE_S,1.0,3.0,4.0,5.0,Cần theo dõi,0.8292,test,Cao,0.8046,0.0,0.0,,,,,,,,,
customer,,,,,,,Miền Bắc,161705220,136,4,,,,,,,Hà Nội,,,,,,,,,,,,,,,,,,,,,,,KH-00198,CÔNG TY TNHH TRÍ ĐỨC,2025-03,2025-03-19,2025-03-25,6.0,40426305.0,5.0,0.0,CITYBIKE_P|KIDBIKE_1|KIDBIKE_2|SPORTBIKE_A|SPORTBIKE_S,1.0,3.0,5.0,5.0,Cần theo dõi,0.8606,train,Cao,0.8046,0.0,0.0,,,,,,,,,
customer,,,,,,,Miền Trung,64070000,57,2,,,,,,,Thanh Hoá,,,,,,,,,,,,,,,,,,,,,,,KH-00199,CỬA HÀNG XE ĐẠP TÚ ANH,2025-03,2025-03-19,2025-03-24,7.0,32035000.0,3.0,0.0,CITYBIKE_P|KIDBIKE_1|KIDBIKE_2,1.0,3.0,4.0,4.0,Cần theo dõi,0.9851,train,Cao,0.8046,0.0,0.0,,,,,,,,,
customer,,,,,,,Miền Bắc,56517000,44,2,,,,,,,Hà Nội,,,,,,,,,,,,,,,,,,,,,,,KH-00200,CÔNG TY CỔ PHẦN TOÀN THẮNG,2025-03,2025-03-19,2025-03-27,4.0,28258500.0,3.0,0.0,CITYBIKE_P|KIDBIKE_1|SPORTBIKE_S,1.0,4.0,4.0,4.0,Khách hàng tiêu biểu,0.9892,train,Cao,0.8046,0.0,0.0,,,,,,,,,
customer,,,,,,,Miền Bắc,54234212,40,1,,,,,,,Hải Dương,,,,,,,,,,,,,,,,,,,,,,,KH-00201,HỘ KINH DOANH XUÂN MAI,2025-03,2025-03-19,2025-03-19,12.0,54234212.0,5.0,0.0,CITYBIKE_P|KIDBIKE_1|KIDBIKE_2|SPORTBIKE_A|SPORTBIKE_S,1.0,2.0,2.0,4.0,Có nguy cơ rời bỏ,0.9542,train,Cao,0.8046,0.0,0.0,,,,,,,,,
customer,,,,,,,Miền Bắc,57790000,50,2,,,,,,,Hà Nội,,,,,,,,,,,,,,,,,,,,,,,KH-00202,CÔNG TY CỔ PHẦN XUÂN MAI,2025-03,2025-03-19,2025-03-21,10.0,28895000.0,3.0,0.0,CITYBIKE_P|KIDBIKE_1|KIDBIKE_2,1.0,3.0,4.0,4.0,Cần theo dõi,0.9835,test,Cao,0.8046,0.0,0.0,,,,,,,,,
customer,,,,,,,Miền Bắc,2305556,1,1,,,,,,,Phú Thọ,,,,,,,,,,,,,,,,,,,,,,,KH-00203,CÔNG TY CỔ PHẦN THƯƠNG MẠI HOÀ BÌNH,2025-03,2025-03-19,2025-03-19,12.0,2305556.0,1.0,0.0,CITYBIKE_P,1.0,2.0,2.0,1.0,Có nguy cơ rời bỏ,0.9804,test,Cao,0.8046,0.0,0.0,,,,,,,,,
customer,,,,,,,Miền Bắc,24907407,10,1,,,,,,,Nam Định,,,,,,,,,,,,,,,,,,,,,,,KH-00204,CÔNG TY CỔ PHẦN ĐẠI DƯƠNG,2025-03,2025-03-20,2025-03-20,11.0,24907407.0,1.0,0.0,CITYBIKE_P,1.0,2.0,2.0,2.0,Có nguy cơ rời bỏ,0.9663,train,Cao,0.8046,0.0,0.0,,,,,,,,,
customer,,,,,,,Miền Bắc,58740000,57,1,,,,,,,Hạ Long,,,,,,,,,,,,,,,,,,,,,,,KH-00205,CỬA HÀNG XE ĐẠP QUANG VINH,2025-03,2025-03-20,2025-03-20,11.0,58740000.0,4.0,0.0,CITYBIKE_P|KIDBIKE_1|KIDBIKE_2|SPORTBIKE_S,1.0,2.0,2.0,4.0,Có nguy cơ rời bỏ,0.9619,train,Cao,0.8046,0.0,0.0,,,,,,,,,
customer,,,,,,,Miền Bắc,30030000,25,2,,,,,,,Hà Nội,,,,,,,,,,,,,,,,,,,,,,,KH-00206,CÔNG TY TNHH THƯƠNG MẠI MẶT TRỜI,2025-03,2025-03-20,2025-03-20,11.0,15015000.0,2.0,0.0,CITYBIKE_P|KIDBIKE_1,1.0,2.0,4.0,2.0,Cần chăm sóc đặc biệt,0.9663,train,Cao,0.8046,0.0,0.0,,,,,,,,,
customer,,,,,,,Miền Bắc,101357296,65,3,,,,,,,Bắc Giang,,,,,,,,,,,,,,,,,,,,,,,KH-00207,CỬA HÀNG XE ĐẠP VẠN LỢI,2025-03,2025-03-20,2025-03-29,2.0,33785765.0,4.0,0.0,CITYBIKE_P|KIDBIKE_1|SPORTBIKE_A|SPORTBIKE_S,1.0,5.0,5.0,5.0,Khách hàng tiêu biểu,0.9787,train,Cao,0.8046,0.0,0.0,,,,,,,,,
customer,,,,,,,Miền Bắc,121615286,99,5,,,,,,,Hà Nội,,,,,,,,,,,,,,,,,,,,,,,KH-00208,CỬA HÀNG XE ĐẠP TÂY BẮC,2025-03,2025-03-20,2025-03-25,6.0,24323057.0,4.0,0.0,CITYBIKE_P|KIDBIKE_1|SPORTBIKE_A|SPORTBIKE_S,1.0,3.0,5.0,5.0,Cần theo dõi,0.9741,train,Cao,0.8046,0.0,0.0,,,,,,,,,
customer,,,,,,,Miền Bắc,52103683,46,2,,,,,,,TP Hải Phòng,,,,,,,,,,,,,,,,,,,,,,,KH-00209,CÔNG TY TNHH THƯƠNG MẠI VIỆT ANH,2025-03,2025-03-20,2025-03-28,3.0,26051842.0,4.0,0.0,CITYBIKE_P|KIDBIKE_1|KIDBIKE_2|SPORTBIKE_A,1.0,4.0,4.0,3.0,Khách hàng trung thành,0.9892,train,Cao,0.8046,0.0,0.0,,,,,,,,,
customer,,,,,,,Miền Bắc,31677734,33,1,,,,,,,Uông Bí,,,,,,,,,,,,,,,,,,,,,,,KH-00210,DOANH NGHIỆP TW SÁN LẠP,2025-03,2025-03-20,2025-03-20,11.0,31677734.0,4.0,0.0,CITYBIKE_P|KIDBIKE_1|KIDBIKE_2|SPORTBIKE_S,1.0,2.0,2.0,2.0,Có nguy cơ rời bỏ,0.9842,train,Cao,0.8046,0.0,0.0,,,,,,,,,
customer,,,,,,,Miền Trung,31530000,28,1,,,,,,,Hà Tĩnh,,,,,,,,,,,,,,,,,,,,,,,KH-00211,CỬA HÀNG XE ĐẠP NAM TIẾN,2025-03,2025-03-20,2025-03-20,11.0,31530000.0,2.0,0.0,CITYBIKE_P|KIDBIKE_1,1.0,2.0,2.0,2.0,Có nguy cơ rời bỏ,0.9694,train,Cao,0.8046,0.0,0.0,,,,,,,,,
customer,,,,,,,Miền Bắc,99322643,84,4,,,,,,,Hà Nội,,,,,,,,,,,,,,,,,,,,,,,KH-00212,CỬA HÀNG XE ĐẠP TÂY BẮC,2025-03,2025-03-20,2025-03-22,9.0,24830661.0,5.0,0.0,CITYBIKE_P|KIDBIKE_1|KIDBIKE_2|SPORTBIKE_A|SPORTBIKE_S,1.0,3.0,5.0,5.0,Cần theo dõi,0.985,train,Cao,0.8046,0.0,0.0,,,,,,,,,
customer,,,,,,,Miền Bắc,2305556,1,1,,,,,,,Hà Nội,,,,,,,,,,,,,,,,,,,,,,,KH-00213,CÔNG TY CỔ PHẦN HOÀ BÌNH,2025-03,2025-03-20,2025-03-20,11.0,2305556.0,1.0,0.0,CITYBIKE_P,1.0,2.0,2.0,1.0,Có nguy cơ rời bỏ,0.9804,train,Cao,0.8046,0.0,0.0,,,,,,,,,
customer,,,,,,,Miền Bắc,81983500,70,2,,,,,,,Hải Dương,,,,,,,,,,,,,,,,,,,,,,,KH-00214,DOANH NGHIỆP TW QUANG VINH,2025-03,2025-03-20,2025-03-25,6.0,40991750.0,3.0,0.0,CITYBIKE_P|KIDBIKE_1|SPORTBIKE_S,1.0,3.0,4.0,4.0,Cần theo dõi,0.9451,train,Cao,0.8046,0.0,0.0,,,,,,,,,
customer,,,,,,,Miền Trung,37160000,36,2,,,,,,,Hà Tĩnh,,,,,,,,,,,,,,,,,,,,,,,KH-00215,DOANH NGHIỆP TW LÊ ANH,2025-03,2025-03-20,2025-03-31,0.0,18580000.0,5.0,0.0,CITYBIKE_P|KIDBIKE_1|KIDBIKE_2|SPORTBIKE_A|SPORTBIKE_S,1.0,5.0,4.0,3.0,Khách hàng trung thành,0.9887,train,Cao,0.8046,0.0,0.0,,,,,,,,,
customer,,,,,,,Miền Bắc,61070000,51,1,,,,,,,Hà Nam,,,,,,,,,,,,,,,,,,,,,,,KH-00216,HỘ KINH DOANH NGỌC ANH,2025-03,2025-03-20,2025-03-20,11.0,61070000.0,3.0,0.0,CITYBIKE_P|KIDBIKE_1|SPORTBIKE_A,1.0,2.0,2.0,4.0,Có nguy cơ rời bỏ,0.9619,train,Cao,0.8046,0.0,0.0,,,,,,,,,
customer,,,,,,,Miền Bắc,193880000,166,3,,,,,,,Thái Bình,,,,,,,,,,,,,,,,,,,,,,,KH-00217,DOANH NGHIỆP TW ĐẠI DƯƠNG,2025-03,2025-03-20,2025-03-25,6.0,64626667.0,2.0,0.0,CITYBIKE_P|KIDBIKE_1,0.0,3.0,5.0,5.0,Cần theo dõi,0.1001,train,Thấp,0.8046,5.0,234641619.0,,,,,,,,,
customer,,,,,,,Miền Bắc,40060000,34,1,,,,,,,Hải Dương,,,,,,,,,,,,,,,,,,,,,,,KH-00218,CÔNG TY TNHH THƯƠNG MẠI BÌNH MINH,2025-03,2025-03-20,2025-03-20,11.0,40060000.0,2.0,0.0,CITYBIKE_P|KIDBIKE_1,0.0,2.0,2.0,3.0,Có nguy cơ rời bỏ,0.859,train,Cao,0.8046,1.0,30225917.0,,,,,,,,,
customer,,,,,,,Miền Bắc,73480000,57,2,,,,,,,Ninh Bình,,,,,,,,,,,,,,,,,,,,,,,KH-00219,CÔNG TY CỔ PHẦN THƯƠNG MẠI PHÚ THỊNH,2025-03,2025-03-20,2025-03-25,6.0,36740000.0,5.0,0.0,CITYBIKE_P|KIDBIKE_1|KIDBIKE_2|SPORTBIKE_A|SPORTBIKE_S,0.0,3.0,4.0,4.0,Cần theo dõi,0.5807,train,Trung bình,0.8046,3.0,166440519.0,,,,,,,,,
customer,,,,,,,Miền Bắc,74017929,57,2,,,,,,,Nam Định,,,,,,,,,,,,,,,,,,,,,,,KH-00220,CỬA HÀNG XE ĐẠP VIỆT ANH,2025-03,2025-03-20,2025-03-24,7.0,37008964.0,5.0,0.0,CITYBIKE_P|KIDBIKE_1|KIDBIKE_2|SPORTBIKE_A|SPORTBIKE_S,1.0,3.0,4.0,4.0,Cần theo dõi,0.9313,train,Cao,0.8046,0.0,0.0,,,,,,,,,
customer,,,,,,,Miền Bắc,59460000,51,2,,,,,,,Hưng Yên,,,,,,,,,,,,,,,,,,,,,,,KH-00221,CÔNG TY CỔ PHẦN VĨNH PHÁT,2025-03,2025-03-20,2025-03-27,4.0,29730000.0,2.0,0.0,CITYBIKE_P|KIDBIKE_1,1.0,4.0,4.0,4.0,Khách hàng tiêu biểu,0.9809,train,Cao,0.8046,0.0,0.0,,,,,,,,,
customer,,,,,,,Miền Bắc,42161481,35,2,,,,,,,Hà Nội,,,,,,,,,,,,,,,,,,,,,,,KH-00222,CÔNG TY CỔ PHẦN TÂN TIẾN,2025-03,2025-03-20,2025-03-31,0.0,21080740.0,4.0,0.0,CITYBIKE_P|KIDBIKE_1|SPORTBIKE_A|SPORTBIKE_S,1.0,5.0,4.0,3.0,Khách hàng trung thành,0.99,train,Cao,0.8046,0.0,0.0,,,,,,,,,
customer,,,,,,,Miền Bắc,33720000,32,1,,,,,,,Hà Nội,,,,,,,,,,,,,,,,,,,,,,,KH-00223,CÔNG TY CỔ PHẦN THƯƠNG MẠI AN PHÁT,2025-03,2025-03-21,2025-03-21,10.0,33720000.0,3.0,0.0,CITYBIKE_P|KIDBIKE_1|KIDBIKE_2,1.0,3.0,2.0,2.0,Cần theo dõi,0.9851,train,Cao,0.8046,0.0,0.0,,,,,,,,,
customer,,,,,,,Miền Bắc,36150000,30,1,,,,,,,Ninh Bình,,,,,,,,,,,,,,,,,,,,,,,KH-00224,DOANH NGHIỆP TW ĐÔNG NAM,2025-03,2025-03-21,2025-03-21,10.0,36150000.0,2.0,0.0,CITYBIKE_P|KIDBIKE_1,1.0,3.0,2.0,3.0,Cần theo dõi,0.9426,train,Cao,0.8046,0.0,0.0,,,,,,,,,
customer,,,,,,,Miền Bắc,84160000,70,2,,,,,,,Hà Nam,,,,,,,,,,,,,,,,,,,,,,,KH-00225,CÔNG TY TNHH TÂY BẮC,2025-03,2025-03-21,2025-03-28,3.0,42080000.0,3.0,0.0,CITYBIKE_P|KIDBIKE_1|SPORTBIKE_A,1.0,4.0,4.0,4.0,Khách hàng tiêu biểu,0.9583,train,Cao,0.8046,0.0,0.0,,,,,,,,,
customer,,,,,,,Miền Bắc,26040000,22,1,,,,,,,Hà Nội,,,,,,,,,,,,,,,,,,,,,,,KH-00226,CÔNG TY CỔ PHẦN VĨNH PHÁT,2025-03,2025-03-21,2025-03-21,10.0,26040000.0,1.0,0.0,CITYBIKE_P,1.0,3.0,2.0,2.0,Cần theo dõi,0.9681,train,Cao,0.8046,0.0,0.0,,,,,,,,,
customer,,,,,,,Miền Bắc,40920000,35,1,,,,,,,Bắc Ninh,,,,,,,,,,,,,,,,,,,,,,,KH-00227,CÔNG TY TNHH THƯƠNG MẠI TRÍ ĐỨC,2025-03,2025-03-21,2025-03-21,10.0,40920000.0,2.0,0.0,CITYBIKE_P|KIDBIKE_1,1.0,3.0,2.0,3.0,Cần theo dõi,0.9436,train,Cao,0.8046,0.0,0.0,,,,,,,,,
customer,,,,,,,Miền Bắc,18000000,15,1,,,,,,,Hà Nội,,,,,,,,,,,,,,,,,,,,,,,KH-00228,CÔNG TY CỔ PHẦN THƯƠNG MẠI XUÂN MAI,2025-03,2025-03-21,2025-03-21,10.0,18000000.0,2.0,0.0,CITYBIKE_P|SPORTBIKE_S,1.0,3.0,2.0,1.0,Cần theo dõi,0.9681,train,Cao,0.8046,0.0,0.0,,,,,,,,,
customer,,,,,,,Miền Bắc,33980000,30,1,,,,,,,Bắc Giang,,,,,,,,,,,,,,,,,,,,,,,KH-00229,DOANH NGHIỆP TW TRÍ ĐỨC,2025-03,2025-03-21,2025-03-21,10.0,33980000.0,2.0,0.0,CITYBIKE_P|KIDBIKE_1,1.0,3.0,2.0,2.0,Cần theo dõi,0.9711,train,Cao,0.8046,0.0,0.0,,,,,,,,,
customer,,,,,,,Miền Bắc,20440000,18,1,,,,,,,Hà Nội,,,,,,,,,,,,,,,,,,,,,,,KH-00230,DOANH NGHIỆP TW ĐẠI LỢI,2025-03,2025-03-21,2025-03-21,10.0,20440000.0,2.0,0.0,CITYBIKE_P|KIDBIKE_1,1.0,3.0,2.0,2.0,Cần theo dõi,0.9681,train,Cao,0.8046,0.0,0.0,,,,,,,,,
customer,,,,,,,Miền Bắc,107772500,92,3,,,,,,,Hưng Yên,,,,,,,,,,,,,,,,,,,,,,,KH-00231,CÔNG TY CỔ PHẦN THANH BÌNH,2025-03,2025-03-21,2025-03-27,4.0,35924167.0,5.0,0.0,CITYBIKE_P|KIDBIKE_1|KIDBIKE_2|SPORTBIKE_A|SPORTBIKE_S,1.0,4.0,5.0,5.0,Khách hàng tiêu biểu,0.9489,test,Cao,0.8046,0.0,0.0,,,,,,,,,
customer,,,,,,,Miền Bắc,19000000,8,1,,,,,,,Hội An,,,,,,,,,,,,,,,,,,,,,,,KH-00232,HỘ KINH DOANH HOÀ BÌNH,2025-03,2025-03-21,2025-03-21,10.0,19000000.0,1.0,0.0,CITYBIKE_P,1.0,3.0,2.0,2.0,Cần theo dõi,0.9681,train,Cao,0.8046,0.0,0.0,,,,,,,,,
customer,,,,,,,Miền Bắc,22840000,20,1,,,,,,,Thái Bình,,,,,,,,,,,,,,,,,,,,,,,KH-00233,DOANH NGHIỆP TW CHI THÀNH,2025-03,2025-03-21,2025-03-21,10.0,22840000.0,1.0,0.0,CITYBIKE_P,1.0,3.0,2.0,2.0,Cần theo dõi,0.9681,test,Cao,0.8046,0.0,0.0,,,,,,,,,
customer,,,,,,,Miền Bắc,24220000,21,1,,,,,,,Thái Bình,,,,,,,,,,,,,,,,,,,,,,,KH-00234,CÔNG TY TNHH KHẢI HOÀN,2025-03,2025-03-21,2025-03-21,10.0,24220000.0,2.0,0.0,CITYBIKE_P|KIDBIKE_1,1.0,3.0,2.0,2.0,Cần theo dõi,0.9681,test,Cao,0.8046,0.0,0.0,,,,,,,,,
customer,,,,,,,Miền Bắc,87420000,70,2,,,,,,,Nam Định,,,,,,,,,,,,,,,,,,,,,,,KH-00235,CÔNG TY CỔ PHẦN THƯƠNG MẠI CHI THÀNH,2025-03,2025-03-21,2025-03-21,10.0,43710000.0,2.0,0.0,CITYBIKE_P|SPORTBIKE_A,1.0,3.0,4.0,4.0,Cần theo dõi,0.9447,train,Cao,0.8046,0.0,0.0,,,,,,,,,
customer,,,,,,,Miền Bắc,35880000,30,2,,,,,,,Hà Nội,,,,,,,,,,,,,,,,,,,,,,,KH-00236,CỬA HÀNG XE ĐẠP ĐÔNG NAM,2025-03,2025-03-21,2025-03-22,9.0,17940000.0,1.0,0.0,CITYBIKE_P,1.0,3.0,4.0,3.0,Cần theo dõi,0.9681,train,Cao,0.8046,0.0,0.0,,,,,,,,,
customer,,,,,,,Miền Bắc,59932962,64,2,,,,,,,Tuyên Quang,,,,,,,,,,,,,,,,,,,,,,,KH-00237,DOANH NGHIỆP TW LÊ ANH,2025-03,2025-03-21,2025-03-22,9.0,29966481.0,5.0,0.0,CITYBIKE_P|KIDBIKE_1|KIDBIKE_2|SPORTBIKE_A|SPORTBIKE_S,1.0,3.0,4.0,4.0,Cần theo dõi,0.9788,train,Cao,0.8046,0.0,0.0,,,,,,,,,
customer,,,,,,,Miền Bắc,33546143,26,1,,,,,,,Phú Thọ,,,,,,,,,,,,,,,,,,,,,,,KH-00238,CÔNG TY CỔ PHẦN THƯƠNG MẠI TRƯỜNG THỊNH,2025-03,2025-03-21,2025-03-21,10.0,33546143.0,4.0,0.0,CITYBIKE_P|KIDBIKE_1|SPORTBIKE_A|SPORTBIKE_S,1.0,3.0,2.0,2.0,Cần theo dõi,0.9851,train,Cao,0.8046,0.0,0.0,,,,,,,,,
customer,,,,,,,Miền Bắc,34357000,23,1,,,,,,,Hội An,,,,,,,,,,,,,,,,,,,,,,,KH-00239,HỘ KINH DOANH THANH BÌNH,2025-03,2025-03-21,2025-03-21,10.0,34357000.0,2.0,0.0,CITYBIKE_P|SPORTBIKE_A,1.0,3.0,2.0,2.0,Cần theo dõi,0.9711,train,Cao,0.8046,0.0,0.0,,,,,,,,,
customer,,,,,,,Miền Bắc,39050000,35,1,,,,,,,Sơn La,,,,,,,,,,,,,,,,,,,,,,,KH-00240,CÔNG TY CỔ PHẦN TRÍ ĐỨC,2025-03,2025-03-21,2025-03-21,10.0,39050000.0,1.0,0.0,KIDBIKE_1,1.0,3.0,2.0,3.0,Cần theo dõi,0.9225,train,Cao,0.8046,0.0,0.0,,,,,,,,,
customer,,,,,,,Miền Bắc,88600000,75,2,,,,,,,Thái Nguyên,,,,,,,,,,,,,,,,,,,,,,,KH-00241,HỘ KINH DOANH PHÚ THỊNH,2025-03,2025-03-21,2025-03-25,6.0,44300000.0,1.0,0.0,CITYBIKE_P,1.0,3.0,4.0,4.0,Cần theo dõi,0.9447,train,Cao,0.8046,0.0,0.0,,,,,,,,,
customer,,,,,,,Miền Bắc,36320000,51,2,,,,,,,Bắc Kạn,,,,,,,,,,,,,,,,,,,,,,,KH-00242,CÔNG TY CỔ PHẦN THƯƠNG MẠI HÙNG CƯỜNG,2025-03,2025-03-21,2025-03-25,6.0,18160000.0,3.0,0.0,CITYBIKE_P|KIDBIKE_1|KIDBIKE_2,1.0,3.0,4.0,3.0,Cần theo dõi,0.9835,train,Cao,0.8046,0.0,0.0,,,,,,,,,
customer,,,,,,,Miền Bắc,35150000,30,1,,,,,,,Hà Nam,,,,,,,,,,,,,,,,,,,,,,,KH-00243,HỘ KINH DOANH VĨNH PHÁT,2025-03,2025-03-21,2025-03-21,10.0,35150000.0,3.0,0.0,CITYBIKE_P|KIDBIKE_1|SPORTBIKE_S,1.0,3.0,2.0,3.0,Cần theo dõi,0.9851,train,Cao,0.8046,0.0,0.0,,,,,,,,,
customer,,,,,,,Miền Bắc,33400000,30,1,,,,,,,Phú Thọ,,,,,,,,,,,,,,,,,,,,,,,KH-00244,CÔNG TY CỔ PHẦN THƯƠNG MẠI AN PHÁT,2025-03,2025-03-21,2025-03-21,10.0,33400000.0,3.0,0.0,CITYBIKE_P|KIDBIKE_1|SPORTBIKE_S,1.0,3.0,2.0,2.0,Cần theo dõi,0.9851,train,Cao,0.8046,0.0,0.0,,,,,,,,,
customer,,,,,,,Miền Bắc,2120370,1,1,,,,,,,Hà Nội,,,,,,,,,,,,,,,,,,,,,,,KH-00245,CỬA HÀNG XE ĐẠP TÂN TIẾN,2025-03,2025-03-22,2025-03-22,9.0,2120370.0,1.0,0.0,CITYBIKE_P,1.0,3.0,2.0,1.0,Cần theo dõi,0.9743,test,Cao,0.8046,0.0,0.0,,,,,,,,,
customer,,,,,,,Miền Bắc,38184000,30,2,,,,,,,Hà Nội,,,,,,,,,,,,,,,,,,,,,,,KH-00246,CỬA HÀNG XE ĐẠP TRƯỜNG THỊNH,2025-03,2025-03-22,2025-03-25,6.0,19092000.0,4.0,0.0,CITYBIKE_P|KIDBIKE_1|KIDBIKE_2|SPORTBIKE_S,1.0,3.0,4.0,3.0,Cần theo dõi,0.9835,train,Cao,0.8046,0.0,0.0,,,,,,,,,
customer,,,,,,,Miền Bắc,126890000,108,1,,,,,,,Hưng Yên,,,,,,,,,,,,,,,,,,,,,,,KH-00247,HỘ KINH DOANH NGỌC ANH,2025-03,2025-03-22,2025-03-22,9.0,126890000.0,3.0,0.0,CITYBIKE_P|KIDBIKE_1|SPORTBIKE_S,1.0,3.0,2.0,5.0,Cần theo dõi,0.9347,train,Cao,0.8046,0.0,0.0,,,,,,,,,
customer,,,,,,,Miền Trung,100482859,73,2,,,,,,,Nghệ An,,,,,,,,,,,,,,,,,,,,,,,KH-00248,CÔNG TY CỔ PHẦN THƯƠNG MẠI ĐẠI DƯƠNG,2025-03,2025-03-22,2025-03-28,3.0,50241430.0,4.0,0.0,CITYBIKE_P|KIDBIKE_1|KIDBIKE_2|SPORTBIKE_A,1.0,4.0,4.0,5.0,Khách hàng tiêu biểu,0.9718,train,Cao,0.8046,0.0,0.0,,,,,,,,,
customer,,,,,,,Miền Trung,37560000,30,1,,,,,,,Thanh Hóa,,,,,,,,,,,,,,,,,,,,,,,KH-00249,HỘ KINH DOANH PHÚC AN,2025-03,2025-03-22,2025-03-22,9.0,37560000.0,2.0,0.0,CITYBIKE_P|KIDBIKE_1,1.0,3.0,2.0,3.0,Cần theo dõi,0.9225,test,Cao,0.8046,0.0,0.0,,,,,,,,,
customer,,,,,,,Miền Bắc,95971481,87,4,,,,,,,Hà Nội,,,,,,,,,,,,,,,,,,,,,,,KH-00250,DOANH NGHIỆP TW XUÂN MAI,2025-03,2025-03-22,2025-03-31,0.0,23992870.0,5.0,0.0,CITYBIKE_P|KIDBIKE_1|KIDBIKE_2|SPORTBIKE_A|SPORTBIKE_S,1.0,5.0,5.0,5.0,Khách hàng tiêu biểu,0.9895,train,Cao,0.8046,0.0,0.0,,,,,,,,,
customer,,,,,,,Miền Bắc,119020000,109,3,,,,,,,Hưng Yên,,,,,,,,,,,,,,,,,,,,,,,KH-00251,HỘ KINH DOANH KHẢI HOÀN,2025-03,2025-03-22,2025-03-28,3.0,39673333.0,3.0,0.0,CITYBIKE_P|KIDBIKE_1|KIDBIKE_2,1.0,4.0,5.0,5.0,Khách hàng tiêu biểu,0.804,test,Cao,0.8046,0.0,0.0,,,,,,,,,
customer,,,,,,,Miền Bắc,59107574,44,1,,,,,,,Hà Nội,,,,,,,,,,,,,,,,,,,,,,,KH-00252,CÔNG TY TNHH TÂY BẮC,2025-03,2025-03-22,2025-03-22,9.0,59107574.0,4.0,0.0,CITYBIKE_P|KIDBIKE_1|SPORTBIKE_A|SPORTBIKE_S,1.0,3.0,2.0,4.0,Cần theo dõi,0.9801,train,Cao,0.8046,0.0,0.0,,,,,,,,,
customer,,,,,,,Miền Bắc,7490741,1,1,,,,,,,Hà Nội,,,,,,,,,,,,,,,,,,,,,,,KH-00253,CÔNG TY TNHH YÊN BÌNH,2025-03,2025-03-24,2025-03-24,7.0,7490741.0,1.0,0.0,SPORTBIKE_A,1.0,3.0,2.0,1.0,Cần theo dõi,0.9361,train,Cao,0.8046,0.0,0.0,,,,,,,,,
customer,,,,,,,Miền Bắc,43942860,29,2,,,,,,,Hà Nam,,,,,,,,,,,,,,,,,,,,,,,KH-00254,CỬA HÀNG XE ĐẠP ĐÔNG NAM,2025-03,2025-03-24,2025-03-25,6.0,21971430.0,3.0,0.0,CITYBIKE_P|KIDBIKE_1|SPORTBIKE_A,1.0,3.0,4.0,3.0,Cần theo dõi,0.9835,train,Cao,0.8046,0.0,0.0,,,,,,,,,
customer,,,,,,,Miền Bắc,58060000,53,2,,,,,,,Hải Dương,,,,,,,,,,,,,,,,,,,,,,,KH-00255,CÔNG TY TNHH PHÚ THỊNH,2025-03,2025-03-24,2025-03-27,4.0,29030000.0,4.0,0.0,CITYBIKE_P|KIDBIKE_1|KIDBIKE_2|SPORTBIKE_S,1.0,4.0,4.0,4.0,Khách hàng tiêu biểu,0.9892,train,Cao,0.8046,0.0,0.0,,,,,,,,,
customer,,,,,,,Miền Bắc,151660000,155,6,,,,,,,Hà Nội,,,,,,,,,,,,,,,,,,,,,,,KH-00256,CÔNG TY TNHH XUÂN MAI,2025-03,2025-03-24,2025-03-31,0.0,25276667.0,5.0,0.0,CITYBIKE_P|KIDBIKE_1|KIDBIKE_2|SPORTBIKE_A|SPORTBIKE_S,1.0,5.0,5.0,5.0,Khách hàng tiêu biểu,0.7417,test,Cao,0.8046,0.0,0.0,,,,,,,,,
customer,,,,,,,Miền Bắc,39541481,36,2,,,,,,,Hà Nội,,,,,,,,,,,,,,,,,,,,,,,KH-00257,HỘ KINH DOANH PHÚC AN,2025-03,2025-03-24,2025-03-28,3.0,19770740.0,3.0,0.0,CITYBIKE_P|KIDBIKE_1|KIDBIKE_2,1.0,4.0,4.0,3.0,Khách hàng trung thành,0.9892,train,Cao,0.8046,0.0,0.0,,,,,,,,,
customer,,,,,,,Miền Bắc,39361481,36,2,,,,,,,Hà Nội,,,,,,,,,,,,,,,,,,,,,,,KH-00258,CỬA HÀNG XE ĐẠP HOÀ BÌNH,2025-03,2025-03-24,2025-03-28,3.0,19680740.0,3.0,0.0,CITYBIKE_P|KIDBIKE_1|KIDBIKE_2,1.0,4.0,4.0,3.0,Khách hàng trung thành,0.9892,test,Cao,0.8046,0.0,0.0,,,,,,,,,
customer,,,,,,,Miền Bắc,35050000,31,1,,,,,,,Hà Nội,,,,,,,,,,,,,,,,,,,,,,,KH-00259,DOANH NGHIỆP TW MINH PHƯƠNG,2025-03,2025-03-24,2025-03-24,7.0,35050000.0,4.0,0.0,CITYBIKE_P|KIDBIKE_1|KIDBIKE_2|SPORTBIKE_A,1.0,3.0,2.0,3.0,Cần theo dõi,0.9851,test,Cao,0.8046,0.0,0.0,,,,,,,,,
customer,,,,,,,Miền Bắc,66020000,54,2,,,,,,,Hà Nội,,,,,,,,,,,,,,,,,,,,,,,KH-00260,CỬA HÀNG XE ĐẠP XUÂN MAI,2025-03,2025-03-24,2025-03-24,7.0,33010000.0,3.0,0.0,CITYBIKE_P|KIDBIKE_1|SPORTBIKE_A,1.0,3.0,4.0,4.0,Cần theo dõi,0.9851,test,Cao,0.8046,0.0,0.0,,,,,,,,,
customer,,,,,,,Miền Bắc,49160000,42,1,,,,,,,Hà Nội,,,,,,,,,,,,,,,,,,,,,,,KH-00261,CÔNG TY TNHH THƯƠNG MẠI VẠN LỢI,2025-03,2025-03-24,2025-03-24,7.0,49160000.0,2.0,0.0,CITYBIKE_P|KIDBIKE_1,1.0,3.0,2.0,3.0,Cần theo dõi,0.9648,test,Cao,0.8046,0.0,0.0,,,,,,,,,
customer,,,,,,,Miền Bắc,64270000,54,2,,,,,,,Hà Nội,,,,,,,,,,,,,,,,,,,,,,,KH-00262,CÔNG TY TNHH VIỆT ANH,2025-03,2025-03-24,2025-03-27,4.0,32135000.0,1.0,0.0,CITYBIKE_P,1.0,4.0,4.0,4.0,Khách hàng tiêu biểu,0.9849,train,Cao,0.8046,0.0,0.0,,,,,,,,,
customer,,,,,,,Miền Trung,35790000,30,1,,,,,,,Thanh Hoá,,,,,,,,,,,,,,,,,,,,,,,KH-00263,DOANH NGHIỆP TW TRƯỜNG THỊNH,2025-03,2025-03-24,2025-03-24,7.0,35790000.0,2.0,0.0,CITYBIKE_P|SPORTBIKE_S,1.0,3.0,2.0,3.0,Cần theo dõi,0.9426,train,Cao,0.8046,0.0,0.0,,,,,,,,,
customer,,,,,,,Miền Trung,131871676,113,3,,,,,,,Thanh Hoá,,,,,,,,,,,,,,,,,,,,,,,KH-00264,DOANH NGHIỆP TW NGỌC ANH,2025-03,2025-03-24,2025-03-25,6.0,43957225.0,4.0,0.0,CITYBIKE_P|KIDBIKE_1|KIDBIKE_2|SPORTBIKE_S,1.0,3.0,5.0,5.0,Cần theo dõi,0.8967,train,Cao,0.8046,0.0,0.0,,,,,,,,,
customer,,,,,,,Miền Bắc,115376430,94,2,,,,,,,phố số 6 - Thị trấn Diêm Điền - Huyện Thái Thụy - Thái Bình.,,,,,,,,,,,,,,,,,,,,,,,KH-00265,CÔNG TY TNHH THƯƠNG MẠI PHÚC AN,2025-03,2025-03-24,2025-03-25,6.0,57688215.0,4.0,0.0,CITYBIKE_P|KIDBIKE_1|KIDBIKE_2|SPORTBIKE_A,1.0,3.0,4.0,5.0,Cần theo dõi,0.9627,train,Cao,0.8046,0.0,0.0,,,,,,,,,
customer,,,,,,,Miền Bắc,83590000,70,1,,,,,,,Nam Định,,,,,,,,,,,,,,,,,,,,,,,KH-00266,CỬA HÀNG XE ĐẠP TÂN TIẾN,2025-03,2025-03-24,2025-03-24,7.0,83590000.0,2.0,0.0,CITYBIKE_P|KIDBIKE_1,1.0,3.0,2.0,4.0,Cần theo dõi,0.9589,train,Cao,0.8046,0.0,0.0,,,,,,,,,
customer,,,,,,,Miền Bắc,85460000,70,2,,,,,,,Nam Định,,,,,,,,,,,,,,,,,,,,,,,KH-00267,CÔNG TY CỔ PHẦN HÙNG CƯỜNG,2025-03,2025-03-24,2025-03-25,6.0,42730000.0,2.0,0.0,CITYBIKE_P|SPORTBIKE_A,1.0,3.0,4.0,4.0,Cần theo dõi,0.9447,train,Cao,0.8046,0.0,0.0,,,,,,,,,
customer,,,,,,,Miền Bắc,58140000,50,1,,,,,,,Hà Nội,,,,,,,,,,,,,,,,,,,,,,,KH-00268,CÔNG TY CỔ PHẦN THƯƠNG MẠI TRƯỜNG THỊNH,2025-03,2025-03-25,2025-03-25,6.0,58140000.0,2.0,0.0,CITYBIKE_P|KIDBIKE_1,1.0,3.0,2.0,4.0,Cần theo dõi,0.9648,train,Cao,0.8046,0.0,0.0,,,,,,,,,
customer,,,,,,,Miền Bắc,52678500,50,1,,,,,,,Phú Thọ,,,,,,,,,,,,,,,,,,,,,,,KH-00269,HỘ KINH DOANH AN PHÁT,2025-03,2025-03-25,2025-03-25,6.0,52678500.0,4.0,0.0,CITYBIKE_P|KIDBIKE_1|KIDBIKE_2|SPORTBIKE_A,1.0,3.0,2.0,3.0,Cần theo dõi,0.9801,train,Cao,0.8046,0.0,0.0,,,,,,,,,
customer,,,,,,,Miền Bắc,57290000,50,1,,,,,,,Phú Thọ,,,,,,,,,,,,,,,,,,,,,,,KH-00270,DOANH NGHIỆP TW TÚ ANH,2025-03,2025-03-25,2025-03-25,6.0,57290000.0,2.0,0.0,CITYBIKE_P|KIDBIKE_1,1.0,3.0,2.0,4.0,Cần theo dõi,0.9648,train,Cao,0.8046,0.0,0.0,,,,,,,,,
customer,,,,,,,Miền Bắc,20030000,18,1,,,,,,,Hà Nội,,,,,,,,,,,,,,,,,,,,,,,KH-00271,CÔNG TY CỔ PHẦN THƯƠNG MẠI HÙNG CƯỜNG,2025-03,2025-03-25,2025-03-25,6.0,20030000.0,3.0,0.0,CITYBIKE_P|KIDBIKE_1|KIDBIKE_2,1.0,3.0,2.0,2.0,Cần theo dõi,0.9835,train,Cao,0.8046,0.0,0.0,,,,,,,,,
customer,,,,,,,Miền Bắc,43920000,38,2,,,,,,,Vĩnh Phúc,,,,,,,,,,,,,,,,,,,,,,,KH-00272,CÔNG TY TNHH THƯƠNG MẠI VĨNH PHÁT,2025-03,2025-03-25,2025-03-31,0.0,21960000.0,2.0,0.0,CITYBIKE_P|KIDBIKE_1,1.0,5.0,4.0,3.0,Khách hàng trung thành,0.983,train,Cao,0.8046,0.0,0.0,,,,,,,,,
customer,,,,,,,Miền Bắc,44730000,40,1,,,,,,,Vĩnh Phúc,,,,,,,,,,,,,,,,,,,,,,,KH-00273,CÔNG TY TNHH THƯƠNG MẠI PHÚ THỊNH,2025-03,2025-03-25,2025-03-25,6.0,44730000.0,3.0,0.0,CITYBIKE_P|KIDBIKE_1|KIDBIKE_2,1.0,3.0,2.0,3.0,Cần theo dõi,0.9705,train,Cao,0.8046,0.0,0.0,,,,,,,,,
customer,,,,,,,Miền Bắc,18170000,15,1,,,,,,,Vĩnh Phúc,,,,,,,,,,,,,,,,,,,,,,,KH-00274,CÔNG TY CỔ PHẦN THƯƠNG MẠI YÊN BÌNH,2025-03,2025-03-25,2025-03-25,6.0,18170000.0,2.0,0.0,CITYBIKE_P|SPORTBIKE_S,1.0,3.0,2.0,2.0,Cần theo dõi,0.9681,test,Cao,0.8046,0.0,0.0,,,,,,,,,
customer,,,,,,,Miền Bắc,35890000,30,1,,,,,,,Thái Nguyên,,,,,,,,,,,,,,,,,,,,,,,KH-00275,CÔNG TY CỔ PHẦN THƯƠNG MẠI QUANG VINH,2025-03,2025-03-25,2025-03-25,6.0,35890000.0,3.0,0.0,CITYBIKE_P|KIDBIKE_1|SPORTBIKE_S,1.0,3.0,2.0,3.0,Cần theo dõi,0.97,train,Cao,0.8046,0.0,0.0,,,,,,,,,
customer,,,,,,,Miền Bắc,68110000,58,2,,,,,,,Hà Nội,,,,,,,,,,,,,,,,,,,,,,,KH-00276,CÔNG TY TNHH VẠN LỢI,2025-03,2025-03-25,2025-03-31,0.0,34055000.0,2.0,0.0,CITYBIKE_P|KIDBIKE_1,1.0,5.0,4.0,4.0,Khách hàng tiêu biểu,0.9859,train,Cao,0.8046,0.0,0.0,,,,,,,,,
customer,,,,,,,Miền Bắc,232490000,200,2,,,,,,,Vinh,,,,,,,,,,,,,,,,,,,,,,,KH-00277,CÔNG TY CỔ PHẦN THƯƠNG MẠI VĨNH PHÁT,2025-03,2025-03-25,2025-03-25,6.0,116245000.0,2.0,0.0,CITYBIKE_P|KIDBIKE_1,1.0,3.0,4.0,5.0,Cần theo dõi,0.1403,test,Thấp,0.8046,0.0,0.0,,,,,,,,,
customer,,,,,,,Miền Bắc,47790000,40,1,,,,,,,Hà Nội,,,,,,,,,,,,,,,,,,,,,,,KH-00278,CÔNG TY TNHH QUANG VINH,2025-03,2025-03-25,2025-03-25,6.0,47790000.0,1.0,0.0,CITYBIKE_P,1.0,3.0,2.0,3.0,Cần theo dõi,0.9648,train,Cao,0.8046,0.0,0.0,,,,,,,,,
customer,,,,,,,Miền Bắc,17170000,20,1,,,,,,,Hà Nam,,,,,,,,,,,,,,,,,,,,,,,KH-00279,CỬA HÀNG XE ĐẠP CHI THÀNH,2025-03,2025-03-25,2025-03-25,6.0,17170000.0,2.0,0.0,CITYBIKE_P|KIDBIKE_2,1.0,3.0,2.0,1.0,Cần theo dõi,0.9655,test,Cao,0.8046,0.0,0.0,,,,,,,,,
customer,,,,,,,Miền Bắc,22480000,20,1,,,,,,,Hà Nam,,,,,,,,,,,,,,,,,,,,,,,KH-00280,CÔNG TY TNHH THƯƠNG MẠI MINH PHƯƠNG,2025-03,2025-03-25,2025-03-25,6.0,22480000.0,3.0,0.0,CITYBIKE_P|KIDBIKE_1|KIDBIKE_2,1.0,3.0,2.0,2.0,Cần theo dõi,0.9835,test,Cao,0.8046,0.0,0.0,,,,,,,,,
customer,,,,,,,Miền Trung,42075286,32,1,,,,,,,Thanh Hoá,,,,,,,,,,,,,,,,,,,,,,,KH-00281,CỬA HÀNG XE ĐẠP PHÚC AN,2025-03,2025-03-25,2025-03-25,6.0,42075286.0,4.0,0.0,CITYBIKE_P|KIDBIKE_1|SPORTBIKE_A|SPORTBIKE_S,1.0,3.0,2.0,3.0,Cần theo dõi,0.9705,train,Cao,0.8046,0.0,0.0,,,,,,,,,
customer,,,,,,,Miền Bắc,51690000,45,3,,,,,,,Hà Nội,,,,,,,,,,,,,,,,,,,,,,,KH-00282,CÔNG TY TNHH THƯƠNG MẠI LONG PHÚ,2025-03,2025-03-25,2025-03-28,3.0,17230000.0,3.0,0.0,CITYBIKE_P|KIDBIKE_1|KIDBIKE_2,1.0,4.0,5.0,3.0,Khách hàng trung thành,0.9892,train,Cao,0.8046,0.0,0.0,,,,,,,,,
customer,,,,,,,Miền Bắc,54240000,46,2,,,,,,,Hưng Yên,,,,,,,,,,,,,,,,,,,,,,,KH-00283,CỬA HÀNG XE ĐẠP TRƯỜNG THỊNH,2025-03,2025-03-25,2025-03-27,4.0,27120000.0,1.0,0.0,CITYBIKE_P,1.0,4.0,4.0,4.0,Khách hàng tiêu biểu,0.9833,test,Cao,0.8046,0.0,0.0,,,,,,,,,
customer,,,,,,,Miền Bắc,35470000,30,1,,,,,,,Hưng Yên,,,,,,,,,,,,,,,,,,,,,,,KH-00284,HỘ KINH DOANH NGỌC ANH,2025-03,2025-03-25,2025-03-25,6.0,35470000.0,2.0,0.0,CITYBIKE_P|KIDBIKE_1,0.0,3.0,2.0,3.0,Cần theo dõi,0.3454,train,Trung bình,0.8046,1.0,22092772.0,,,,,,,,,
customer,,,,,,,Miền Bắc,55041000,43,2,,,,,,,Hà Nội,,,,,,,,,,,,,,,,,,,,,,,KH-00285,CÔNG TY TNHH ĐÔNG NAM,2025-03,2025-03-25,2025-03-26,5.0,27520500.0,4.0,0.0,CITYBIKE_P|KIDBIKE_1|KIDBIKE_2|SPORTBIKE_S,1.0,4.0,4.0,4.0,Khách hàng tiêu biểu,0.9892,train,Cao,0.8046,0.0,0.0,,,,,,,,,
customer,,,,,,,Miền Bắc,2398148,1,1,,,,,,,Hà Nội,,,,,,,,,,,,,,,,,,,,,,,KH-00286,DOANH NGHIỆP TW VIỆT ANH,2025-03,2025-03-26,2025-03-26,5.0,2398148.0,1.0,0.0,CITYBIKE_P,1.0,4.0,2.0,1.0,Khách hàng mới tiềm năng,0.9851,test,Cao,0.8046,0.0,0.0,,,,,,,,,
customer,,,,,,,Miền Bắc,4611111,2,1,,,,,,,Vĩnh Phúc,,,,,,,,,,,,,,,,,,,,,,,KH-00287,CÔNG TY TNHH THƯƠNG MẠI THUỶ TIÊN,2025-03,2025-03-26,2025-03-26,5.0,4611111.0,1.0,0.0,CITYBIKE_P,1.0,4.0,2.0,1.0,Khách hàng mới tiềm năng,0.9851,test,Cao,0.8046,0.0,0.0,,,,,,,,,
customer,,,,,,,Miền Trung,53532962,46,3,,,,,,,Nghệ An,,,,,,,,,,,,,,,,,,,,,,,KH-00288,CÔNG TY TNHH THƯƠNG MẠI TOÀN THẮNG,2025-03,2025-03-26,2025-03-29,2.0,17844321.0,2.0,0.0,CITYBIKE_P|KIDBIKE_1,0.0,5.0,5.0,4.0,Khách hàng tiêu biểu,0.9844,test,Cao,0.8046,1.0,33679990.0,,,,,,,,,
customer,,,,,,,Miền Bắc,64680000,54,3,,,,,,,Hưng Yên,,,,,,,,,,,,,,,,,,,,,,,KH-00289,CÔNG TY CỔ PHẦN KHẢI HOÀN,2025-03,2025-03-26,2025-03-29,2.0,21560000.0,3.0,0.0,CITYBIKE_P|KIDBIKE_1|SPORTBIKE_S,1.0,5.0,5.0,4.0,Khách hàng tiêu biểu,0.99,train,Cao,0.8046,0.0,0.0,,,,,,,,,
customer,,,,,,,Miền Bắc,14702643,11,1,,,,,,,Hưng Yên,,,,,,,,,,,,,,,,,,,,,,,KH-00290,CÔNG TY CỔ PHẦN THƯƠNG MẠI TÂY BẮC,2025-03,2025-03-26,2025-03-26,5.0,14702643.0,3.0,0.0,CITYBIKE_P|KIDBIKE_1|SPORTBIKE_A,1.0,4.0,2.0,1.0,Khách hàng mới tiềm năng,0.9883,train,Cao,0.8046,0.0,0.0,,,,,,,,,
customer,,,,,,,Miền Bắc,24000000,20,1,,,,,,,Hà Nam,,,,,,,,,,,,,,,,,,,,,,,KH-00291,CÔNG TY TNHH VĨNH PHÁT,2025-03,2025-03-26,2025-03-26,5.0,24000000.0,1.0,0.0,CITYBIKE_P,1.0,4.0,2.0,2.0,Khách hàng mới tiềm năng,0.9818,train,Cao,0.8046,0.0,0.0,,,,,,,,,
customer,,,,,,,Miền Bắc,28127001,30,1,,,,,,,Hà Nội,,,,,,,,,,,,,,,,,,,,,,,KH-00292,CÔNG TY TNHH VIỆT ANH,2025-03,2025-03-26,2025-03-26,5.0,28127001.0,3.0,0.0,CITYBIKE_P|KIDBIKE_1|KIDBIKE_2,1.0,4.0,2.0,2.0,Khách hàng mới tiềm năng,0.9892,test,Cao,0.8046,0.0,0.0,,,,,,,,,
customer,,,,,,,Miền Bắc,20277778,10,1,,,,,,,Hà Nội,,,,,,,,,,,,,,,,,,,,,,,KH-00293,CÔNG TY TNHH THƯƠNG MẠI TÚ ANH,2025-03,2025-03-27,2025-03-27,4.0,20277778.0,1.0,0.0,CITYBIKE_P,1.0,4.0,2.0,2.0,Khách hàng mới tiềm năng,0.9818,train,Cao,0.8046,0.0,0.0,,,,,,,,,
customer,,,,,,,Miền Bắc,2305556,1,1,,,,,,,Hải Phòng,,,,,,,,,,,,,,,,,,,,,,,KH-00294,HỘ KINH DOANH SÁN LẠP,2025-03,2025-03-27,2025-03-27,4.0,2305556.0,1.0,0.0,CITYBIKE_P,1.0,4.0,2.0,1.0,Khách hàng mới tiềm năng,0.9851,train,Cao,0.8046,0.0,0.0,,,,,,,,,
customer,,,,,,,Miền Bắc,34400000,29,1,,,,,,,Hà Nội,,,,,,,,,,,,,,,,,,,,,,,KH-00295,DOANH NGHIỆP TW XÂY DỰNG,2025-03,2025-03-27,2025-03-27,4.0,34400000.0,1.0,0.0,CITYBIKE_P,1.0,4.0,2.0,2.0,Khách hàng mới tiềm năng,0.9835,train,Cao,0.8046,0.0,0.0,,,,,,,,,
customer,,,,,,,Miền Bắc,23580000,20,1,,,,,,,Hà Nội,,,,,,,,,,,,,,,,,,,,,,,KH-00296,CÔNG TY TNHH THƯƠNG MẠI HOÀ BÌNH,2025-03,2025-03-27,2025-03-27,4.0,23580000.0,1.0,0.0,CITYBIKE_P,1.0,4.0,2.0,2.0,Khách hàng mới tiềm năng,0.9818,train,Cao,0.8046,0.0,0.0,,,,,,,,,
customer,,,,,,,Miền Bắc,20650000,17,1,,,,,,,Hà Nội,,,,,,,,,,,,,,,,,,,,,,,KH-00297,CỬA HÀNG XE ĐẠP TÂY BẮC,2025-03,2025-03-27,2025-03-27,4.0,20650000.0,1.0,0.0,CITYBIKE_P,1.0,4.0,2.0,2.0,Khách hàng mới tiềm năng,0.9818,test,Cao,0.8046,0.0,0.0,,,,,,,,,
customer,,,,,,,Miền Bắc,96307574,71,2,,,,,,,Hà Nội,,,,,,,,,,,,,,,,,,,,,,,KH-00298,CÔNG TY CỔ PHẦN THƯƠNG MẠI ĐÔNG NAM,2025-03,2025-03-27,2025-03-28,3.0,48153787.0,4.0,0.0,CITYBIKE_P|KIDBIKE_1|SPORTBIKE_A|SPORTBIKE_S,1.0,4.0,4.0,5.0,Khách hàng tiêu biểu,0.9718,train,Cao,0.8046,0.0,0.0,,,,,,,,,
customer,,,,,,,Miền Trung,24430000,21,1,,,,,,,Hà Tĩnh,,,,,,,,,,,,,,,,,,,,,,,KH-00299,CỬA HÀNG XE ĐẠP VIỆT ANH,2025-03,2025-03-27,2025-03-27,4.0,24430000.0,3.0,0.0,CITYBIKE_P|KIDBIKE_1|SPORTBIKE_S,1.0,4.0,2.0,2.0,Khách hàng mới tiềm năng,0.9892,train,Cao,0.8046,0.0,0.0,,,,,,,,,
customer,,,,,,,,17490000,15,1,,,,,,,,,,,,,,,,,,,,,,,,,,,,,,KH-00300,CÔNG TY TNHH THƯƠNG MẠI QUANG VINH,2025-03,2025-03-28,2025-03-28,3.0,17490000.0,1.0,0.0,CITYBIKE_P,1.0,4.0,2.0,1.0,Khách hàng mới tiềm năng,0.9803,train,Cao,0.8046,0.0,0.0,,,,,,,,,
customer,,,,,,,Miền Bắc,64940000,56,1,,,,,,,Hải Phòng,,,,,,,,,,,,,,,,,,,,,,,KH-00301,CÔNG TY TNHH THƯƠNG MẠI THUỶ TIÊN,2025-03,2025-03-28,2025-03-28,3.0,64940000.0,1.0,0.0,CITYBIKE_P,1.0,4.0,2.0,4.0,Khách hàng mới tiềm năng,0.9798,train,Cao,0.8046,0.0,0.0,,,,,,,,,
customer,,,,,,,Miền Bắc,36910000,30,1,,,,,,,Hà Giang,,,,,,,,,,,,,,,,,,,,,,,KH-00302,CÔNG TY TNHH XÂY DỰNG,2025-03,2025-03-28,2025-03-28,3.0,36910000.0,4.0,0.0,CITYBIKE_P|KIDBIKE_1|SPORTBIKE_A|SPORTBIKE_S,1.0,4.0,2.0,3.0,Khách hàng mới tiềm năng,0.9729,train,Cao,0.8046,0.0,0.0,,,,,,,,,
customer,,,,,,,Miền Bắc,12980000,11,1,,,,,,,Hà Nội,,,,,,,,,,,,,,,,,,,,,,,KH-00303,CÔNG TY CỔ PHẦN BÌNH MINH,2025-03,2025-03-28,2025-03-28,3.0,12980000.0,2.0,0.0,CITYBIKE_P|KIDBIKE_1,1.0,4.0,2.0,1.0,Khách hàng mới tiềm năng,0.9803,test,Cao,0.8046,0.0,0.0,,,,,,,,,
customer,,,,,,,Miền Bắc,17710000,15,1,,,,,,,Hà Nội,,,,,,,,,,,,,,,,,,,,,,,KH-00304,DOANH NGHIỆP TW TÚ ANH,2025-03,2025-03-28,2025-03-28,3.0,17710000.0,1.0,0.0,CITYBIKE_P,1.0,4.0,2.0,1.0,Khách hàng mới tiềm năng,0.9803,train,Cao,0.8046,0.0,0.0,,,,,,,,,
customer,,,,,,,Miền Bắc,32170000,26,2,,,,,,,Hà Nội,,,,,,,,,,,,,,,,,,,,,,,KH-00305,CÔNG TY CỔ PHẦN TÂY BẮC,2025-03,2025-03-28,2025-03-31,0.0,16085000.0,3.0,0.0,CITYBIKE_P|KIDBIKE_1|SPORTBIKE_A,1.0,5.0,4.0,2.0,Khách hàng trung thành,0.99,test,Cao,0.8046,0.0,0.0,,,,,,,,,
customer,,,,,,,Miền Bắc,16430000,14,1,,,,,,,Vĩnh Phúc,,,,,,,,,,,,,,,,,,,,,,,KH-00306,CÔNG TY TNHH HOÀ BÌNH,2025-03,2025-03-28,2025-03-28,3.0,16430000.0,1.0,0.0,CITYBIKE_P,1.0,4.0,2.0,1.0,Khách hàng mới tiềm năng,0.9803,train,Cao,0.8046,0.0,0.0,,,,,,,,,
customer,,,,,,,Miền Bắc,29517574,20,1,,,,,,,Quảng Ninh,,,,,,,,,,,,,,,,,,,,,,,KH-00307,DOANH NGHIỆP TW THIÊN AN,2025-03,2025-03-28,2025-03-28,3.0,29517574.0,4.0,0.0,CITYBIKE_P|KIDBIKE_2|SPORTBIKE_A|SPORTBIKE_S,1.0,4.0,2.0,2.0,Khách hàng mới tiềm năng,0.9876,train,Cao,0.8046,0.0,0.0,,,,,,,,,
customer,,,,,,,Miền Bắc,38840000,31,1,,,,,,,Cường Tráng - An Thịnh - Lương Tài - Bắc Ninh,,,,,,,,,,,,,,,,,,,,,,,KH-00308,CÔNG TY TNHH THIÊN AN,2025-03,2025-03-28,2025-03-28,3.0,38840000.0,4.0,0.0,CITYBIKE_P|KIDBIKE_1|SPORTBIKE_A|SPORTBIKE_S,1.0,4.0,2.0,3.0,Khách hàng mới tiềm năng,0.9729,train,Cao,0.8046,0.0,0.0,,,,,,,,,
customer,,,,,,,Miền Bắc,21610000,21,1,,,,,,,Hải Dương,,,,,,,,,,,,,,,,,,,,,,,KH-00309,CÔNG TY CỔ PHẦN PHÚC AN,2025-03,2025-03-28,2025-03-28,3.0,21610000.0,3.0,0.0,CITYBIKE_P|KIDBIKE_2|SPORTBIKE_S,1.0,4.0,2.0,2.0,Khách hàng mới tiềm năng,0.9892,test,Cao,0.8046,0.0,0.0,,,,,,,,,
customer,,,,,,,Miền Bắc,34770000,30,1,,,,,,,Quảng Ninh,,,,,,,,,,,,,,,,,,,,,,,KH-00310,HỘ KINH DOANH VẠN LỢI,2025-03,2025-03-28,2025-03-28,3.0,34770000.0,2.0,0.0,CITYBIKE_P|KIDBIKE_1,1.0,4.0,2.0,3.0,Khách hàng mới tiềm năng,0.9835,test,Cao,0.8046,0.0,0.0,,,,,,,,,
customer,,,,,,,Miền Bắc,39960000,30,1,,,,,,,Quảng Ninh,,,,,,,,,,,,,,,,,,,,,,,KH-00311,CÔNG TY TNHH THƯƠNG MẠI QUANG VINH,2025-03,2025-03-28,2025-03-28,3.0,39960000.0,2.0,0.0,CITYBIKE_P|SPORTBIKE_A,1.0,4.0,2.0,3.0,Khách hàng mới tiềm năng,0.9547,train,Cao,0.8046,0.0,0.0,,,,,,,,,
customer,,,,,,,Miền Bắc,46750000,40,1,,,,,,,Quảng Ninh,,,,,,,,,,,,,,,,,,,,,,,KH-00312,DOANH NGHIỆP TW HOÀ BÌNH,2025-03,2025-03-28,2025-03-28,3.0,46750000.0,2.0,0.0,CITYBIKE_P|SPORTBIKE_S,1.0,4.0,2.0,3.0,Khách hàng mới tiềm năng,0.9674,test,Cao,0.8046,0.0,0.0,,,,,,,,,
customer,,,,,,,Miền Bắc,18730000,16,1,,,,,,,Hà Nội,,,,,,,,,,,,,,,,,,,,,,,KH-00313,DOANH NGHIỆP TW BÌNH MINH,2025-03,2025-03-28,2025-03-28,3.0,18730000.0,1.0,0.0,CITYBIKE_P,1.0,4.0,2.0,2.0,Khách hàng mới tiềm năng,0.9818,train,Cao,0.8046,0.0,0.0,,,,,,,,,
customer,,,,,,,Miền Bắc,70640000,61,1,,,,,,,Hải Phòng,,,,,,,,,,,,,,,,,,,,,,,KH-00314,CÔNG TY TNHH THƯƠNG MẠI YÊN BÌNH,2025-03,2025-03-28,2025-03-28,3.0,70640000.0,2.0,0.0,CITYBIKE_P|KIDBIKE_1,1.0,4.0,2.0,4.0,Khách hàng mới tiềm năng,0.9751,train,Cao,0.8046,0.0,0.0,,,,,,,,,
customer,,,,,,,Miền Bắc,20889981,16,1,,,,,,,Vĩnh Yên,,,,,,,,,,,,,,,,,,,,,,,KH-00315,CÔNG TY CỔ PHẦN THƯƠNG MẠI THUỶ TIÊN,2025-03,2025-03-28,2025-03-28,3.0,20889981.0,4.0,0.0,CITYBIKE_P|KIDBIKE_1|SPORTBIKE_A|SPORTBIKE_S,1.0,4.0,2.0,2.0,Khách hàng mới tiềm năng,0.9892,train,Cao,0.8046,0.0,0.0,,,,,,,,,
customer,,,,,,,Miền Bắc,42392500,30,1,,,,,,,Hà Nội,,,,,,,,,,,,,,,,,,,,,,,KH-00316,CÔNG TY CỔ PHẦN THƯƠNG MẠI THUỶ TIÊN,2025-03,2025-03-28,2025-03-28,3.0,42392500.0,3.0,0.0,CITYBIKE_P|KIDBIKE_1|SPORTBIKE_S,1.0,4.0,2.0,3.0,Khách hàng mới tiềm năng,0.9806,train,Cao,0.8046,0.0,0.0,,,,,,,,,
customer,,,,,,,Miền Bắc,17550000,15,1,,,,,,,Hà Nội,,,,,,,,,,,,,,,,,,,,,,,KH-00317,CỬA HÀNG XE ĐẠP THIÊN AN,2025-03,2025-03-28,2025-03-28,3.0,17550000.0,2.0,0.0,CITYBIKE_P|KIDBIKE_1,1.0,4.0,2.0,1.0,Khách hàng mới tiềm năng,0.9803,train,Cao,0.8046,0.0,0.0,,,,,,,,,
customer,,,,,,,Miền Bắc,30680000,26,1,,,,,,,Hòa Bình,,,,,,,,,,,,,,,,,,,,,,,KH-00318,HỘ KINH DOANH BÌNH MINH,2025-03,2025-03-29,2025-03-29,2.0,30680000.0,1.0,0.0,CITYBIKE_P,1.0,5.0,2.0,2.0,Khách hàng mới tiềm năng,0.9806,train,Cao,0.8046,0.0,0.0,,,,,,,,,
customer,,,,,,,Miền Bắc,27978500,22,1,,,,,,,TP Hưng Yên,,,,,,,,,,,,,,,,,,,,,,,KH-00319,CỬA HÀNG XE ĐẠP QUANG VINH,2025-03,2025-03-29,2025-03-29,2.0,27978500.0,4.0,0.0,CITYBIKE_P|KIDBIKE_1|SPORTBIKE_A|SPORTBIKE_S,1.0,5.0,2.0,2.0,Khách hàng mới tiềm năng,0.99,train,Cao,0.8046,0.0,0.0,,,,,,,,,
customer,,,,,,,Miền Bắc,18020000,15,1,,,,,,,Hà Nội,,,,,,,,,,,,,,,,,,,,,,,KH-00320,HỘ KINH DOANH PHÚC AN,2025-03,2025-03-31,2025-03-31,0.0,18020000.0,2.0,0.0,CITYBIKE_P|KIDBIKE_1,1.0,5.0,2.0,2.0,Khách hàng mới tiềm năng,0.983,train,Cao,0.8046,0.0,0.0,,,,,,,,,
customer,,,,,,,Miền Bắc,22250000,19,1,,,,,,,Hải Phòng,,,,,,,,,,,,,,,,,,,,,,,KH-00321,CỬA HÀNG XE ĐẠP VIỆT ANH,2025-03,2025-03-31,2025-03-31,0.0,22250000.0,2.0,0.0,CITYBIKE_P|KIDBIKE_1,1.0,5.0,2.0,2.0,Khách hàng mới tiềm năng,0.983,train,Cao,0.8046,0.0,0.0,,,,,,,,,
customer,,,,,,,Miền Bắc,16380000,14,1,,,,,,,Hải Phòng,,,,,,,,,,,,,,,,,,,,,,,KH-00322,CÔNG TY TNHH THƯƠNG MẠI THANH BÌNH,2025-03,2025-03-31,2025-03-31,0.0,16380000.0,2.0,0.0,CITYBIKE_P|KIDBIKE_1,1.0,5.0,2.0,1.0,Khách hàng mới tiềm năng,0.9816,train,Cao,0.8046,0.0,0.0,,,,,,,,,
customer,,,,,,,Miền Trung,10850000,9,1,,,,,,,Nghệ An,,,,,,,,,,,,,,,,,,,,,,,KH-00323,CÔNG TY CỔ PHẦN PHÚ THỊNH,2025-03,2025-03-31,2025-03-31,0.0,10850000.0,1.0,0.0,CITYBIKE_P,1.0,5.0,2.0,1.0,Khách hàng mới tiềm năng,0.9816,train,Cao,0.8046,0.0,0.0,,,,,,,,,
customer,,,,,,,Miền Bắc,34180000,28,1,,,,,,,Quảng Ninh,,,,,,,,,,,,,,,,,,,,,,,KH-00324,CÔNG TY CỔ PHẦN ĐÔNG NAM,2025-03,2025-03-31,2025-03-31,0.0,34180000.0,3.0,0.0,CITYBIKE_P|SPORTBIKE_A|SPORTBIKE_S,1.0,5.0,2.0,2.0,Khách hàng mới tiềm năng,0.9909,test,Cao,0.8046,0.0,0.0,,,,,,,,,
customer,,,,,,,Miền Bắc,59956468,38,1,,,,,,,Hạ Long,,,,,,,,,,,,,,,,,,,,,,,KH-00325,HỘ KINH DOANH THANH BÌNH,2025-03,2025-03-31,2025-03-31,0.0,59956468.0,1.0,0.0,CITYBIKE_P,1.0,5.0,2.0,4.0,Khách hàng mới tiềm năng,0.9812,train,Cao,0.8046,0.0,0.0,,,,,,,,,
customer,,,,,,,Miền Bắc,13870000,13,1,,,,,,,Quảng NinhSố,,,,,,,,,,,,,,,,,,,,,,,KH-00326,CỬA HÀNG XE ĐẠP VĨNH PHÁT,2025-03,2025-03-31,2025-03-31,0.0,13870000.0,3.0,0.0,CITYBIKE_P|KIDBIKE_1|KIDBIKE_2,1.0,5.0,2.0,1.0,Khách hàng mới tiềm năng,0.9891,train,Cao,0.8046,0.0,0.0,,,,,,,,,
customer,,,,,,,Miền Bắc,55970000,47,1,,,,,,,Vĩnh Phúc,,,,,,,,,,,,,,,,,,,,,,,KH-00327,CÔNG TY TNHH MẶT TRỜI,2025-03,2025-03-31,2025-03-31,0.0,55970000.0,1.0,0.0,CITYBIKE_P,1.0,5.0,2.0,4.0,Khách hàng mới tiềm năng,0.9812,train,Cao,0.8046,0.0,0.0,,,,,,,,,
customer,,,,,,,Miền Bắc,37780000,30,1,,,,,,,Vĩnh Phúc,,,,,,,,,,,,,,,,,,,,,,,KH-00328,CÔNG TY CỔ PHẦN PHÚC AN,2025-03,2025-03-31,2025-03-31,0.0,37780000.0,3.0,0.0,CITYBIKE_P|KIDBIKE_1|SPORTBIKE_A,1.0,5.0,2.0,3.0,Khách hàng mới tiềm năng,0.9748,train,Cao,0.8046,0.0,0.0,,,,,,,,,
customer,,,,,,,Miền Bắc,21666667,10,1,,,,,,,Hà Nội,,,,,,,,,,,,,,,,,,,,,,,KH-00329,HỘ KINH DOANH TRÍ ĐỨC,2025-03,2025-03-31,2025-03-31,0.0,21666667.0,1.0,0.0,CITYBIKE_P,1.0,5.0,2.0,2.0,Khách hàng mới tiềm năng,0.983,test,Cao,0.8046,0.0,0.0,,,,,,,,,
customer,,,,,,,Miền Bắc,61560000,56,1,,,,,,,Hà Giang,,,,,,,,,,,,,,,,,,,,,,,KH-00330,CÔNG TY TNHH THIÊN AN,2025-03,2025-03-31,2025-03-31,0.0,61560000.0,4.0,0.0,CITYBIKE_P|KIDBIKE_1|KIDBIKE_2|SPORTBIKE_S,1.0,5.0,2.0,4.0,Khách hàng mới tiềm năng,0.9879,train,Cao,0.8046,0.0,0.0,,,,,,,,,
customer,,,,,,,Miền Bắc,16960000,15,1,,,,,,,Hà Giang,,,,,,,,,,,,,,,,,,,,,,,KH-00331,HỘ KINH DOANH ĐẠI DƯƠNG,2025-03,2025-03-31,2025-03-31,0.0,16960000.0,2.0,0.0,CITYBIKE_P|KIDBIKE_1,1.0,5.0,2.0,1.0,Khách hàng mới tiềm năng,0.9816,train,Cao,0.8046,0.0,0.0,,,,,,,,,
customer,,,,,,,Miền Bắc,24510000,21,1,,,,,,,Hà Nội,,,,,,,,,,,,,,,,,,,,,,,KH-00332,DOANH NGHIỆP TW TOÀN THẮNG,2025-03,2025-03-31,2025-03-31,0.0,24510000.0,1.0,0.0,CITYBIKE_P,1.0,5.0,2.0,2.0,Khách hàng mới tiềm năng,0.983,train,Cao,0.8046,0.0,0.0,,,,,,,,,
customer,,,,,,,Miền Trung,22970000,20,1,,,,,,,Thanh Hoá,,,,,,,,,,,,,,,,,,,,,,,KH-00333,DOANH NGHIỆP TW ĐÔNG NAM,2025-03,2025-03-31,2025-03-31,0.0,22970000.0,2.0,0.0,CITYBIKE_P|KIDBIKE_1,1.0,5.0,2.0,2.0,Khách hàng mới tiềm năng,0.983,test,Cao,0.8046,0.0,0.0,,,,,,,,,
forecast_daily,2025.0,1.0,,2025-01,CITYBIKE_P,Xe phổ thông,,,,,,T1/2025,,,,,,,,,,,,,,,,,,,,,,,,,,,,,,,,,,,,,,,,,,,,,,,,,2025-01-02,124644657.28761081,0.0,646112875.9832087,2305556.0,train,0.0,2263444556.0,67987.53
forecast_daily,2025.0,1.0,,2025-01,CITYBIKE_P,Xe phổ thông,,,,,,T1/2025,,,,,,,,,,,,,,,,,,,,,,,,,,,,,,,,,,,,,,,,,,,,,,,,,2025-01-06,180088414.84122494,0.0,685506922.204312,14666667.0,train,0.0,2263444556.0,67987.53
forecast_daily,2025.0,1.0,,2025-01,CITYBIKE_P,Xe phổ thông,,,,,,T1/2025,,,,,,,,,,,,,,,,,,,,,,,,,,,,,,,,,,,,,,,,,,,,,,,,,2025-01-07,143113581.64939177,0.0,690138712.1166333,33453702.0,train,0.0,2263444556.0,67987.53
forecast_daily,2025.0,1.0,,2025-01,CITYBIKE_P,Xe phổ thông,,,,,,T1/2025,,,,,,,,,,,,,,,,,,,,,,,,,,,,,,,,,,,,,,,,,,,,,,,,,2025-01-08,174661656.27351034,0.0,675946178.626603,178617593.0,train,0.0,2263444556.0,67987.53
forecast_daily,2025.0,1.0,,2025-01,CITYBIKE_P,Xe phổ thông,,,,,,T1/2025,,,,,,,,,,,,,,,,,,,,,,,,,,,,,,,,,,,,,,,,,,,,,,,,,2025-01-09,140560261.7575656,0.0,678441602.930202,46750000.0,train,0.0,2263444556.0,67987.53
forecast_daily,2025.0,1.0,,2025-01,CITYBIKE_P,Xe phổ thông,,,,,,T1/2025,,,,,,,,,,,,,,,,,,,,,,,,,,,,,,,,,,,,,,,,,,,,,,,,,2025-01-10,181199912.20328927,0.0,674282031.8034698,98672593.0,train,0.0,2263444556.0,67987.53
forecast_daily,2025.0,1.0,,2025-01,CITYBIKE_P,Xe phổ thông,,,,,,T1/2025,,,,,,,,,,,,,,,,,,,,,,,,,,,,,,,,,,,,,,,,,,,,,,,,,2025-01-11,182223245.50080973,0.0,686234078.584466,327341386.0,train,0.0,2263444556.0,67987.53
forecast_daily,2025.0,1.0,,2025-01,CITYBIKE_P,Xe phổ thông,,,,,,T1/2025,,,,,,,,,,,,,,,,,,,,,,,,,,,,,,,,,,,,,,,,,,,,,,,,,2025-01-13,202491466.5400122,0.0,740763753.1473316,424114444.0,train,0.0,2263444556.0,67987.53
forecast_daily,2025.0,1.0,,2025-01,CITYBIKE_P,Xe phổ thông,,,,,,T1/2025,,,,,,,,,,,,,,,,,,,,,,,,,,,,,,,,,,,,,,,,,,,,,,,,,2025-01-15,196093983.5396544,0.0,716852533.4666556,19010000.0,train,0.0,2263444556.0,67987.53
forecast_daily,2025.0,1.0,,2025-01,CITYBIKE_P,Xe phổ thông,,,,,,T1/2025,,,,,,,,,,,,,,,,,,,,,,,,,,,,,,,,,,,,,,,,,,,,,,,,,2025-01-16,157687466.05524242,0.0,651574391.6016402,242712962.0,train,0.0,2263444556.0,67987.53
forecast_daily,2025.0,1.0,,2025-01,CITYBIKE_P,Xe phổ thông,,,,,,T1/2025,,,,,,,,,,,,,,,,,,,,,,,,,,,,,,,,,,,,,,,,,,,,,,,,,2025-01-17,203122145.49411643,0.0,710631361.9223729,11064815.0,train,0.0,2263444556.0,67987.53
forecast_daily,2025.0,1.0,,2025-01,CITYBIKE_P,Xe phổ thông,,,,,,T1/2025,,,,,,,,,,,,,,,,,,,,,,,,,,,,,,,,,,,,,,,,,,,,,,,,,2025-01-18,204110121.16852185,0.0,712888719.8731707,13510000.0,train,0.0,2263444556.0,67987.53
forecast_daily,2025.0,1.0,,2025-01,CITYBIKE_P,Xe phổ thông,,,,,,T1/2025,,,,,,,,,,,,,,,,,,,,,,,,,,,,,,,,,,,,,,,,,,,,,,,,,2025-01-20,226454524.75428978,0.0,754683073.4226607,32350000.0,train,0.0,2263444556.0,67987.53
forecast_daily,2025.0,1.0,,2025-01,CITYBIKE_P,Xe phổ thông,,,,,,T1/2025,,,,,,,,,,,,,,,,,,,,,,,,,,,,,,,,,,,,,,,,,,,,,,,,,2025-01-22,218947414.67909196,0.0,785212020.7975487,32991017.0,train,0.0,2263444556.0,67987.53
forecast_daily,2025.0,1.0,,2025-01,CITYBIKE_P,Xe phổ thông,,,,,,T1/2025,,,,,,,,,,,,,,,,,,,,,,,,,,,,,,,,,,,,,,,,,,,,,,,,,2025-01-23,175921495.9983371,0.0,722055206.239483,7950000.0,train,0.0,2263444556.0,67987.53
forecast_daily,2025.0,1.0,,2025-01,CITYBIKE_P,Xe phổ thông,,,,,,T1/2025,,,,,,,,,,,,,,,,,,,,,,,,,,,,,,,,,,,,,,,,,,,,,,,,,2025-01-24,226423917.30779243,0.0,728434202.347073,84066642.0,train,0.0,2263444556.0,67987.53
forecast_daily,2025.0,2.0,,2025-02,CITYBIKE_P,Xe phổ thông,,,,,,T2/2025,,,,,,,,,,,,,,,,,,,,,,,,,,,,,,,,,,,,,,,,,,,,,,,,,2025-02-04,220436036.73435238,0.0,800903917.0127859,36180000.0,train,0.0,2263444556.0,67987.53
forecast_daily,2025.0,2.0,,2025-02,CITYBIKE_P,Xe phổ thông,,,,,,T2/2025,,,,,,,,,,,,,,,,,,,,,,,,,,,,,,,,,,,,,,,,,,,,,,,,,2025-02-05,268141128.83689192,0.0,802461828.0046471,4425926.0,train,0.0,2263444556.0,67987.53
forecast_daily,2025.0,2.0,,2025-02,CITYBIKE_P,Xe phổ thông,,,,,,T2/2025,,,,,,,,,,,,,,,,,,,,,,,,,,,,,,,,,,,,,,,,,,,,,,,,,2025-02-07,276325128.45683026,0.0,799520565.4664365,20342127.0,train,0.0,2263444556.0,67987.53
forecast_daily,2025.0,2.0,,2025-02,CITYBIKE_P,Xe phổ thông,,,,,,T2/2025,,,,,,,,,,,,,,,,,,,,,,,,,,,,,,,,,,,,,,,,,,,,,,,,,2025-02-10,305660124.9085878,0.0,837401295.9348174,472797862.0,train,0.0,2263444556.0,67987.53
forecast_daily,2025.0,2.0,,2025-02,CITYBIKE_P,Xe phổ thông,,,,,,T2/2025,,,,,,,,,,,,,,,,,,,,,,,,,,,,,,,,,,,,,,,,,,,,,,,,,2025-02-11,241887113.31173116,0.0,772680041.3442676,152132959.0,train,0.0,2263444556.0,67987.53
forecast_daily,2025.0,2.0,,2025-02,CITYBIKE_P,Xe phổ thông,,,,,,T2/2025,,,,,,,,,,,,,,,,,,,,,,,,,,,,,,,,,,,,,,,,,,,,,,,,,2025-02-13,235567701.45338753,0.0,736349701.3783334,8851852.0,train,0.0,2263444556.0,67987.53
forecast_daily,2025.0,2.0,,2025-02,CITYBIKE_P,Xe phổ thông,,,,,,T2/2025,,,,,,,,,,,,,,,,,,,,,,,,,,,,,,,,,,,,,,,,,,,,,,,,,2025-02-14,302380878.3348087,0.0,840508793.8693372,531638888.0,train,0.0,2263444556.0,67987.53
forecast_daily,2025.0,2.0,,2025-02,CITYBIKE_P,Xe phổ thông,,,,,,T2/2025,,,,,,,,,,,,,,,,,,,,,,,,,,,,,,,,,,,,,,,,,,,,,,,,,2025-02-15,302783429.0597383,0.0,812058696.598591,8518519.0,train,0.0,2263444556.0,67987.53
forecast_daily,2025.0,2.0,,2025-02,CITYBIKE_P,Xe phổ thông,,,,,,T2/2025,,,,,,,,,,,,,,,,,,,,,,,,,,,,,,,,,,,,,,,,,,,,,,,,,2025-02-17,333554696.44700557,0.0,788649627.103386,561385926.0,train,0.0,2263444556.0,67987.53
forecast_daily,2025.0,2.0,,2025-02,CITYBIKE_P,Xe phổ thông,,,,,,T2/2025,,,,,,,,,,,,,,,,,,,,,,,,,,,,,,,,,,,,,,,,,,,,,,,,,2025-02-18,263716615.2440712,0.0,732577027.7648798,11787037.0,train,0.0,2263444556.0,67987.53
forecast_daily,2025.0,2.0,,2025-02,CITYBIKE_P,Xe phổ thông,,,,,,T2/2025,,,,,,,,,,,,,,,,,,,,,,,,,,,,,,,,,,,,,,,,,,,,,,,,,2025-02-19,320196570.464612,0.0,806468947.5241858,386660556.0,train,0.0,2263444556.0,67987.53
forecast_daily,2025.0,2.0,,2025-02,CITYBIKE_P,Xe phổ thông,,,,,,T2/2025,,,,,,,,,,,,,,,,,,,,,,,,,,,,,,,,,,,,,,,,,,,,,,,,,2025-02-20,256349031.4804641,0.0,807267002.0233196,633837037.0,train,0.0,2263444556.0,67987.53
forecast_daily,2025.0,2.0,,2025-02,CITYBIKE_P,Xe phổ thông,,,,,,T2/2025,,,,,,,,,,,,,,,,,,,,,,,,,,,,,,,,,,,,,,,,,,,,,,,,,2025-02-21,328749546.3424899,0.0,844506449.651774,199999043.0,train,0.0,2263444556.0,67987.53
forecast_daily,2025.0,2.0,,2025-02,CITYBIKE_P,Xe phổ thông,,,,,,T2/2025,,,,,,,,,,,,,,,,,,,,,,,,,,,,,,,,,,,,,,,,,,,,,,,,,2025-02-22,328880048.5217299,0.0,850637482.08041,746041846.0,train,0.0,2263444556.0,67987.53
forecast_daily,2025.0,2.0,,2025-02,CITYBIKE_P,Xe phổ thông,,,,,,T2/2025,,,,,,,,,,,,,,,,,,,,,,,,,,,,,,,,,,,,,,,,,,,,,,,,,2025-02-24,361627248.04397446,0.0,895272247.0466332,77776840.0,train,0.0,2263444556.0,67987.53
forecast_daily,2025.0,2.0,,2025-02,CITYBIKE_P,Xe phổ thông,,,,,,T2/2025,,,,,,,,,,,,,,,,,,,,,,,,,,,,,,,,,,,,,,,,,,,,,,,,,2025-02-25,285644502.9868775,0.0,787414395.5112094,75666286.0,train,0.0,2263444556.0,67987.53
forecast_daily,2025.0,2.0,,2025-02,CITYBIKE_P,Xe phổ thông,,,,,,T2/2025,,,,,,,,,,,,,,,,,,,,,,,,,,,,,,,,,,,,,,,,,,,,,,,,,2025-02-26,346496987.1885127,0.0,842669564.766493,213998977.0,train,0.0,2263444556.0,67987.53
forecast_daily,2025.0,2.0,,2025-02,CITYBIKE_P,Xe phổ thông,,,,,,T2/2025,,,,,,,,,,,,,,,,,,,,,,,,,,,,,,,,,,,,,,,,,,,,,,,,,2025-02-27,277146311.2060351,0.0,760062164.6280155,26559259.0,train,0.0,2263444556.0,67987.53
forecast_daily,2025.0,2.0,,2025-02,CITYBIKE_P,Xe phổ thông,,,,,,T2/2025,,,,,,,,,,,,,,,,,,,,,,,,,,,,,,,,,,,,,,,,,,,,,,,,,2025-02-28,355089272.37716687,0.0,849778661.7856436,138944444.0,train,0.0,2263444556.0,67987.53
forecast_daily,2025.0,3.0,,2025-03,CITYBIKE_P,Xe phổ thông,,,,,,T3/2025,,,,,,,,,,,,,,,,,,,,,,,,,,,,,,,,,,,,,,,,,,,,,,,,,2025-03-01,354899450.51243365,0.0,845242798.4734521,71952223.0,train,0.0,2263444556.0,67987.53
forecast_daily,2025.0,3.0,,2025-03,CITYBIKE_P,Xe phổ thông,,,,,,T3/2025,,,,,,,,,,,,,,,,,,,,,,,,,,,,,,,,,,,,,,,,,,,,,,,,,2025-03-06,297690025.5749669,0.0,800387714.0834298,25605556.0,train,0.0,2263444556.0,67987.53
forecast_daily,2025.0,3.0,,2025-03,CITYBIKE_P,Xe phổ thông,,,,,,T3/2025,,,,,,,,,,,,,,,,,,,,,,,,,,,,,,,,,,,,,,,,,,,,,,,,,2025-03-07,381059690.0591943,0.0,872592621.8279042,16138889.0,train,0.0,2263444556.0,67987.53
forecast_daily,2025.0,3.0,,2025-03,CITYBIKE_P,Xe phổ thông,,,,,,T3/2025,,,,,,,,,,,,,,,,,,,,,,,,,,,,,,,,,,,,,,,,,,,,,,,,,2025-03-08,380506636.2793111,0.0,903991210.2007645,27296294.0,train,0.0,2263444556.0,67987.53
forecast_daily,2025.0,3.0,,2025-03,CITYBIKE_P,Xe phổ thông,,,,,,T3/2025,,,,,,,,,,,,,,,,,,,,,,,,,,,,,,,,,,,,,,,,,,,,,,,,,2025-03-10,416855222.0415222,0.0,899603467.95721,72762964.0,train,0.0,2263444556.0,67987.53
forecast_daily,2025.0,3.0,,2025-03,CITYBIKE_P,Xe phổ thông,,,,,,T3/2025,,,,,,,,,,,,,,,,,,,,,,,,,,,,,,,,,,,,,,,,,,,,,,,,,2025-03-13,317723635.9980364,0.0,803985224.6429474,105807957.0,train,0.0,2263444556.0,67987.53
forecast_daily,2025.0,3.0,,2025-03,CITYBIKE_P,Xe phổ thông,,,,,,T3/2025,,,,,,,,,,,,,,,,,,,,,,,,,,,,,,,,,,,,,,,,,,,,,,,,,2025-03-14,406339279.90387815,0.0,883404079.4727002,137376837.0,train,0.0,2263444556.0,67987.53
forecast_daily,2025.0,3.0,,2025-03,CITYBIKE_P,Xe phổ thông,,,,,,T3/2025,,,,,,,,,,,,,,,,,,,,,,,,,,,,,,,,,,,,,,,,,,,,,,,,,2025-03-17,443326967.6636898,0.0,956523379.8442854,286018399.0,train,0.0,2263444556.0,67987.53
forecast_daily,2025.0,3.0,,2025-03,CITYBIKE_P,Xe phổ thông,,,,,,T3/2025,,,,,,,,,,,,,,,,,,,,,,,,,,,,,,,,,,,,,,,,,,,,,,,,,2025-03-18,349228991.58767253,0.0,855059883.5412714,297145611.0,train,0.0,2263444556.0,67987.53
forecast_daily,2025.0,3.0,,2025-03,CITYBIKE_P,Xe phổ thông,,,,,,T3/2025,,,,,,,,,,,,,,,,,,,,,,,,,,,,,,,,,,,,,,,,,,,,,,,,,2025-03-19,422483666.1659235,0.0,929002767.2493951,647426482.0,train,0.0,2263444556.0,67987.53
forecast_daily,2025.0,3.0,,2025-03,CITYBIKE_P,Xe phổ thông,,,,,,T3/2025,,,,,,,,,,,,,,,,,,,,,,,,,,,,,,,,,,,,,,,,,,,,,,,,,2025-03-20,337015992.7184681,0.0,865258323.5670912,1241342593.0,train,0.0,2263444556.0,67987.53
forecast_daily,2025.0,3.0,,2025-03,CITYBIKE_P,Xe phổ thông,,,,,,T3/2025,,,,,,,,,,,,,,,,,,,,,,,,,,,,,,,,,,,,,,,,,,,,,,,,,2025-03-21,430640715.78953975,0.0,942551078.3073003,995782222.0,train,0.0,2263444556.0,67987.53
forecast_daily,2025.0,3.0,,2025-03,CITYBIKE_P,Xe phổ thông,,,,,,T3/2025,,,,,,,,,,,,,,,,,,,,,,,,,,,,,,,,,,,,,,,,,,,,,,,,,2025-03-22,429263976.3219763,0.0,970107145.2019563,483500370.0,train,0.0,2263444556.0,67987.53
forecast_daily,2025.0,3.0,,2025-03,CITYBIKE_P,Xe phổ thông,,,,,,T3/2025,,,,,,,,,,,,,,,,,,,,,,,,,,,,,,,,,,,,,,,,,,,,,,,,,2025-03-24,468641993.15121585,0.0,1005104363.2402828,1282268918.0,train,0.0,2263444556.0,67987.53
forecast_daily,2025.0,3.0,,2025-03,CITYBIKE_P,Xe phổ thông,,,,,,T3/2025,,,,,,,,,,,,,,,,,,,,,,,,,,,,,,,,,,,,,,,,,,,,,,,,,2025-03-25,368861050.9971282,0.0,847145288.9864929,2131145262.0,train,0.0,2263444556.0,67987.53
forecast_daily,2025.0,3.0,,2025-03,CITYBIKE_P,Xe phổ thông,,,,,,T3/2025,,,,,,,,,,,,,,,,,,,,,,,,,,,,,,,,,,,,,,,,,,,,,,,,,2025-03-26,445862150.7328944,0.0,939644162.9355582,455452669.0,train,0.0,2263444556.0,67987.53
forecast_daily,2025.0,3.0,,2025-03,CITYBIKE_P,Xe phổ thông,,,,,,T3/2025,,,,,,,,,,,,,,,,,,,,,,,,,,,,,,,,,,,,,,,,,,,,,,,,,2025-03-27,355371134.4552738,0.0,855562592.1992209,602384164.0,train,0.0,2263444556.0,67987.53
forecast_daily,2025.0,3.0,,2025-03,CITYBIKE_P,Xe phổ thông,,,,,,T3/2025,,,,,,,,,,,,,,,,,,,,,,,,,,,,,,,,,,,,,,,,,,,,,,,,,2025-03-28,453722718.5847878,0.0,967610208.6022364,974944066.0,train,0.0,2263444556.0,67987.53
forecast_daily,2025.0,3.0,,2025-03,CITYBIKE_P,Xe phổ thông,,,,,,T3/2025,,,,,,,,,,,,,,,,,,,,,,,,,,,,,,,,,,,,,,,,,,,,,,,,,2025-03-29,451904414.0300591,0.0,954866558.0873505,244310000.0,train,0.0,2263444556.0,67987.53
forecast_daily,2025.0,3.0,,2025-03,CITYBIKE_P,Xe phổ thông,,,,,,T3/2025,,,,,,,,,,,,,,,,,,,,,,,,,,,,,,,,,,,,,,,,,,,,,,,,,2025-03-31,492567422.4342416,0.0,1009363849.2225053,981106690.0,train,0.0,2263444556.0,67987.53
forecast_daily,2026.0,1.0,,2026-01,CITYBIKE_P,Xe phổ thông,,,,,,T1/2026,,,,,,,,,,,,,,,,,,,,,,,,,,,,,,,,,,,,,,,,,,,,,,,,,2026-01-06,542210831.0741532,39694763.86789541,1018108916.0281713,142083331.0,train,0.0,2263444556.0,67987.53
forecast_daily,2026.0,1.0,,2026-01,CITYBIKE_P,Xe phổ thông,,,,,,T1/2026,,,,,,,,,,,,,,,,,,,,,,,,,,,,,,,,,,,,,,,,,,,,,,,,,2026-01-08,514841673.59537244,0.0,1022528566.6119958,2268519.0,train,0.0,2263444556.0,67987.53
forecast_daily,2026.0,1.0,,2026-01,CITYBIKE_P,Xe phổ thông,,,,,,T1/2026,,,,,,,,,,,,,,,,,,,,,,,,,,,,,,,,,,,,,,,,,,,,,,,,,2026-01-12,694096637.435419,182967455.09947738,1209419381.539299,589040971.0,train,0.0,2263444556.0,67987.53
forecast_daily,2026.0,1.0,,2026-01,CITYBIKE_P,Xe phổ thông,,,,,,T1/2026,,,,,,,,,,,,,,,,,,,,,,,,,,,,,,,,,,,,,,,,,,,,,,,,,2026-01-13,542261000.8587248,58575208.665662944,1089090923.1876907,272567163.0,train,0.0,2263444556.0,67987.53
forecast_daily,2026.0,1.0,,2026-01,CITYBIKE_P,Xe phổ thông,,,,,,T1/2026,,,,,,,,,,,,,,,,,,,,,,,,,,,,,,,,,,,,,,,,,,,,,,,,,2026-01-14,650673885.6801965,152628831.32607117,1138695420.5861762,77513611.0,train,0.0,2263444556.0,67987.53
forecast_daily,2026.0,1.0,,2026-01,CITYBIKE_P,Xe phổ thông,,,,,,T1/2026,,,,,,,,,,,,,,,,,,,,,,,,,,,,,,,,,,,,,,,,,,,,,,,,,2026-01-15,514887160.1466377,0.0,1021126523.730071,209211385.0,train,0.0,2263444556.0,67987.53
forecast_daily,2026.0,1.0,,2026-01,CITYBIKE_P,Xe phổ thông,,,,,,T1/2026,,,,,,,,,,,,,,,,,,,,,,,,,,,,,,,,,,,,,,,,,,,,,,,,,2026-01-16,652735295.5090468,145663471.13481605,1170005230.8387504,998160040.0,train,0.0,2263444556.0,67987.53
forecast_daily,2026.0,1.0,,2026-01,CITYBIKE_P,Xe phổ thông,,,,,,T1/2026,,,,,,,,,,,,,,,,,,,,,,,,,,,,,,,,,,,,,,,,,,,,,,,,,2026-01-17,645593117.6396848,129471956.30190012,1136879528.5205193,130373854.0,train,0.0,2263444556.0,67987.53
forecast_daily,2026.0,1.0,,2026-01,CITYBIKE_P,Xe phổ thông,,,,,,T1/2026,,,,,,,,,,,,,,,,,,,,,,,,,,,,,,,,,,,,,,,,,,,,,,,,,2026-01-19,694152548.8421768,184277154.49120858,1222473767.0889437,376951383.0,train,0.0,2263444556.0,67987.53
forecast_daily,2026.0,1.0,,2026-01,CITYBIKE_P,Xe phổ thông,,,,,,T1/2026,,,,,,,,,,,,,,,,,,,,,,,,,,,,,,,,,,,,,,,,,,,,,,,,,2026-01-20,542303684.0578816,35152938.692147665,1088724542.7100918,185444079.0,train,0.0,2263444556.0,67987.53
forecast_daily,2026.0,1.0,,2026-01,CITYBIKE_P,Xe phổ thông,,,,,,T1/2026,,,,,,,,,,,,,,,,,,,,,,,,,,,,,,,,,,,,,,,,,,,,,,,,,2026-01-21,650723932.7928547,121639386.94669428,1180243257.518808,6261111.0,train,0.0,2263444556.0,67987.53
forecast_daily,2026.0,1.0,,2026-01,CITYBIKE_P,Xe phổ thông,,,,,,T1/2026,,,,,,,,,,,,,,,,,,,,,,,,,,,,,,,,,,,,,,,,,,,,,,,,,2026-01-22,514925858.7801134,40551933.83771696,1030052668.5704975,675948374.0,train,0.0,2263444556.0,67987.53
forecast_daily,2026.0,1.0,,2026-01,CITYBIKE_P,Xe phổ thông,,,,,,T1/2026,,,,,,,,,,,,,,,,,,,,,,,,,,,,,,,,,,,,,,,,,,,,,,,,,2026-01-23,652783234.2307092,118211746.94436921,1136322068.0141833,446654465.0,train,0.0,2263444556.0,67987.53
forecast_daily,2026.0,1.0,,2026-01,CITYBIKE_P,Xe phổ thông,,,,,,T1/2026,,,,,,,,,,,,,,,,,,,,,,,,,,,,,,,,,,,,,,,,,,,,,,,,,2026-01-24,645639449.0680313,90353840.07453802,1135407573.2259207,1235924022.0,train,0.0,2263444556.0,67987.53
forecast_daily,2026.0,1.0,,2026-01,CITYBIKE_P,Xe phổ thông,,,,,,T1/2026,,,,,,,,,,,,,,,,,,,,,,,,,,,,,,,,,,,,,,,,,,,,,,,,,2026-01-26,694200115.7822212,143643692.683438,1236884333.622331,535948018.0,train,0.0,2263444556.0,67987.53
forecast_daily,2026.0,1.0,,2026-01,CITYBIKE_P,Xe phổ thông,,,,,,T1/2026,,,,,,,,,,,,,,,,,,,,,,,,,,,,,,,,,,,,,,,,,,,,,,,,,2026-01-27,542339996.7834499,34401925.75272496,1033730235.6136364,787172426.0,train,0.0,2263444556.0,67987.53
forecast_daily,2026.0,1.0,,2026-01,CITYBIKE_P,Xe phổ thông,,,,,,T1/2026,,,,,,,,,,,,,,,,,,,,,,,,,,,,,,,,,,,,,,,,,,,,,,,,,2026-01-28,650766510.3086897,181826175.83012515,1147776594.9241655,1977151780.0,train,0.0,2263444556.0,67987.53
forecast_daily,2026.0,1.0,,2026-01,CITYBIKE_P,Xe phổ thông,,,,,,T1/2026,,,,,,,,,,,,,,,,,,,,,,,,,,,,,,,,,,,,,,,,,,,,,,,,,2026-01-29,514958781.35315764,0.0,1034646217.9019473,836841901.0,train,0.0,2263444556.0,67987.53
forecast_daily,2026.0,1.0,,2026-01,CITYBIKE_P,Xe phổ thông,,,,,,T1/2026,,,,,,,,,,,,,,,,,,,,,,,,,,,,,,,,,,,,,,,,,,,,,,,,,2026-01-30,652824017.8013085,112434657.35617557,1155890442.6543827,472869892.0,train,0.0,2263444556.0,67987.53
forecast_daily,2026.0,1.0,,2026-01,CITYBIKE_P,Xe phổ thông,,,,,,T1/2026,,,,,,,,,,,,,,,,,,,,,,,,,,,,,,,,,,,,,,,,,,,,,,,,,2026-01-31,645678865.1580083,164258389.36217347,1177289243.508084,990068120.0,train,0.0,2263444556.0,67987.53
forecast_daily,2026.0,2.0,,2026-02,CITYBIKE_P,Xe phổ thông,,,,,,T2/2026,,,,,,,,,,,,,,,,,,,,,,,,,,,,,,,,,,,,,,,,,,,,,,,,,2026-02-01,33581496692.325718,33062844317.770496,34059828987.883713,0.0,test,0.0,2263444556.0,67987.53
forecast_daily,2026.0,2.0,,2026-02,CITYBIKE_P,Xe phổ thông,,,,,,T2/2026,,,,,,,,,,,,,,,,,,,,,,,,,,,,,,,,,,,,,,,,,,,,,,,,,2026-02-02,694240582.7616502,182144567.54530188,1184023816.8700736,18796296.0,test,0.0,2263444556.0,67987.53
forecast_daily,2026.0,2.0,,2026-02,CITYBIKE_P,Xe phổ thông,,,,,,T2/2026,,,,,,,,,,,,,,,,,,,,,,,,,,,,,,,,,,,,,,,,,,,,,,,,,2026-02-03,542370889.3412979,12308857.982184207,1029899508.8754091,14944444.0,test,0.0,2263444556.0,67987.53
forecast_daily,2026.0,2.0,,2026-02,CITYBIKE_P,Xe phổ thông,,,,,,T2/2026,,,,,,,,,,,,,,,,,,,,,,,,,,,,,,,,,,,,,,,,,,,,,,,,,2026-02-04,650802732.3710626,183281495.3781072,1166437646.8532212,815909689.0,test,0.0,2263444556.0,67987.53
forecast_daily,2026.0,2.0,,2026-02,CITYBIKE_P,Xe phổ thông,,,,,,T2/2026,,,,,,,,,,,,,,,,,,,,,,,,,,,,,,,,,,,,,,,,,,,,,,,,,2026-02-05,514986789.65945166,54508792.14203211,1056671026.7319753,602562108.0,test,0.0,2263444556.0,67987.53
forecast_daily,2026.0,2.0,,2026-02,CITYBIKE_P,Xe phổ thông,,,,,,T2/2026,,,,,,,,,,,,,,,,,,,,,,,,,,,,,,,,,,,,,,,,,,,,,,,,,2026-02-06,652858713.5195125,115740810.67077817,1198742130.7084703,372652205.0,test,0.0,2263444556.0,67987.53
forecast_daily,2026.0,2.0,,2026-02,CITYBIKE_P,Xe phổ thông,,,,,,T2/2026,,,,,,,,,,,,,,,,,,,,,,,,,,,,,,,,,,,,,,,,,,,,,,,,,2026-02-07,645712397.3358822,147863226.17465714,1175565279.5452378,580858775.0,test,0.0,2263444556.0,67987.53
forecast_daily,2026.0,2.0,,2026-02,CITYBIKE_P,Xe phổ thông,,,,,,T2/2026,,,,,,,,,,,,,,,,,,,,,,,,,,,,,,,,,,,,,,,,,,,,,,,,,2026-02-08,33583200855.78958,33052617321.311176,34083052469.21165,0.0,test,0.0,2263444556.0,67987.53
forecast_daily,2026.0,2.0,,2026-02,CITYBIKE_P,Xe phổ thông,,,,,,T2/2026,,,,,,,,,,,,,,,,,,,,,,,,,,,,,,,,,,,,,,,,,,,,,,,,,2026-02-09,694275008.8081905,198369656.2478699,1208354498.0963452,569631018.0,test,0.0,2263444556.0,67987.53
forecast_daily,2026.0,2.0,,2026-02,CITYBIKE_P,Xe phổ thông,,,,,,T2/2026,,,,,,,,,,,,,,,,,,,,,,,,,,,,,,,,,,,,,,,,,,,,,,,,,2026-02-10,542397170.2019728,28718988.18268133,1051464810.5843785,591573593.0,test,0.0,2263444556.0,67987.53
forecast_daily,2026.0,2.0,,2026-02,CITYBIKE_P,Xe phổ thông,,,,,,T2/2026,,,,,,,,,,,,,,,,,,,,,,,,,,,,,,,,,,,,,,,,,,,,,,,,,2026-02-11,650833546.993408,183901832.91953602,1174996260.4150958,211352748.0,test,0.0,2263444556.0,67987.53
forecast_daily,2026.0,2.0,,2026-02,CITYBIKE_P,Xe phổ thông,,,,,,T2/2026,,,,,,,,,,,,,,,,,,,,,,,,,,,,,,,,,,,,,,,,,,,,,,,,,2026-02-12,515010616.6560685,0.0,999686207.7566892,1182453105.0,test,0.0,2263444556.0,67987.53
forecast_daily,2026.0,2.0,,2026-02,CITYBIKE_P,Xe phổ thông,,,,,,T2/2026,,,,,,,,,,,,,,,,,,,,,,,,,,,,,,,,,,,,,,,,,,,,,,,,,2026-02-13,652888229.5275986,134064808.4698123,1161600419.0717754,1793847983.0,test,0.0,2263444556.0,67987.53
forecast_daily,2026.0,2.0,,2026-02,CITYBIKE_P,Xe phổ thông,,,,,,T2/2026,,,,,,,,,,,,,,,,,,,,,,,,,,,,,,,,,,,,,,,,,,,,,,,,,2026-02-14,645740923.5528132,107915519.74884282,1154465603.9579425,0.0,test,0.0,2263444556.0,67987.53
forecast_daily,2026.0,2.0,,2026-02,CITYBIKE_P,Xe phổ thông,,,,,,T2/2026,,,,,,,,,,,,,,,,,,,,,,,,,,,,,,,,,,,,,,,,,,,,,,,,,2026-02-15,33584650601.62591,33062866870.663544,34074000784.278084,0.0,test,0.0,2263444556.0,67987.53
forecast_daily,2026.0,2.0,,2026-02,CITYBIKE_P,Xe phổ thông,,,,,,T2/2026,,,,,,,,,,,,,,,,,,,,,,,,,,,,,,,,,,,,,,,,,,,,,,,,,2026-02-16,694304295.2084719,186292536.35157746,1198532120.988766,0.0,test,0.0,2263444556.0,67987.53
forecast_daily,2026.0,2.0,,2026-02,CITYBIKE_P,Xe phổ thông,,,,,,T2/2026,,,,,,,,,,,,,,,,,,,,,,,,,,,,,,,,,,,,,,,,,,,,,,,,,2026-02-17,542419527.4033068,34476184.07292933,1038124146.2775153,0.0,test,0.0,2263444556.0,67987.53
forecast_daily,2026.0,2.0,,2026-02,CITYBIKE_P,Xe phổ thông,,,,,,T2/2026,,,,,,,,,,,,,,,,,,,,,,,,,,,,,,,,,,,,,,,,,,,,,,,,,2026-02-18,650859761.20681,124939485.98326203,1157544013.2850688,0.0,test,0.0,2263444556.0,67987.53
forecast_daily,2026.0,2.0,,2026-02,CITYBIKE_P,Xe phổ thông,,,,,,T2/2026,,,,,,,,,,,,,,,,,,,,,,,,,,,,,,,,,,,,,,,,,,,,,,,,,2026-02-19,515030886.30611694,0.0,1072069535.5777768,0.0,test,0.0,2263444556.0,67987.53
forecast_daily,2026.0,2.0,,2026-02,CITYBIKE_P,Xe phổ thông,,,,,,T2/2026,,,,,,,,,,,,,,,,,,,,,,,,,,,,,,,,,,,,,,,,,,,,,,,,,2026-02-20,652913338.8840203,123081575.59719989,1174177237.3072524,0.0,test,0.0,2263444556.0,67987.53
forecast_daily,2026.0,2.0,,2026-02,CITYBIKE_P,Xe phổ thông,,,,,,T2/2026,,,,,,,,,,,,,,,,,,,,,,,,,,,,,,,,,,,,,,,,,,,,,,,,,2026-02-21,645765190.7504084,152631096.86095968,1158885396.5529146,0.0,test,0.0,2263444556.0,67987.53
forecast_daily,2026.0,2.0,,2026-02,CITYBIKE_P,Xe phổ thông,,,,,,T2/2026,,,,,,,,,,,,,,,,,,,,,,,,,,,,,,,,,,,,,,,,,,,,,,,,,2026-02-22,33585883895.00342,33074461397.877346,34095733447.04749,2768519.0,test,0.0,2263444556.0,67987.53
forecast_daily,2026.0,2.0,,2026-02,CITYBIKE_P,Xe phổ thông,,,,,,T2/2026,,,,,,,,,,,,,,,,,,,,,,,,,,,,,,,,,,,,,,,,,,,,,,,,,2026-02-23,694329209.0183169,203579487.00548849,1213998391.9664266,25310000.0,test,0.0,2263444556.0,67987.53
forecast_daily,2026.0,2.0,,2026-02,CITYBIKE_P,Xe phổ thông,,,,,,T2/2026,,,,,,,,,,,,,,,,,,,,,,,,,,,,,,,,,,,,,,,,,,,,,,,,,2026-02-24,542438546.5780063,2176303.864435955,1076237593.0355222,795695134.0,test,0.0,2263444556.0,67987.53
forecast_daily,2026.0,2.0,,2026-02,CITYBIKE_P,Xe phổ thông,,,,,,T2/2026,,,,,,,,,,,,,,,,,,,,,,,,,,,,,,,,,,,,,,,,,,,,,,,,,2026-02-25,650882061.2632269,123414522.55428432,1165808480.8121586,371645493.0,test,0.0,2263444556.0,67987.53
forecast_daily,2026.0,2.0,,2026-02,CITYBIKE_P,Xe phổ thông,,,,,,T2/2026,,,,,,,,,,,,,,,,,,,,,,,,,,,,,,,,,,,,,,,,,,,,,,,,,2026-02-26,515048129.4969919,0.0,1006047407.9808704,1056294510.0,test,0.0,2263444556.0,67987.53
forecast_daily,2026.0,2.0,,2026-02,CITYBIKE_P,Xe phổ thông,,,,,,T2/2026,,,,,,,,,,,,,,,,,,,,,,,,,,,,,,,,,,,,,,,,,,,,,,,,,2026-02-27,652934699.037229,123960345.80138181,1169585089.0724168,1369024780.0,test,0.0,2263444556.0,67987.53
forecast_daily,2026.0,2.0,,2026-02,CITYBIKE_P,Xe phổ thông,,,,,,T2/2026,,,,,,,,,,,,,,,,,,,,,,,,,,,,,,,,,,,,,,,,,,,,,,,,,2026-02-28,645785834.5281279,127883668.97588778,1176138156.9071062,168064618.0,test,0.0,2263444556.0,67987.53
forecast_daily,2026.0,3.0,,2026-03,CITYBIKE_P,Xe phổ thông,,,,,,T3/2026,,,,,,,,,,,,,,,,,,,,,,,,,,,,,,,,,,,,,,,,,,,,,,,,,2026-03-01,33586933040.563385,33057393503.484108,34086220960.794617,0.0,forecast,1.0,2263444556.0,67987.53
forecast_daily,2026.0,3.0,,2026-03,CITYBIKE_P,Xe phổ thông,,,,,,T3/2026,,,,,,,,,,,,,,,,,,,,,,,,,,,,,,,,,,,,,,,,,,,,,,,,,2026-03-02,694350402.8163095,171087221.72953618,1179782256.4515233,0.0,forecast,1.0,2263444556.0,67987.53
forecast_daily,2026.0,3.0,,2026-03,CITYBIKE_P,Xe phổ thông,,,,,,T3/2026,,,,,,,,,,,,,,,,,,,,,,,,,,,,,,,,,,,,,,,,,,,,,,,,,2026-03-03,542454725.7717563,41968935.28177277,1032960827.3641859,0.0,forecast,1.0,2263444556.0,67987.53
forecast_daily,2026.0,3.0,,2026-03,CITYBIKE_P,Xe phổ thông,,,,,,T3/2026,,,,,,,,,,,,,,,,,,,,,,,,,,,,,,,,,,,,,,,,,,,,,,,,,2026-03-04,650901031.6846114,95505121.48489892,1169952587.036816,0.0,forecast,1.0,2263444556.0,67987.53
forecast_daily,2026.0,3.0,,2026-03,CITYBIKE_P,Xe phổ thông,,,,,,T3/2026,,,,,,,,,,,,,,,,,,,,,,,,,,,,,,,,,,,,,,,,,,,,,,,,,2026-03-05,515062798.0153128,0.0,1047011481.4378209,0.0,forecast,1.0,2263444556.0,67987.53
forecast_daily,2026.0,3.0,,2026-03,CITYBIKE_P,Xe phổ thông,,,,,,T3/2026,,,,,,,,,,,,,,,,,,,,,,,,,,,,,,,,,,,,,,,,,,,,,,,,,2026-03-06,652952869.735528,130873988.55769281,1181695832.948329,0.0,forecast,1.0,2263444556.0,67987.53
forecast_daily,2026.0,3.0,,2026-03,CITYBIKE_P,Xe phổ thông,,,,,,T3/2026,,,,,,,,,,,,,,,,,,,,,,,,,,,,,,,,,,,,,,,,,,,,,,,,,2026-03-07,645803395.6567179,129538359.49733643,1199145448.7644641,0.0,forecast,1.0,2263444556.0,67987.53
forecast_daily,2026.0,3.0,,2026-03,CITYBIKE_P,Xe phổ thông,,,,,,T3/2026,,,,,,,,,,,,,,,,,,,,,,,,,,,,,,,,,,,,,,,,,,,,,,,,,2026-03-08,33587825525.073376,33061997718.393715,34085828033.923443,0.0,forecast,1.0,2263444556.0,67987.53
forecast_daily,2026.0,3.0,,2026-03,CITYBIKE_P,Xe phổ thông,,,,,,T3/2026,,,,,,,,,,,,,,,,,,,,,,,,,,,,,,,,,,,,,,,,,,,,,,,,,2026-03-09,694368431.8778238,169617668.38292992,1195668179.8818412,0.0,forecast,1.0,2263444556.0,67987.53
forecast_daily,2026.0,3.0,,2026-03,CITYBIKE_P,Xe phổ thông,,,,,,T3/2026,,,,,,,,,,,,,,,,,,,,,,,,,,,,,,,,,,,,,,,,,,,,,,,,,2026-03-10,542468489.1092229,3313320.5576711493,1047677869.2753083,0.0,forecast,1.0,2263444556.0,67987.53
forecast_daily,2026.0,3.0,,2026-03,CITYBIKE_P,Xe phổ thông,,,,,,T3/2026,,,,,,,,,,,,,,,,,,,,,,,,,,,,,,,,,,,,,,,,,,,,,,,,,2026-03-11,650917169.2123817,151064834.3882199,1190543901.1893072,0.0,forecast,1.0,2263444556.0,67987.53
forecast_daily,2026.0,3.0,,2026-03,CITYBIKE_P,Xe phổ thông,,,,,,T3/2026,,,,,,,,,,,,,,,,,,,,,,,,,,,,,,,,,,,,,,,,,,,,,,,,,2026-03-12,515075276.1086799,0.0,1022020381.0695463,0.0,forecast,1.0,2263444556.0,67987.53
forecast_daily,2026.0,3.0,,2026-03,CITYBIKE_P,Xe phổ thông,,,,,,T3/2026,,,,,,,,,,,,,,,,,,,,,,,,,,,,,,,,,,,,,,,,,,,,,,,,,2026-03-13,652968327.0439206,153545500.79541108,1190294488.4287915,0.0,forecast,1.0,2263444556.0,67987.53
forecast_daily,2026.0,3.0,,2026-03,CITYBIKE_P,Xe phổ thông,,,,,,T3/2026,,,,,,,,,,,,,,,,,,,,,,,,,,,,,,,,,,,,,,,,,,,,,,,,,2026-03-14,645818334.4536952,144993748.05258954,1109374552.0640037,0.0,forecast,1.0,2263444556.0,67987.53
forecast_daily,2026.0,3.0,,2026-03,CITYBIKE_P,Xe phổ thông,,,,,,T3/2026,,,,,,,,,,,,,,,,,,,,,,,,,,,,,,,,,,,,,,,,,,,,,,,,,2026-03-15,33588584734.998672,33023750987.147232,34129788173.908974,0.0,forecast,1.0,2263444556.0,67987.53
forecast_daily,2026.0,3.0,,2026-03,CITYBIKE_P,Xe phổ thông,,,,,,T3/2026,,,,,,,,,,,,,,,,,,,,,,,,,,,,,,,,,,,,,,,,,,,,,,,,,2026-03-16,694383768.6133316,163885769.0306079,1221807037.3471344,0.0,forecast,1.0,2263444556.0,67987.53
forecast_daily,2026.0,3.0,,2026-03,CITYBIKE_P,Xe phổ thông,,,,,,T3/2026,,,,,,,,,,,,,,,,,,,,,,,,,,,,,,,,,,,,,,,,,,,,,,,,,2026-03-17,542480197.0958413,18931680.832458634,1051235227.3907764,0.0,forecast,1.0,2263444556.0,67987.53
forecast_daily,2026.0,3.0,,2026-03,CITYBIKE_P,Xe phổ thông,,,,,,T3/2026,,,,,,,,,,,,,,,,,,,,,,,,,,,,,,,,,,,,,,,,,,,,,,,,,2026-03-18,650930896.8735808,142150157.1040595,1153744975.185439,0.0,forecast,1.0,2263444556.0,67987.53
forecast_daily,2026.0,3.0,,2026-03,CITYBIKE_P,Xe phổ thông,,,,,,T3/2026,,,,,,,,,,,,,,,,,,,,,,,,,,,,,,,,,,,,,,,,,,,,,,,,,2026-03-19,515085890.8344205,11341972.831828432,1022235179.8963393,0.0,forecast,1.0,2263444556.0,67987.53
forecast_daily,2026.0,3.0,,2026-03,CITYBIKE_P,Xe phổ thông,,,,,,T3/2026,,,,,,,,,,,,,,,,,,,,,,,,,,,,,,,,,,,,,,,,,,,,,,,,,2026-03-20,652981476.0460274,159037284.42207634,1149888240.3207076,0.0,forecast,1.0,2263444556.0,67987.53
forecast_daily,2026.0,3.0,,2026-03,CITYBIKE_P,Xe phổ thông,,,,,,T3/2026,,,,,,,,,,,,,,,,,,,,,,,,,,,,,,,,,,,,,,,,,,,,,,,,,2026-03-21,645831042.4169377,122194698.17475605,1158845354.14131,0.0,forecast,1.0,2263444556.0,67987.53
forecast_daily,2026.0,3.0,,2026-03,CITYBIKE_P,Xe phổ thông,,,,,,T3/2026,,,,,,,,,,,,,,,,,,,,,,,,,,,,,,,,,,,,,,,,,,,,,,,,,2026-03-22,33589230567.472397,33057806821.068714,34088214526.263332,0.0,forecast,1.0,2263444556.0,67987.53
forecast_daily,2026.0,3.0,,2026-03,CITYBIKE_P,Xe phổ thông,,,,,,T3/2026,,,,,,,,,,,,,,,,,,,,,,,,,,,,,,,,,,,,,,,,,,,,,,,,,2026-03-23,694396815.1257927,214508110.65539518,1241141645.2572117,0.0,forecast,1.0,2263444556.0,67987.53
forecast_daily,2026.0,3.0,,2026-03,CITYBIKE_P,Xe phổ thông,,,,,,T3/2026,,,,,,,,,,,,,,,,,,,,,,,,,,,,,,,,,,,,,,,,,,,,,,,,,2026-03-24,542490156.6404207,34066726.76595161,1049797417.0716715,0.0,forecast,1.0,2263444556.0,67987.53
forecast_daily,2026.0,3.0,,2026-03,CITYBIKE_P,Xe phổ thông,,,,,,T3/2026,,,,,,,,,,,,,,,,,,,,,,,,,,,,,,,,,,,,,,,,,,,,,,,,,2026-03-25,650942574.5934181,127815512.78559817,1183975369.6301477,0.0,forecast,1.0,2263444556.0,67987.53
forecast_daily,2026.0,3.0,,2026-03,CITYBIKE_P,Xe phổ thông,,,,,,T3/2026,,,,,,,,,,,,,,,,,,,,,,,,,,,,,,,,,,,,,,,,,,,,,,,,,2026-03-26,515094920.23864067,10662437.708119748,1005359047.3130263,0.0,forecast,1.0,2263444556.0,67987.53
forecast_daily,2026.0,3.0,,2026-03,CITYBIKE_P,Xe phổ thông,,,,,,T3/2026,,,,,,,,,,,,,,,,,,,,,,,,,,,,,,,,,,,,,,,,,,,,,,,,,2026-03-27,652992661.3251323,148414265.09976006,1158157398.058002,0.0,forecast,1.0,2263444556.0,67987.53
forecast_daily,2026.0,3.0,,2026-03,CITYBIKE_P,Xe phổ thông,,,,,,T3/2026,,,,,,,,,,,,,,,,,,,,,,,,,,,,,,,,,,,,,,,,,,,,,,,,,2026-03-28,645841852.4469573,161177050.32563022,1180300447.1840167,0.0,forecast,1.0,2263444556.0,67987.53
forecast_daily,2026.0,3.0,,2026-03,CITYBIKE_P,Xe phổ thông,,,,,,T3/2026,,,,,,,,,,,,,,,,,,,,,,,,,,,,,,,,,,,,,,,,,,,,,,,,,2026-03-29,33589779950.408226,33073799555.39476,34097246381.558807,0.0,forecast,1.0,2263444556.0,67987.53
forecast_daily,2026.0,3.0,,2026-03,CITYBIKE_P,Xe phổ thông,,,,,,T3/2026,,,,,,,,,,,,,,,,,,,,,,,,,,,,,,,,,,,,,,,,,,,,,,,,,2026-03-30,694407913.1332585,177107945.75115293,1212705437.79718,0.0,forecast,1.0,2263444556.0,67987.53
forecast_daily,2026.0,3.0,,2026-03,CITYBIKE_P,Xe phổ thông,,,,,,T3/2026,,,,,,,,,,,,,,,,,,,,,,,,,,,,,,,,,,,,,,,,,,,,,,,,,2026-03-31,542498628.7936902,30738270.61386502,1020506781.358345,0.0,forecast,1.0,2263444556.0,67987.53
forecast_daily,2026.0,4.0,,2026-04,CITYBIKE_P,Xe phổ thông,,,,,,T4/2026,,,,,,,,,,,,,,,,,,,,,,,,,,,,,,,,,,,,,,,,,,,,,,,,,2026-04-01,650952508.2021656,138906383.64622757,1205540550.4521673,0.0,forecast,1.0,2263444556.0,67987.53
forecast_daily,2026.0,4.0,,2026-04,CITYBIKE_P,Xe phổ thông,,,,,,T4/2026,,,,,,,,,,,,,,,,,,,,,,,,,,,,,,,,,,,,,,,,,,,,,,,,,2026-04-02,515102601.2744596,21957726.70889686,1052256559.0844469,0.0,forecast,1.0,2263444556.0,67987.53
forecast_daily,2026.0,4.0,,2026-04,CITYBIKE_P,Xe phổ thông,,,,,,T4/2026,,,,,,,,,,,,,,,,,,,,,,,,,,,,,,,,,,,,,,,,,,,,,,,,,2026-04-03,653002176.1850641,175825158.4910528,1167693432.794697,0.0,forecast,1.0,2263444556.0,67987.53
forecast_daily,2026.0,4.0,,2026-04,CITYBIKE_P,Xe phổ thông,,,,,,T4/2026,,,,,,,,,,,,,,,,,,,,,,,,,,,,,,,,,,,,,,,,,,,,,,,,,2026-04-04,645851048.1598123,143958265.67926273,1192869988.4456706,0.0,forecast,1.0,2263444556.0,67987.53
forecast_daily,2026.0,4.0,,2026-04,CITYBIKE_P,Xe phổ thông,,,,,,T4/2026,,,,,,,,,,,,,,,,,,,,,,,,,,,,,,,,,,,,,,,,,,,,,,,,,2026-04-05,33590247285.2323,33094817051.653877,34103986653.306362,0.0,forecast,1.0,2263444556.0,67987.53
forecast_daily,2026.0,4.0,,2026-04,CITYBIKE_P,Xe phổ thông,,,,,,T4/2026,,,,,,,,,,,,,,,,,,,,,,,,,,,,,,,,,,,,,,,,,,,,,,,,,2026-04-06,694417353.7460228,172353849.07006124,1168976512.7198722,0.0,forecast,1.0,2263444556.0,67987.53
forecast_daily,2026.0,4.0,,2026-04,CITYBIKE_P,Xe phổ thông,,,,,,T4/2026,,,,,,,,,,,,,,,,,,,,,,,,,,,,,,,,,,,,,,,,,,,,,,,,,2026-04-07,542505835.6534824,0.0,1047707761.1002048,0.0,forecast,1.0,2263444556.0,67987.53
forecast_daily,2026.0,4.0,,2026-04,CITYBIKE_P,Xe phổ thông,,,,,,T4/2026,,,,,,,,,,,,,,,,,,,,,,,,,,,,,,,,,,,,,,,,,,,,,,,,,2026-04-08,650960958.2711157,148037741.7128367,1177797567.7838256,0.0,forecast,1.0,2263444556.0,67987.53
forecast_daily,2026.0,4.0,,2026-04,CITYBIKE_P,Xe phổ thông,,,,,,T4/2026,,,,,,,,,,,,,,,,,,,,,,,,,,,,,,,,,,,,,,,,,,,,,,,,,2026-04-09,515109135.16792846,4082361.0601201695,1002028138.0834239,0.0,forecast,1.0,2263444556.0,67987.53
forecast_daily,2026.0,4.0,,2026-04,CITYBIKE_P,Xe phổ thông,,,,,,T4/2026,,,,,,,,,,,,,,,,,,,,,,,,,,,,,,,,,,,,,,,,,,,,,,,,,2026-04-10,653010270.0177635,129999116.55455583,1154250565.6750712,0.0,forecast,1.0,2263444556.0,67987.53
forecast_daily,2026.0,4.0,,2026-04,CITYBIKE_P,Xe phổ thông,,,,,,T4/2026,,,,,,,,,,,,,,,,,,,,,,,,,,,,,,,,,,,,,,,,,,,,,,,,,2026-04-11,645858870.4763455,125895765.48356335,1184278060.9190776,0.0,forecast,1.0,2263444556.0,67987.53
forecast_daily,2026.0,4.0,,2026-04,CITYBIKE_P,Xe phổ thông,,,,,,T4/2026,,,,,,,,,,,,,,,,,,,,,,,,,,,,,,,,,,,,,,,,,,,,,,,,,2026-04-12,33590644823.70156,33102707159.640163,34109923657.331936,0.0,forecast,1.0,2263444556.0,67987.53
forecast_daily,2026.0,4.0,,2026-04,CITYBIKE_P,Xe phổ thông,,,,,,T4/2026,,,,,,,,,,,,,,,,,,,,,,,,,,,,,,,,,,,,,,,,,,,,,,,,,2026-04-13,694425384.3433563,189922179.29101163,1211708439.2957783,0.0,forecast,1.0,2263444556.0,67987.53
forecast_daily,2026.0,4.0,,2026-04,CITYBIKE_P,Xe phổ thông,,,,,,T4/2026,,,,,,,,,,,,,,,,,,,,,,,,,,,,,,,,,,,,,,,,,,,,,,,,,2026-04-14,542511966.1612518,12220816.429107508,1046041606.2568694,0.0,forecast,1.0,2263444556.0,67987.53
forecast_daily,2026.0,4.0,,2026-04,CITYBIKE_P,Xe phổ thông,,,,,,T4/2026,,,,,,,,,,,,,,,,,,,,,,,,,,,,,,,,,,,,,,,,,,,,,,,,,2026-04-15,650968146.2811122,155048809.5111813,1194993151.602233,0.0,forecast,1.0,2263444556.0,67987.53
forecast_daily,2026.0,4.0,,2026-04,CITYBIKE_P,Xe phổ thông,,,,,,T4/2026,,,,,,,,,,,,,,,,,,,,,,,,,,,,,,,,,,,,,,,,,,,,,,,,,2026-04-16,515114693.08678794,28155386.161322854,990884851.3204281,0.0,forecast,1.0,2263444556.0,67987.53
forecast_daily,2026.0,4.0,,2026-04,CITYBIKE_P,Xe phổ thông,,,,,,T4/2026,,,,,,,,,,,,,,,,,,,,,,,,,,,,,,,,,,,,,,,,,,,,,,,,,2026-04-17,653017155.0739609,125739847.26565327,1151549549.0232444,0.0,forecast,1.0,2263444556.0,67987.53
forecast_daily,2026.0,4.0,,2026-04,CITYBIKE_P,Xe phổ thông,,,,,,T4/2026,,,,,,,,,,,,,,,,,,,,,,,,,,,,,,,,,,,,,,,,,,,,,,,,,2026-04-18,645865524.510949,91186602.8733556,1182751081.7756946,0.0,forecast,1.0,2263444556.0,67987.53
forecast_daily,2026.0,4.0,,2026-04,CITYBIKE_P,Xe phổ thông,,,,,,T4/2026,,,,,,,,,,,,,,,,,,,,,,,,,,,,,,,,,,,,,,,,,,,,,,,,,2026-04-19,33590982988.58481,33047459774.630825,34126465657.290817,0.0,forecast,1.0,2263444556.0,67987.53
forecast_daily,2026.0,4.0,,2026-04,CITYBIKE_P,Xe phổ thông,,,,,,T4/2026,,,,,,,,,,,,,,,,,,,,,,,,,,,,,,,,,,,,,,,,,,,,,,,,,2026-04-20,694432215.6908686,226387875.12532958,1205932333.3696387,0.0,forecast,1.0,2263444556.0,67987.53
forecast_daily,2026.0,4.0,,2026-04,CITYBIKE_P,Xe phổ thông,,,,,,T4/2026,,,,,,,,,,,,,,,,,,,,,,,,,,,,,,,,,,,,,,,,,,,,,,,,,2026-04-21,542517181.1055907,27255952.386677865,1023281297.8456976,0.0,forecast,1.0,2263444556.0,67987.53
forecast_daily,2026.0,4.0,,2026-04,CITYBIKE_P,Xe phổ thông,,,,,,T4/2026,,,,,,,,,,,,,,,,,,,,,,,,,,,,,,,,,,,,,,,,,,,,,,,,,2026-04-22,650974260.7909511,85714658.84007294,1120971799.7899728,0.0,forecast,1.0,2263444556.0,67987.53
forecast_daily,2026.0,4.0,,2026-04,CITYBIKE_P,Xe phổ thông,,,,,,T4/2026,,,,,,,,,,,,,,,,,,,,,,,,,,,,,,,,,,,,,,,,,,,,,,,,,2026-04-23,515119421.0241026,12213307.960376626,998026390.6436454,0.0,forecast,1.0,2263444556.0,67987.53
forecast_daily,2026.0,4.0,,2026-04,CITYBIKE_P,Xe phổ thông,,,,,,T4/2026,,,,,,,,,,,,,,,,,,,,,,,,,,,,,,,,,,,,,,,,,,,,,,,,,2026-04-24,653023011.7117283,126222518.05618556,1162942753.6093194,0.0,forecast,1.0,2263444556.0,67987.53
forecast_daily,2026.0,4.0,,2026-04,CITYBIKE_P,Xe phổ thông,,,,,,T4/2026,,,,,,,,,,,,,,,,,,,,,,,,,,,,,,,,,,,,,,,,,,,,,,,,,2026-04-25,645871184.7306402,134456032.66322204,1186747750.7602112,0.0,forecast,1.0,2263444556.0,67987.53
forecast_daily,2026.0,4.0,,2026-04,CITYBIKE_P,Xe phổ thông,,,,,,T4/2026,,,,,,,,,,,,,,,,,,,,,,,,,,,,,,,,,,,,,,,,,,,,,,,,,2026-04-26,33591270646.569115,33127501478.94466,34120674850.166748,0.0,forecast,1.0,2263444556.0,67987.53
forecast_daily,2026.0,4.0,,2026-04,CITYBIKE_P,Xe phổ thông,,,,,,T4/2026,,,,,,,,,,,,,,,,,,,,,,,,,,,,,,,,,,,,,,,,,,,,,,,,,2026-04-27,694438026.5975598,182067464.2834653,1212804472.590954,0.0,forecast,1.0,2263444556.0,67987.53
forecast_daily,2026.0,4.0,,2026-04,CITYBIKE_P,Xe phổ thông,,,,,,T4/2026,,,,,,,,,,,,,,,,,,,,,,,,,,,,,,,,,,,,,,,,,,,,,,,,,2026-04-28,542521617.0624334,7819585.360113093,1037343829.336796,0.0,forecast,1.0,2263444556.0,67987.53
forecast_daily,2026.0,4.0,,2026-04,CITYBIKE_P,Xe phổ thông,,,,,,T4/2026,,,,,,,,,,,,,,,,,,,,,,,,,,,,,,,,,,,,,,,,,,,,,,,,,2026-04-29,650979462.059865,134877183.15461472,1201283399.4272137,0.0,forecast,1.0,2263444556.0,67987.53
forecast_daily,2026.0,4.0,,2026-04,CITYBIKE_P,Xe phổ thông,,,,,,T4/2026,,,,,,,,,,,,,,,,,,,,,,,,,,,,,,,,,,,,,,,,,,,,,,,,,2026-04-30,515123442.78877836,16999815.391473,1025213437.1751189,0.0,forecast,1.0,2263444556.0,67987.53
forecast_daily,2026.0,5.0,,2026-05,CITYBIKE_P,Xe phổ thông,,,,,,T5/2026,,,,,,,,,,,,,,,,,,,,,,,,,,,,,,,,,,,,,,,,,,,,,,,,,2026-05-01,653027993.6668794,82599048.09993704,1142364970.1164691,0.0,forecast,1.0,2263444556.0,67987.53
forecast_daily,2026.0,5.0,,2026-05,CITYBIKE_P,Xe phổ thông,,,,,,T5/2026,,,,,,,,,,,,,,,,,,,,,,,,,,,,,,,,,,,,,,,,,,,,,,,,,2026-05-02,645875999.5825979,154927474.8508159,1175438094.030892,0.0,forecast,1.0,2263444556.0,67987.53
forecast_daily,2026.0,5.0,,2026-05,CITYBIKE_P,Xe phổ thông,,,,,,T5/2026,,,,,,,,,,,,,,,,,,,,,,,,,,,,,,,,,,,,,,,,,,,,,,,,,2026-05-03,33591515340.47107,33050171822.446495,34111092856.05548,0.0,forecast,1.0,2263444556.0,67987.53
forecast_daily,2026.0,5.0,,2026-05,CITYBIKE_P,Xe phổ thông,,,,,,T5/2026,,,,,,,,,,,,,,,,,,,,,,,,,,,,,,,,,,,,,,,,,,,,,,,,,2026-05-04,694442969.589485,149983725.32627067,1209459692.8791354,0.0,forecast,1.0,2263444556.0,67987.53
forecast_daily,2026.0,5.0,,2026-05,CITYBIKE_P,Xe phổ thông,,,,,,T5/2026,,,,,,,,,,,,,,,,,,,,,,,,,,,,,,,,,,,,,,,,,,,,,,,,,2026-05-05,542525390.5713434,36247055.66198117,1054648954.2828007,0.0,forecast,1.0,2263444556.0,67987.53
forecast_daily,2026.0,5.0,,2026-05,CITYBIKE_P,Xe phổ thông,,,,,,T5/2026,,,,,,,,,,,,,,,,,,,,,,,,,,,,,,,,,,,,,,,,,,,,,,,,,2026-05-06,650983886.4751978,130288967.07543953,1214773399.1126688,0.0,forecast,1.0,2263444556.0,67987.53
forecast_daily,2026.0,5.0,,2026-05,CITYBIKE_P,Xe phổ thông,,,,,,T5/2026,,,,,,,,,,,,,,,,,,,,,,,,,,,,,,,,,,,,,,,,,,,,,,,,,2026-05-07,515126863.82841295,27689542.61465594,1045359741.4161005,0.0,forecast,1.0,2263444556.0,67987.53
forecast_daily,2026.0,5.0,,2026-05,CITYBIKE_P,Xe phổ thông,,,,,,T5/2026,,,,,,,,,,,,,,,,,,,,,,,,,,,,,,,,,,,,,,,,,,,,,,,,,2026-05-08,653032231.4672656,135734137.6703856,1162553855.4248917,0.0,forecast,1.0,2263444556.0,67987.53
forecast_daily,2026.0,5.0,,2026-05,CITYBIKE_P,Xe phổ thông,,,,,,T5/2026,,,,,,,,,,,,,,,,,,,,,,,,,,,,,,,,,,,,,,,,,,,,,,,,,2026-05-09,645880095.2360108,121802308.27651776,1171440116.794695,0.0,forecast,1.0,2263444556.0,67987.53
forecast_daily,2026.0,5.0,,2026-05,CITYBIKE_P,Xe phổ thông,,,,,,T5/2026,,,,,,,,,,,,,,,,,,,,,,,,,,,,,,,,,,,,,,,,,,,,,,,,,2026-05-10,33591723486.838455,33057927632.803543,34104125131.110672,0.0,forecast,1.0,2263444556.0,67987.53
forecast_daily,2026.0,5.0,,2026-05,CITYBIKE_P,Xe phổ thông,,,,,,T5/2026,,,,,,,,,,,,,,,,,,,,,,,,,,,,,,,,,,,,,,,,,,,,,,,,,2026-05-11,694447174.3481007,173551442.7440615,1242178178.2854505,0.0,forecast,1.0,2263444556.0,67987.53
forecast_daily,2026.0,5.0,,2026-05,CITYBIKE_P,Xe phổ thông,,,,,,T5/2026,,,,,,,,,,,,,,,,,,,,,,,,,,,,,,,,,,,,,,,,,,,,,,,,,2026-05-12,542528600.415293,16567497.915599795,1050388832.8194702,0.0,forecast,1.0,2263444556.0,67987.53
forecast_daily,2026.0,5.0,,2026-05,CITYBIKE_P,Xe phổ thông,,,,,,T5/2026,,,,,,,,,,,,,,,,,,,,,,,,,,,,,,,,,,,,,,,,,,,,,,,,,2026-05-13,650987649.9920719,148474673.73591873,1165417350.49194,0.0,forecast,1.0,2263444556.0,67987.53
forecast_daily,2026.0,5.0,,2026-05,CITYBIKE_P,Xe phổ thông,,,,,,T5/2026,,,,,,,,,,,,,,,,,,,,,,,,,,,,,,,,,,,,,,,,,,,,,,,,,2026-05-14,515129773.89428884,15676910.017112577,1013804138.8010408,0.0,forecast,1.0,2263444556.0,67987.53
forecast_daily,2026.0,5.0,,2026-05,CITYBIKE_P,Xe phổ thông,,,,,,T5/2026,,,,,,,,,,,,,,,,,,,,,,,,,,,,,,,,,,,,,,,,,,,,,,,,,2026-05-15,653035836.2976872,119697676.66941537,1142694799.663719,0.0,forecast,1.0,2263444556.0,67987.53
forecast_daily,2026.0,5.0,,2026-05,CITYBIKE_P,Xe phổ thông,,,,,,T5/2026,,,,,,,,,,,,,,,,,,,,,,,,,,,,,,,,,,,,,,,,,,,,,,,,,2026-05-16,645883579.1175555,94424498.1242191,1173518385.7447355,0.0,forecast,1.0,2263444556.0,67987.53
forecast_daily,2026.0,5.0,,2026-05,CITYBIKE_P,Xe phổ thông,,,,,,T5/2026,,,,,,,,,,,,,,,,,,,,,,,,,,,,,,,,,,,,,,,,,,,,,,,,,2026-05-17,33591900544.062016,33060689804.27662,34111832779.507328,0.0,forecast,1.0,2263444556.0,67987.53
forecast_daily,2026.0,5.0,,2026-05,CITYBIKE_P,Xe phổ thông,,,,,,T5/2026,,,,,,,,,,,,,,,,,,,,,,,,,,,,,,,,,,,,,,,,,,,,,,,,,2026-05-18,694450751.0176873,184720766.34026802,1241814530.2002845,0.0,forecast,1.0,2263444556.0,67987.53
forecast_daily,2026.0,5.0,,2026-05,CITYBIKE_P,Xe phổ thông,,,,,,T5/2026,,,,,,,,,,,,,,,,,,,,,,,,,,,,,,,,,,,,,,,,,,,,,,,,,2026-05-19,542531330.8811352,65101971.23224702,1048904531.5742263,0.0,forecast,1.0,2263444556.0,67987.53
forecast_daily,2026.0,5.0,,2026-05,CITYBIKE_P,Xe phổ thông,,,,,,T5/2026,,,,,,,,,,,,,,,,,,,,,,,,,,,,,,,,,,,,,,,,,,,,,,,,,2026-05-20,650990851.5071385,149081813.54549715,1138183116.1410434,0.0,forecast,1.0,2263444556.0,67987.53
forecast_daily,2026.0,5.0,,2026-05,CITYBIKE_P,Xe phổ thông,,,,,,T5/2026,,,,,,,,,,,,,,,,,,,,,,,,,,,,,,,,,,,,,,,,,,,,,,,,,2026-05-21,515132249.3398987,0.0,1043991358.0307769,0.0,forecast,1.0,2263444556.0,67987.53
forecast_daily,2026.0,5.0,,2026-05,CITYBIKE_P,Xe phổ thông,,,,,,T5/2026,,,,,,,,,,,,,,,,,,,,,,,,,,,,,,,,,,,,,,,,,,,,,,,,,2026-05-22,653038902.8000326,99991206.08342113,1127999133.4103584,0.0,forecast,1.0,2263444556.0,67987.53
forecast_daily,2026.0,5.0,,2026-05,CITYBIKE_P,Xe phổ thông,,,,,,T5/2026,,,,,,,,,,,,,,,,,,,,,,,,,,,,,,,,,,,,,,,,,,,,,,,,,2026-05-23,645886542.6918108,139887721.3421982,1155756542.961202,0.0,forecast,1.0,2263444556.0,67987.53
forecast_daily,2026.0,5.0,,2026-05,CITYBIKE_P,Xe phổ thông,,,,,,T5/2026,,,,,,,,,,,,,,,,,,,,,,,,,,,,,,,,,,,,,,,,,,,,,,,,,2026-05-24,33592051155.418438,33062728762.732643,34127706995.180664,0.0,forecast,1.0,2263444556.0,67987.53
forecast_daily,2026.0,5.0,,2026-05,CITYBIKE_P,Xe phổ thông,,,,,,T5/2026,,,,,,,,,,,,,,,,,,,,,,,,,,,,,,,,,,,,,,,,,,,,,,,,,2026-05-25,694453793.4871843,173259348.1783582,1172187648.0102227,0.0,forecast,1.0,2263444556.0,67987.53
forecast_daily,2026.0,5.0,,2026-05,CITYBIKE_P,Xe phổ thông,,,,,,T5/2026,,,,,,,,,,,,,,,,,,,,,,,,,,,,,,,,,,,,,,,,,,,,,,,,,2026-05-26,542533653.5204141,18325029.607389256,1036096960.7137322,0.0,forecast,1.0,2263444556.0,67987.53
forecast_daily,2026.0,5.0,,2026-05,CITYBIKE_P,Xe phổ thông,,,,,,T5/2026,,,,,,,,,,,,,,,,,,,,,,,,,,,,,,,,,,,,,,,,,,,,,,,,,2026-05-27,650993574.6725006,143411490.75540543,1133497498.3229997,0.0,forecast,1.0,2263444556.0,67987.53
forecast_daily,2026.0,5.0,,2026-05,CITYBIKE_P,Xe phổ thông,,,,,,T5/2026,,,,,,,,,,,,,,,,,,,,,,,,,,,,,,,,,,,,,,,,,,,,,,,,,2026-05-28,515134355.0065925,4948267.785870966,1017067368.5966622,0.0,forecast,1.0,2263444556.0,67987.53
forecast_daily,2026.0,5.0,,2026-05,CITYBIKE_P,Xe phổ thông,,,,,,T5/2026,,,,,,,,,,,,,,,,,,,,,,,,,,,,,,,,,,,,,,,,,,,,,,,,,2026-05-29,653041511.1800337,117674545.4942753,1170482450.084242,0.0,forecast,1.0,2263444556.0,67987.53
forecast_daily,2026.0,5.0,,2026-05,CITYBIKE_P,Xe phổ thông,,,,,,T5/2026,,,,,,,,,,,,,,,,,,,,,,,,,,,,,,,,,,,,,,,,,,,,,,,,,2026-05-30,645889063.6441311,83733813.14415044,1191325677.8405743,0.0,forecast,1.0,2263444556.0,67987.53
forecast_daily,2026.0,5.0,,2026-05,CITYBIKE_P,Xe phổ thông,,,,,,T5/2026,,,,,,,,,,,,,,,,,,,,,,,,,,,,,,,,,,,,,,,,,,,,,,,,,2026-05-31,33592179270.765358,33093295241.75195,34113477725.58952,0.0,forecast,1.0,2263444556.0,67987.53
forecast_daily,2026.0,6.0,,2026-06,CITYBIKE_P,Xe phổ thông,,,,,,T6/2026,,,,,,,,,,,,,,,,,,,,,,,,,,,,,,,,,,,,,,,,,,,,,,,,,2026-06-01,694456381.6110232,171324063.9803199,1190056527.2117088,0.0,forecast,1.0,2263444556.0,67987.53
forecast_daily,2026.0,6.0,,2026-06,CITYBIKE_P,Xe phổ thông,,,,,,T6/2026,,,,,,,,,,,,,,,,,,,,,,,,,,,,,,,,,,,,,,,,,,,,,,,,,2026-06-02,542535629.1374211,17759251.449171312,1077291542.283176,0.0,forecast,1.0,2263444556.0,67987.53
forecast_daily,2026.0,6.0,,2026-06,CITYBIKE_P,Xe phổ thông,,,,,,T6/2026,,,,,,,,,,,,,,,,,,,,,,,,,,,,,,,,,,,,,,,,,,,,,,,,,2026-06-03,650995891.2516378,114511955.76418176,1147532928.8229809,0.0,forecast,1.0,2263444556.0,67987.53
forecast_daily,2026.0,6.0,,2026-06,CITYBIKE_P,Xe phổ thông,,,,,,T6/2026,,,,,,,,,,,,,,,,,,,,,,,,,,,,,,,,,,,,,,,,,,,,,,,,,2026-06-04,515136146.2230493,0.0,1010825102.3591716,0.0,forecast,1.0,2263444556.0,67987.53
forecast_daily,2026.0,6.0,,2026-06,CITYBIKE_P,Xe phổ thông,,,,,,T6/2026,,,,,,,,,,,,,,,,,,,,,,,,,,,,,,,,,,,,,,,,,,,,,,,,,2026-06-05,653043730.0054048,146678347.65909174,1164280111.8742893,0.0,forecast,1.0,2263444556.0,67987.53
forecast_daily,2026.0,6.0,,2026-06,CITYBIKE_P,Xe phổ thông,,,,,,T6/2026,,,,,,,,,,,,,,,,,,,,,,,,,,,,,,,,,,,,,,,,,,,,,,,,,2026-06-06,645891208.0589459,139738002.02708074,1171071019.4444752,0.0,forecast,1.0,2263444556.0,67987.53
forecast_daily,2026.0,6.0,,2026-06,CITYBIKE_P,Xe phổ thông,,,,,,T6/2026,,,,,,,,,,,,,,,,,,,,,,,,,,,,,,,,,,,,,,,,,,,,,,,,,2026-06-07,33592288250.076366,33100068541.569687,34124683764.746754,0.0,forecast,1.0,2263444556.0,67987.53
forecast_daily,2026.0,6.0,,2026-06,CITYBIKE_P,Xe phổ thông,,,,,,T6/2026,,,,,,,,,,,,,,,,,,,,,,,,,,,,,,,,,,,,,,,,,,,,,,,,,2026-06-08,694458583.0764164,175883586.38016176,1228148550.207646,0.0,forecast,1.0,2263444556.0,67987.53
forecast_daily,2026.0,6.0,,2026-06,CITYBIKE_P,Xe phổ thông,,,,,,T6/2026,,,,,,,,,,,,,,,,,,,,,,,,,,,,,,,,,,,,,,,,,,,,,,,,,2026-06-09,542537309.7620219,37192189.74410262,1049835824.5548064,0.0,forecast,1.0,2263444556.0,67987.53
forecast_daily,2026.0,6.0,,2026-06,CITYBIKE_P,Xe phổ thông,,,,,,T6/2026,,,,,,,,,,,,,,,,,,,,,,,,,,,,,,,,,,,,,,,,,,,,,,,,,2026-06-10,650997861.6922387,107629663.00062884,1166904581.56425,0.0,forecast,1.0,2263444556.0,67987.53
forecast_daily,2026.0,6.0,,2026-06,CITYBIKE_P,Xe phổ thông,,,,,,T6/2026,,,,,,,,,,,,,,,,,,,,,,,,,,,,,,,,,,,,,,,,,,,,,,,,,2026-06-11,515137669.83239955,0.0,1021263899.9706854,0.0,forecast,1.0,2263444556.0,67987.53
forecast_daily,2026.0,6.0,,2026-06,CITYBIKE_P,Xe phổ thông,,,,,,T6/2026,,,,,,,,,,,,,,,,,,,,,,,,,,,,,,,,,,,,,,,,,,,,,,,,,2026-06-12,653045617.4109994,103162865.444159,1134468052.7063258,0.0,forecast,1.0,2263444556.0,67987.53
forecast_daily,2026.0,6.0,,2026-06,CITYBIKE_P,Xe phổ thông,,,,,,T6/2026,,,,,,,,,,,,,,,,,,,,,,,,,,,,,,,,,,,,,,,,,,,,,,,,,2026-06-13,645893032.1176214,90286882.38603035,1137851655.4268265,0.0,forecast,1.0,2263444556.0,67987.53
forecast_daily,2026.0,6.0,,2026-06,CITYBIKE_P,Xe phổ thông,,,,,,T6/2026,,,,,,,,,,,,,,,,,,,,,,,,,,,,,,,,,,,,,,,,,,,,,,,,,2026-06-14,33592380951.519394,33082228670.26009,34097933534.83793,0.0,forecast,1.0,2263444556.0,67987.53
forecast_daily,2026.0,6.0,,2026-06,CITYBIKE_P,Xe phổ thông,,,,,,T6/2026,,,,,,,,,,,,,,,,,,,,,,,,,,,,,,,,,,,,,,,,,,,,,,,,,2026-06-15,694460455.6845813,165228714.771478,1236266245.9636278,0.0,forecast,1.0,2263444556.0,67987.53
forecast_daily,2026.0,6.0,,2026-06,CITYBIKE_P,Xe phổ thông,,,,,,T6/2026,,,,,,,,,,,,,,,,,,,,,,,,,,,,,,,,,,,,,,,,,,,,,,,,,2026-06-16,542538739.3094467,29565912.628109388,1047739997.6145301,0.0,forecast,1.0,2263444556.0,67987.53
forecast_daily,2026.0,6.0,,2026-06,CITYBIKE_P,Xe phổ thông,,,,,,T6/2026,,,,,,,,,,,,,,,,,,,,,,,,,,,,,,,,,,,,,,,,,,,,,,,,,2026-06-17,650999537.8356645,104381390.58068849,1177052261.0804524,0.0,forecast,1.0,2263444556.0,67987.53
forecast_daily,2026.0,6.0,,2026-06,CITYBIKE_P,Xe phổ thông,,,,,,T6/2026,,,,,,,,,,,,,,,,,,,,,,,,,,,,,,,,,,,,,,,,,,,,,,,,,2026-06-18,515138965.92794603,16079963.099315502,1051809919.9488657,0.0,forecast,1.0,2263444556.0,67987.53
forecast_daily,2026.0,6.0,,2026-06,CITYBIKE_P,Xe phổ thông,,,,,,T6/2026,,,,,,,,,,,,,,,,,,,,,,,,,,,,,,,,,,,,,,,,,,,,,,,,,2026-06-19,653047222.9054185,144827076.1745446,1145335752.9578354,0.0,forecast,1.0,2263444556.0,67987.53
forecast_daily,2026.0,6.0,,2026-06,CITYBIKE_P,Xe phổ thông,,,,,,T6/2026,,,,,,,,,,,,,,,,,,,,,,,,,,,,,,,,,,,,,,,,,,,,,,,,,2026-06-20,645894583.6251931,103541628.56235039,1197858981.503092,0.0,forecast,1.0,2263444556.0,67987.53
forecast_daily,2026.0,6.0,,2026-06,CITYBIKE_P,Xe phổ thông,,,,,,T6/2026,,,,,,,,,,,,,,,,,,,,,,,,,,,,,,,,,,,,,,,,,,,,,,,,,2026-06-21,33592459806.39507,33082697404.796448,34105347530.952168,0.0,forecast,1.0,2263444556.0,67987.53
forecast_daily,2026.0,6.0,,2026-06,CITYBIKE_P,Xe phổ thông,,,,,,T6/2026,,,,,,,,,,,,,,,,,,,,,,,,,,,,,,,,,,,,,,,,,,,,,,,,,2026-06-22,694462048.610135,185987851.03047502,1228496207.0828028,0.0,forecast,1.0,2263444556.0,67987.53
forecast_daily,2026.0,6.0,,2026-06,CITYBIKE_P,Xe phổ thông,,,,,,T6/2026,,,,,,,,,,,,,,,,,,,,,,,,,,,,,,,,,,,,,,,,,,,,,,,,,2026-06-23,542539955.3307735,15627395.890795466,1056105253.0557334,0.0,forecast,1.0,2263444556.0,67987.53
forecast_daily,2026.0,6.0,,2026-06,CITYBIKE_P,Xe phổ thông,,,,,,T6/2026,,,,,,,,,,,,,,,,,,,,,,,,,,,,,,,,,,,,,,,,,,,,,,,,,2026-06-24,651000963.6536672,156731217.2454996,1179316046.3700159,0.0,forecast,1.0,2263444556.0,67987.53
forecast_daily,2026.0,6.0,,2026-06,CITYBIKE_P,Xe phổ thông,,,,,,T6/2026,,,,,,,,,,,,,,,,,,,,,,,,,,,,,,,,,,,,,,,,,,,,,,,,,2026-06-25,515140068.30225396,0.0,1038358127.1089855,0.0,forecast,1.0,2263444556.0,67987.53
forecast_daily,2026.0,6.0,,2026-06,CITYBIKE_P,Xe phổ thông,,,,,,T6/2026,,,,,,,,,,,,,,,,,,,,,,,,,,,,,,,,,,,,,,,,,,,,,,,,,2026-06-26,653048588.5394396,166780514.88654095,1151600395.779784,0.0,forecast,1.0,2263444556.0,67987.53
forecast_daily,2026.0,6.0,,2026-06,CITYBIKE_P,Xe phổ thông,,,,,,T6/2026,,,,,,,,,,,,,,,,,,,,,,,,,,,,,,,,,,,,,,,,,,,,,,,,,2026-06-27,645895903.522598,82215612.41570522,1175673182.8879225,0.0,forecast,1.0,2263444556.0,67987.53
forecast_daily,2026.0,6.0,,2026-06,CITYBIKE_P,Xe phổ thông,,,,,,T6/2026,,,,,,,,,,,,,,,,,,,,,,,,,,,,,,,,,,,,,,,,,,,,,,,,,2026-06-28,33592526882.875854,33084160028.542835,34093983106.026234,0.0,forecast,1.0,2263444556.0,67987.53
forecast_daily,2026.0,6.0,,2026-06,CITYBIKE_P,Xe phổ thông,,,,,,T6/2026,,,,,,,,,,,,,,,,,,,,,,,,,,,,,,,,,,,,,,,,,,,,,,,,,2026-06-29,694463403.5718516,153824301.8021068,1217966575.547559,0.0,forecast,1.0,2263444556.0,67987.53
forecast_daily,2026.0,6.0,,2026-06,CITYBIKE_P,Xe phổ thông,,,,,,T6/2026,,,,,,,,,,,,,,,,,,,,,,,,,,,,,,,,,,,,,,,,,,,,,,,,,2026-06-30,542540989.7120576,31087130.36802485,1063437884.2368891,0.0,forecast,1.0,2263444556.0,67987.53
forecast_daily,2025.0,1.0,,2025-01,KIDBIKE_1,Xe trẻ em N1,,,,,,T1/2025,,,,,,,,,,,,,,,,,,,,,,,,,,,,,,,,,,,,,,,,,,,,,,,,,2025-01-08,100900911.84358838,0.0,232746870.1994514,17965278.0,train,0.0,70972920.0,291.32
forecast_daily,2025.0,1.0,,2025-01,KIDBIKE_1,Xe trẻ em N1,,,,,,T1/2025,,,,,,,,,,,,,,,,,,,,,,,,,,,,,,,,,,,,,,,,,,,,,,,,,2025-01-10,80382351.03640951,0.0,200624230.52525172,5250000.0,train,0.0,70972920.0,291.32
forecast_daily,2025.0,1.0,,2025-01,KIDBIKE_1,Xe trẻ em N1,,,,,,T1/2025,,,,,,,,,,,,,,,,,,,,,,,,,,,,,,,,,,,,,,,,,,,,,,,,,2025-01-11,89373654.17659755,0.0,206322617.79440948,56951481.0,train,0.0,70972920.0,291.32
forecast_daily,2025.0,1.0,,2025-01,KIDBIKE_1,Xe trẻ em N1,,,,,,T1/2025,,,,,,,,,,,,,,,,,,,,,,,,,,,,,,,,,,,,,,,,,,,,,,,,,2025-01-13,93639840.18613428,0.0,221605006.39504072,3550556.0,train,0.0,70972920.0,291.32
forecast_daily,2025.0,1.0,,2025-01,KIDBIKE_1,Xe trẻ em N1,,,,,,T1/2025,,,,,,,,,,,,,,,,,,,,,,,,,,,,,,,,,,,,,,,,,,,,,,,,,2025-01-18,90034759.75430685,0.0,214494151.65245873,4200000.0,train,0.0,70972920.0,291.32
forecast_daily,2025.0,1.0,,2025-01,KIDBIKE_1,Xe trẻ em N1,,,,,,T1/2025,,,,,,,,,,,,,,,,,,,,,,,,,,,,,,,,,,,,,,,,,,,,,,,,,2025-01-21,90335587.83143641,0.0,221490610.51851925,233548140.0,train,0.0,70972920.0,291.32
forecast_daily,2025.0,1.0,,2025-01,KIDBIKE_1,Xe trẻ em N1,,,,,,T1/2025,,,,,,,,,,,,,,,,,,,,,,,,,,,,,,,,,,,,,,,,,,,,,,,,,2025-01-22,102399113.77597797,0.0,229781142.18679786,3749537.0,train,0.0,70972920.0,291.32
forecast_daily,2025.0,1.0,,2025-01,KIDBIKE_1,Xe trẻ em N1,,,,,,T1/2025,,,,,,,,,,,,,,,,,,,,,,,,,,,,,,,,,,,,,,,,,,,,,,,,,2025-01-23,97420386.38555348,0.0,225453936.80362403,21300000.0,train,0.0,70972920.0,291.32
forecast_daily,2025.0,1.0,,2025-01,KIDBIKE_1,Xe trẻ em N1,,,,,,T1/2025,,,,,,,,,,,,,,,,,,,,,,,,,,,,,,,,,,,,,,,,,,,,,,,,,2025-01-24,81575677.92607905,0.0,216511721.88886723,17676383.0,train,0.0,70972920.0,291.32
forecast_daily,2025.0,2.0,,2025-02,KIDBIKE_1,Xe trẻ em N1,,,,,,T2/2025,,,,,,,,,,,,,,,,,,,,,,,,,,,,,,,,,,,,,,,,,,,,,,,,,2025-02-07,82785214.78560151,0.0,206137606.6828555,8870000.0,train,0.0,70972920.0,291.32
forecast_daily,2025.0,2.0,,2025-02,KIDBIKE_1,Xe trẻ em N1,,,,,,T2/2025,,,,,,,,,,,,,,,,,,,,,,,,,,,,,,,,,,,,,,,,,,,,,,,,,2025-02-10,96438256.26274216,0.0,218566724.79687607,91240000.0,train,0.0,70972920.0,291.32
forecast_daily,2025.0,2.0,,2025-02,KIDBIKE_1,Xe trẻ em N1,,,,,,T2/2025,,,,,,,,,,,,,,,,,,,,,,,,,,,,,,,,,,,,,,,,,,,,,,,,,2025-02-11,92352056.93963487,0.0,218462617.65678588,3550556.0,train,0.0,70972920.0,291.32
forecast_daily,2025.0,2.0,,2025-02,KIDBIKE_1,Xe trẻ em N1,,,,,,T2/2025,,,,,,,,,,,,,,,,,,,,,,,,,,,,,,,,,,,,,,,,,,,,,,,,,2025-02-14,83396116.71290302,0.0,198638741.97351778,172000000.0,train,0.0,70972920.0,291.32
forecast_daily,2025.0,2.0,,2025-02,KIDBIKE_1,Xe trẻ em N1,,,,,,T2/2025,,,,,,,,,,,,,,,,,,,,,,,,,,,,,,,,,,,,,,,,,,,,,,,,,2025-02-17,97149716.09236762,0.0,213800228.4827272,172141481.0,train,0.0,70972920.0,291.32
forecast_daily,2025.0,2.0,,2025-02,KIDBIKE_1,Xe trẻ em N1,,,,,,T2/2025,,,,,,,,,,,,,,,,,,,,,,,,,,,,,,,,,,,,,,,,,,,,,,,,,2025-02-19,105456815.73230454,0.0,229341662.5573726,91660000.0,train,0.0,70972920.0,291.32
forecast_daily,2025.0,2.0,,2025-02,KIDBIKE_1,Xe trẻ em N1,,,,,,T2/2025,,,,,,,,,,,,,,,,,,,,,,,,,,,,,,,,,,,,,,,,,,,,,,,,,2025-02-20,100329156.56503195,0.0,232544508.90447882,62420000.0,train,0.0,70972920.0,291.32
forecast_daily,2025.0,2.0,,2025-02,KIDBIKE_1,Xe trẻ em N1,,,,,,T2/2025,,,,,,,,,,,,,,,,,,,,,,,,,,,,,,,,,,,,,,,,,,,,,,,,,2025-02-21,84011136.91074345,0.0,207902521.32491958,5881944.0,train,0.0,70972920.0,291.32
forecast_daily,2025.0,2.0,,2025-02,KIDBIKE_1,Xe trẻ em N1,,,,,,T2/2025,,,,,,,,,,,,,,,,,,,,,,,,,,,,,,,,,,,,,,,,,,,,,,,,,2025-02-22,93407977.29248445,0.0,224115388.6191657,108760000.0,train,0.0,70972920.0,291.32
forecast_daily,2025.0,2.0,,2025-02,KIDBIKE_1,Xe trẻ em N1,,,,,,T2/2025,,,,,,,,,,,,,,,,,,,,,,,,,,,,,,,,,,,,,,,,,,,,,,,,,2025-02-25,93719151.4184034,0.0,209412620.06151795,8908331.0,train,0.0,70972920.0,291.32
forecast_daily,2025.0,2.0,,2025-02,KIDBIKE_1,Xe trẻ em N1,,,,,,T2/2025,,,,,,,,,,,,,,,,,,,,,,,,,,,,,,,,,,,,,,,,,,,,,,,,,2025-02-26,106234172.55982803,0.0,222401916.5704636,51615740.0,train,0.0,70972920.0,291.32
forecast_daily,2025.0,2.0,,2025-02,KIDBIKE_1,Xe trẻ em N1,,,,,,T2/2025,,,,,,,,,,,,,,,,,,,,,,,,,,,,,,,,,,,,,,,,,,,,,,,,,2025-02-28,84630297.37851663,0.0,212608150.50795072,61200000.0,train,0.0,70972920.0,291.32
forecast_daily,2025.0,3.0,,2025-03,KIDBIKE_1,Xe trẻ em N1,,,,,,T3/2025,,,,,,,,,,,,,,,,,,,,,,,,,,,,,,,,,,,,,,,,,,,,,,,,,2025-03-10,99312957.72030808,0.0,231991055.7058071,10500000.0,train,0.0,70972920.0,291.32
forecast_daily,2025.0,3.0,,2025-03,KIDBIKE_1,Xe trẻ em N1,,,,,,T3/2025,,,,,,,,,,,,,,,,,,,,,,,,,,,,,,,,,,,,,,,,,,,,,,,,,2025-03-13,102562574.38943416,0.0,223788345.27735546,35220370.0,train,0.0,70972920.0,291.32
forecast_daily,2025.0,3.0,,2025-03,KIDBIKE_1,Xe trẻ em N1,,,,,,T3/2025,,,,,,,,,,,,,,,,,,,,,,,,,,,,,,,,,,,,,,,,,,,,,,,,,2025-03-14,85881127.27129257,0.0,203723129.41624832,88890250.0,train,0.0,70972920.0,291.32
forecast_daily,2025.0,3.0,,2025-03,KIDBIKE_1,Xe trẻ em N1,,,,,,T3/2025,,,,,,,,,,,,,,,,,,,,,,,,,,,,,,,,,,,,,,,,,,,,,,,,,2025-03-17,100043744.29917152,0.0,221453710.63761768,150973151.0,train,0.0,70972920.0,291.32
forecast_daily,2025.0,3.0,,2025-03,KIDBIKE_1,Xe trẻ em N1,,,,,,T3/2025,,,,,,,,,,,,,,,,,,,,,,,,,,,,,,,,,,,,,,,,,,,,,,,,,2025-03-18,95804454.51174468,0.0,226848421.3117887,43860185.0,train,0.0,70972920.0,291.32
forecast_daily,2025.0,3.0,,2025-03,KIDBIKE_1,Xe trẻ em N1,,,,,,T3/2025,,,,,,,,,,,,,,,,,,,,,,,,,,,,,,,,,,,,,,,,,,,,,,,,,2025-03-19,108597721.26992461,0.0,232908805.90962324,198093426.0,train,0.0,70972920.0,291.32
forecast_daily,2025.0,3.0,,2025-03,KIDBIKE_1,Xe trẻ em N1,,,,,,T3/2025,,,,,,,,,,,,,,,,,,,,,,,,,,,,,,,,,,,,,,,,,,,,,,,,,2025-03-20,103317061.79212452,0.0,232778116.8639033,210490000.0,train,0.0,70972920.0,291.32
forecast_daily,2025.0,3.0,,2025-03,KIDBIKE_1,Xe trẻ em N1,,,,,,T3/2025,,,,,,,,,,,,,,,,,,,,,,,,,,,,,,,,,,,,,,,,,,,,,,,,,2025-03-21,86512840.84476115,0.0,213826873.95677975,225510000.0,train,0.0,70972920.0,291.32
forecast_daily,2025.0,3.0,,2025-03,KIDBIKE_1,Xe trẻ em N1,,,,,,T3/2025,,,,,,,,,,,,,,,,,,,,,,,,,,,,,,,,,,,,,,,,,,,,,,,,,2025-03-22,96189242.27206786,0.0,216411682.97386932,181120000.0,train,0.0,70972920.0,291.32
forecast_daily,2025.0,3.0,,2025-03,KIDBIKE_1,Xe trẻ em N1,,,,,,T3/2025,,,,,,,,,,,,,,,,,,,,,,,,,,,,,,,,,,,,,,,,,,,,,,,,,2025-03-24,100779426.64213178,0.0,224697904.00296047,307480000.0,train,0.0,70972920.0,291.32
forecast_daily,2025.0,3.0,,2025-03,KIDBIKE_1,Xe trẻ em N1,,,,,,T3/2025,,,,,,,,,,,,,,,,,,,,,,,,,,,,,,,,,,,,,,,,,,,,,,,,,2025-03-25,96508896.63906626,0.0,226948713.09902036,417778983.0,train,0.0,70972920.0,291.32
forecast_daily,2025.0,3.0,,2025-03,KIDBIKE_1,Xe trẻ em N1,,,,,,T3/2025,,,,,,,,,,,,,,,,,,,,,,,,,,,,,,,,,,,,,,,,,,,,,,,,,2025-03-26,109396156.16554287,0.0,225311406.7118311,153152777.0,train,0.0,70972920.0,291.32
forecast_daily,2025.0,3.0,,2025-03,KIDBIKE_1,Xe trẻ em N1,,,,,,T3/2025,,,,,,,,,,,,,,,,,,,,,,,,,,,,,,,,,,,,,,,,,,,,,,,,,2025-03-27,104076600.62157583,0.0,237132392.31621334,352047038.0,train,0.0,70972920.0,291.32
forecast_daily,2025.0,3.0,,2025-03,KIDBIKE_1,Xe trẻ em N1,,,,,,T3/2025,,,,,,,,,,,,,,,,,,,,,,,,,,,,,,,,,,,,,,,,,,,,,,,,,2025-03-28,87148782.98078682,0.0,217946130.10520542,228343701.0,train,0.0,70972920.0,291.32
forecast_daily,2025.0,3.0,,2025-03,KIDBIKE_1,Xe trẻ em N1,,,,,,T3/2025,,,,,,,,,,,,,,,,,,,,,,,,,,,,,,,,,,,,,,,,,,,,,,,,,2025-03-29,96896247.43131241,0.0,228150425.1082943,82710000.0,train,0.0,70972920.0,291.32
forecast_daily,2025.0,3.0,,2025-03,KIDBIKE_1,Xe trẻ em N1,,,,,,T3/2025,,,,,,,,,,,,,,,,,,,,,,,,,,,,,,,,,,,,,,,,,,,,,,,,,2025-03-31,101520030.44326204,0.0,225095074.74653906,126180000.0,train,0.0,70972920.0,291.32
forecast_daily,2026.0,1.0,,2026-01,KIDBIKE_1,Xe trẻ em N1,,,,,,T1/2026,,,,,,,,,,,,,,,,,,,,,,,,,,,,,,,,,,,,,,,,,,,,,,,,,2026-01-04,11387211.17650042,0.0,131634199.81223214,2027778.0,train,0.0,70972920.0,291.32
forecast_daily,2026.0,1.0,,2026-01,KIDBIKE_1,Xe trẻ em N1,,,,,,T1/2026,,,,,,,,,,,,,,,,,,,,,,,,,,,,,,,,,,,,,,,,,,,,,,,,,2026-01-06,129731489.97435583,0.0,243567677.89054158,110900001.0,train,0.0,70972920.0,291.32
forecast_daily,2026.0,1.0,,2026-01,KIDBIKE_1,Xe trẻ em N1,,,,,,T1/2026,,,,,,,,,,,,,,,,,,,,,,,,,,,,,,,,,,,,,,,,,,,,,,,,,2026-01-12,136441125.532407,6591228.817718081,257617392.22986934,77306283.0,train,0.0,70972920.0,291.32
forecast_daily,2026.0,1.0,,2026-01,KIDBIKE_1,Xe trẻ em N1,,,,,,T1/2026,,,,,,,,,,,,,,,,,,,,,,,,,,,,,,,,,,,,,,,,,,,,,,,,,2026-01-13,130655089.56855312,2523493.616806112,266045240.03517824,71104888.0,train,0.0,70972920.0,291.32
forecast_daily,2026.0,1.0,,2026-01,KIDBIKE_1,Xe trẻ em N1,,,,,,T1/2026,,,,,,,,,,,,,,,,,,,,,,,,,,,,,,,,,,,,,,,,,,,,,,,,,2026-01-14,148097116.31387803,26833646.058747776,275188214.03979146,116581386.0,train,0.0,70972920.0,291.32
forecast_daily,2026.0,1.0,,2026-01,KIDBIKE_1,Xe trẻ em N1,,,,,,T1/2026,,,,,,,,,,,,,,,,,,,,,,,,,,,,,,,,,,,,,,,,,,,,,,,,,2026-01-15,140890977.82559878,9871289.949725827,261778527.8282732,79706571.0,train,0.0,70972920.0,291.32
forecast_daily,2026.0,1.0,,2026-01,KIDBIKE_1,Xe trẻ em N1,,,,,,T1/2026,,,,,,,,,,,,,,,,,,,,,,,,,,,,,,,,,,,,,,,,,,,,,,,,,2026-01-16,117971456.88265845,0.0,250777626.32777277,143798019.0,train,0.0,70972920.0,291.32
forecast_daily,2026.0,1.0,,2026-01,KIDBIKE_1,Xe trẻ em N1,,,,,,T1/2026,,,,,,,,,,,,,,,,,,,,,,,,,,,,,,,,,,,,,,,,,,,,,,,,,2026-01-17,131162018.79913123,9784661.149661273,262407110.54470876,10173608.0,train,0.0,70972920.0,291.32
forecast_daily,2026.0,1.0,,2026-01,KIDBIKE_1,Xe trẻ em N1,,,,,,T1/2026,,,,,,,,,,,,,,,,,,,,,,,,,,,,,,,,,,,,,,,,,,,,,,,,,2026-01-19,137411749.93793052,17921535.56883031,264006380.49853992,66214709.0,train,0.0,70972920.0,291.32
forecast_daily,2026.0,1.0,,2026-01,KIDBIKE_1,Xe trẻ em N1,,,,,,T1/2026,,,,,,,,,,,,,,,,,,,,,,,,,,,,,,,,,,,,,,,,,,,,,,,,,2026-01-20,131584433.88410187,17178149.160941634,265115664.35881302,39050000.0,train,0.0,70972920.0,291.32
forecast_daily,2026.0,1.0,,2026-01,KIDBIKE_1,Xe trẻ em N1,,,,,,T1/2026,,,,,,,,,,,,,,,,,,,,,,,,,,,,,,,,,,,,,,,,,,,,,,,,,2026-01-21,149150390.06716934,14256342.936783269,260767404.72444883,1842593.0,train,0.0,70972920.0,291.32
forecast_daily,2026.0,1.0,,2026-01,KIDBIKE_1,Xe trẻ em N1,,,,,,T1/2026,,,,,,,,,,,,,,,,,,,,,,,,,,,,,,,,,,,,,,,,,,,,,,,,,2026-01-22,141892872.64660588,12835606.786979064,265445599.00203076,128774042.0,train,0.0,70972920.0,291.32
forecast_daily,2026.0,1.0,,2026-01,KIDBIKE_1,Xe trẻ em N1,,,,,,T1/2026,,,,,,,,,,,,,,,,,,,,,,,,,,,,,,,,,,,,,,,,,,,,,,,,,2026-01-23,118810260.16937806,0.0,236795429.07064393,99214432.0,train,0.0,70972920.0,291.32
forecast_daily,2026.0,1.0,,2026-01,KIDBIKE_1,Xe trẻ em N1,,,,,,T1/2026,,,,,,,,,,,,,,,,,,,,,,,,,,,,,,,,,,,,,,,,,,,,,,,,,2026-01-24,132094490.04580605,0.0,252880980.62129653,251659474.0,train,0.0,70972920.0,291.32
forecast_daily,2026.0,1.0,,2026-01,KIDBIKE_1,Xe trẻ em N1,,,,,,T1/2026,,,,,,,,,,,,,,,,,,,,,,,,,,,,,,,,,,,,,,,,,,,,,,,,,2026-01-26,138388400.95918065,1470299.2071073428,273220571.3746514,126453120.0,train,0.0,70972920.0,291.32
forecast_daily,2026.0,1.0,,2026-01,KIDBIKE_1,Xe trẻ em N1,,,,,,T1/2026,,,,,,,,,,,,,,,,,,,,,,,,,,,,,,,,,,,,,,,,,,,,,,,,,2026-01-27,132519546.81083111,3125314.4282922633,258631494.77566913,118352939.0,train,0.0,70972920.0,291.32
forecast_daily,2026.0,1.0,,2026-01,KIDBIKE_1,Xe trẻ em N1,,,,,,T1/2026,,,,,,,,,,,,,,,,,,,,,,,,,,,,,,,,,,,,,,,,,,,,,,,,,2026-01-28,150210199.75948218,23167350.853414424,275990172.89084315,391084716.0,train,0.0,70972920.0,291.32
forecast_daily,2026.0,1.0,,2026-01,KIDBIKE_1,Xe trẻ em N1,,,,,,T1/2026,,,,,,,,,,,,,,,,,,,,,,,,,,,,,,,,,,,,,,,,,,,,,,,,,2026-01-29,142900982.75025535,21040254.157245874,264460663.71880698,74180439.0,train,0.0,70972920.0,291.32
forecast_daily,2026.0,1.0,,2026-01,KIDBIKE_1,Xe trẻ em N1,,,,,,T1/2026,,,,,,,,,,,,,,,,,,,,,,,,,,,,,,,,,,,,,,,,,,,,,,,,,2026-01-30,119654265.45996228,181627.05511911816,245816522.96282387,51848414.0,train,0.0,70972920.0,291.32
forecast_daily,2026.0,1.0,,2026-01,KIDBIKE_1,Xe trẻ em N1,,,,,,T1/2026,,,,,,,,,,,,,,,,,,,,,,,,,,,,,,,,,,,,,,,,,,,,,,,,,2026-01-31,133032742.48823282,11549909.67941389,258654992.99727812,140903390.0,train,0.0,70972920.0,291.32
forecast_daily,2026.0,2.0,,2026-02,KIDBIKE_1,Xe trẻ em N1,,,,,,T2/2026,,,,,,,,,,,,,,,,,,,,,,,,,,,,,,,,,,,,,,,,,,,,,,,,,2026-02-01,11714606.653006831,0.0,136287759.319113,0.0,test,0.0,70972920.0,291.32
forecast_daily,2026.0,2.0,,2026-02,KIDBIKE_1,Xe trẻ em N1,,,,,,T2/2026,,,,,,,,,,,,,,,,,,,,,,,,,,,,,,,,,,,,,,,,,,,,,,,,,2026-02-02,139371103.50197616,10451969.046184558,255817803.09748647,0.0,test,0.0,70972920.0,291.32
forecast_daily,2026.0,2.0,,2026-02,KIDBIKE_1,Xe trẻ em N1,,,,,,T2/2026,,,,,,,,,,,,,,,,,,,,,,,,,,,,,,,,,,,,,,,,,,,,,,,,,2026-02-03,133460452.1631691,6135947.6589274695,260327110.32635826,0.0,test,0.0,70972920.0,291.32
forecast_daily,2026.0,2.0,,2026-02,KIDBIKE_1,Xe trẻ em N1,,,,,,T2/2026,,,,,,,,,,,,,,,,,,,,,,,,,,,,,,,,,,,,,,,,,,,,,,,,,2026-02-04,151276572.34619242,21331692.35279687,276144609.98810714,174822369.0,test,0.0,70972920.0,291.32
forecast_daily,2026.0,2.0,,2026-02,KIDBIKE_1,Xe trẻ em N1,,,,,,T2/2026,,,,,,,,,,,,,,,,,,,,,,,,,,,,,,,,,,,,,,,,,,,,,,,,,2026-02-05,143915333.74222142,21232665.090818785,260754998.1651125,53273777.0,test,0.0,70972920.0,291.32
forecast_daily,2026.0,2.0,,2026-02,KIDBIKE_1,Xe trẻ em N1,,,,,,T2/2026,,,,,,,,,,,,,,,,,,,,,,,,,,,,,,,,,,,,,,,,,,,,,,,,,2026-02-06,120503494.1642895,1477892.4757236575,242788817.30203414,6454812.0,test,0.0,70972920.0,291.32
forecast_daily,2026.0,2.0,,2026-02,KIDBIKE_1,Xe trẻ em N1,,,,,,T2/2026,,,,,,,,,,,,,,,,,,,,,,,,,,,,,,,,,,,,,,,,,,,,,,,,,2026-02-07,133976799.89614783,18543748.65180437,252985325.17968342,88907094.0,test,0.0,70972920.0,291.32
forecast_daily,2026.0,2.0,,2026-02,KIDBIKE_1,Xe trẻ em N1,,,,,,T2/2026,,,,,,,,,,,,,,,,,,,,,,,,,,,,,,,,,,,,,,,,,,,,,,,,,2026-02-08,11797727.678708518,0.0,151744335.62816128,0.0,test,0.0,70972920.0,291.32
forecast_daily,2026.0,2.0,,2026-02,KIDBIKE_1,Xe trẻ em N1,,,,,,T2/2026,,,,,,,,,,,,,,,,,,,,,,,,,,,,,,,,,,,,,,,,,,,,,,,,,2026-02-09,140359882.39545888,15270865.333284186,265456447.50454557,67199999.0,test,0.0,70972920.0,291.32
forecast_daily,2026.0,2.0,,2026-02,KIDBIKE_1,Xe trẻ em N1,,,,,,T2/2026,,,,,,,,,,,,,,,,,,,,,,,,,,,,,,,,,,,,,,,,,,,,,,,,,2026-02-10,134407173.682529,7317314.06056954,257697817.55762008,132837931.0,test,0.0,70972920.0,291.32
forecast_daily,2026.0,2.0,,2026-02,KIDBIKE_1,Xe trẻ em N1,,,,,,T2/2026,,,,,,,,,,,,,,,,,,,,,,,,,,,,,,,,,,,,,,,,,,,,,,,,,2026-02-11,152349534.69829544,27485246.05439574,281210150.7828777,14537957.0,test,0.0,70972920.0,291.32
forecast_daily,2026.0,2.0,,2026-02,KIDBIKE_1,Xe trẻ em N1,,,,,,T2/2026,,,,,,,,,,,,,,,,,,,,,,,,,,,,,,,,,,,,,,,,,,,,,,,,,2026-02-12,144935951.14868802,21661779.803526267,275935928.2509108,198644652.0,test,0.0,70972920.0,291.32
forecast_daily,2026.0,2.0,,2026-02,KIDBIKE_1,Xe trẻ em N1,,,,,,T2/2026,,,,,,,,,,,,,,,,,,,,,,,,,,,,,,,,,,,,,,,,,,,,,,,,,2026-02-13,121357967.62419778,5555141.616203073,243435565.54780155,281731740.0,test,0.0,70972920.0,291.32
forecast_daily,2026.0,2.0,,2026-02,KIDBIKE_1,Xe trẻ em N1,,,,,,T2/2026,,,,,,,,,,,,,,,,,,,,,,,,,,,,,,,,,,,,,,,,,,,,,,,,,2026-02-14,134926685.9613699,4355696.9102455815,261580108.29310644,0.0,test,0.0,70972920.0,291.32
forecast_daily,2026.0,2.0,,2026-02,KIDBIKE_1,Xe trẻ em N1,,,,,,T2/2026,,,,,,,,,,,,,,,,,,,,,,,,,,,,,,,,,,,,,,,,,,,,,,,,,2026-02-15,11881361.74349899,0.0,138763136.75057682,0.0,test,0.0,70972920.0,291.32
forecast_daily,2026.0,2.0,,2026-02,KIDBIKE_1,Xe trẻ em N1,,,,,,T2/2026,,,,,,,,,,,,,,,,,,,,,,,,,,,,,,,,,,,,,,,,,,,,,,,,,2026-02-16,141354762.3872656,18380097.152144406,263177915.87636393,0.0,test,0.0,70972920.0,291.32
forecast_daily,2026.0,2.0,,2026-02,KIDBIKE_1,Xe trẻ em N1,,,,,,T2/2026,,,,,,,,,,,,,,,,,,,,,,,,,,,,,,,,,,,,,,,,,,,,,,,,,2026-02-17,135359735.03175125,19608592.627276722,258027099.2225466,0.0,test,0.0,70972920.0,291.32
forecast_daily,2026.0,2.0,,2026-02,KIDBIKE_1,Xe trẻ em N1,,,,,,T2/2026,,,,,,,,,,,,,,,,,,,,,,,,,,,,,,,,,,,,,,,,,,,,,,,,,2026-02-18,153429113.59628233,31176730.893179536,287177642.8625193,0.0,test,0.0,70972920.0,291.32
forecast_daily,2026.0,2.0,,2026-02,KIDBIKE_1,Xe trẻ em N1,,,,,,T2/2026,,,,,,,,,,,,,,,,,,,,,,,,,,,,,,,,,,,,,,,,,,,,,,,,,2026-02-19,145962860.40942383,24741470.045667857,283507643.3727477,0.0,test,0.0,70972920.0,291.32
forecast_daily,2026.0,2.0,,2026-02,KIDBIKE_1,Xe trẻ em N1,,,,,,T2/2026,,,,,,,,,,,,,,,,,,,,,,,,,,,,,,,,,,,,,,,,,,,,,,,,,2026-02-20,122217707.10848273,2847864.2174082114,250896093.24739966,0.0,test,0.0,70972920.0,291.32
forecast_daily,2026.0,2.0,,2026-02,KIDBIKE_1,Xe trẻ em N1,,,,,,T2/2026,,,,,,,,,,,,,,,,,,,,,,,,,,,,,,,,,,,,,,,,,,,,,,,,,2026-02-21,135882424.29636145,4853990.266001668,261945771.1772341,0.0,test,0.0,70972920.0,291.32
forecast_daily,2026.0,2.0,,2026-02,KIDBIKE_1,Xe trẻ em N1,,,,,,T2/2026,,,,,,,,,,,,,,,,,,,,,,,,,,,,,,,,,,,,,,,,,,,,,,,,,2026-02-22,11965510.923484521,0.0,135245173.48581815,2027778.0,test,0.0,70972920.0,291.32
forecast_daily,2026.0,2.0,,2026-02,KIDBIKE_1,Xe trẻ em N1,,,,,,T2/2026,,,,,,,,,,,,,,,,,,,,,,,,,,,,,,,,,,,,,,,,,,,,,,,,,2026-02-23,142355768.1397374,24588544.110551145,275419219.0799613,32168520.0,test,0.0,70972920.0,291.32
forecast_daily,2026.0,2.0,,2026-02,KIDBIKE_1,Xe trẻ em N1,,,,,,T2/2026,,,,,,,,,,,,,,,,,,,,,,,,,,,,,,,,,,,,,,,,,,,,,,,,,2026-02-24,136318159.79140097,9377369.357456986,263312683.0915384,173311154.0,test,0.0,70972920.0,291.32
forecast_daily,2026.0,2.0,,2026-02,KIDBIKE_1,Xe trẻ em N1,,,,,,T2/2026,,,,,,,,,,,,,,,,,,,,,,,,,,,,,,,,,,,,,,,,,,,,,,,,,2026-02-25,154515335.7300327,29045360.74145844,284280578.8320794,54103320.0,test,0.0,70972920.0,291.32
forecast_daily,2026.0,2.0,,2026-02,KIDBIKE_1,Xe trẻ em N1,,,,,,T2/2026,,,,,,,,,,,,,,,,,,,,,,,,,,,,,,,,,,,,,,,,,,,,,,,,,2026-02-26,146996086.8758227,8473394.633283734,266488095.28841564,151682176.0,test,0.0,70972920.0,291.32
forecast_daily,2026.0,2.0,,2026-02,KIDBIKE_1,Xe trẻ em N1,,,,,,T2/2026,,,,,,,,,,,,,,,,,,,,,,,,,,,,,,,,,,,,,,,,,,,,,,,,,2026-02-27,123082733.81317379,8028395.255771767,255501644.30799493,184914493.0,test,0.0,70972920.0,291.32
forecast_daily,2026.0,2.0,,2026-02,KIDBIKE_1,Xe trẻ em N1,,,,,,T2/2026,,,,,,,,,,,,,,,,,,,,,,,,,,,,,,,,,,,,,,,,,,,,,,,,,2026-02-28,136844038.43022522,12003333.2404456,253947536.8234595,25254072.0,test,0.0,70972920.0,291.32
forecast_daily,2026.0,3.0,,2026-03,KIDBIKE_1,Xe trẻ em N1,,,,,,T3/2026,,,,,,,,,,,,,,,,,,,,,,,,,,,,,,,,,,,,,,,,,,,,,,,,,2026-03-01,12050177.28741139,0.0,145196943.14706683,0.0,forecast,1.0,70972920.0,291.32
forecast_daily,2026.0,3.0,,2026-03,KIDBIKE_1,Xe trẻ em N1,,,,,,T3/2026,,,,,,,,,,,,,,,,,,,,,,,,,,,,,,,,,,,,,,,,,,,,,,,,,2026-03-02,143362924.2277914,24617475.104865544,268917969.9082977,0.0,forecast,1.0,70972920.0,291.32
forecast_daily,2026.0,3.0,,2026-03,KIDBIKE_1,Xe trẻ em N1,,,,,,T3/2026,,,,,,,,,,,,,,,,,,,,,,,,,,,,,,,,,,,,,,,,,,,,,,,,,2026-03-03,137282471.45887908,10507858.246244133,268682527.74608546,0.0,forecast,1.0,70972920.0,291.32
forecast_daily,2026.0,3.0,,2026-03,KIDBIKE_1,Xe trẻ em N1,,,,,,T3/2026,,,,,,,,,,,,,,,,,,,,,,,,,,,,,,,,,,,,,,,,,,,,,,,,,2026-03-04,155608227.69044673,28048396.15899685,283351620.1431637,0.0,forecast,1.0,70972920.0,291.32
forecast_daily,2026.0,3.0,,2026-03,KIDBIKE_1,Xe trẻ em N1,,,,,,T3/2026,,,,,,,,,,,,,,,,,,,,,,,,,,,,,,,,,,,,,,,,,,,,,,,,,2026-03-05,148035655.80701652,28118883.192600578,273197479.2138088,0.0,forecast,1.0,70972920.0,291.32
forecast_daily,2026.0,3.0,,2026-03,KIDBIKE_1,Xe trẻ em N1,,,,,,T3/2026,,,,,,,,,,,,,,,,,,,,,,,,,,,,,,,,,,,,,,,,,,,,,,,,,2026-03-06,123953068.85525846,0.0,248218493.5140407,0.0,forecast,1.0,70972920.0,291.32
forecast_daily,2026.0,3.0,,2026-03,KIDBIKE_1,Xe trẻ em N1,,,,,,T3/2026,,,,,,,,,,,,,,,,,,,,,,,,,,,,,,,,,,,,,,,,,,,,,,,,,2026-03-07,137811551.80571276,18595118.941225104,267270712.60882226,0.0,forecast,1.0,70972920.0,291.32
forecast_daily,2026.0,3.0,,2026-03,KIDBIKE_1,Xe trẻ em N1,,,,,,T3/2026,,,,,,,,,,,,,,,,,,,,,,,,,,,,,,,,,,,,,,,,,,,,,,,,,2026-03-08,12135362.896413034,0.0,139551623.30218223,0.0,forecast,1.0,70972920.0,291.32
forecast_daily,2026.0,3.0,,2026-03,KIDBIKE_1,Xe trẻ em N1,,,,,,T3/2026,,,,,,,,,,,,,,,,,,,,,,,,,,,,,,,,,,,,,,,,,,,,,,,,,2026-03-09,144376255.13492888,21533154.41199079,262680658.23039833,0.0,forecast,1.0,70972920.0,291.32
forecast_daily,2026.0,3.0,,2026-03,KIDBIKE_1,Xe trẻ em N1,,,,,,T3/2026,,,,,,,,,,,,,,,,,,,,,,,,,,,,,,,,,,,,,,,,,,,,,,,,,2026-03-10,138252693.44192874,9155435.728320943,264787765.9034555,0.0,forecast,1.0,70972920.0,291.32
forecast_daily,2026.0,3.0,,2026-03,KIDBIKE_1,Xe trẻ em N1,,,,,,T3/2026,,,,,,,,,,,,,,,,,,,,,,,,,,,,,,,,,,,,,,,,,,,,,,,,,2026-03-11,156707815.97122204,30260800.714910146,288910729.1446813,0.0,forecast,1.0,70972920.0,291.32
forecast_daily,2026.0,3.0,,2026-03,KIDBIKE_1,Xe trẻ em N1,,,,,,T3/2026,,,,,,,,,,,,,,,,,,,,,,,,,,,,,,,,,,,,,,,,,,,,,,,,,2026-03-12,149081592.36749634,20918962.88230604,275538461.77204657,0.0,forecast,1.0,70972920.0,291.32
forecast_daily,2026.0,3.0,,2026-03,KIDBIKE_1,Xe trẻ em N1,,,,,,T3/2026,,,,,,,,,,,,,,,,,,,,,,,,,,,,,,,,,,,,,,,,,,,,,,,,,2026-03-13,124828733.27241254,0.0,251784224.34635806,0.0,forecast,1.0,70972920.0,291.32
forecast_daily,2026.0,3.0,,2026-03,KIDBIKE_1,Xe trẻ em N1,,,,,,T3/2026,,,,,,,,,,,,,,,,,,,,,,,,,,,,,,,,,,,,,,,,,,,,,,,,,2026-03-14,138784987.77537286,6639764.525690281,261882655.00198075,0.0,forecast,1.0,70972920.0,291.32
forecast_daily,2026.0,3.0,,2026-03,KIDBIKE_1,Xe trẻ em N1,,,,,,T3/2026,,,,,,,,,,,,,,,,,,,,,,,,,,,,,,,,,,,,,,,,,,,,,,,,,2026-03-15,12221069.803677337,0.0,133456158.21759768,0.0,forecast,1.0,70972920.0,291.32
forecast_daily,2026.0,3.0,,2026-03,KIDBIKE_1,Xe trẻ em N1,,,,,,T3/2026,,,,,,,,,,,,,,,,,,,,,,,,,,,,,,,,,,,,,,,,,,,,,,,,,2026-03-16,145395785.25017864,23971616.321682483,266229585.8063555,0.0,forecast,1.0,70972920.0,291.32
forecast_daily,2026.0,3.0,,2026-03,KIDBIKE_1,Xe trẻ em N1,,,,,,T3/2026,,,,,,,,,,,,,,,,,,,,,,,,,,,,,,,,,,,,,,,,,,,,,,,,,2026-03-17,139228849.05906132,14915667.50882667,264984469.12121734,0.0,forecast,1.0,70972920.0,291.32
forecast_daily,2026.0,3.0,,2026-03,KIDBIKE_1,Xe trẻ em N1,,,,,,T3/2026,,,,,,,,,,,,,,,,,,,,,,,,,,,,,,,,,,,,,,,,,,,,,,,,,2026-03-18,157814126.9606481,27168730.092159614,278378542.94491726,0.0,forecast,1.0,70972920.0,291.32
forecast_daily,2026.0,3.0,,2026-03,KIDBIKE_1,Xe trẻ em N1,,,,,,T3/2026,,,,,,,,,,,,,,,,,,,,,,,,,,,,,,,,,,,,,,,,,,,,,,,,,2026-03-19,150133921.6218869,28440888.42029433,283543499.9551347,0.0,forecast,1.0,70972920.0,291.32
forecast_daily,2026.0,3.0,,2026-03,KIDBIKE_1,Xe trẻ em N1,,,,,,T3/2026,,,,,,,,,,,,,,,,,,,,,,,,,,,,,,,,,,,,,,,,,,,,,,,,,2026-03-20,125709748.01895112,3815667.484439903,251326685.1702078,0.0,forecast,1.0,70972920.0,291.32
forecast_daily,2026.0,3.0,,2026-03,KIDBIKE_1,Xe trẻ em N1,,,,,,T3/2026,,,,,,,,,,,,,,,,,,,,,,,,,,,,,,,,,,,,,,,,,,,,,,,,,2026-03-21,139764369.5993208,12201815.697211575,261481556.49823335,0.0,forecast,1.0,70972920.0,291.32
forecast_daily,2026.0,3.0,,2026-03,KIDBIKE_1,Xe trẻ em N1,,,,,,T3/2026,,,,,,,,,,,,,,,,,,,,,,,,,,,,,,,,,,,,,,,,,,,,,,,,,2026-03-22,12307300.054191725,0.0,142665540.0087312,0.0,forecast,1.0,70972920.0,291.32
forecast_daily,2026.0,3.0,,2026-03,KIDBIKE_1,Xe trẻ em N1,,,,,,T3/2026,,,,,,,,,,,,,,,,,,,,,,,,,,,,,,,,,,,,,,,,,,,,,,,,,2026-03-23,146421538.86384827,38228236.76774163,275865515.98391277,0.0,forecast,1.0,70972920.0,291.32
forecast_daily,2026.0,3.0,,2026-03,KIDBIKE_1,Xe trẻ em N1,,,,,,T3/2026,,,,,,,,,,,,,,,,,,,,,,,,,,,,,,,,,,,,,,,,,,,,,,,,,2026-03-24,140210961.53357416,14076997.250238288,261016541.23203957,0.0,forecast,1.0,70972920.0,291.32
forecast_daily,2026.0,3.0,,2026-03,KIDBIKE_1,Xe trẻ em N1,,,,,,T3/2026,,,,,,,,,,,,,,,,,,,,,,,,,,,,,,,,,,,,,,,,,,,,,,,,,2026-03-25,158927186.93980774,33290237.421732247,277661561.193316,0.0,forecast,1.0,70972920.0,291.32
forecast_daily,2026.0,3.0,,2026-03,KIDBIKE_1,Xe trẻ em N1,,,,,,T3/2026,,,,,,,,,,,,,,,,,,,,,,,,,,,,,,,,,,,,,,,,,,,,,,,,,2026-03-26,151192668.5337414,28670706.413148638,281947114.0555897,0.0,forecast,1.0,70972920.0,291.32
forecast_daily,2026.0,3.0,,2026-03,KIDBIKE_1,Xe trẻ em N1,,,,,,T3/2026,,,,,,,,,,,,,,,,,,,,,,,,,,,,,,,,,,,,,,,,,,,,,,,,,2026-03-27,126596133.96338066,1747423.6828492463,250913060.5921579,0.0,forecast,1.0,70972920.0,291.32
forecast_daily,2026.0,3.0,,2026-03,KIDBIKE_1,Xe trẻ em N1,,,,,,T3/2026,,,,,,,,,,,,,,,,,,,,,,,,,,,,,,,,,,,,,,,,,,,,,,,,,2026-03-28,140749720.44243005,15311400.909679705,266527884.12810522,0.0,forecast,1.0,70972920.0,291.32
forecast_daily,2026.0,3.0,,2026-03,KIDBIKE_1,Xe trẻ em N1,,,,,,T3/2026,,,,,,,,,,,,,,,,,,,,,,,,,,,,,,,,,,,,,,,,,,,,,,,,,2026-03-29,12394055.684459925,0.0,139006177.51030073,0.0,forecast,1.0,70972920.0,291.32
forecast_daily,2026.0,3.0,,2026-03,KIDBIKE_1,Xe trẻ em N1,,,,,,T3/2026,,,,,,,,,,,,,,,,,,,,,,,,,,,,,,,,,,,,,,,,,,,,,,,,,2026-03-30,147453540.16639438,17248249.700276233,257724141.22189736,0.0,forecast,1.0,70972920.0,291.32
forecast_daily,2026.0,3.0,,2026-03,KIDBIKE_1,Xe trẻ em N1,,,,,,T3/2026,,,,,,,,,,,,,,,,,,,,,,,,,,,,,,,,,,,,,,,,,,,,,,,,,2026-03-31,141199053.9917391,17155569.694603983,258389272.13721678,0.0,forecast,1.0,70972920.0,291.32
forecast_daily,2026.0,4.0,,2026-04,KIDBIKE_1,Xe trẻ em N1,,,,,,T4/2026,,,,,,,,,,,,,,,,,,,,,,,,,,,,,,,,,,,,,,,,,,,,,,,,,2026-04-01,160047022.0806992,44037783.79006525,296885525.4042245,0.0,forecast,1.0,70972920.0,291.32
forecast_daily,2026.0,4.0,,2026-04,KIDBIKE_1,Xe trẻ em N1,,,,,,T4/2026,,,,,,,,,,,,,,,,,,,,,,,,,,,,,,,,,,,,,,,,,,,,,,,,,2026-04-02,152257857.95867896,28290156.441608395,281942480.08450645,0.0,forecast,1.0,70972920.0,291.32
forecast_daily,2026.0,4.0,,2026-04,KIDBIKE_1,Xe trẻ em N1,,,,,,T4/2026,,,,,,,,,,,,,,,,,,,,,,,,,,,,,,,,,,,,,,,,,,,,,,,,,2026-04-03,127487911.88453545,13036433.193710303,254405229.7653902,0.0,forecast,1.0,70972920.0,291.32
forecast_daily,2026.0,4.0,,2026-04,KIDBIKE_1,Xe trẻ em N1,,,,,,T4/2026,,,,,,,,,,,,,,,,,,,,,,,,,,,,,,,,,,,,,,,,,,,,,,,,,2026-04-04,141741063.36867964,17724373.06720029,253259495.6258953,0.0,forecast,1.0,70972920.0,291.32
forecast_daily,2026.0,4.0,,2026-04,KIDBIKE_1,Xe trẻ em N1,,,,,,T4/2026,,,,,,,,,,,,,,,,,,,,,,,,,,,,,,,,,,,,,,,,,,,,,,,,,2026-04-05,12481338.722206729,0.0,138611360.74451402,0.0,forecast,1.0,70972920.0,291.32
forecast_daily,2026.0,4.0,,2026-04,KIDBIKE_1,Xe trẻ em N1,,,,,,T4/2026,,,,,,,,,,,,,,,,,,,,,,,,,,,,,,,,,,,,,,,,,,,,,,,,,2026-04-06,148491813.24176115,29548374.821800247,280085635.29887867,0.0,forecast,1.0,70972920.0,291.32
forecast_daily,2026.0,4.0,,2026-04,KIDBIKE_1,Xe trẻ em N1,,,,,,T4/2026,,,,,,,,,,,,,,,,,,,,,,,,,,,,,,,,,,,,,,,,,,,,,,,,,2026-04-07,142193149.4588701,25803060.645218283,270070568.31698483,0.0,forecast,1.0,70972920.0,291.32
forecast_daily,2026.0,4.0,,2026-04,KIDBIKE_1,Xe trẻ em N1,,,,,,T4/2026,,,,,,,,,,,,,,,,,,,,,,,,,,,,,,,,,,,,,,,,,,,,,,,,,2026-04-08,161173658.4387043,21992501.739910457,287831722.38321644,0.0,forecast,1.0,70972920.0,291.32
forecast_daily,2026.0,4.0,,2026-04,KIDBIKE_1,Xe trẻ em N1,,,,,,T4/2026,,,,,,,,,,,,,,,,,,,,,,,,,,,,,,,,,,,,,,,,,,,,,,,,,2026-04-09,153329514.64466897,34152756.670294516,276520461.141361,0.0,forecast,1.0,70972920.0,291.32
forecast_daily,2026.0,4.0,,2026-04,KIDBIKE_1,Xe trẻ em N1,,,,,,T4/2026,,,,,,,,,,,,,,,,,,,,,,,,,,,,,,,,,,,,,,,,,,,,,,,,,2026-04-10,128385102.46982662,0.0,248782873.26361778,0.0,forecast,1.0,70972920.0,291.32
forecast_daily,2026.0,4.0,,2026-04,KIDBIKE_1,Xe trẻ em N1,,,,,,T4/2026,,,,,,,,,,,,,,,,,,,,,,,,,,,,,,,,,,,,,,,,,,,,,,,,,2026-04-11,142738421.3408503,20187899.136603482,271551949.9141752,0.0,forecast,1.0,70972920.0,291.32
forecast_daily,2026.0,4.0,,2026-04,KIDBIKE_1,Xe trẻ em N1,,,,,,T4/2026,,,,,,,,,,,,,,,,,,,,,,,,,,,,,,,,,,,,,,,,,,,,,,,,,2026-04-12,12569151.186079824,0.0,150574214.50338,0.0,forecast,1.0,70972920.0,291.32
forecast_daily,2026.0,4.0,,2026-04,KIDBIKE_1,Xe trẻ em N1,,,,,,T4/2026,,,,,,,,,,,,,,,,,,,,,,,,,,,,,,,,,,,,,,,,,,,,,,,,,2026-04-13,149536382.06687114,16398520.805594463,273473681.4138468,0.0,forecast,1.0,70972920.0,291.32
forecast_daily,2026.0,4.0,,2026-04,KIDBIKE_1,Xe trẻ em N1,,,,,,T4/2026,,,,,,,,,,,,,,,,,,,,,,,,,,,,,,,,,,,,,,,,,,,,,,,,,2026-04-14,143193270.85625973,17684743.850489397,266567525.12177178,0.0,forecast,1.0,70972920.0,291.32
forecast_daily,2026.0,4.0,,2026-04,KIDBIKE_1,Xe trẻ em N1,,,,,,T4/2026,,,,,,,,,,,,,,,,,,,,,,,,,,,,,,,,,,,,,,,,,,,,,,,,,2026-04-15,162307121.95194516,43160646.50958843,291063082.3478001,0.0,forecast,1.0,70972920.0,291.32
forecast_daily,2026.0,4.0,,2026-04,KIDBIKE_1,Xe trẻ em N1,,,,,,T4/2026,,,,,,,,,,,,,,,,,,,,,,,,,,,,,,,,,,,,,,,,,,,,,,,,,2026-04-16,154407663.22665298,29057043.206846964,282606897.9374958,0.0,forecast,1.0,70972920.0,291.32
forecast_daily,2026.0,4.0,,2026-04,KIDBIKE_1,Xe trẻ em N1,,,,,,T4/2026,,,,,,,,,,,,,,,,,,,,,,,,,,,,,,,,,,,,,,,,,,,,,,,,,2026-04-17,129287726.31135009,4135983.478630837,253255961.86499926,0.0,forecast,1.0,70972920.0,291.32
forecast_daily,2026.0,4.0,,2026-04,KIDBIKE_1,Xe trẻ em N1,,,,,,T4/2026,,,,,,,,,,,,,,,,,,,,,,,,,,,,,,,,,,,,,,,,,,,,,,,,,2026-04-18,143741817.215034,22655518.750914827,271176879.65758353,0.0,forecast,1.0,70972920.0,291.32
forecast_daily,2026.0,4.0,,2026-04,KIDBIKE_1,Xe trẻ em N1,,,,,,T4/2026,,,,,,,,,,,,,,,,,,,,,,,,,,,,,,,,,,,,,,,,,,,,,,,,,2026-04-19,12657495.085357666,0.0,137879190.98582035,0.0,forecast,1.0,70972920.0,291.32
forecast_daily,2026.0,4.0,,2026-04,KIDBIKE_1,Xe trẻ em N1,,,,,,T4/2026,,,,,,,,,,,,,,,,,,,,,,,,,,,,,,,,,,,,,,,,,,,,,,,,,2026-04-20,150587270.5053896,3996705.5763868573,276427353.6614365,0.0,forecast,1.0,70972920.0,291.32
forecast_daily,2026.0,4.0,,2026-04,KIDBIKE_1,Xe trẻ em N1,,,,,,T4/2026,,,,,,,,,,,,,,,,,,,,,,,,,,,,,,,,,,,,,,,,,,,,,,,,,2026-04-21,144199440.9975025,11555428.363412049,260382288.07537663,0.0,forecast,1.0,70972920.0,291.32
forecast_daily,2026.0,4.0,,2026-04,KIDBIKE_1,Xe trẻ em N1,,,,,,T4/2026,,,,,,,,,,,,,,,,,,,,,,,,,,,,,,,,,,,,,,,,,,,,,,,,,2026-04-22,163447438.43547273,39181144.88228355,283206091.34609956,0.0,forecast,1.0,70972920.0,291.32
forecast_daily,2026.0,4.0,,2026-04,KIDBIKE_1,Xe trẻ em N1,,,,,,T4/2026,,,,,,,,,,,,,,,,,,,,,,,,,,,,,,,,,,,,,,,,,,,,,,,,,2026-04-23,155492328.22105497,20278901.26666398,274632808.2983594,0.0,forecast,1.0,70972920.0,291.32
forecast_daily,2026.0,4.0,,2026-04,KIDBIKE_1,Xe trẻ em N1,,,,,,T4/2026,,,,,,,,,,,,,,,,,,,,,,,,,,,,,,,,,,,,,,,,,,,,,,,,,2026-04-24,130195803.90416291,0.0,252735590.00857785,0.0,forecast,1.0,70972920.0,291.32
forecast_daily,2026.0,4.0,,2026-04,KIDBIKE_1,Xe trẻ em N1,,,,,,T4/2026,,,,,,,,,,,,,,,,,,,,,,,,,,,,,,,,,,,,,,,,,,,,,,,,,2026-04-25,144751273.73809257,14136172.514332075,268894178.4624311,0.0,forecast,1.0,70972920.0,291.32
forecast_daily,2026.0,4.0,,2026-04,KIDBIKE_1,Xe trẻ em N1,,,,,,T4/2026,,,,,,,,,,,,,,,,,,,,,,,,,,,,,,,,,,,,,,,,,,,,,,,,,2026-04-26,12746372.419704188,0.0,138972173.93814987,0.0,forecast,1.0,70972920.0,291.32
forecast_daily,2026.0,4.0,,2026-04,KIDBIKE_1,Xe trẻ em N1,,,,,,T4/2026,,,,,,,,,,,,,,,,,,,,,,,,,,,,,,,,,,,,,,,,,,,,,,,,,2026-04-27,151644502.30777124,31422417.752541214,281628345.8732486,0.0,forecast,1.0,70972920.0,291.32
forecast_daily,2026.0,4.0,,2026-04,KIDBIKE_1,Xe trẻ em N1,,,,,,T4/2026,,,,,,,,,,,,,,,,,,,,,,,,,,,,,,,,,,,,,,,,,,,,,,,,,2026-04-28,145211682.58634913,24194234.75763671,272324511.3345932,0.0,forecast,1.0,70972920.0,291.32
forecast_daily,2026.0,4.0,,2026-04,KIDBIKE_1,Xe trẻ em N1,,,,,,T4/2026,,,,,,,,,,,,,,,,,,,,,,,,,,,,,,,,,,,,,,,,,,,,,,,,,2026-04-29,164594633.57907328,33840801.15965653,290330518.71254045,0.0,forecast,1.0,70972920.0,291.32
forecast_daily,2026.0,4.0,,2026-04,KIDBIKE_1,Xe trẻ em N1,,,,,,T4/2026,,,,,,,,,,,,,,,,,,,,,,,,,,,,,,,,,,,,,,,,,,,,,,,,,2026-04-30,156583534.02606076,37072221.30368304,281706091.7399293,0.0,forecast,1.0,70972920.0,291.32
forecast_daily,2026.0,5.0,,2026-05,KIDBIKE_1,Xe trẻ em N1,,,,,,T5/2026,,,,,,,,,,,,,,,,,,,,,,,,,,,,,,,,,,,,,,,,,,,,,,,,,2026-05-01,131109355.64058919,0.0,263741126.80974415,0.0,forecast,1.0,70972920.0,291.32
forecast_daily,2026.0,5.0,,2026-05,KIDBIKE_1,Xe trẻ em N1,,,,,,T5/2026,,,,,,,,,,,,,,,,,,,,,,,,,,,,,,,,,,,,,,,,,,,,,,,,,2026-05-02,145766813.54397497,25335623.416123487,272216610.4131623,0.0,forecast,1.0,70972920.0,291.32
forecast_daily,2026.0,5.0,,2026-05,KIDBIKE_1,Xe trẻ em N1,,,,,,T5/2026,,,,,,,,,,,,,,,,,,,,,,,,,,,,,,,,,,,,,,,,,,,,,,,,,2026-05-03,12835785.178703988,0.0,138695749.7895711,0.0,forecast,1.0,70972920.0,291.32
forecast_daily,2026.0,5.0,,2026-05,KIDBIKE_1,Xe trẻ em N1,,,,,,T5/2026,,,,,,,,,,,,,,,,,,,,,,,,,,,,,,,,,,,,,,,,,,,,,,,,,2026-05-04,152708101.10363194,27336126.89492508,280783971.02314055,0.0,forecast,1.0,70972920.0,291.32
forecast_daily,2026.0,5.0,,2026-05,KIDBIKE_1,Xe trẻ em N1,,,,,,T5/2026,,,,,,,,,,,,,,,,,,,,,,,,,,,,,,,,,,,,,,,,,,,,,,,,,2026-05-05,146230018.2104658,13692384.47886249,266834543.52031195,0.0,forecast,1.0,70972920.0,291.32
forecast_daily,2026.0,5.0,,2026-05,KIDBIKE_1,Xe trẻ em N1,,,,,,T5/2026,,,,,,,,,,,,,,,,,,,,,,,,,,,,,,,,,,,,,,,,,,,,,,,,,2026-05-06,165748732.94228107,34482971.38522689,285047257.1977252,0.0,forecast,1.0,70972920.0,291.32
forecast_daily,2026.0,5.0,,2026-05,KIDBIKE_1,Xe trẻ em N1,,,,,,T5/2026,,,,,,,,,,,,,,,,,,,,,,,,,,,,,,,,,,,,,,,,,,,,,,,,,2026-05-07,157681304.91476673,39284285.76671303,281788927.753043,0.0,forecast,1.0,70972920.0,291.32
forecast_daily,2026.0,5.0,,2026-05,KIDBIKE_1,Xe trẻ em N1,,,,,,T5/2026,,,,,,,,,,,,,,,,,,,,,,,,,,,,,,,,,,,,,,,,,,,,,,,,,2026-05-08,132028401.81012157,14816973.085158478,258507121.80246967,0.0,forecast,1.0,70972920.0,291.32
forecast_daily,2026.0,5.0,,2026-05,KIDBIKE_1,Xe trẻ em N1,,,,,,T5/2026,,,,,,,,,,,,,,,,,,,,,,,,,,,,,,,,,,,,,,,,,,,,,,,,,2026-05-09,146788459.1509687,18764812.719413318,263628596.49532464,0.0,forecast,1.0,70972920.0,291.32
forecast_daily,2026.0,5.0,,2026-05,KIDBIKE_1,Xe trẻ em N1,,,,,,T5/2026,,,,,,,,,,,,,,,,,,,,,,,,,,,,,,,,,,,,,,,,,,,,,,,,,2026-05-10,12925735.341814019,0.0,136550679.26221427,0.0,forecast,1.0,70972920.0,291.32
forecast_daily,2026.0,5.0,,2026-05,KIDBIKE_1,Xe trẻ em N1,,,,,,T5/2026,,,,,,,,,,,,,,,,,,,,,,,,,,,,,,,,,,,,,,,,,,,,,,,,,2026-05-11,153778090.40044793,27856915.449800443,279596798.55009645,0.0,forecast,1.0,70972920.0,291.32
forecast_daily,2026.0,5.0,,2026-05,KIDBIKE_1,Xe trẻ em N1,,,,,,T5/2026,,,,,,,,,,,,,,,,,,,,,,,,,,,,,,,,,,,,,,,,,,,,,,,,,2026-05-12,147254470.34175894,17239017.952880256,269399608.0483075,0.0,forecast,1.0,70972920.0,291.32
forecast_daily,2026.0,5.0,,2026-05,KIDBIKE_1,Xe trẻ em N1,,,,,,T5/2026,,,,,,,,,,,,,,,,,,,,,,,,,,,,,,,,,,,,,,,,,,,,,,,,,2026-05-13,166909761.95108318,50132387.62541587,278683445.87789106,0.0,forecast,1.0,70972920.0,291.32
forecast_daily,2026.0,5.0,,2026-05,KIDBIKE_1,Xe trẻ em N1,,,,,,T5/2026,,,,,,,,,,,,,,,,,,,,,,,,,,,,,,,,,,,,,,,,,,,,,,,,,2026-05-14,158785665.03266534,32366585.340446826,286653481.4433185,0.0,forecast,1.0,70972920.0,291.32
forecast_daily,2026.0,5.0,,2026-05,KIDBIKE_1,Xe trẻ em N1,,,,,,T5/2026,,,,,,,,,,,,,,,,,,,,,,,,,,,,,,,,,,,,,,,,,,,,,,,,,2026-05-15,132952962.59420948,0.0,251719870.2219876,0.0,forecast,1.0,70972920.0,291.32
forecast_daily,2026.0,5.0,,2026-05,KIDBIKE_1,Xe trẻ em N1,,,,,,T5/2026,,,,,,,,,,,,,,,,,,,,,,,,,,,,,,,,,,,,,,,,,,,,,,,,,2026-05-16,147816232.95701787,21373628.954716112,275689421.916017,0.0,forecast,1.0,70972920.0,291.32
forecast_daily,2026.0,5.0,,2026-05,KIDBIKE_1,Xe trẻ em N1,,,,,,T5/2026,,,,,,,,,,,,,,,,,,,,,,,,,,,,,,,,,,,,,,,,,,,,,,,,,2026-05-17,13016224.877831528,0.0,139058111.12523076,0.0,forecast,1.0,70972920.0,291.32
forecast_daily,2026.0,5.0,,2026-05,KIDBIKE_1,Xe trẻ em N1,,,,,,T5/2026,,,,,,,,,,,,,,,,,,,,,,,,,,,,,,,,,,,,,,,,,,,,,,,,,2026-05-18,154854493.58031726,28799642.215750672,282607649.66241777,0.0,forecast,1.0,70972920.0,291.32
forecast_daily,2026.0,5.0,,2026-05,KIDBIKE_1,Xe trẻ em N1,,,,,,T5/2026,,,,,,,,,,,,,,,,,,,,,,,,,,,,,,,,,,,,,,,,,,,,,,,,,2026-05-19,148285061.32945752,31885060.528064344,277840086.5277326,0.0,forecast,1.0,70972920.0,291.32
forecast_daily,2026.0,5.0,,2026-05,KIDBIKE_1,Xe trẻ em N1,,,,,,T5/2026,,,,,,,,,,,,,,,,,,,,,,,,,,,,,,,,,,,,,,,,,,,,,,,,,2026-05-20,168077745.8923794,33535648.869671524,288898774.61640877,0.0,forecast,1.0,70972920.0,291.32
forecast_daily,2026.0,5.0,,2026-05,KIDBIKE_1,Xe trẻ em N1,,,,,,T5/2026,,,,,,,,,,,,,,,,,,,,,,,,,,,,,,,,,,,,,,,,,,,,,,,,,2026-05-21,159896638.39369705,27962666.745279033,283238784.6989576,0.0,forecast,1.0,70972920.0,291.32
forecast_daily,2026.0,5.0,,2026-05,KIDBIKE_1,Xe trẻ em N1,,,,,,T5/2026,,,,,,,,,,,,,,,,,,,,,,,,,,,,,,,,,,,,,,,,,,,,,,,,,2026-05-22,133883058.0635253,7851054.468691242,258794104.32538247,0.0,forecast,1.0,70972920.0,291.32
forecast_daily,2026.0,5.0,,2026-05,KIDBIKE_1,Xe trẻ em N1,,,,,,T5/2026,,,,,,,,,,,,,,,,,,,,,,,,,,,,,,,,,,,,,,,,,,,,,,,,,2026-05-23,148850157.2368942,21069585.320151113,276687394.30781,0.0,forecast,1.0,70972920.0,291.32
forecast_daily,2026.0,5.0,,2026-05,KIDBIKE_1,Xe trẻ em N1,,,,,,T5/2026,,,,,,,,,,,,,,,,,,,,,,,,,,,,,,,,,,,,,,,,,,,,,,,,,2026-05-24,13107255.744683105,0.0,138270455.1207555,0.0,forecast,1.0,70972920.0,291.32
forecast_daily,2026.0,5.0,,2026-05,KIDBIKE_1,Xe trẻ em N1,,,,,,T5/2026,,,,,,,,,,,,,,,,,,,,,,,,,,,,,,,,,,,,,,,,,,,,,,,,,2026-05-25,155937333.89450192,28290833.109321084,287387550.9762924,0.0,forecast,1.0,70972920.0,291.32
forecast_daily,2026.0,5.0,,2026-05,KIDBIKE_1,Xe trẻ em N1,,,,,,T5/2026,,,,,,,,,,,,,,,,,,,,,,,,,,,,,,,,,,,,,,,,,,,,,,,,,2026-05-26,149321813.39889184,21412811.933939822,278242214.87565094,0.0,forecast,1.0,70972920.0,291.32
forecast_daily,2026.0,5.0,,2026-05,KIDBIKE_1,Xe trẻ em N1,,,,,,T5/2026,,,,,,,,,,,,,,,,,,,,,,,,,,,,,,,,,,,,,,,,,,,,,,,,,2026-05-27,169252709.9136173,37793374.86000822,295076988.11043376,0.0,forecast,1.0,70972920.0,291.32
forecast_daily,2026.0,5.0,,2026-05,KIDBIKE_1,Xe trẻ em N1,,,,,,T5/2026,,,,,,,,,,,,,,,,,,,,,,,,,,,,,,,,,,,,,,,,,,,,,,,,,2026-05-28,161014248.87670147,34060622.5574375,282185100.5067668,0.0,forecast,1.0,70972920.0,291.32
forecast_daily,2026.0,5.0,,2026-05,KIDBIKE_1,Xe trẻ em N1,,,,,,T5/2026,,,,,,,,,,,,,,,,,,,,,,,,,,,,,,,,,,,,,,,,,,,,,,,,,2026-05-29,134818708.17664143,0.0,251244124.5475477,0.0,forecast,1.0,70972920.0,291.32
forecast_daily,2026.0,5.0,,2026-05,KIDBIKE_1,Xe trẻ em N1,,,,,,T5/2026,,,,,,,,,,,,,,,,,,,,,,,,,,,,,,,,,,,,,,,,,,,,,,,,,2026-05-30,149890254.13888958,27574926.32754421,268400305.97403017,0.0,forecast,1.0,70972920.0,291.32
forecast_daily,2026.0,5.0,,2026-05,KIDBIKE_1,Xe trẻ em N1,,,,,,T5/2026,,,,,,,,,,,,,,,,,,,,,,,,,,,,,,,,,,,,,,,,,,,,,,,,,2026-05-31,13198829.889135519,0.0,140244415.28066933,0.0,forecast,1.0,70972920.0,291.32
forecast_daily,2026.0,6.0,,2026-06,KIDBIKE_1,Xe trẻ em N1,,,,,,T6/2026,,,,,,,,,,,,,,,,,,,,,,,,,,,,,,,,,,,,,,,,,,,,,,,,,2026-06-01,157026634.46090925,27284469.946200967,289700900.1415102,0.0,forecast,1.0,70972920.0,291.32
forecast_daily,2026.0,6.0,,2026-06,KIDBIKE_1,Xe trẻ em N1,,,,,,T6/2026,,,,,,,,,,,,,,,,,,,,,,,,,,,,,,,,,,,,,,,,,,,,,,,,,2026-06-02,150364748.64738166,19229532.34400277,270176047.6696079,0.0,forecast,1.0,70972920.0,291.32
forecast_daily,2026.0,6.0,,2026-06,KIDBIKE_1,Xe trẻ em N1,,,,,,T6/2026,,,,,,,,,,,,,,,,,,,,,,,,,,,,,,,,,,,,,,,,,,,,,,,,,2026-06-03,170434679.01346642,43788270.08217017,297068908.5802535,0.0,forecast,1.0,70972920.0,291.32
forecast_daily,2026.0,6.0,,2026-06,KIDBIKE_1,Xe trẻ em N1,,,,,,T6/2026,,,,,,,,,,,,,,,,,,,,,,,,,,,,,,,,,,,,,,,,,,,,,,,,,2026-06-04,162138520.22084284,31153055.718745995,279183988.9765841,0.0,forecast,1.0,70972920.0,291.32
forecast_daily,2026.0,6.0,,2026-06,KIDBIKE_1,Xe trẻ em N1,,,,,,T6/2026,,,,,,,,,,,,,,,,,,,,,,,,,,,,,,,,,,,,,,,,,,,,,,,,,2026-06-05,135759932.7734911,12852383.462912833,268061229.88918155,0.0,forecast,1.0,70972920.0,291.32
forecast_daily,2026.0,6.0,,2026-06,KIDBIKE_1,Xe trẻ em N1,,,,,,T6/2026,,,,,,,,,,,,,,,,,,,,,,,,,,,,,,,,,,,,,,,,,,,,,,,,,2026-06-06,150936545.68110555,36407333.25995604,274271068.4492406,0.0,forecast,1.0,70972920.0,291.32
forecast_daily,2026.0,6.0,,2026-06,KIDBIKE_1,Xe trẻ em N1,,,,,,T6/2026,,,,,,,,,,,,,,,,,,,,,,,,,,,,,,,,,,,,,,,,,,,,,,,,,2026-06-07,13290949.24641427,0.0,131743103.48316278,0.0,forecast,1.0,70972920.0,291.32
forecast_daily,2026.0,6.0,,2026-06,KIDBIKE_1,Xe trẻ em N1,,,,,,T6/2026,,,,,,,,,,,,,,,,,,,,,,,,,,,,,,,,,,,,,,,,,,,,,,,,,2026-06-08,158122418.26108187,31944231.786551867,275892754.49535185,0.0,forecast,1.0,70972920.0,291.32
forecast_daily,2026.0,6.0,,2026-06,KIDBIKE_1,Xe trẻ em N1,,,,,,T6/2026,,,,,,,,,,,,,,,,,,,,,,,,,,,,,,,,,,,,,,,,,,,,,,,,,2026-06-09,151413889.03883162,21570702.752995502,271764982.3299507,0.0,forecast,1.0,70972920.0,291.32
forecast_daily,2026.0,6.0,,2026-06,KIDBIKE_1,Xe trẻ em N1,,,,,,T6/2026,,,,,,,,,,,,,,,,,,,,,,,,,,,,,,,,,,,,,,,,,,,,,,,,,2026-06-10,171623678.04366753,42129242.184251465,291321206.83270216,0.0,forecast,1.0,70972920.0,291.32
forecast_daily,2026.0,6.0,,2026-06,KIDBIKE_1,Xe trẻ em N1,,,,,,T6/2026,,,,,,,,,,,,,,,,,,,,,,,,,,,,,,,,,,,,,,,,,,,,,,,,,2026-06-11,163269476.02331594,35290739.44027881,285949835.19581753,0.0,forecast,1.0,70972920.0,291.32
forecast_daily,2026.0,6.0,,2026-06,KIDBIKE_1,Xe trẻ em N1,,,,,,T6/2026,,,,,,,,,,,,,,,,,,,,,,,,,,,,,,,,,,,,,,,,,,,,,,,,,2026-06-12,136706751.5750034,0.0,257039635.68968296,0.0,forecast,1.0,70972920.0,291.32
forecast_daily,2026.0,6.0,,2026-06,KIDBIKE_1,Xe trẻ em N1,,,,,,T6/2026,,,,,,,,,,,,,,,,,,,,,,,,,,,,,,,,,,,,,,,,,,,,,,,,,2026-06-13,151989053.7478982,29502187.5846266,282255223.39710754,0.0,forecast,1.0,70972920.0,291.32
forecast_daily,2026.0,6.0,,2026-06,KIDBIKE_1,Xe trẻ em N1,,,,,,T6/2026,,,,,,,,,,,,,,,,,,,,,,,,,,,,,,,,,,,,,,,,,,,,,,,,,2026-06-14,13383615.739936227,0.0,138285352.38372967,0.0,forecast,1.0,70972920.0,291.32
forecast_daily,2026.0,6.0,,2026-06,KIDBIKE_1,Xe trẻ em N1,,,,,,T6/2026,,,,,,,,,,,,,,,,,,,,,,,,,,,,,,,,,,,,,,,,,,,,,,,,,2026-06-15,159224708.13456312,36901727.29006226,288343806.4134197,0.0,forecast,1.0,70972920.0,291.32
forecast_daily,2026.0,6.0,,2026-06,KIDBIKE_1,Xe trẻ em N1,,,,,,T6/2026,,,,,,,,,,,,,,,,,,,,,,,,,,,,,,,,,,,,,,,,,,,,,,,,,2026-06-16,152469256.40349394,20914909.313463446,279635615.7235205,0.0,forecast,1.0,70972920.0,291.32
forecast_daily,2026.0,6.0,,2026-06,KIDBIKE_1,Xe trẻ em N1,,,,,,T6/2026,,,,,,,,,,,,,,,,,,,,,,,,,,,,,,,,,,,,,,,,,,,,,,,,,2026-06-17,172819731.69971558,40183235.164941534,304041807.5507815,0.0,forecast,1.0,70972920.0,291.32
forecast_daily,2026.0,6.0,,2026-06,KIDBIKE_1,Xe trẻ em N1,,,,,,T6/2026,,,,,,,,,,,,,,,,,,,,,,,,,,,,,,,,,,,,,,,,,,,,,,,,,2026-06-18,164407139.73311684,45844197.97650162,289287682.04014224,0.0,forecast,1.0,70972920.0,291.32
forecast_daily,2026.0,6.0,,2026-06,KIDBIKE_1,Xe trẻ em N1,,,,,,T6/2026,,,,,,,,,,,,,,,,,,,,,,,,,,,,,,,,,,,,,,,,,,,,,,,,,2026-06-19,137659184.1783269,17655795.04050643,266536240.63364336,0.0,forecast,1.0,70972920.0,291.32
forecast_daily,2026.0,6.0,,2026-06,KIDBIKE_1,Xe trẻ em N1,,,,,,T6/2026,,,,,,,,,,,,,,,,,,,,,,,,,,,,,,,,,,,,,,,,,,,,,,,,,2026-06-20,153047800.08585703,28841672.752657313,282452019.9709409,0.0,forecast,1.0,70972920.0,291.32
forecast_daily,2026.0,6.0,,2026-06,KIDBIKE_1,Xe trẻ em N1,,,,,,T6/2026,,,,,,,,,,,,,,,,,,,,,,,,,,,,,,,,,,,,,,,,,,,,,,,,,2026-06-21,13476831.280966997,0.0,139953127.49771902,0.0,forecast,1.0,70972920.0,291.32
forecast_daily,2026.0,6.0,,2026-06,KIDBIKE_1,Xe trẻ em N1,,,,,,T6/2026,,,,,,,,,,,,,,,,,,,,,,,,,,,,,,,,,,,,,,,,,,,,,,,,,2026-06-22,160333526.77594167,40556436.07591333,290479591.5916284,0.0,forecast,1.0,70972920.0,291.32
forecast_daily,2026.0,6.0,,2026-06,KIDBIKE_1,Xe trẻ em N1,,,,,,T6/2026,,,,,,,,,,,,,,,,,,,,,,,,,,,,,,,,,,,,,,,,,,,,,,,,,2026-06-23,153530872.43139672,29825401.116846412,280172254.8751621,0.0,forecast,1.0,70972920.0,291.32
forecast_daily,2026.0,6.0,,2026-06,KIDBIKE_1,Xe trẻ em N1,,,,,,T6/2026,,,,,,,,,,,,,,,,,,,,,,,,,,,,,,,,,,,,,,,,,,,,,,,,,2026-06-24,174022864.51989025,52526715.98837903,307359091.50343287,0.0,forecast,1.0,70972920.0,291.32
forecast_daily,2026.0,6.0,,2026-06,KIDBIKE_1,Xe trẻ em N1,,,,,,T6/2026,,,,,,,,,,,,,,,,,,,,,,,,,,,,,,,,,,,,,,,,,,,,,,,,,2026-06-25,165551534.65004507,43627050.94599859,298437236.6077693,0.0,forecast,1.0,70972920.0,291.32
forecast_daily,2026.0,6.0,,2026-06,KIDBIKE_1,Xe trẻ em N1,,,,,,T6/2026,,,,,,,,,,,,,,,,,,,,,,,,,,,,,,,,,,,,,,,,,,,,,,,,,2026-06-26,138617250.05441204,13064447.695656976,260680447.5371262,0.0,forecast,1.0,70972920.0,291.32
forecast_daily,2026.0,6.0,,2026-06,KIDBIKE_1,Xe trẻ em N1,,,,,,T6/2026,,,,,,,,,,,,,,,,,,,,,,,,,,,,,,,,,,,,,,,,,,,,,,,,,2026-06-27,154112806.2993964,25188467.819869105,277829232.1855168,0.0,forecast,1.0,70972920.0,291.32
forecast_daily,2026.0,6.0,,2026-06,KIDBIKE_1,Xe trẻ em N1,,,,,,T6/2026,,,,,,,,,,,,,,,,,,,,,,,,,,,,,,,,,,,,,,,,,,,,,,,,,2026-06-28,13570597.768302899,0.0,135114487.45420313,0.0,forecast,1.0,70972920.0,291.32
forecast_daily,2026.0,6.0,,2026-06,KIDBIKE_1,Xe trẻ em N1,,,,,,T6/2026,,,,,,,,,,,,,,,,,,,,,,,,,,,,,,,,,,,,,,,,,,,,,,,,,2026-06-29,161448896.73168674,37618040.879034095,293131670.33660585,0.0,forecast,1.0,70972920.0,291.32
forecast_daily,2026.0,6.0,,2026-06,KIDBIKE_1,Xe trẻ em N1,,,,,,T6/2026,,,,,,,,,,,,,,,,,,,,,,,,,,,,,,,,,,,,,,,,,,,,,,,,,2026-06-30,154598758.67026374,30792504.281645905,280144305.6375998,0.0,forecast,1.0,70972920.0,291.32
forecast_daily,2025.0,1.0,,2025-01,KIDBIKE_2,Xe trẻ em N2,,,,,,T1/2025,,,,,,,,,,,,,,,,,,,,,,,,,,,,,,,,,,,,,,,,,,,,,,,,,2025-01-09,28653121.703835256,0.0,62402567.44089788,13410000.0,train,0.0,61632152.0,81.22
forecast_daily,2025.0,1.0,,2025-01,KIDBIKE_2,Xe trẻ em N2,,,,,,T1/2025,,,,,,,,,,,,,,,,,,,,,,,,,,,,,,,,,,,,,,,,,,,,,,,,,2025-01-10,30136077.897558738,0.0,63903363.53955637,7410000.0,train,0.0,61632152.0,81.22
forecast_daily,2025.0,1.0,,2025-01,KIDBIKE_2,Xe trẻ em N2,,,,,,T1/2025,,,,,,,,,,,,,,,,,,,,,,,,,,,,,,,,,,,,,,,,,,,,,,,,,2025-01-11,43915084.99911426,9800815.35134368,75485400.6529291,48381664.0,train,0.0,61632152.0,81.22
forecast_daily,2025.0,1.0,,2025-01,KIDBIKE_2,Xe trẻ em N2,,,,,,T1/2025,,,,,,,,,,,,,,,,,,,,,,,,,,,,,,,,,,,,,,,,,,,,,,,,,2025-01-13,25070122.092535324,0.0,58845389.36100661,19313610.0,train,0.0,61632152.0,81.22
forecast_daily,2025.0,1.0,,2025-01,KIDBIKE_2,Xe trẻ em N2,,,,,,T1/2025,,,,,,,,,,,,,,,,,,,,,,,,,,,,,,,,,,,,,,,,,,,,,,,,,2025-01-16,28589480.097957943,0.0,61443828.59007023,10118331.0,train,0.0,61632152.0,81.22
forecast_daily,2025.0,1.0,,2025-01,KIDBIKE_2,Xe trẻ em N2,,,,,,T1/2025,,,,,,,,,,,,,,,,,,,,,,,,,,,,,,,,,,,,,,,,,,,,,,,,,2025-01-21,35681733.02675625,2636567.6221639253,69077384.12235974,20833335.0,train,0.0,61632152.0,81.22
forecast_daily,2025.0,2.0,,2025-02,KIDBIKE_2,Xe trẻ em N2,,,,,,T2/2025,,,,,,,,,,,,,,,,,,,,,,,,,,,,,,,,,,,,,,,,,,,,,,,,,2025-02-10,24847029.51133801,0.0,56207724.30727302,52734903.0,train,0.0,61632152.0,81.22
forecast_daily,2025.0,2.0,,2025-02,KIDBIKE_2,Xe trẻ em N2,,,,,,T2/2025,,,,,,,,,,,,,,,,,,,,,,,,,,,,,,,,,,,,,,,,,,,,,,,,,2025-02-11,35442959.95212992,2848746.985519749,69409383.5481572,76295362.0,train,0.0,61632152.0,81.22
forecast_daily,2025.0,2.0,,2025-02,KIDBIKE_2,Xe trẻ em N2,,,,,,T2/2025,,,,,,,,,,,,,,,,,,,,,,,,,,,,,,,,,,,,,,,,,,,,,,,,,2025-02-14,29801178.158297643,0.0,61847944.189984754,24386664.0,train,0.0,61632152.0,81.22
forecast_daily,2025.0,2.0,,2025-02,KIDBIKE_2,Xe trẻ em N2,,,,,,T2/2025,,,,,,,,,,,,,,,,,,,,,,,,,,,,,,,,,,,,,,,,,,,,,,,,,2025-02-17,24791236.015275676,0.0,56292549.834411986,12230000.0,train,0.0,61632152.0,81.22
forecast_daily,2025.0,2.0,,2025-02,KIDBIKE_2,Xe trẻ em N2,,,,,,T2/2025,,,,,,,,,,,,,,,,,,,,,,,,,,,,,,,,,,,,,,,,,,,,,,,,,2025-02-19,20292281.049971126,0.0,52209849.6896139,10320000.0,train,0.0,61632152.0,81.22
forecast_daily,2025.0,2.0,,2025-02,KIDBIKE_2,Xe trẻ em N2,,,,,,T2/2025,,,,,,,,,,,,,,,,,,,,,,,,,,,,,,,,,,,,,,,,,,,,,,,,,2025-02-20,28271120.075915094,0.0,61316570.669556536,21640000.0,train,0.0,61632152.0,81.22
forecast_daily,2025.0,2.0,,2025-02,KIDBIKE_2,Xe trẻ em N2,,,,,,T2/2025,,,,,,,,,,,,,,,,,,,,,,,,,,,,,,,,,,,,,,,,,,,,,,,,,2025-02-21,29734169.39591015,0.0,63992162.94966071,8997593.0,train,0.0,61632152.0,81.22
forecast_daily,2025.0,2.0,,2025-02,KIDBIKE_2,Xe trẻ em N2,,,,,,T2/2025,,,,,,,,,,,,,,,,,,,,,,,,,,,,,,,,,,,,,,,,,,,,,,,,,2025-02-22,43329214.8852749,10782250.086331645,75592988.63877644,71294995.0,train,0.0,61632152.0,81.22
forecast_daily,2025.0,2.0,,2025-02,KIDBIKE_2,Xe trẻ em N2,,,,,,T2/2025,,,,,,,,,,,,,,,,,,,,,,,,,,,,,,,,,,,,,,,,,,,,,,,,,2025-02-24,24735435.56892393,0.0,58751240.27909669,13779996.0,train,0.0,61632152.0,81.22
forecast_daily,2025.0,2.0,,2025-02,KIDBIKE_2,Xe trẻ em N2,,,,,,T2/2025,,,,,,,,,,,,,,,,,,,,,,,,,,,,,,,,,,,,,,,,,,,,,,,,,2025-02-25,35283723.26632012,3027043.1937998733,67009927.182059795,7500000.0,train,0.0,61632152.0,81.22
forecast_daily,2025.0,2.0,,2025-02,KIDBIKE_2,Xe trẻ em N2,,,,,,T2/2025,,,,,,,,,,,,,,,,,,,,,,,,,,,,,,,,,,,,,,,,,,,,,,,,,2025-02-26,20246575.98454928,0.0,52550330.96536963,7836944.0,train,0.0,61632152.0,81.22
forecast_daily,2025.0,3.0,,2025-03,KIDBIKE_2,Xe trẻ em N2,,,,,,T3/2025,,,,,,,,,,,,,,,,,,,,,,,,,,,,,,,,,,,,,,,,,,,,,,,,,2025-03-01,43231523.81480079,8872957.267398996,76442017.32144205,59432593.0,train,0.0,61632152.0,81.22
forecast_daily,2025.0,3.0,,2025-03,KIDBIKE_2,Xe trẻ em N2,,,,,,T3/2025,,,,,,,,,,,,,,,,,,,,,,,,,,,,,,,,,,,,,,,,,,,,,,,,,2025-03-07,29600128.77158325,0.0,61725556.221505076,1472222.0,train,0.0,61632152.0,81.22
forecast_daily,2025.0,3.0,,2025-03,KIDBIKE_2,Xe trẻ em N2,,,,,,T3/2025,,,,,,,,,,,,,,,,,,,,,,,,,,,,,,,,,,,,,,,,,,,,,,,,,2025-03-08,43133822.36610369,9506944.373839421,76018544.73500495,21818327.0,train,0.0,61632152.0,81.22
forecast_daily,2025.0,3.0,,2025-03,KIDBIKE_2,Xe trẻ em N2,,,,,,T3/2025,,,,,,,,,,,,,,,,,,,,,,,,,,,,,,,,,,,,,,,,,,,,,,,,,2025-03-10,24623816.215460803,0.0,56642785.23905955,1472222.0,train,0.0,61632152.0,81.22
forecast_daily,2025.0,3.0,,2025-03,KIDBIKE_2,Xe trẻ em N2,,,,,,T3/2025,,,,,,,,,,,,,,,,,,,,,,,,,,,,,,,,,,,,,,,,,,,,,,,,,2025-03-13,28080006.938311625,0.0,59559345.713900596,54370637.0,train,0.0,61632152.0,81.22
forecast_daily,2025.0,3.0,,2025-03,KIDBIKE_2,Xe trẻ em N2,,,,,,T3/2025,,,,,,,,,,,,,,,,,,,,,,,,,,,,,,,,,,,,,,,,,,,,,,,,,2025-03-14,29533098.34433384,0.0,63939111.37050236,3500000.0,train,0.0,61632152.0,81.22
forecast_daily,2025.0,3.0,,2025-03,KIDBIKE_2,Xe trẻ em N2,,,,,,T3/2025,,,,,,,,,,,,,,,,,,,,,,,,,,,,,,,,,,,,,,,,,,,,,,,,,2025-03-17,24567998.498211727,0.0,58488950.43860367,50879721.0,train,0.0,61632152.0,81.22
forecast_daily,2025.0,3.0,,2025-03,KIDBIKE_2,Xe trẻ em N2,,,,,,T3/2025,,,,,,,,,,,,,,,,,,,,,,,,,,,,,,,,,,,,,,,,,,,,,,,,,2025-03-18,35044803.2799046,1193714.4866348053,69581163.10817282,10428241.0,train,0.0,61632152.0,81.22
forecast_daily,2025.0,3.0,,2025-03,KIDBIKE_2,Xe trẻ em N2,,,,,,T3/2025,,,,,,,,,,,,,,,,,,,,,,,,,,,,,,,,,,,,,,,,,,,,,,,,,2025-03-19,20109432.360067863,0.0,51911781.11772809,46917778.0,train,0.0,61632152.0,81.22
forecast_daily,2025.0,3.0,,2025-03,KIDBIKE_2,Xe trẻ em N2,,,,,,T3/2025,,,,,,,,,,,,,,,,,,,,,,,,,,,,,,,,,,,,,,,,,,,,,,,,,2025-03-20,28016290.44989066,0.0,60548894.32480478,51270000.0,train,0.0,61632152.0,81.22
forecast_daily,2025.0,3.0,,2025-03,KIDBIKE_2,Xe trẻ em N2,,,,,,T3/2025,,,,,,,,,,,,,,,,,,,,,,,,,,,,,,,,,,,,,,,,,,,,,,,,,2025-03-21,29466062.126676694,0.0,63094620.84942453,40079998.0,train,0.0,61632152.0,81.22
forecast_daily,2025.0,3.0,,2025-03,KIDBIKE_2,Xe trẻ em N2,,,,,,T3/2025,,,,,,,,,,,,,,,,,,,,,,,,,,,,,,,,,,,,,,,,,,,,,,,,,2025-03-22,42938392.51013982,9479949.963481471,75650793.73112892,31520000.0,train,0.0,61632152.0,81.22
forecast_daily,2025.0,3.0,,2025-03,KIDBIKE_2,Xe trẻ em N2,,,,,,T3/2025,,,,,,,,,,,,,,,,,,,,,,,,,,,,,,,,,,,,,,,,,,,,,,,,,2025-03-24,24512176.214762755,0.0,59995208.11118324,38660000.0,train,0.0,61632152.0,81.22
forecast_daily,2025.0,3.0,,2025-03,KIDBIKE_2,Xe trẻ em N2,,,,,,T3/2025,,,,,,,,,,,,,,,,,,,,,,,,,,,,,,,,,,,,,,,,,,,,,,,,,2025-03-25,34965149.365655586,2755560.8544246596,65419333.7858453,106827314.0,train,0.0,61632152.0,81.22
forecast_daily,2025.0,3.0,,2025-03,KIDBIKE_2,Xe trẻ em N2,,,,,,T3/2025,,,,,,,,,,,,,,,,,,,,,,,,,,,,,,,,,,,,,,,,,,,,,,,,,2025-03-26,20063709.967960432,0.0,52167911.85962446,19536759.0,train,0.0,61632152.0,81.22
forecast_daily,2025.0,3.0,,2025-03,KIDBIKE_2,Xe trẻ em N2,,,,,,T3/2025,,,,,,,,,,,,,,,,,,,,,,,,,,,,,,,,,,,,,,,,,,,,,,,,,2025-03-27,27952569.04386778,0.0,61103774.40996895,8113703.0,train,0.0,61632152.0,81.22
forecast_daily,2025.0,3.0,,2025-03,KIDBIKE_2,Xe trẻ em N2,,,,,,T3/2025,,,,,,,,,,,,,,,,,,,,,,,,,,,,,,,,,,,,,,,,,,,,,,,,,2025-03-28,29399020.839844763,0.0,62188618.62972494,127120000.0,train,0.0,61632152.0,81.22
forecast_daily,2025.0,3.0,,2025-03,KIDBIKE_2,Xe trẻ em N2,,,,,,T3/2025,,,,,,,,,,,,,,,,,,,,,,,,,,,,,,,,,,,,,,,,,,,,,,,,,2025-03-29,42840666.19528086,10306900.270359231,76469333.74334343,3000000.0,train,0.0,61632152.0,81.22
forecast_daily,2025.0,3.0,,2025-03,KIDBIKE_2,Xe trẻ em N2,,,,,,T3/2025,,,,,,,,,,,,,,,,,,,,,,,,,,,,,,,,,,,,,,,,,,,,,,,,,2025-03-31,24456349.966912318,0.0,57444316.10891334,19110000.0,train,0.0,61632152.0,81.22
forecast_daily,2026.0,1.0,,2026-01,KIDBIKE_2,Xe trẻ em N2,,,,,,T1/2026,,,,,,,,,,,,,,,,,,,,,,,,,,,,,,,,,,,,,,,,,,,,,,,,,2026-01-12,22171417.565338414,0.0,55638345.89030178,8107773.0,train,0.0,61632152.0,81.22
forecast_daily,2026.0,1.0,,2026-01,KIDBIKE_2,Xe trẻ em N2,,,,,,T1/2026,,,,,,,,,,,,,,,,,,,,,,,,,,,,,,,,,,,,,,,,,,,,,,,,,2026-01-13,31625184.31258733,0.0,65052739.14418142,19234431.0,train,0.0,61632152.0,81.22
forecast_daily,2026.0,1.0,,2026-01,KIDBIKE_2,Xe trẻ em N2,,,,,,T1/2026,,,,,,,,,,,,,,,,,,,,,,,,,,,,,,,,,,,,,,,,,,,,,,,,,2026-01-14,18146589.090383127,0.0,49615143.08915225,13868425.0,train,0.0,61632152.0,81.22
forecast_daily,2026.0,1.0,,2026-01,KIDBIKE_2,Xe trẻ em N2,,,,,,T1/2026,,,,,,,,,,,,,,,,,,,,,,,,,,,,,,,,,,,,,,,,,,,,,,,,,2026-01-15,25280844.636987824,0.0,59014382.1929575,54737221.0,train,0.0,61632152.0,81.22
forecast_daily,2026.0,1.0,,2026-01,KIDBIKE_2,Xe trẻ em N2,,,,,,T1/2026,,,,,,,,,,,,,,,,,,,,,,,,,,,,,,,,,,,,,,,,,,,,,,,,,2026-01-16,26588191.8665632,0.0,60240632.19312575,38122759.0,train,0.0,61632152.0,81.22
forecast_daily,2026.0,1.0,,2026-01,KIDBIKE_2,Xe trẻ em N2,,,,,,T1/2026,,,,,,,,,,,,,,,,,,,,,,,,,,,,,,,,,,,,,,,,,,,,,,,,,2026-01-17,38743445.56555513,5548432.13936279,71429020.77139293,7430365.0,train,0.0,61632152.0,81.22
forecast_daily,2026.0,1.0,,2026-01,KIDBIKE_2,Xe trẻ em N2,,,,,,T1/2026,,,,,,,,,,,,,,,,,,,,,,,,,,,,,,,,,,,,,,,,,,,,,,,,,2026-01-19,22115962.34132614,0.0,56878883.16296421,22436649.0,train,0.0,61632152.0,81.22
forecast_daily,2026.0,1.0,,2026-01,KIDBIKE_2,Xe trẻ em N2,,,,,,T1/2026,,,,,,,,,,,,,,,,,,,,,,,,,,,,,,,,,,,,,,,,,,,,,,,,,2026-01-20,31546059.354529593,0.0,65309131.85300072,7380000.0,train,0.0,61632152.0,81.22
forecast_daily,2026.0,1.0,,2026-01,KIDBIKE_2,Xe trẻ em N2,,,,,,T1/2026,,,,,,,,,,,,,,,,,,,,,,,,,,,,,,,,,,,,,,,,,,,,,,,,,2026-01-21,18101173.305515844,0.0,49279675.831862174,1379630.0,train,0.0,61632152.0,81.22
forecast_daily,2026.0,1.0,,2026-01,KIDBIKE_2,Xe trẻ em N2,,,,,,T1/2026,,,,,,,,,,,,,,,,,,,,,,,,,,,,,,,,,,,,,,,,,,,,,,,,,2026-01-22,25217554.689789135,0.0,58206158.190247215,32262485.0,train,0.0,61632152.0,81.22
forecast_daily,2026.0,1.0,,2026-01,KIDBIKE_2,Xe trẻ em N2,,,,,,T1/2026,,,,,,,,,,,,,,,,,,,,,,,,,,,,,,,,,,,,,,,,,,,,,,,,,2026-01-23,26521608.879364174,0.0,60028617.52135793,30013608.0,train,0.0,61632152.0,81.22
forecast_daily,2026.0,1.0,,2026-01,KIDBIKE_2,Xe trẻ em N2,,,,,,T1/2026,,,,,,,,,,,,,,,,,,,,,,,,,,,,,,,,,,,,,,,,,,,,,,,,,2026-01-24,38646393.68509587,4249375.152318411,70073828.11109067,80598014.0,train,0.0,61632152.0,81.22
forecast_daily,2026.0,1.0,,2026-01,KIDBIKE_2,Xe trẻ em N2,,,,,,T1/2026,,,,,,,,,,,,,,,,,,,,,,,,,,,,,,,,,,,,,,,,,,,,,,,,,2026-01-26,22060528.634992648,0.0,55846889.222022735,24981093.0,train,0.0,61632152.0,81.22
forecast_daily,2026.0,1.0,,2026-01,KIDBIKE_2,Xe trẻ em N2,,,,,,T1/2026,,,,,,,,,,,,,,,,,,,,,,,,,,,,,,,,,,,,,,,,,,,,,,,,,2026-01-27,31466965.214818187,0.0,64021668.6313168,18331100.0,train,0.0,61632152.0,81.22
forecast_daily,2026.0,1.0,,2026-01,KIDBIKE_2,Xe trẻ em N2,,,,,,T1/2026,,,,,,,,,,,,,,,,,,,,,,,,,,,,,,,,,,,,,,,,,,,,,,,,,2026-01-28,18055775.27908685,0.0,51551655.84002037,35304797.0,train,0.0,61632152.0,81.22
forecast_daily,2026.0,1.0,,2026-01,KIDBIKE_2,Xe trẻ em N2,,,,,,T1/2026,,,,,,,,,,,,,,,,,,,,,,,,,,,,,,,,,,,,,,,,,,,,,,,,,2026-01-29,25154289.583152495,0.0,56693416.377165,1915554.0,train,0.0,61632152.0,81.22
forecast_daily,2026.0,1.0,,2026-01,KIDBIKE_2,Xe trẻ em N2,,,,,,T1/2026,,,,,,,,,,,,,,,,,,,,,,,,,,,,,,,,,,,,,,,,,,,,,,,,,2026-01-30,26455052.130744547,0.0,59381261.870974086,7715828.0,train,0.0,61632152.0,81.22
forecast_daily,2026.0,1.0,,2026-01,KIDBIKE_2,Xe trẻ em N2,,,,,,T1/2026,,,,,,,,,,,,,,,,,,,,,,,,,,,,,,,,,,,,,,,,,,,,,,,,,2026-01-31,38549380.1981603,4315374.633304838,70752577.41262105,55373291.0,train,0.0,61632152.0,81.22
forecast_daily,2026.0,2.0,,2026-02,KIDBIKE_2,Xe trẻ em N2,,,,,,T2/2026,,,,,,,,,,,,,,,,,,,,,,,,,,,,,,,,,,,,,,,,,,,,,,,,,2026-02-01,852691189.5742877,819591651.3414425,884599133.5791129,0.0,test,0.0,61632152.0,81.22
forecast_daily,2026.0,2.0,,2026-02,KIDBIKE_2,Xe trẻ em N2,,,,,,T2/2026,,,,,,,,,,,,,,,,,,,,,,,,,,,,,,,,,,,,,,,,,,,,,,,,,2026-02-02,22005117.027434133,0.0,54262353.089274585,0.0,test,0.0,61632152.0,81.22
forecast_daily,2026.0,2.0,,2026-02,KIDBIKE_2,Xe trẻ em N2,,,,,,T2/2026,,,,,,,,,,,,,,,,,,,,,,,,,,,,,,,,,,,,,,,,,,,,,,,,,2026-02-03,31387902.726437487,1001742.0319375755,66176462.729990706,0.0,test,0.0,61632152.0,81.22
forecast_daily,2026.0,2.0,,2026-02,KIDBIKE_2,Xe trẻ em N2,,,,,,T2/2026,,,,,,,,,,,,,,,,,,,,,,,,,,,,,,,,,,,,,,,,,,,,,,,,,2026-02-04,18010395.4879837,0.0,53635794.830726355,148254314.0,test,0.0,61632152.0,81.22
forecast_daily,2026.0,2.0,,2026-02,KIDBIKE_2,Xe trẻ em N2,,,,,,T2/2026,,,,,,,,,,,,,,,,,,,,,,,,,,,,,,,,,,,,,,,,,,,,,,,,,2026-02-05,25091049.98661528,0.0,59160612.798236735,53201618.0,test,0.0,61632152.0,81.22
forecast_daily,2026.0,2.0,,2026-02,KIDBIKE_2,Xe trẻ em N2,,,,,,T2/2026,,,,,,,,,,,,,,,,,,,,,,,,,,,,,,,,,,,,,,,,,,,,,,,,,2026-02-06,26388522.31823914,0.0,60179229.182417415,14036098.0,test,0.0,61632152.0,81.22
forecast_daily,2026.0,2.0,,2026-02,KIDBIKE_2,Xe trẻ em N2,,,,,,T2/2026,,,,,,,,,,,,,,,,,,,,,,,,,,,,,,,,,,,,,,,,,,,,,,,,,2026-02-07,38452406.11699321,5465279.739895937,70911946.36581731,88168808.0,test,0.0,61632152.0,81.22
forecast_daily,2026.0,2.0,,2026-02,KIDBIKE_2,Xe trẻ em N2,,,,,,T2/2026,,,,,,,,,,,,,,,,,,,,,,,,,,,,,,,,,,,,,,,,,,,,,,,,,2026-02-08,850545531.1263462,818910630.3814594,884670331.3332034,0.0,test,0.0,61632152.0,81.22
forecast_daily,2026.0,2.0,,2026-02,KIDBIKE_2,Xe trẻ em N2,,,,,,T2/2026,,,,,,,,,,,,,,,,,,,,,,,,,,,,,,,,,,,,,,,,,,,,,,,,,2026-02-09,21949728.095417388,0.0,52511918.44036331,70453111.0,test,0.0,61632152.0,81.22
forecast_daily,2026.0,2.0,,2026-02,KIDBIKE_2,Xe trẻ em N2,,,,,,T2/2026,,,,,,,,,,,,,,,,,,,,,,,,,,,,,,,,,,,,,,,,,,,,,,,,,2026-02-10,31308872.713164065,0.0,64500993.30898569,164491523.0,test,0.0,61632152.0,81.22
forecast_daily,2026.0,2.0,,2026-02,KIDBIKE_2,Xe trẻ em N2,,,,,,T2/2026,,,,,,,,,,,,,,,,,,,,,,,,,,,,,,,,,,,,,,,,,,,,,,,,,2026-02-11,17965034.403867546,0.0,50668349.807717,30502565.0,test,0.0,61632152.0,81.22
forecast_daily,2026.0,2.0,,2026-02,KIDBIKE_2,Xe trẻ em N2,,,,,,T2/2026,,,,,,,,,,,,,,,,,,,,,,,,,,,,,,,,,,,,,,,,,,,,,,,,,2026-02-12,25027836.555927895,0.0,58258553.481797665,139560618.0,test,0.0,61632152.0,81.22
forecast_daily,2026.0,2.0,,2026-02,KIDBIKE_2,Xe trẻ em N2,,,,,,T2/2026,,,,,,,,,,,,,,,,,,,,,,,,,,,,,,,,,,,,,,,,,,,,,,,,,2026-02-13,26322020.134031355,0.0,58606117.76736501,96636577.0,test,0.0,61632152.0,81.22
forecast_daily,2026.0,2.0,,2026-02,KIDBIKE_2,Xe trẻ em N2,,,,,,T2/2026,,,,,,,,,,,,,,,,,,,,,,,,,,,,,,,,,,,,,,,,,,,,,,,,,2026-02-14,38355472.457628,6195588.85605824,70891972.02784075,0.0,test,0.0,61632152.0,81.22
forecast_daily,2026.0,2.0,,2026-02,KIDBIKE_2,Xe trẻ em N2,,,,,,T2/2026,,,,,,,,,,,,,,,,,,,,,,,,,,,,,,,,,,,,,,,,,,,,,,,,,2026-02-15,848400770.2724983,814611921.1224039,883709650.3372763,0.0,test,0.0,61632152.0,81.22
forecast_daily,2026.0,2.0,,2026-02,KIDBIKE_2,Xe trẻ em N2,,,,,,T2/2026,,,,,,,,,,,,,,,,,,,,,,,,,,,,,,,,,,,,,,,,,,,,,,,,,2026-02-16,21894362.41688381,0.0,53892036.99059619,0.0,test,0.0,61632152.0,81.22
forecast_daily,2026.0,2.0,,2026-02,KIDBIKE_2,Xe trẻ em N2,,,,,,T2/2026,,,,,,,,,,,,,,,,,,,,,,,,,,,,,,,,,,,,,,,,,,,,,,,,,2026-02-17,31229875.998823237,0.0,63512330.48493367,0.0,test,0.0,61632152.0,81.22
forecast_daily,2026.0,2.0,,2026-02,KIDBIKE_2,Xe trẻ em N2,,,,,,T2/2026,,,,,,,,,,,,,,,,,,,,,,,,,,,,,,,,,,,,,,,,,,,,,,,,,2026-02-18,17919692.505270563,0.0,53307078.99708828,0.0,test,0.0,61632152.0,81.22
forecast_daily,2026.0,2.0,,2026-02,KIDBIKE_2,Xe trẻ em N2,,,,,,T2/2026,,,,,,,,,,,,,,,,,,,,,,,,,,,,,,,,,,,,,,,,,,,,,,,,,2026-02-19,24964649.952552438,0.0,57992415.51630543,0.0,test,0.0,61632152.0,81.22
forecast_daily,2026.0,2.0,,2026-02,KIDBIKE_2,Xe trẻ em N2,,,,,,T2/2026,,,,,,,,,,,,,,,,,,,,,,,,,,,,,,,,,,,,,,,,,,,,,,,,,2026-02-20,26255546.276444804,0.0,60978261.26677952,0.0,test,0.0,61632152.0,81.22
forecast_daily,2026.0,2.0,,2026-02,KIDBIKE_2,Xe trẻ em N2,,,,,,T2/2026,,,,,,,,,,,,,,,,,,,,,,,,,,,,,,,,,,,,,,,,,,,,,,,,,2026-02-21,38258580.22972686,5147792.458442897,71886175.25361396,0.0,test,0.0,61632152.0,81.22
forecast_daily,2026.0,2.0,,2026-02,KIDBIKE_2,Xe trẻ em N2,,,,,,T2/2026,,,,,,,,,,,,,,,,,,,,,,,,,,,,,,,,,,,,,,,,,,,,,,,,,2026-02-22,846256929.3829284,812832094.7284168,878741690.5734587,0.0,test,0.0,61632152.0,81.22
forecast_daily,2026.0,2.0,,2026-02,KIDBIKE_2,Xe trẻ em N2,,,,,,T2/2026,,,,,,,,,,,,,,,,,,,,,,,,,,,,,,,,,,,,,,,,,,,,,,,,,2026-02-23,21839020.571046542,0.0,54876518.74029678,11500000.0,test,0.0,61632152.0,81.22
forecast_daily,2026.0,2.0,,2026-02,KIDBIKE_2,Xe trẻ em N2,,,,,,T2/2026,,,,,,,,,,,,,,,,,,,,,,,,,,,,,,,,,,,,,,,,,,,,,,,,,2026-02-24,31150913.409507655,582463.0244208943,64590555.684028886,217584746.0,test,0.0,61632152.0,81.22
forecast_daily,2026.0,2.0,,2026-02,KIDBIKE_2,Xe trẻ em N2,,,,,,T2/2026,,,,,,,,,,,,,,,,,,,,,,,,,,,,,,,,,,,,,,,,,,,,,,,,,2026-02-25,17874370.25702519,0.0,51972234.301027656,9857776.0,test,0.0,61632152.0,81.22
forecast_daily,2026.0,2.0,,2026-02,KIDBIKE_2,Xe trẻ em N2,,,,,,T2/2026,,,,,,,,,,,,,,,,,,,,,,,,,,,,,,,,,,,,,,,,,,,,,,,,,2026-02-26,24901490.83476533,0.0,58985190.14193997,52723390.0,test,0.0,61632152.0,81.22
forecast_daily,2026.0,2.0,,2026-02,KIDBIKE_2,Xe trẻ em N2,,,,,,T2/2026,,,,,,,,,,,,,,,,,,,,,,,,,,,,,,,,,,,,,,,,,,,,,,,,,2026-02-27,26189101.43234331,0.0,59984968.95635595,92873812.0,test,0.0,61632152.0,81.22
forecast_daily,2026.0,2.0,,2026-02,KIDBIKE_2,Xe trẻ em N2,,,,,,T2/2026,,,,,,,,,,,,,,,,,,,,,,,,,,,,,,,,,,,,,,,,,,,,,,,,,2026-02-28,38161730.44198712,5225917.292873785,73027283.77935629,12469721.0,test,0.0,61632152.0,81.22
forecast_daily,2026.0,3.0,,2026-03,KIDBIKE_2,Xe trẻ em N2,,,,,,T3/2026,,,,,,,,,,,,,,,,,,,,,,,,,,,,,,,,,,,,,,,,,,,,,,,,,2026-03-01,844114030.7890292,810943340.4205478,876336622.8789088,0.0,forecast,1.0,61632152.0,81.22
forecast_daily,2026.0,3.0,,2026-03,KIDBIKE_2,Xe trẻ em N2,,,,,,T3/2026,,,,,,,,,,,,,,,,,,,,,,,,,,,,,,,,,,,,,,,,,,,,,,,,,2026-03-02,21783703.133831114,0.0,55317350.279935025,0.0,forecast,1.0,61632152.0,81.22
forecast_daily,2026.0,3.0,,2026-03,KIDBIKE_2,Xe trẻ em N2,,,,,,T3/2026,,,,,,,,,,,,,,,,,,,,,,,,,,,,,,,,,,,,,,,,,,,,,,,,,2026-03-03,31071985.763580266,0.0,64909051.95387963,0.0,forecast,1.0,61632152.0,81.22
forecast_daily,2026.0,3.0,,2026-03,KIDBIKE_2,Xe trẻ em N2,,,,,,T3/2026,,,,,,,,,,,,,,,,,,,,,,,,,,,,,,,,,,,,,,,,,,,,,,,,,2026-03-04,17829068.139702626,0.0,47831077.95619419,0.0,forecast,1.0,61632152.0,81.22
forecast_daily,2026.0,3.0,,2026-03,KIDBIKE_2,Xe trẻ em N2,,,,,,T3/2026,,,,,,,,,,,,,,,,,,,,,,,,,,,,,,,,,,,,,,,,,,,,,,,,,2026-03-05,24838359.861898612,0.0,60356446.75690088,0.0,forecast,1.0,61632152.0,81.22
forecast_daily,2026.0,3.0,,2026-03,KIDBIKE_2,Xe trẻ em N2,,,,,,T3/2026,,,,,,,,,,,,,,,,,,,,,,,,,,,,,,,,,,,,,,,,,,,,,,,,,2026-03-06,26122686.297505602,0.0,57731705.26633718,0.0,forecast,1.0,61632152.0,81.22
forecast_daily,2026.0,3.0,,2026-03,KIDBIKE_2,Xe trẻ em N2,,,,,,T3/2026,,,,,,,,,,,,,,,,,,,,,,,,,,,,,,,,,,,,,,,,,,,,,,,,,2026-03-07,38064924.10055614,4657608.638685449,70988586.05096287,0.0,forecast,1.0,61632152.0,81.22
forecast_daily,2026.0,3.0,,2026-03,KIDBIKE_2,Xe trẻ em N2,,,,,,T3/2026,,,,,,,,,,,,,,,,,,,,,,,,,,,,,,,,,,,,,,,,,,,,,,,,,2026-03-08,841972096.7821517,809061437.5678396,877829050.3864297,0.0,forecast,1.0,61632152.0,81.22
forecast_daily,2026.0,3.0,,2026-03,KIDBIKE_2,Xe trẻ em N2,,,,,,T3/2026,,,,,,,,,,,,,,,,,,,,,,,,,,,,,,,,,,,,,,,,,,,,,,,,,2026-03-09,21728410.680473104,0.0,58154686.57718537,0.0,forecast,1.0,61632152.0,81.22
forecast_daily,2026.0,3.0,,2026-03,KIDBIKE_2,Xe trẻ em N2,,,,,,T3/2026,,,,,,,,,,,,,,,,,,,,,,,,,,,,,,,,,,,,,,,,,,,,,,,,,2026-03-10,30993093.886985812,0.0,64965779.67091459,0.0,forecast,1.0,61632152.0,81.22
forecast_daily,2026.0,3.0,,2026-03,KIDBIKE_2,Xe trẻ em N2,,,,,,T3/2026,,,,,,,,,,,,,,,,,,,,,,,,,,,,,,,,,,,,,,,,,,,,,,,,,2026-03-11,17783786.616671003,0.0,50479464.1736745,0.0,forecast,1.0,61632152.0,81.22
forecast_daily,2026.0,3.0,,2026-03,KIDBIKE_2,Xe trẻ em N2,,,,,,T3/2026,,,,,,,,,,,,,,,,,,,,,,,,,,,,,,,,,,,,,,,,,,,,,,,,,2026-03-12,24775257.687678304,0.0,61094700.37423838,0.0,forecast,1.0,61632152.0,81.22
forecast_daily,2026.0,3.0,,2026-03,KIDBIKE_2,Xe trẻ em N2,,,,,,T3/2026,,,,,,,,,,,,,,,,,,,,,,,,,,,,,,,,,,,,,,,,,,,,,,,,,2026-03-13,26056301.560698677,0.0,60296727.68090055,0.0,forecast,1.0,61632152.0,81.22
forecast_daily,2026.0,3.0,,2026-03,KIDBIKE_2,Xe trẻ em N2,,,,,,T3/2026,,,,,,,,,,,,,,,,,,,,,,,,,,,,,,,,,,,,,,,,,,,,,,,,,2026-03-14,37968162.21511892,3280969.020559754,71437728.34638959,0.0,forecast,1.0,61632152.0,81.22
forecast_daily,2026.0,3.0,,2026-03,KIDBIKE_2,Xe trẻ em N2,,,,,,T3/2026,,,,,,,,,,,,,,,,,,,,,,,,,,,,,,,,,,,,,,,,,,,,,,,,,2026-03-15,839831149.6132488,808462714.6018748,872454692.3441596,0.0,forecast,1.0,61632152.0,81.22
forecast_daily,2026.0,3.0,,2026-03,KIDBIKE_2,Xe trẻ em N2,,,,,,T3/2026,,,,,,,,,,,,,,,,,,,,,,,,,,,,,,,,,,,,,,,,,,,,,,,,,2026-03-16,21673143.784547225,0.0,52497041.77821013,0.0,forecast,1.0,61632152.0,81.22
forecast_daily,2026.0,3.0,,2026-03,KIDBIKE_2,Xe trẻ em N2,,,,,,T3/2026,,,,,,,,,,,,,,,,,,,,,,,,,,,,,,,,,,,,,,,,,,,,,,,,,2026-03-17,30914238.595031872,0.0,65672777.24438756,0.0,forecast,1.0,61632152.0,81.22
forecast_daily,2026.0,3.0,,2026-03,KIDBIKE_2,Xe trẻ em N2,,,,,,T3/2026,,,,,,,,,,,,,,,,,,,,,,,,,,,,,,,,,,,,,,,,,,,,,,,,,2026-03-18,17738526.161337785,0.0,51012655.2723074,0.0,forecast,1.0,61632152.0,81.22
forecast_daily,2026.0,3.0,,2026-03,KIDBIKE_2,Xe trẻ em N2,,,,,,T3/2026,,,,,,,,,,,,,,,,,,,,,,,,,,,,,,,,,,,,,,,,,,,,,,,,,2026-03-19,24712184.968534883,0.0,57963947.06193974,0.0,forecast,1.0,61632152.0,81.22
forecast_daily,2026.0,3.0,,2026-03,KIDBIKE_2,Xe trẻ em N2,,,,,,T3/2026,,,,,,,,,,,,,,,,,,,,,,,,,,,,,,,,,,,,,,,,,,,,,,,,,2026-03-20,25989947.91084718,0.0,57629949.26204474,0.0,forecast,1.0,61632152.0,81.22
forecast_daily,2026.0,3.0,,2026-03,KIDBIKE_2,Xe trẻ em N2,,,,,,T3/2026,,,,,,,,,,,,,,,,,,,,,,,,,,,,,,,,,,,,,,,,,,,,,,,,,2026-03-21,37871445.78963373,3992583.0351984296,71965090.18482536,0.0,forecast,1.0,61632152.0,81.22
forecast_daily,2026.0,3.0,,2026-03,KIDBIKE_2,Xe trẻ em N2,,,,,,T3/2026,,,,,,,,,,,,,,,,,,,,,,,,,,,,,,,,,,,,,,,,,,,,,,,,,2026-03-22,837691211.4913725,804111712.6866972,869412765.9719354,0.0,forecast,1.0,61632152.0,81.22
forecast_daily,2026.0,3.0,,2026-03,KIDBIKE_2,Xe trẻ em N2,,,,,,T3/2026,,,,,,,,,,,,,,,,,,,,,,,,,,,,,,,,,,,,,,,,,,,,,,,,,2026-03-23,21617903.022940286,0.0,55357963.64600002,0.0,forecast,1.0,61632152.0,81.22
forecast_daily,2026.0,3.0,,2026-03,KIDBIKE_2,Xe trẻ em N2,,,,,,T3/2026,,,,,,,,,,,,,,,,,,,,,,,,,,,,,,,,,,,,,,,,,,,,,,,,,2026-03-24,30835420.706782676,0.0,65001480.17448439,0.0,forecast,1.0,61632152.0,81.22
forecast_daily,2026.0,3.0,,2026-03,KIDBIKE_2,Xe trẻ em N2,,,,,,T3/2026,,,,,,,,,,,,,,,,,,,,,,,,,,,,,,,,,,,,,,,,,,,,,,,,,2026-03-25,17693287.24618927,0.0,51444206.456819795,0.0,forecast,1.0,61632152.0,81.22
forecast_daily,2026.0,3.0,,2026-03,KIDBIKE_2,Xe trẻ em N2,,,,,,T3/2026,,,,,,,,,,,,,,,,,,,,,,,,,,,,,,,,,,,,,,,,,,,,,,,,,2026-03-26,24649142.354202878,0.0,57533265.50231401,0.0,forecast,1.0,61632152.0,81.22
forecast_daily,2026.0,3.0,,2026-03,KIDBIKE_2,Xe trẻ em N2,,,,,,T3/2026,,,,,,,,,,,,,,,,,,,,,,,,,,,,,,,,,,,,,,,,,,,,,,,,,2026-03-27,25923626.03422873,0.0,60707578.03829481,0.0,forecast,1.0,61632152.0,81.22
forecast_daily,2026.0,3.0,,2026-03,KIDBIKE_2,Xe trẻ em N2,,,,,,T3/2026,,,,,,,,,,,,,,,,,,,,,,,,,,,,,,,,,,,,,,,,,,,,,,,,,2026-03-28,37774775.82157064,5491595.453137768,70161646.8885036,0.0,forecast,1.0,61632152.0,81.22
forecast_daily,2026.0,3.0,,2026-03,KIDBIKE_2,Xe trẻ em N2,,,,,,T3/2026,,,,,,,,,,,,,,,,,,,,,,,,,,,,,,,,,,,,,,,,,,,,,,,,,2026-03-29,835552304.5832834,800743849.7278129,869956910.5105675,0.0,forecast,1.0,61632152.0,81.22
forecast_daily,2026.0,3.0,,2026-03,KIDBIKE_2,Xe trẻ em N2,,,,,,T3/2026,,,,,,,,,,,,,,,,,,,,,,,,,,,,,,,,,,,,,,,,,,,,,,,,,2026-03-30,21562688.961763866,0.0,55075991.84008782,0.0,forecast,1.0,61632152.0,81.22
forecast_daily,2026.0,3.0,,2026-03,KIDBIKE_2,Xe trẻ em N2,,,,,,T3/2026,,,,,,,,,,,,,,,,,,,,,,,,,,,,,,,,,,,,,,,,,,,,,,,,,2026-03-31,30756641.038160793,0.0,63327842.93382688,0.0,forecast,1.0,61632152.0,81.22
forecast_daily,2026.0,4.0,,2026-04,KIDBIKE_2,Xe trẻ em N2,,,,,,T4/2026,,,,,,,,,,,,,,,,,,,,,,,,,,,,,,,,,,,,,,,,,,,,,,,,,2026-04-01,17648070.33300497,0.0,52010042.30717728,0.0,forecast,1.0,61632152.0,81.22
forecast_daily,2026.0,4.0,,2026-04,KIDBIKE_2,Xe trẻ em N2,,,,,,T4/2026,,,,,,,,,,,,,,,,,,,,,,,,,,,,,,,,,,,,,,,,,,,,,,,,,2026-04-02,24586130.503763393,0.0,54724428.8778576,0.0,forecast,1.0,61632152.0,81.22
forecast_daily,2026.0,4.0,,2026-04,KIDBIKE_2,Xe trẻ em N2,,,,,,T4/2026,,,,,,,,,,,,,,,,,,,,,,,,,,,,,,,,,,,,,,,,,,,,,,,,,2026-04-03,25857336.619658627,0.0,59524149.66929337,0.0,forecast,1.0,61632152.0,81.22
forecast_daily,2026.0,4.0,,2026-04,KIDBIKE_2,Xe trẻ em N2,,,,,,T4/2026,,,,,,,,,,,,,,,,,,,,,,,,,,,,,,,,,,,,,,,,,,,,,,,,,2026-04-04,37678153.31712572,3518546.6288309954,69640013.65671961,0.0,forecast,1.0,61632152.0,81.22
forecast_daily,2026.0,4.0,,2026-04,KIDBIKE_2,Xe trẻ em N2,,,,,,T4/2026,,,,,,,,,,,,,,,,,,,,,,,,,,,,,,,,,,,,,,,,,,,,,,,,,2026-04-05,833414451.0123276,799297884.9361063,865910278.1943232,0.0,forecast,1.0,61632152.0,81.22
forecast_daily,2026.0,4.0,,2026-04,KIDBIKE_2,Xe trẻ em N2,,,,,,T4/2026,,,,,,,,,,,,,,,,,,,,,,,,,,,,,,,,,,,,,,,,,,,,,,,,,2026-04-06,21507502.176372465,0.0,51096126.33618895,0.0,forecast,1.0,61632152.0,81.22
forecast_daily,2026.0,4.0,,2026-04,KIDBIKE_2,Xe trẻ em N2,,,,,,T4/2026,,,,,,,,,,,,,,,,,,,,,,,,,,,,,,,,,,,,,,,,,,,,,,,,,2026-04-07,30677900.40374361,0.0,64734284.70805512,0.0,forecast,1.0,61632152.0,81.22
forecast_daily,2026.0,4.0,,2026-04,KIDBIKE_2,Xe trẻ em N2,,,,,,T4/2026,,,,,,,,,,,,,,,,,,,,,,,,,,,,,,,,,,,,,,,,,,,,,,,,,2026-04-08,17602875.893153176,0.0,50913168.526178576,0.0,forecast,1.0,61632152.0,81.22
forecast_daily,2026.0,4.0,,2026-04,KIDBIKE_2,Xe trẻ em N2,,,,,,T4/2026,,,,,,,,,,,,,,,,,,,,,,,,,,,,,,,,,,,,,,,,,,,,,,,,,2026-04-09,24523150.06510053,0.0,58479855.51430578,0.0,forecast,1.0,61632152.0,81.22
forecast_daily,2026.0,4.0,,2026-04,KIDBIKE_2,Xe trẻ em N2,,,,,,T4/2026,,,,,,,,,,,,,,,,,,,,,,,,,,,,,,,,,,,,,,,,,,,,,,,,,2026-04-10,25791080.35098553,0.0,57797375.54056288,0.0,forecast,1.0,61632152.0,81.22
forecast_daily,2026.0,4.0,,2026-04,KIDBIKE_2,Xe trẻ em N2,,,,,,T4/2026,,,,,,,,,,,,,,,,,,,,,,,,,,,,,,,,,,,,,,,,,,,,,,,,,2026-04-11,37581579.270585924,4513902.953718352,72250496.82994153,0.0,forecast,1.0,61632152.0,81.22
forecast_daily,2026.0,4.0,,2026-04,KIDBIKE_2,Xe trẻ em N2,,,,,,T4/2026,,,,,,,,,,,,,,,,,,,,,,,,,,,,,,,,,,,,,,,,,,,,,,,,,2026-04-12,831277672.8573174,799631272.7013443,863776462.0210527,0.0,forecast,1.0,61632152.0,81.22
forecast_daily,2026.0,4.0,,2026-04,KIDBIKE_2,Xe trẻ em N2,,,,,,T4/2026,,,,,,,,,,,,,,,,,,,,,,,,,,,,,,,,,,,,,,,,,,,,,,,,,2026-04-13,21452343.233811352,0.0,55917170.15800431,0.0,forecast,1.0,61632152.0,81.22
forecast_daily,2026.0,4.0,,2026-04,KIDBIKE_2,Xe trẻ em N2,,,,,,T4/2026,,,,,,,,,,,,,,,,,,,,,,,,,,,,,,,,,,,,,,,,,,,,,,,,,2026-04-14,30599199.616378736,0.0,63951430.752578184,0.0,forecast,1.0,61632152.0,81.22
forecast_daily,2026.0,4.0,,2026-04,KIDBIKE_2,Xe trẻ em N2,,,,,,T4/2026,,,,,,,,,,,,,,,,,,,,,,,,,,,,,,,,,,,,,,,,,,,,,,,,,2026-04-15,17557704.39166209,0.0,50478459.45646756,0.0,forecast,1.0,61632152.0,81.22
forecast_daily,2026.0,4.0,,2026-04,KIDBIKE_2,Xe trẻ em N2,,,,,,T4/2026,,,,,,,,,,,,,,,,,,,,,,,,,,,,,,,,,,,,,,,,,,,,,,,,,2026-04-16,24460201.684811037,0.0,56189326.740915135,0.0,forecast,1.0,61632152.0,81.22
forecast_daily,2026.0,4.0,,2026-04,KIDBIKE_2,Xe trẻ em N2,,,,,,T4/2026,,,,,,,,,,,,,,,,,,,,,,,,,,,,,,,,,,,,,,,,,,,,,,,,,2026-04-17,25724857.912913892,0.0,55954184.27593439,0.0,forecast,1.0,61632152.0,81.22
forecast_daily,2026.0,4.0,,2026-04,KIDBIKE_2,Xe trẻ em N2,,,,,,T4/2026,,,,,,,,,,,,,,,,,,,,,,,,,,,,,,,,,,,,,,,,,,,,,,,,,2026-04-18,37485054.67877513,4770180.079809243,68109705.62763087,0.0,forecast,1.0,61632152.0,81.22
forecast_daily,2026.0,4.0,,2026-04,KIDBIKE_2,Xe trẻ em N2,,,,,,T4/2026,,,,,,,,,,,,,,,,,,,,,,,,,,,,,,,,,,,,,,,,,,,,,,,,,2026-04-19,829141992.1521502,794445512.680288,859011754.0577443,0.0,forecast,1.0,61632152.0,81.22
forecast_daily,2026.0,4.0,,2026-04,KIDBIKE_2,Xe trẻ em N2,,,,,,T4/2026,,,,,,,,,,,,,,,,,,,,,,,,,,,,,,,,,,,,,,,,,,,,,,,,,2026-04-20,21397212.707773153,0.0,56819073.40838058,0.0,forecast,1.0,61632152.0,81.22
forecast_daily,2026.0,4.0,,2026-04,KIDBIKE_2,Xe trẻ em N2,,,,,,T4/2026,,,,,,,,,,,,,,,,,,,,,,,,,,,,,,,,,,,,,,,,,,,,,,,,,2026-04-21,30520539.48851885,284709.73966592713,63665110.81898388,0.0,forecast,1.0,61632152.0,81.22
forecast_daily,2026.0,4.0,,2026-04,KIDBIKE_2,Xe trẻ em N2,,,,,,T4/2026,,,,,,,,,,,,,,,,,,,,,,,,,,,,,,,,,,,,,,,,,,,,,,,,,2026-04-22,17512556.296335936,0.0,51257884.29936833,0.0,forecast,1.0,61632152.0,81.22
forecast_daily,2026.0,4.0,,2026-04,KIDBIKE_2,Xe trẻ em N2,,,,,,T4/2026,,,,,,,,,,,,,,,,,,,,,,,,,,,,,,,,,,,,,,,,,,,,,,,,,2026-04-23,24397286.017962888,0.0,60002273.671282776,0.0,forecast,1.0,61632152.0,81.22
forecast_daily,2026.0,4.0,,2026-04,KIDBIKE_2,Xe trẻ em N2,,,,,,T4/2026,,,,,,,,,,,,,,,,,,,,,,,,,,,,,,,,,,,,,,,,,,,,,,,,,2026-04-24,25658669.983421143,0.0,58198099.17895133,0.0,forecast,1.0,61632152.0,81.22
forecast_daily,2026.0,4.0,,2026-04,KIDBIKE_2,Xe trẻ em N2,,,,,,T4/2026,,,,,,,,,,,,,,,,,,,,,,,,,,,,,,,,,,,,,,,,,,,,,,,,,2026-04-25,37388580.53567768,2536521.2996982206,68359367.67232834,0.0,forecast,1.0,61632152.0,81.22
forecast_daily,2026.0,4.0,,2026-04,KIDBIKE_2,Xe trẻ em N2,,,,,,T4/2026,,,,,,,,,,,,,,,,,,,,,,,,,,,,,,,,,,,,,,,,,,,,,,,,,2026-04-26,827007430.8844221,794039708.9382161,858220314.6633121,0.0,forecast,1.0,61632152.0,81.22
forecast_daily,2026.0,4.0,,2026-04,KIDBIKE_2,Xe trẻ em N2,,,,,,T4/2026,,,,,,,,,,,,,,,,,,,,,,,,,,,,,,,,,,,,,,,,,,,,,,,,,2026-04-27,21342111.15847842,0.0,53869623.58863643,0.0,forecast,1.0,61632152.0,81.22
forecast_daily,2026.0,4.0,,2026-04,KIDBIKE_2,Xe trẻ em N2,,,,,,T4/2026,,,,,,,,,,,,,,,,,,,,,,,,,,,,,,,,,,,,,,,,,,,,,,,,,2026-04-28,30441920.82579038,0.0,61991743.42617076,0.0,forecast,1.0,61632152.0,81.22
forecast_daily,2026.0,4.0,,2026-04,KIDBIKE_2,Xe trẻ em N2,,,,,,T4/2026,,,,,,,,,,,,,,,,,,,,,,,,,,,,,,,,,,,,,,,,,,,,,,,,,2026-04-29,17467432.070048455,0.0,49871300.0053798,0.0,forecast,1.0,61632152.0,81.22
forecast_daily,2026.0,4.0,,2026-04,KIDBIKE_2,Xe trẻ em N2,,,,,,T4/2026,,,,,,,,,,,,,,,,,,,,,,,,,,,,,,,,,,,,,,,,,,,,,,,,,2026-04-30,24334403.707801428,0.0,58355867.92353286,0.0,forecast,1.0,61632152.0,81.22
forecast_daily,2026.0,5.0,,2026-05,KIDBIKE_2,Xe trẻ em N2,,,,,,T5/2026,,,,,,,,,,,,,,,,,,,,,,,,,,,,,,,,,,,,,,,,,,,,,,,,,2026-05-01,25592517.24748611,0.0,58980453.506898895,0.0,forecast,1.0,61632152.0,81.22
forecast_daily,2026.0,5.0,,2026-05,KIDBIKE_2,Xe trẻ em N2,,,,,,T5/2026,,,,,,,,,,,,,,,,,,,,,,,,,,,,,,,,,,,,,,,,,,,,,,,,,2026-05-02,37292157.833912276,3449937.688339041,68518513.07744673,0.0,forecast,1.0,61632152.0,81.22
forecast_daily,2026.0,5.0,,2026-05,KIDBIKE_2,Xe trẻ em N2,,,,,,T5/2026,,,,,,,,,,,,,,,,,,,,,,,,,,,,,,,,,,,,,,,,,,,,,,,,,2026-05-03,824874010.9946343,794517359.0458082,859262790.1717311,0.0,forecast,1.0,61632152.0,81.22
forecast_daily,2026.0,5.0,,2026-05,KIDBIKE_2,Xe trẻ em N2,,,,,,T5/2026,,,,,,,,,,,,,,,,,,,,,,,,,,,,,,,,,,,,,,,,,,,,,,,,,2026-05-04,21287039.15563154,0.0,55361579.12230209,0.0,forecast,1.0,61632152.0,81.22
forecast_daily,2026.0,5.0,,2026-05,KIDBIKE_2,Xe trẻ em N2,,,,,,T5/2026,,,,,,,,,,,,,,,,,,,,,,,,,,,,,,,,,,,,,,,,,,,,,,,,,2026-05-05,30363344.44111692,0.0,63784591.53325538,0.0,forecast,1.0,61632152.0,81.22
forecast_daily,2026.0,5.0,,2026-05,KIDBIKE_2,Xe trẻ em N2,,,,,,T5/2026,,,,,,,,,,,,,,,,,,,,,,,,,,,,,,,,,,,,,,,,,,,,,,,,,2026-05-06,17422332.17629544,0.0,51440198.576162755,0.0,forecast,1.0,61632152.0,81.22
forecast_daily,2026.0,5.0,,2026-05,KIDBIKE_2,Xe trẻ em N2,,,,,,T5/2026,,,,,,,,,,,,,,,,,,,,,,,,,,,,,,,,,,,,,,,,,,,,,,,,,2026-05-07,24271555.399614375,0.0,57510723.535326354,0.0,forecast,1.0,61632152.0,81.22
forecast_daily,2026.0,5.0,,2026-05,KIDBIKE_2,Xe trẻ em N2,,,,,,T5/2026,,,,,,,,,,,,,,,,,,,,,,,,,,,,,,,,,,,,,,,,,,,,,,,,,2026-05-08,25526400.381272003,0.0,58587458.61107955,0.0,forecast,1.0,61632152.0,81.22
forecast_daily,2026.0,5.0,,2026-05,KIDBIKE_2,Xe trẻ em N2,,,,,,T5/2026,,,,,,,,,,,,,,,,,,,,,,,,,,,,,,,,,,,,,,,,,,,,,,,,,2026-05-09,37195787.56093069,3806736.7002410255,70908575.14038788,0.0,forecast,1.0,61632152.0,81.22
forecast_daily,2026.0,5.0,,2026-05,KIDBIKE_2,Xe trẻ em N2,,,,,,T5/2026,,,,,,,,,,,,,,,,,,,,,,,,,,,,,,,,,,,,,,,,,,,,,,,,,2026-05-10,822741754.3758215,791940551.6388334,856994601.0246537,0.0,forecast,1.0,61632152.0,81.22
forecast_daily,2026.0,5.0,,2026-05,KIDBIKE_2,Xe trẻ em N2,,,,,,T5/2026,,,,,,,,,,,,,,,,,,,,,,,,,,,,,,,,,,,,,,,,,,,,,,,,,2026-05-11,21231997.265804138,0.0,54246672.20861245,0.0,forecast,1.0,61632152.0,81.22
forecast_daily,2026.0,5.0,,2026-05,KIDBIKE_2,Xe trẻ em N2,,,,,,T5/2026,,,,,,,,,,,,,,,,,,,,,,,,,,,,,,,,,,,,,,,,,,,,,,,,,2026-05-12,30284811.136449356,0.0,63669466.752060816,0.0,forecast,1.0,61632152.0,81.22
forecast_daily,2026.0,5.0,,2026-05,KIDBIKE_2,Xe trẻ em N2,,,,,,T5/2026,,,,,,,,,,,,,,,,,,,,,,,,,,,,,,,,,,,,,,,,,,,,,,,,,2026-05-13,17377257.0759499,0.0,50909717.42468601,0.0,forecast,1.0,61632152.0,81.22
forecast_daily,2026.0,5.0,,2026-05,KIDBIKE_2,Xe trẻ em N2,,,,,,T5/2026,,,,,,,,,,,,,,,,,,,,,,,,,,,,,,,,,,,,,,,,,,,,,,,,,2026-05-14,24208741.7388962,0.0,57961694.5323416,0.0,forecast,1.0,61632152.0,81.22
forecast_daily,2026.0,5.0,,2026-05,KIDBIKE_2,Xe trẻ em N2,,,,,,T5/2026,,,,,,,,,,,,,,,,,,,,,,,,,,,,,,,,,,,,,,,,,,,,,,,,,2026-05-15,25460320.063995,0.0,55230490.01864854,0.0,forecast,1.0,61632152.0,81.22
forecast_daily,2026.0,5.0,,2026-05,KIDBIKE_2,Xe trẻ em N2,,,,,,T5/2026,,,,,,,,,,,,,,,,,,,,,,,,,,,,,,,,,,,,,,,,,,,,,,,,,2026-05-16,37099470.705006845,2950016.0133413533,72611504.83469808,0.0,forecast,1.0,61632152.0,81.22
forecast_daily,2026.0,5.0,,2026-05,KIDBIKE_2,Xe trẻ em N2,,,,,,T5/2026,,,,,,,,,,,,,,,,,,,,,,,,,,,,,,,,,,,,,,,,,,,,,,,,,2026-05-17,820610682.8719423,786871973.7381524,854364799.2171468,0.0,forecast,1.0,61632152.0,81.22
forecast_daily,2026.0,5.0,,2026-05,KIDBIKE_2,Xe trẻ em N2,,,,,,T5/2026,,,,,,,,,,,,,,,,,,,,,,,,,,,,,,,,,,,,,,,,,,,,,,,,,2026-05-18,21176986.0499307,0.0,54876259.19738529,0.0,forecast,1.0,61632152.0,81.22
forecast_daily,2026.0,5.0,,2026-05,KIDBIKE_2,Xe trẻ em N2,,,,,,T5/2026,,,,,,,,,,,,,,,,,,,,,,,,,,,,,,,,,,,,,,,,,,,,,,,,,2026-05-19,30206321.71856481,0.0,61319454.34477584,0.0,forecast,1.0,61632152.0,81.22
forecast_daily,2026.0,5.0,,2026-05,KIDBIKE_2,Xe trẻ em N2,,,,,,T5/2026,,,,,,,,,,,,,,,,,,,,,,,,,,,,,,,,,,,,,,,,,,,,,,,,,2026-05-20,17332207.23525697,0.0,47715718.79255836,0.0,forecast,1.0,61632152.0,81.22
forecast_daily,2026.0,5.0,,2026-05,KIDBIKE_2,Xe trẻ em N2,,,,,,T5/2026,,,,,,,,,,,,,,,,,,,,,,,,,,,,,,,,,,,,,,,,,,,,,,,,,2026-05-21,24145963.36934735,0.0,56381446.52773835,0.0,forecast,1.0,61632152.0,81.22
forecast_daily,2026.0,5.0,,2026-05,KIDBIKE_2,Xe trẻ em N2,,,,,,T5/2026,,,,,,,,,,,,,,,,,,,,,,,,,,,,,,,,,,,,,,,,,,,,,,,,,2026-05-22,25394276.974335846,0.0,60459347.44570865,0.0,forecast,1.0,61632152.0,81.22
forecast_daily,2026.0,5.0,,2026-05,KIDBIKE_2,Xe trẻ em N2,,,,,,T5/2026,,,,,,,,,,,,,,,,,,,,,,,,,,,,,,,,,,,,,,,,,,,,,,,,,2026-05-23,37003208.25365615,3768830.6171632735,69208970.87224115,0.0,forecast,1.0,61632152.0,81.22
forecast_daily,2026.0,5.0,,2026-05,KIDBIKE_2,Xe trẻ em N2,,,,,,T5/2026,,,,,,,,,,,,,,,,,,,,,,,,,,,,,,,,,,,,,,,,,,,,,,,,,2026-05-24,818480818.2774624,783497875.5894175,852914904.6631885,0.0,forecast,1.0,61632152.0,81.22
forecast_daily,2026.0,5.0,,2026-05,KIDBIKE_2,Xe trẻ em N2,,,,,,T5/2026,,,,,,,,,,,,,,,,,,,,,,,,,,,,,,,,,,,,,,,,,,,,,,,,,2026-05-25,21122006.072524797,0.0,52288056.169882245,0.0,forecast,1.0,61632152.0,81.22
forecast_daily,2026.0,5.0,,2026-05,KIDBIKE_2,Xe trẻ em N2,,,,,,T5/2026,,,,,,,,,,,,,,,,,,,,,,,,,,,,,,,,,,,,,,,,,,,,,,,,,2026-05-26,30127876.988501005,0.0,60854135.1964212,0.0,forecast,1.0,61632152.0,81.22
forecast_daily,2026.0,5.0,,2026-05,KIDBIKE_2,Xe trẻ em N2,,,,,,T5/2026,,,,,,,,,,,,,,,,,,,,,,,,,,,,,,,,,,,,,,,,,,,,,,,,,2026-05-27,17287183.107293904,0.0,48555938.29484806,0.0,forecast,1.0,61632152.0,81.22
forecast_daily,2026.0,5.0,,2026-05,KIDBIKE_2,Xe trẻ em N2,,,,,,T5/2026,,,,,,,,,,,,,,,,,,,,,,,,,,,,,,,,,,,,,,,,,,,,,,,,,2026-05-28,24083220.930531245,0.0,56481527.79523026,0.0,forecast,1.0,61632152.0,81.22
forecast_daily,2026.0,5.0,,2026-05,KIDBIKE_2,Xe trẻ em N2,,,,,,T5/2026,,,,,,,,,,,,,,,,,,,,,,,,,,,,,,,,,,,,,,,,,,,,,,,,,2026-05-29,25328271.78162735,0.0,58413703.97779641,0.0,forecast,1.0,61632152.0,81.22
forecast_daily,2026.0,5.0,,2026-05,KIDBIKE_2,Xe trẻ em N2,,,,,,T5/2026,,,,,,,,,,,,,,,,,,,,,,,,,,,,,,,,,,,,,,,,,,,,,,,,,2026-05-30,36907001.18912308,2460507.442690765,71734976.55994013,0.0,forecast,1.0,61632152.0,81.22
forecast_daily,2026.0,5.0,,2026-05,KIDBIKE_2,Xe trẻ em N2,,,,,,T5/2026,,,,,,,,,,,,,,,,,,,,,,,,,,,,,,,,,,,,,,,,,,,,,,,,,2026-05-31,816352182.3362467,783328155.8992492,850539220.1110264,0.0,forecast,1.0,61632152.0,81.22
forecast_daily,2026.0,6.0,,2026-06,KIDBIKE_2,Xe trẻ em N2,,,,,,T6/2026,,,,,,,,,,,,,,,,,,,,,,,,,,,,,,,,,,,,,,,,,,,,,,,,,2026-06-01,21067057.89628648,0.0,53895801.48944119,0.0,forecast,1.0,61632152.0,81.22
forecast_daily,2026.0,6.0,,2026-06,KIDBIKE_2,Xe trẻ em N2,,,,,,T6/2026,,,,,,,,,,,,,,,,,,,,,,,,,,,,,,,,,,,,,,,,,,,,,,,,,2026-06-02,30049477.744179927,0.0,63660879.77102852,0.0,forecast,1.0,61632152.0,81.22
forecast_daily,2026.0,6.0,,2026-06,KIDBIKE_2,Xe trẻ em N2,,,,,,T6/2026,,,,,,,,,,,,,,,,,,,,,,,,,,,,,,,,,,,,,,,,,,,,,,,,,2026-06-03,17242185.15955349,0.0,49262956.6608031,0.0,forecast,1.0,61632152.0,81.22
forecast_daily,2026.0,6.0,,2026-06,KIDBIKE_2,Xe trẻ em N2,,,,,,T6/2026,,,,,,,,,,,,,,,,,,,,,,,,,,,,,,,,,,,,,,,,,,,,,,,,,2026-06-04,24020515.06486027,0.0,57974351.387018904,0.0,forecast,1.0,61632152.0,81.22
forecast_daily,2026.0,6.0,,2026-06,KIDBIKE_2,Xe trẻ em N2,,,,,,T6/2026,,,,,,,,,,,,,,,,,,,,,,,,,,,,,,,,,,,,,,,,,,,,,,,,,2026-06-05,25262305.162793063,0.0,56648485.54111781,0.0,forecast,1.0,61632152.0,81.22
forecast_daily,2026.0,6.0,,2026-06,KIDBIKE_2,Xe trẻ em N2,,,,,,T6/2026,,,,,,,,,,,,,,,,,,,,,,,,,,,,,,,,,,,,,,,,,,,,,,,,,2026-06-06,36810850.49134219,4231456.0695589855,70447242.31023496,0.0,forecast,1.0,61632152.0,81.22
forecast_daily,2026.0,6.0,,2026-06,KIDBIKE_2,Xe trẻ em N2,,,,,,T6/2026,,,,,,,,,,,,,,,,,,,,,,,,,,,,,,,,,,,,,,,,,,,,,,,,,2026-06-07,814224796.7408777,781720590.2155516,846890409.3988432,0.0,forecast,1.0,61632152.0,81.22
forecast_daily,2026.0,6.0,,2026-06,KIDBIKE_2,Xe trẻ em N2,,,,,,T6/2026,,,,,,,,,,,,,,,,,,,,,,,,,,,,,,,,,,,,,,,,,,,,,,,,,2026-06-08,21012142.0765683,0.0,55771438.551026165,0.0,forecast,1.0,61632152.0,81.22
forecast_daily,2026.0,6.0,,2026-06,KIDBIKE_2,Xe trẻ em N2,,,,,,T6/2026,,,,,,,,,,,,,,,,,,,,,,,,,,,,,,,,,,,,,,,,,,,,,,,,,2026-06-09,29971124.789188504,0.0,63623176.86748234,0.0,forecast,1.0,61632152.0,81.22
forecast_daily,2026.0,6.0,,2026-06,KIDBIKE_2,Xe trẻ em N2,,,,,,T6/2026,,,,,,,,,,,,,,,,,,,,,,,,,,,,,,,,,,,,,,,,,,,,,,,,,2026-06-10,17197213.842974782,0.0,51670961.31372281,0.0,forecast,1.0,61632152.0,81.22
forecast_daily,2026.0,6.0,,2026-06,KIDBIKE_2,Xe trẻ em N2,,,,,,T6/2026,,,,,,,,,,,,,,,,,,,,,,,,,,,,,,,,,,,,,,,,,,,,,,,,,2026-06-11,23957846.40748197,0.0,56603032.017326154,0.0,forecast,1.0,61632152.0,81.22
forecast_daily,2026.0,6.0,,2026-06,KIDBIKE_2,Xe trẻ em N2,,,,,,T6/2026,,,,,,,,,,,,,,,,,,,,,,,,,,,,,,,,,,,,,,,,,,,,,,,,,2026-06-12,25196377.787770618,0.0,57455299.74419215,0.0,forecast,1.0,61632152.0,81.22
forecast_daily,2026.0,6.0,,2026-06,KIDBIKE_2,Xe trẻ em N2,,,,,,T6/2026,,,,,,,,,,,,,,,,,,,,,,,,,,,,,,,,,,,,,,,,,,,,,,,,,2026-06-13,36714757.13716082,6600868.962930757,71026849.74780287,0.0,forecast,1.0,61632152.0,81.22
forecast_daily,2026.0,6.0,,2026-06,KIDBIKE_2,Xe trẻ em N2,,,,,,T6/2026,,,,,,,,,,,,,,,,,,,,,,,,,,,,,,,,,,,,,,,,,,,,,,,,,2026-06-14,812098683.1318288,780322043.4838448,845353295.4269322,0.0,forecast,1.0,61632152.0,81.22
forecast_daily,2026.0,6.0,,2026-06,KIDBIKE_2,Xe trẻ em N2,,,,,,T6/2026,,,,,,,,,,,,,,,,,,,,,,,,,,,,,,,,,,,,,,,,,,,,,,,,,2026-06-15,20957259.17340469,0.0,54474404.457207076,0.0,forecast,1.0,61632152.0,81.22
forecast_daily,2026.0,6.0,,2026-06,KIDBIKE_2,Xe trẻ em N2,,,,,,T6/2026,,,,,,,,,,,,,,,,,,,,,,,,,,,,,,,,,,,,,,,,,,,,,,,,,2026-06-16,29892818.916355446,0.0,62074401.82037547,0.0,forecast,1.0,61632152.0,81.22
forecast_daily,2026.0,6.0,,2026-06,KIDBIKE_2,Xe trẻ em N2,,,,,,T6/2026,,,,,,,,,,,,,,,,,,,,,,,,,,,,,,,,,,,,,,,,,,,,,,,,,2026-06-17,17152269.61853429,0.0,47611671.31531403,0.0,forecast,1.0,61632152.0,81.22
forecast_daily,2026.0,6.0,,2026-06,KIDBIKE_2,Xe trẻ em N2,,,,,,T6/2026,,,,,,,,,,,,,,,,,,,,,,,,,,,,,,,,,,,,,,,,,,,,,,,,,2026-06-18,23895215.598412972,0.0,56016653.82752575,0.0,forecast,1.0,61632152.0,81.22
forecast_daily,2026.0,6.0,,2026-06,KIDBIKE_2,Xe trẻ em N2,,,,,,T6/2026,,,,,,,,,,,,,,,,,,,,,,,,,,,,,,,,,,,,,,,,,,,,,,,,,2026-06-19,25130490.32657644,0.0,56896956.97286456,0.0,forecast,1.0,61632152.0,81.22
forecast_daily,2026.0,6.0,,2026-06,KIDBIKE_2,Xe trẻ em N2,,,,,,T6/2026,,,,,,,,,,,,,,,,,,,,,,,,,,,,,,,,,,,,,,,,,,,,,,,,,2026-06-20,36618722.10178977,3654390.771745414,69374428.1771997,0.0,forecast,1.0,61632152.0,81.22
forecast_daily,2026.0,6.0,,2026-06,KIDBIKE_2,Xe trẻ em N2,,,,,,T6/2026,,,,,,,,,,,,,,,,,,,,,,,,,,,,,,,,,,,,,,,,,,,,,,,,,2026-06-21,809973863.0962498,779146043.3595054,844204426.6048769,0.0,forecast,1.0,61632152.0,81.22
forecast_daily,2026.0,6.0,,2026-06,KIDBIKE_2,Xe trẻ em N2,,,,,,T6/2026,,,,,,,,,,,,,,,,,,,,,,,,,,,,,,,,,,,,,,,,,,,,,,,,,2026-06-22,20902409.745248333,0.0,56234545.38828682,0.0,forecast,1.0,61632152.0,81.22
forecast_daily,2026.0,6.0,,2026-06,KIDBIKE_2,Xe trẻ em N2,,,,,,T6/2026,,,,,,,,,,,,,,,,,,,,,,,,,,,,,,,,,,,,,,,,,,,,,,,,,2026-06-23,29814560.921669673,0.0,63735643.8301236,0.0,forecast,1.0,61632152.0,81.22
forecast_daily,2026.0,6.0,,2026-06,KIDBIKE_2,Xe trẻ em N2,,,,,,T6/2026,,,,,,,,,,,,,,,,,,,,,,,,,,,,,,,,,,,,,,,,,,,,,,,,,2026-06-24,17107352.942399148,0.0,52514160.06080212,0.0,forecast,1.0,61632152.0,81.22
forecast_daily,2026.0,6.0,,2026-06,KIDBIKE_2,Xe trẻ em N2,,,,,,T6/2026,,,,,,,,,,,,,,,,,,,,,,,,,,,,,,,,,,,,,,,,,,,,,,,,,2026-06-25,23832623.268093128,0.0,56972176.552845925,0.0,forecast,1.0,61632152.0,81.22
forecast_daily,2026.0,6.0,,2026-06,KIDBIKE_2,Xe trẻ em N2,,,,,,T6/2026,,,,,,,,,,,,,,,,,,,,,,,,,,,,,,,,,,,,,,,,,,,,,,,,,2026-06-26,25064643.445862565,0.0,58520005.50449839,0.0,forecast,1.0,61632152.0,81.22
forecast_daily,2026.0,6.0,,2026-06,KIDBIKE_2,Xe trẻ em N2,,,,,,T6/2026,,,,,,,,,,,,,,,,,,,,,,,,,,,,,,,,,,,,,,,,,,,,,,,,,2026-06-27,36522746.36464096,3238990.6029477534,70349930.97722034,0.0,forecast,1.0,61632152.0,81.22
forecast_daily,2026.0,6.0,,2026-06,KIDBIKE_2,Xe trẻ em N2,,,,,,T6/2026,,,,,,,,,,,,,,,,,,,,,,,,,,,,,,,,,,,,,,,,,,,,,,,,,2026-06-28,807850358.1676515,775530935.5578771,840857435.7436599,0.0,forecast,1.0,61632152.0,81.22
forecast_daily,2026.0,6.0,,2026-06,KIDBIKE_2,Xe trẻ em N2,,,,,,T6/2026,,,,,,,,,,,,,,,,,,,,,,,,,,,,,,,,,,,,,,,,,,,,,,,,,2026-06-29,20847594.34645277,0.0,53449840.99384635,0.0,forecast,1.0,61632152.0,81.22
forecast_daily,2026.0,6.0,,2026-06,KIDBIKE_2,Xe trẻ em N2,,,,,,T6/2026,,,,,,,,,,,,,,,,,,,,,,,,,,,,,,,,,,,,,,,,,,,,,,,,,2026-06-30,29736351.597610395,0.0,63358973.412452705,0.0,forecast,1.0,61632152.0,81.22
forecast_daily,2025.0,1.0,,2025-01,SPORTBIKE_A,Thể thao nhôm,,,,,,T1/2025,,,,,,,,,,,,,,,,,,,,,,,,,,,,,,,,,,,,,,,,,,,,,,,,,2025-01-08,41770134.03476963,0.0,128320463.5560649,47088889.0,train,0.0,12408415.0,58.77
forecast_daily,2025.0,1.0,,2025-01,SPORTBIKE_A,Thể thao nhôm,,,,,,T1/2025,,,,,,,,,,,,,,,,,,,,,,,,,,,,,,,,,,,,,,,,,,,,,,,,,2025-01-10,56786039.47553996,0.0,148376247.25389934,10750000.0,train,0.0,12408415.0,58.77
forecast_daily,2025.0,1.0,,2025-01,SPORTBIKE_A,Thể thao nhôm,,,,,,T1/2025,,,,,,,,,,,,,,,,,,,,,,,,,,,,,,,,,,,,,,,,,,,,,,,,,2025-01-13,81823969.7891536,0.0,176706007.16687137,16113215.0,train,0.0,12408415.0,58.77
forecast_daily,2025.0,1.0,,2025-01,SPORTBIKE_A,Thể thao nhôm,,,,,,T1/2025,,,,,,,,,,,,,,,,,,,,,,,,,,,,,,,,,,,,,,,,,,,,,,,,,2025-01-16,40733888.55781512,0.0,123000608.77284563,8133334.0,train,0.0,12408415.0,58.77
forecast_daily,2025.0,1.0,,2025-01,SPORTBIKE_A,Thể thao nhôm,,,,,,T1/2025,,,,,,,,,,,,,,,,,,,,,,,,,,,,,,,,,,,,,,,,,,,,,,,,,2025-01-20,81569203.00643402,0.0,169483519.87195915,14981481.0,train,0.0,12408415.0,58.77
forecast_daily,2025.0,1.0,,2025-01,SPORTBIKE_A,Thể thao nhôm,,,,,,T1/2025,,,,,,,,,,,,,,,,,,,,,,,,,,,,,,,,,,,,,,,,,,,,,,,,,2025-01-22,41515007.866385885,0.0,127221622.22469775,16361111.0,train,0.0,12408415.0,58.77
forecast_daily,2025.0,1.0,,2025-01,SPORTBIKE_A,Thể thao nhôm,,,,,,T1/2025,,,,,,,,,,,,,,,,,,,,,,,,,,,,,,,,,,,,,,,,,,,,,,,,,2025-01-23,40602220.29665331,0.0,126946469.77392484,18111112.0,train,0.0,12408415.0,58.77
forecast_daily,2025.0,2.0,,2025-02,SPORTBIKE_A,Thể thao nhôm,,,,,,T2/2025,,,,,,,,,,,,,,,,,,,,,,,,,,,,,,,,,,,,,,,,,,,,,,,,,2025-02-07,56009938.201007016,0.0,140552030.2769654,59728702.0,train,0.0,12408415.0,58.77
forecast_daily,2025.0,2.0,,2025-02,SPORTBIKE_A,Thể thao nhôm,,,,,,T2/2025,,,,,,,,,,,,,,,,,,,,,,,,,,,,,,,,,,,,,,,,,,,,,,,,,2025-02-10,80663415.45837815,0.0,170094288.47632632,47930300.0,train,0.0,12408415.0,58.77
forecast_daily,2025.0,2.0,,2025-02,SPORTBIKE_A,Thể thao nhôm,,,,,,T2/2025,,,,,,,,,,,,,,,,,,,,,,,,,,,,,,,,,,,,,,,,,,,,,,,,,2025-02-14,55772104.12696656,0.0,140436880.9955232,48779290.0,train,0.0,12408415.0,58.77
forecast_daily,2025.0,2.0,,2025-02,SPORTBIKE_A,Thể thao nhôm,,,,,,T2/2025,,,,,,,,,,,,,,,,,,,,,,,,,,,,,,,,,,,,,,,,,,,,,,,,,2025-02-17,80308010.04868697,0.0,173944744.46308592,110963215.0,train,0.0,12408415.0,58.77
forecast_daily,2025.0,2.0,,2025-02,SPORTBIKE_A,Thể thao nhôm,,,,,,T2/2025,,,,,,,,,,,,,,,,,,,,,,,,,,,,,,,,,,,,,,,,,,,,,,,,,2025-02-19,40857145.237105206,0.0,133244065.17230925,24494359.0,train,0.0,12408415.0,58.77
forecast_daily,2025.0,2.0,,2025-02,SPORTBIKE_A,Thể thao nhôm,,,,,,T2/2025,,,,,,,,,,,,,,,,,,,,,,,,,,,,,,,,,,,,,,,,,,,,,,,,,2025-02-20,39950874.079997666,0.0,122282885.45590763,24958501.0,train,0.0,12408415.0,58.77
forecast_daily,2025.0,2.0,,2025-02,SPORTBIKE_A,Thể thao nhôm,,,,,,T2/2025,,,,,,,,,,,,,,,,,,,,,,,,,,,,,,,,,,,,,,,,,,,,,,,,,2025-02-21,55513997.24246806,0.0,143088285.2190826,9011361.0,train,0.0,12408415.0,58.77
forecast_daily,2025.0,2.0,,2025-02,SPORTBIKE_A,Thể thao nhôm,,,,,,T2/2025,,,,,,,,,,,,,,,,,,,,,,,,,,,,,,,,,,,,,,,,,,,,,,,,,2025-02-22,88290556.12541719,1740292.2172178999,177380539.72631294,110766075.0,train,0.0,12408415.0,58.77
forecast_daily,2025.0,2.0,,2025-02,SPORTBIKE_A,Thể thao nhôm,,,,,,T2/2025,,,,,,,,,,,,,,,,,,,,,,,,,,,,,,,,,,,,,,,,,,,,,,,,,2025-02-25,152140907.58316177,69201016.6166694,242470087.47476164,4527778.0,train,0.0,12408415.0,58.77
forecast_daily,2025.0,2.0,,2025-02,SPORTBIKE_A,Thể thao nhôm,,,,,,T2/2025,,,,,,,,,,,,,,,,,,,,,,,,,,,,,,,,,,,,,,,,,,,,,,,,,2025-02-26,40656126.591031864,0.0,131288428.35764317,9922643.0,train,0.0,12408415.0,58.77
forecast_daily,2025.0,3.0,,2025-03,SPORTBIKE_A,Thể thao nhôm,,,,,,T3/2025,,,,,,,,,,,,,,,,,,,,,,,,,,,,,,,,,,,,,,,,,,,,,,,,,2025-03-06,39536293.727349214,0.0,129434748.51279296,7490741.0,train,0.0,12408415.0,58.77
forecast_daily,2025.0,3.0,,2025-03,SPORTBIKE_A,Thể thao nhôm,,,,,,T3/2025,,,,,,,,,,,,,,,,,,,,,,,,,,,,,,,,,,,,,,,,,,,,,,,,,2025-03-10,79051844.49981974,0.0,169153313.8611139,2400000.0,train,0.0,12408415.0,58.77
forecast_daily,2025.0,3.0,,2025-03,SPORTBIKE_A,Thể thao nhôm,,,,,,T3/2025,,,,,,,,,,,,,,,,,,,,,,,,,,,,,,,,,,,,,,,,,,,,,,,,,2025-03-13,39302887.36480074,0.0,130682927.54137132,69727776.0,train,0.0,12408415.0,58.77
forecast_daily,2025.0,3.0,,2025-03,SPORTBIKE_A,Thể thao nhôm,,,,,,T3/2025,,,,,,,,,,,,,,,,,,,,,,,,,,,,,,,,,,,,,,,,,,,,,,,,,2025-03-14,54602650.27559418,0.0,141411140.86601704,4300000.0,train,0.0,12408415.0,58.77
forecast_daily,2025.0,3.0,,2025-03,SPORTBIKE_A,Thể thao nhôm,,,,,,T3/2025,,,,,,,,,,,,,,,,,,,,,,,,,,,,,,,,,,,,,,,,,,,,,,,,,2025-03-17,78562103.83893225,0.0,161916289.54584068,248566818.0,train,0.0,12408415.0,58.77
forecast_daily,2025.0,3.0,,2025-03,SPORTBIKE_A,Thể thao nhôm,,,,,,T3/2025,,,,,,,,,,,,,,,,,,,,,,,,,,,,,,,,,,,,,,,,,,,,,,,,,2025-03-18,149520036.67034286,58928999.50596211,235350410.32740027,34863890.0,train,0.0,12408415.0,58.77
forecast_daily,2025.0,3.0,,2025-03,SPORTBIKE_A,Thể thao nhôm,,,,,,T3/2025,,,,,,,,,,,,,,,,,,,,,,,,,,,,,,,,,,,,,,,,,,,,,,,,,2025-03-19,39947294.906329595,0.0,120946203.88267662,96900619.0,train,0.0,12408415.0,58.77
forecast_daily,2025.0,3.0,,2025-03,SPORTBIKE_A,Thể thao nhôm,,,,,,T3/2025,,,,,,,,,,,,,,,,,,,,,,,,,,,,,,,,,,,,,,,,,,,,,,,,,2025-03-20,39050463.110849366,0.0,126629200.85733296,102659149.0,train,0.0,12408415.0,58.77
forecast_daily,2025.0,3.0,,2025-03,SPORTBIKE_A,Thể thao nhôm,,,,,,T3/2025,,,,,,,,,,,,,,,,,,,,,,,,,,,,,,,,,,,,,,,,,,,,,,,,,2025-03-21,54247732.3818314,0.0,148646396.56322262,89324002.0,train,0.0,12408415.0,58.77
forecast_daily,2025.0,3.0,,2025-03,SPORTBIKE_A,Thể thao nhôm,,,,,,T3/2025,,,,,,,,,,,,,,,,,,,,,,,,,,,,,,,,,,,,,,,,,,,,,,,,,2025-03-22,86252393.63394955,0.0,170197381.31865487,138907792.0,train,0.0,12408415.0,58.77
forecast_daily,2025.0,3.0,,2025-03,SPORTBIKE_A,Thể thao nhôm,,,,,,T3/2025,,,,,,,,,,,,,,,,,,,,,,,,,,,,,,,,,,,,,,,,,,,,,,,,,2025-03-24,78032782.52522172,0.0,163952988.55499965,176868179.0,train,0.0,12408415.0,58.77
forecast_daily,2025.0,3.0,,2025-03,SPORTBIKE_A,Thể thao nhôm,,,,,,T3/2025,,,,,,,,,,,,,,,,,,,,,,,,,,,,,,,,,,,,,,,,,,,,,,,,,2025-03-25,148500523.92106727,62817035.18233142,244102284.16836947,424035577.0,train,0.0,12408415.0,58.77
forecast_daily,2025.0,3.0,,2025-03,SPORTBIKE_A,Thể thao nhôm,,,,,,T3/2025,,,,,,,,,,,,,,,,,,,,,,,,,,,,,,,,,,,,,,,,,,,,,,,,,2025-03-26,39671642.138462424,0.0,126907820.04361019,49165698.0,train,0.0,12408415.0,58.77
forecast_daily,2025.0,3.0,,2025-03,SPORTBIKE_A,Thể thao nhôm,,,,,,T3/2025,,,,,,,,,,,,,,,,,,,,,,,,,,,,,,,,,,,,,,,,,,,,,,,,,2025-03-27,38777767.878740236,0.0,130951564.94040209,50741630.0,train,0.0,12408415.0,58.77
forecast_daily,2025.0,3.0,,2025-03,SPORTBIKE_A,Thể thao nhôm,,,,,,T3/2025,,,,,,,,,,,,,,,,,,,,,,,,,,,,,,,,,,,,,,,,,,,,,,,,,2025-03-28,53864374.941700496,0.0,149464494.80641323,169282445.0,train,0.0,12408415.0,58.77
forecast_daily,2025.0,3.0,,2025-03,SPORTBIKE_A,Thể thao nhôm,,,,,,T3/2025,,,,,,,,,,,,,,,,,,,,,,,,,,,,,,,,,,,,,,,,,,,,,,,,,2025-03-29,85635572.86546187,0.0,173192697.4715333,13972643.0,train,0.0,12408415.0,58.77
forecast_daily,2025.0,3.0,,2025-03,SPORTBIKE_A,Thể thao nhôm,,,,,,T3/2025,,,,,,,,,,,,,,,,,,,,,,,,,,,,,,,,,,,,,,,,,,,,,,,,,2025-03-31,77461331.07719237,0.0,165311843.89807308,27950000.0,train,0.0,12408415.0,58.77
forecast_daily,2026.0,1.0,,2026-01,SPORTBIKE_A,Thể thao nhôm,,,,,,T1/2026,,,,,,,,,,,,,,,,,,,,,,,,,,,,,,,,,,,,,,,,,,,,,,,,,2026-01-12,17622712.68339499,0.0,106791268.75135393,7992777.0,train,0.0,12408415.0,58.77
forecast_daily,2026.0,1.0,,2026-01,SPORTBIKE_A,Thể thao nhôm,,,,,,T1/2026,,,,,,,,,,,,,,,,,,,,,,,,,,,,,,,,,,,,,,,,,,,,,,,,,2026-01-13,33227882.909818657,0.0,127653870.98332149,10657036.0,train,0.0,12408415.0,58.77
forecast_daily,2026.0,1.0,,2026-01,SPORTBIKE_A,Thể thao nhôm,,,,,,T1/2026,,,,,,,,,,,,,,,,,,,,,,,,,,,,,,,,,,,,,,,,,,,,,,,,,2026-01-19,16390769.732992796,0.0,110392748.35531302,18649813.0,train,0.0,12408415.0,58.77
forecast_daily,2026.0,1.0,,2026-01,SPORTBIKE_A,Thể thao nhôm,,,,,,T1/2026,,,,,,,,,,,,,,,,,,,,,,,,,,,,,,,,,,,,,,,,,,,,,,,,,2026-01-22,7917341.552993815,0.0,100374237.82842284,2664259.0,train,0.0,12408415.0,58.77
forecast_daily,2026.0,1.0,,2026-01,SPORTBIKE_A,Thể thao nhôm,,,,,,T1/2026,,,,,,,,,,,,,,,,,,,,,,,,,,,,,,,,,,,,,,,,,,,,,,,,,2026-01-23,10893765.039635275,0.0,103717262.75422312,10657036.0,train,0.0,12408415.0,58.77
forecast_daily,2026.0,1.0,,2026-01,SPORTBIKE_A,Thể thao nhôm,,,,,,T1/2026,,,,,,,,,,,,,,,,,,,,,,,,,,,,,,,,,,,,,,,,,,,,,,,,,2026-01-24,17155557.004503854,0.0,108970723.82160565,2664259.0,train,0.0,12408415.0,58.77
forecast_daily,2026.0,1.0,,2026-01,SPORTBIKE_A,Thể thao nhôm,,,,,,T1/2026,,,,,,,,,,,,,,,,,,,,,,,,,,,,,,,,,,,,,,,,,,,,,,,,,2026-01-26,15225372.741056541,0.0,95908289.9295975,10657036.0,train,0.0,12408415.0,58.77
forecast_daily,2026.0,1.0,,2026-01,SPORTBIKE_A,Thể thao nhôm,,,,,,T1/2026,,,,,,,,,,,,,,,,,,,,,,,,,,,,,,,,,,,,,,,,,,,,,,,,,2026-01-27,28697167.95401042,0.0,117454468.74045889,7992777.0,train,0.0,12408415.0,58.77
forecast_daily,2026.0,1.0,,2026-01,SPORTBIKE_A,Thể thao nhôm,,,,,,T1/2026,,,,,,,,,,,,,,,,,,,,,,,,,,,,,,,,,,,,,,,,,,,,,,,,,2026-01-28,7592871.639181325,0.0,99024251.1785965,18649813.0,train,0.0,12408415.0,58.77
forecast_daily,2026.0,1.0,,2026-01,SPORTBIKE_A,Thể thao nhôm,,,,,,T1/2026,,,,,,,,,,,,,,,,,,,,,,,,,,,,,,,,,,,,,,,,,,,,,,,,,2026-01-31,15921856.899125783,0.0,103220610.86794575,6400000.0,train,0.0,12408415.0,58.77
forecast_daily,2026.0,2.0,,2026-02,SPORTBIKE_A,Thể thao nhôm,,,,,,T2/2026,,,,,,,,,,,,,,,,,,,,,,,,,,,,,,,,,,,,,,,,,,,,,,,,,2026-02-01,1170822109.8705761,1077516987.1323035,1257760900.0569263,0.0,test,0.0,12408415.0,58.77
forecast_daily,2026.0,2.0,,2026-02,SPORTBIKE_A,Thể thao nhôm,,,,,,T2/2026,,,,,,,,,,,,,,,,,,,,,,,,,,,,,,,,,,,,,,,,,,,,,,,,,2026-02-02,14125678.422506427,0.0,104512593.97345565,0.0,test,0.0,12408415.0,58.77
forecast_daily,2026.0,2.0,,2026-02,SPORTBIKE_A,Thể thao nhôm,,,,,,T2/2026,,,,,,,,,,,,,,,,,,,,,,,,,,,,,,,,,,,,,,,,,,,,,,,,,2026-02-03,26619971.99479672,0.0,108547445.05944464,0.0,test,0.0,12408415.0,58.77
forecast_daily,2026.0,2.0,,2026-02,SPORTBIKE_A,Thể thao nhôm,,,,,,T2/2026,,,,,,,,,,,,,,,,,,,,,,,,,,,,,,,,,,,,,,,,,,,,,,,,,2026-02-04,7042103.490752106,0.0,101338605.92122756,0.0,test,0.0,12408415.0,58.77
forecast_daily,2026.0,2.0,,2026-02,SPORTBIKE_A,Thể thao nhôm,,,,,,T2/2026,,,,,,,,,,,,,,,,,,,,,,,,,,,,,,,,,,,,,,,,,,,,,,,,,2026-02-05,6816210.979164215,0.0,87697690.2136013,0.0,test,0.0,12408415.0,58.77
forecast_daily,2026.0,2.0,,2026-02,SPORTBIKE_A,Thể thao nhôm,,,,,,T2/2026,,,,,,,,,,,,,,,,,,,,,,,,,,,,,,,,,,,,,,,,,,,,,,,,,2026-02-06,9375519.793119865,0.0,101381604.14218938,26644995.0,test,0.0,12408415.0,58.77
forecast_daily,2026.0,2.0,,2026-02,SPORTBIKE_A,Thể thao nhôm,,,,,,T2/2026,,,,,,,,,,,,,,,,,,,,,,,,,,,,,,,,,,,,,,,,,,,,,,,,,2026-02-07,14759685.938693233,0.0,101587741.28721258,0.0,test,0.0,12408415.0,58.77
forecast_daily,2026.0,2.0,,2026-02,SPORTBIKE_A,Thể thao nhôm,,,,,,T2/2026,,,,,,,,,,,,,,,,,,,,,,,,,,,,,,,,,,,,,,,,,,,,,,,,,2026-02-08,1085186931.6374435,996425377.8207322,1174639822.5185642,0.0,test,0.0,12408415.0,58.77
forecast_daily,2026.0,2.0,,2026-02,SPORTBIKE_A,Thể thao nhôm,,,,,,T2/2026,,,,,,,,,,,,,,,,,,,,,,,,,,,,,,,,,,,,,,,,,,,,,,,,,2026-02-09,13090426.67124264,0.0,103138429.4137164,0.0,test,0.0,12408415.0,58.77
forecast_daily,2026.0,2.0,,2026-02,SPORTBIKE_A,Thể thao nhôm,,,,,,T2/2026,,,,,,,,,,,,,,,,,,,,,,,,,,,,,,,,,,,,,,,,,,,,,,,,,2026-02-10,24665137.08311035,0.0,112392496.28445259,0.0,test,0.0,12408415.0,58.77
forecast_daily,2026.0,2.0,,2026-02,SPORTBIKE_A,Thể thao nhôm,,,,,,T2/2026,,,,,,,,,,,,,,,,,,,,,,,,,,,,,,,,,,,,,,,,,,,,,,,,,2026-02-11,6523946.596192511,0.0,96934985.91738227,4527778.0,test,0.0,12408415.0,58.77
forecast_daily,2026.0,2.0,,2026-02,SPORTBIKE_A,Thể thao nhôm,,,,,,T2/2026,,,,,,,,,,,,,,,,,,,,,,,,,,,,,,,,,,,,,,,,,,,,,,,,,2026-02-12,6313696.104439888,0.0,96704772.75560442,0.0,test,0.0,12408415.0,58.77
forecast_daily,2026.0,2.0,,2026-02,SPORTBIKE_A,Thể thao nhôm,,,,,,T2/2026,,,,,,,,,,,,,,,,,,,,,,,,,,,,,,,,,,,,,,,,,,,,,,,,,2026-02-13,8682989.154534886,0.0,100160187.2656207,26642590.0,test,0.0,12408415.0,58.77
forecast_daily,2026.0,2.0,,2026-02,SPORTBIKE_A,Thể thao nhôm,,,,,,T2/2026,,,,,,,,,,,,,,,,,,,,,,,,,,,,,,,,,,,,,,,,,,,,,,,,,2026-02-14,13667367.42248983,0.0,104729422.4362653,0.0,test,0.0,12408415.0,58.77
forecast_daily,2026.0,2.0,,2026-02,SPORTBIKE_A,Thể thao nhôm,,,,,,T2/2026,,,,,,,,,,,,,,,,,,,,,,,,,,,,,,,,,,,,,,,,,,,,,,,,,2026-02-15,1004723941.8639569,909973922.3878572,1089846295.8705146,0.0,test,0.0,12408415.0,58.77
forecast_daily,2026.0,2.0,,2026-02,SPORTBIKE_A,Thể thao nhôm,,,,,,T2/2026,,,,,,,,,,,,,,,,,,,,,,,,,,,,,,,,,,,,,,,,,,,,,,,,,2026-02-16,12118002.343820196,0.0,102707938.1541547,0.0,test,0.0,12408415.0,58.77
forecast_daily,2026.0,2.0,,2026-02,SPORTBIKE_A,Thể thao nhôm,,,,,,T2/2026,,,,,,,,,,,,,,,,,,,,,,,,,,,,,,,,,,,,,,,,,,,,,,,,,2026-02-17,22829499.243233673,0.0,116696060.84585735,0.0,test,0.0,12408415.0,58.77
forecast_daily,2026.0,2.0,,2026-02,SPORTBIKE_A,Thể thao nhôm,,,,,,T2/2026,,,,,,,,,,,,,,,,,,,,,,,,,,,,,,,,,,,,,,,,,,,,,,,,,2026-02-18,6037532.160879273,0.0,92400625.4020811,0.0,test,0.0,12408415.0,58.77
forecast_daily,2026.0,2.0,,2026-02,SPORTBIKE_A,Thể thao nhôm,,,,,,T2/2026,,,,,,,,,,,,,,,,,,,,,,,,,,,,,,,,,,,,,,,,,,,,,,,,,2026-02-19,5842107.236129708,0.0,91418481.88207607,0.0,test,0.0,12408415.0,58.77
forecast_daily,2026.0,2.0,,2026-02,SPORTBIKE_A,Thể thao nhôm,,,,,,T2/2026,,,,,,,,,,,,,,,,,,,,,,,,,,,,,,,,,,,,,,,,,,,,,,,,,2026-02-20,8033272.143096248,0.0,100809347.68227002,0.0,test,0.0,12408415.0,58.77
forecast_daily,2026.0,2.0,,2026-02,SPORTBIKE_A,Thể thao nhôm,,,,,,T2/2026,,,,,,,,,,,,,,,,,,,,,,,,,,,,,,,,,,,,,,,,,,,,,,,,,2026-02-21,12642880.68227623,0.0,99093342.07571104,0.0,test,0.0,12408415.0,58.77
forecast_daily,2026.0,2.0,,2026-02,SPORTBIKE_A,Thể thao nhôm,,,,,,T2/2026,,,,,,,,,,,,,,,,,,,,,,,,,,,,,,,,,,,,,,,,,,,,,,,,,2026-02-22,929279686.2676712,849051138.8824462,1014675226.2374959,0.0,test,0.0,12408415.0,58.77
forecast_daily,2026.0,2.0,,2026-02,SPORTBIKE_A,Thể thao nhôm,,,,,,T2/2026,,,,,,,,,,,,,,,,,,,,,,,,,,,,,,,,,,,,,,,,,,,,,,,,,2026-02-23,11206495.454751434,0.0,97937041.54624434,0.0,test,0.0,12408415.0,58.77
forecast_daily,2026.0,2.0,,2026-02,SPORTBIKE_A,Thể thao nhôm,,,,,,T2/2026,,,,,,,,,,,,,,,,,,,,,,,,,,,,,,,,,,,,,,,,,,,,,,,,,2026-02-24,21109348.81634617,0.0,117364394.44798474,0.0,test,0.0,12408415.0,58.77
forecast_daily,2026.0,2.0,,2026-02,SPORTBIKE_A,Thể thao nhôm,,,,,,T2/2026,,,,,,,,,,,,,,,,,,,,,,,,,,,,,,,,,,,,,,,,,,,,,,,,,2026-02-25,5581849.68933162,0.0,88784690.03740895,0.0,test,0.0,12408415.0,58.77
forecast_daily,2026.0,2.0,,2026-02,SPORTBIKE_A,Thể thao nhôm,,,,,,T2/2026,,,,,,,,,,,,,,,,,,,,,,,,,,,,,,,,,,,,,,,,,,,,,,,,,2026-02-26,5400438.160960441,0.0,98118684.89775977,0.0,test,0.0,12408415.0,58.77
forecast_daily,2026.0,2.0,,2026-02,SPORTBIKE_A,Thể thao nhôm,,,,,,T2/2026,,,,,,,,,,,,,,,,,,,,,,,,,,,,,,,,,,,,,,,,,,,,,,,,,2026-02-27,7424946.0989077985,0.0,97471046.84728666,0.0,test,0.0,12408415.0,58.77
forecast_daily,2026.0,2.0,,2026-02,SPORTBIKE_A,Thể thao nhôm,,,,,,T2/2026,,,,,,,,,,,,,,,,,,,,,,,,,,,,,,,,,,,,,,,,,,,,,,,,,2026-02-28,11683925.368465412,0.0,95215509.46896489,0.0,test,0.0,12408415.0,58.77
forecast_daily,2026.0,3.0,,2026-03,SPORTBIKE_A,Thể thao nhôm,,,,,,T3/2026,,,,,,,,,,,,,,,,,,,,,,,,,,,,,,,,,,,,,,,,,,,,,,,,,2026-03-01,858680581.8593668,765647637.4199693,951214891.6938083,0.0,forecast,1.0,12408415.0,58.77
forecast_daily,2026.0,3.0,,2026-03,SPORTBIKE_A,Thể thao nhôm,,,,,,T3/2026,,,,,,,,,,,,,,,,,,,,,,,,,,,,,,,,,,,,,,,,,,,,,,,,,2026-03-02,10353758.512107112,0.0,104656097.50777858,0.0,forecast,1.0,12408415.0,58.77
forecast_daily,2026.0,3.0,,2026-03,SPORTBIKE_A,Thể thao nhôm,,,,,,T3/2026,,,,,,,,,,,,,,,,,,,,,,,,,,,,,,,,,,,,,,,,,,,,,,,,,2026-03-03,19500538.745525062,0.0,105753162.52408901,0.0,forecast,1.0,12408415.0,58.77
forecast_daily,2026.0,3.0,,2026-03,SPORTBIKE_A,Thể thao nhôm,,,,,,T3/2026,,,,,,,,,,,,,,,,,,,,,,,,,,,,,,,,,,,,,,,,,,,,,,,,,2026-03-04,5155775.720213541,0.0,94007796.73536514,0.0,forecast,1.0,12408415.0,58.77
forecast_daily,2026.0,3.0,,2026-03,SPORTBIKE_A,Thể thao nhôm,,,,,,T3/2026,,,,,,,,,,,,,,,,,,,,,,,,,,,,,,,,,,,,,,,,,,,,,,,,,2026-03-05,4987575.970088996,0.0,95449663.32081386,0.0,forecast,1.0,12408415.0,58.77
forecast_daily,2026.0,3.0,,2026-03,SPORTBIKE_A,Thể thao nhôm,,,,,,T3/2026,,,,,,,,,,,,,,,,,,,,,,,,,,,,,,,,,,,,,,,,,,,,,,,,,2026-03-06,6856445.313103416,0.0,97789684.53294624,0.0,forecast,1.0,12408415.0,58.77
forecast_daily,2026.0,3.0,,2026-03,SPORTBIKE_A,Thể thao nhôm,,,,,,T3/2026,,,,,,,,,,,,,,,,,,,,,,,,,,,,,,,,,,,,,,,,,,,,,,,,,2026-03-07,10787981.791891273,0.0,103370999.43439014,0.0,forecast,1.0,12408415.0,58.77
forecast_daily,2026.0,3.0,,2026-03,SPORTBIKE_A,Thể thao nhôm,,,,,,T3/2026,,,,,,,,,,,,,,,,,,,,,,,,,,,,,,,,,,,,,,,,,,,,,,,,,2026-03-08,792737355.0286599,700655433.1377976,880359299.0629851,0.0,forecast,1.0,12408415.0,58.77
forecast_daily,2026.0,3.0,,2026-03,SPORTBIKE_A,Thể thao nhôm,,,,,,T3/2026,,,,,,,,,,,,,,,,,,,,,,,,,,,,,,,,,,,,,,,,,,,,,,,,,2026-03-09,9557460.05570588,0.0,101657597.11899132,0.0,forecast,1.0,12408415.0,58.77
forecast_daily,2026.0,3.0,,2026-03,SPORTBIKE_A,Thể thao nhôm,,,,,,T3/2026,,,,,,,,,,,,,,,,,,,,,,,,,,,,,,,,,,,,,,,,,,,,,,,,,2026-03-10,17998585.42227351,0.0,115610637.750856,0.0,forecast,1.0,12408415.0,58.77
forecast_daily,2026.0,3.0,,2026-03,SPORTBIKE_A,Thể thao nhôm,,,,,,T3/2026,,,,,,,,,,,,,,,,,,,,,,,,,,,,,,,,,,,,,,,,,,,,,,,,,2026-03-11,4758100.439070742,0.0,99730883.22217877,0.0,forecast,1.0,12408415.0,58.77
forecast_daily,2026.0,3.0,,2026-03,SPORTBIKE_A,Thể thao nhôm,,,,,,T3/2026,,,,,,,,,,,,,,,,,,,,,,,,,,,,,,,,,,,,,,,,,,,,,,,,,2026-03-12,4602326.815245754,0.0,102113347.53886357,0.0,forecast,1.0,12408415.0,58.77
forecast_daily,2026.0,3.0,,2026-03,SPORTBIKE_A,Thể thao nhôm,,,,,,T3/2026,,,,,,,,,,,,,,,,,,,,,,,,,,,,,,,,,,,,,,,,,,,,,,,,,2026-03-13,6326096.3887488535,0.0,95096750.4045115,0.0,forecast,1.0,12408415.0,58.77
forecast_daily,2026.0,3.0,,2026-03,SPORTBIKE_A,Thể thao nhôm,,,,,,T3/2026,,,,,,,,,,,,,,,,,,,,,,,,,,,,,,,,,,,,,,,,,,,,,,,,,2026-03-14,9952366.517113075,0.0,100610923.01943077,0.0,forecast,1.0,12408415.0,58.77
forecast_daily,2026.0,3.0,,2026-03,SPORTBIKE_A,Thể thao nhôm,,,,,,T3/2026,,,,,,,,,,,,,,,,,,,,,,,,,,,,,,,,,,,,,,,,,,,,,,,,,2026-03-15,731249119.2507097,639272860.1597595,816920039.2464908,0.0,forecast,1.0,12408415.0,58.77
forecast_daily,2026.0,3.0,,2026-03,SPORTBIKE_A,Thể thao nhôm,,,,,,T3/2026,,,,,,,,,,,,,,,,,,,,,,,,,,,,,,,,,,,,,,,,,,,,,,,,,2026-03-16,8815133.71592629,0.0,104228985.08096956,0.0,forecast,1.0,12408415.0,58.77
forecast_daily,2026.0,3.0,,2026-03,SPORTBIKE_A,Thể thao nhôm,,,,,,T3/2026,,,,,,,,,,,,,,,,,,,,,,,,,,,,,,,,,,,,,,,,,,,,,,,,,2026-03-17,16598760.834738895,0.0,110742370.95070381,0.0,forecast,1.0,12408415.0,58.77
forecast_daily,2026.0,3.0,,2026-03,SPORTBIKE_A,Thể thao nhôm,,,,,,T3/2026,,,,,,,,,,,,,,,,,,,,,,,,,,,,,,,,,,,,,,,,,,,,,,,,,2026-03-18,4387552.0064222505,0.0,92125073.56682624,0.0,forecast,1.0,12408415.0,58.77
forecast_daily,2026.0,3.0,,2026-03,SPORTBIKE_A,Thể thao nhôm,,,,,,T3/2026,,,,,,,,,,,,,,,,,,,,,,,,,,,,,,,,,,,,,,,,,,,,,,,,,2026-03-19,4243439.347988651,0.0,95059175.3605721,0.0,forecast,1.0,12408415.0,58.77
forecast_daily,2026.0,3.0,,2026-03,SPORTBIKE_A,Thể thao nhôm,,,,,,T3/2026,,,,,,,,,,,,,,,,,,,,,,,,,,,,,,,,,,,,,,,,,,,,,,,,,2026-03-20,5832150.345991181,0.0,93640408.8767545,0.0,forecast,1.0,12408415.0,58.77
forecast_daily,2026.0,3.0,,2026-03,SPORTBIKE_A,Thể thao nhôm,,,,,,T3/2026,,,,,,,,,,,,,,,,,,,,,,,,,,,,,,,,,,,,,,,,,,,,,,,,,2026-03-21,9174282.660623968,0.0,101792966.12226342,0.0,forecast,1.0,12408415.0,58.77
forecast_daily,2026.0,3.0,,2026-03,SPORTBIKE_A,Thể thao nhôm,,,,,,T3/2026,,,,,,,,,,,,,,,,,,,,,,,,,,,,,,,,,,,,,,,,,,,,,,,,,2026-03-22,674007056.4311231,589787858.3398643,766306158.8414934,0.0,forecast,1.0,12408415.0,58.77
forecast_daily,2026.0,3.0,,2026-03,SPORTBIKE_A,Thể thao nhôm,,,,,,T3/2026,,,,,,,,,,,,,,,,,,,,,,,,,,,,,,,,,,,,,,,,,,,,,,,,,2026-03-23,8124222.401503174,0.0,99484081.24966091,0.0,forecast,1.0,12408415.0,58.77
forecast_daily,2026.0,3.0,,2026-03,SPORTBIKE_A,Thể thao nhôm,,,,,,T3/2026,,,,,,,,,,,,,,,,,,,,,,,,,,,,,,,,,,,,,,,,,,,,,,,,,2026-03-24,15296175.387033122,0.0,103705175.28944169,0.0,forecast,1.0,12408415.0,58.77
forecast_daily,2026.0,3.0,,2026-03,SPORTBIKE_A,Thể thao nhôm,,,,,,T3/2026,,,,,,,,,,,,,,,,,,,,,,,,,,,,,,,,,,,,,,,,,,,,,,,,,2026-03-25,4042818.3223765176,0.0,85881246.52185072,0.0,forecast,1.0,12408415.0,58.77
forecast_daily,2026.0,3.0,,2026-03,SPORTBIKE_A,Thể thao nhôm,,,,,,T3/2026,,,,,,,,,,,,,,,,,,,,,,,,,,,,,,,,,,,,,,,,,,,,,,,,,2026-03-26,3909625.6599383145,0.0,89318550.12555447,0.0,forecast,1.0,12408415.0,58.77
forecast_daily,2026.0,3.0,,2026-03,SPORTBIKE_A,Thể thao nhôm,,,,,,T3/2026,,,,,,,,,,,,,,,,,,,,,,,,,,,,,,,,,,,,,,,,,,,,,,,,,2026-03-27,5372811.247478473,0.0,94982799.82734808,0.0,forecast,1.0,12408415.0,58.77
forecast_daily,2026.0,3.0,,2026-03,SPORTBIKE_A,Thể thao nhôm,,,,,,T3/2026,,,,,,,,,,,,,,,,,,,,,,,,,,,,,,,,,,,,,,,,,,,,,,,,,2026-03-28,8450864.65412614,0.0,96077306.79079527,0.0,forecast,1.0,12408415.0,58.77
forecast_daily,2026.0,3.0,,2026-03,SPORTBIKE_A,Thể thao nhôm,,,,,,T3/2026,,,,,,,,,,,,,,,,,,,,,,,,,,,,,,,,,,,,,,,,,,,,,,,,,2026-03-29,620797684.5975481,538091204.9196697,711197838.111377,0.0,forecast,1.0,12408415.0,58.77
forecast_daily,2026.0,3.0,,2026-03,SPORTBIKE_A,Thể thao nhôm,,,,,,T3/2026,,,,,,,,,,,,,,,,,,,,,,,,,,,,,,,,,,,,,,,,,,,,,,,,,2026-03-30,7482117.412341893,0.0,96642391.06890705,0.0,forecast,1.0,12408415.0,58.77
forecast_daily,2026.0,3.0,,2026-03,SPORTBIKE_A,Thể thao nhôm,,,,,,T3/2026,,,,,,,,,,,,,,,,,,,,,,,,,,,,,,,,,,,,,,,,,,,,,,,,,2026-03-31,14085851.040626366,0.0,100691751.74374512,0.0,forecast,1.0,12408415.0,58.77
forecast_daily,2026.0,4.0,,2026-04,SPORTBIKE_A,Thể thao nhôm,,,,,,T4/2026,,,,,,,,,,,,,,,,,,,,,,,,,,,,,,,,,,,,,,,,,,,,,,,,,2026-04-01,3722566.211356308,0.0,98162193.09858967,0.0,forecast,1.0,12408415.0,58.77
forecast_daily,2026.0,4.0,,2026-04,SPORTBIKE_A,Thể thao nhôm,,,,,,T4/2026,,,,,,,,,,,,,,,,,,,,,,,,,,,,,,,,,,,,,,,,,,,,,,,,,2026-04-02,3599579.713707456,0.0,90166494.95539998,0.0,forecast,1.0,12408415.0,58.77
forecast_daily,2026.0,4.0,,2026-04,SPORTBIKE_A,Thể thao nhôm,,,,,,T4/2026,,,,,,,,,,,,,,,,,,,,,,,,,,,,,,,,,,,,,,,,,,,,,,,,,2026-04-03,4946261.310969416,0.0,87641136.76784712,0.0,forecast,1.0,12408415.0,58.77
forecast_daily,2026.0,4.0,,2026-04,SPORTBIKE_A,Thể thao nhôm,,,,,,T4/2026,,,,,,,,,,,,,,,,,,,,,,,,,,,,,,,,,,,,,,,,,,,,,,,,,2026-04-04,7779217.421517801,0.0,96622341.85407838,0.0,forecast,1.0,12408415.0,58.77
forecast_daily,2026.0,4.0,,2026-04,SPORTBIKE_A,Thể thao nhôm,,,,,,T4/2026,,,,,,,,,,,,,,,,,,,,,,,,,,,,,,,,,,,,,,,,,,,,,,,,,2026-04-05,571405710.090205,491084902.9652338,664292013.6078633,0.0,forecast,1.0,12408415.0,58.77
forecast_daily,2026.0,4.0,,2026-04,SPORTBIKE_A,Thể thao nhôm,,,,,,T4/2026,,,,,,,,,,,,,,,,,,,,,,,,,,,,,,,,,,,,,,,,,,,,,,,,,2026-04-06,6886192.523835226,0.0,93700773.82382637,0.0,forecast,1.0,12408415.0,58.77
forecast_daily,2026.0,4.0,,2026-04,SPORTBIKE_A,Thể thao nhôm,,,,,,T4/2026,,,,,,,,,,,,,,,,,,,,,,,,,,,,,,,,,,,,,,,,,,,,,,,,,2026-04-07,12962784.85473959,0.0,102046980.86938865,0.0,forecast,1.0,12408415.0,58.77
forecast_daily,2026.0,4.0,,2026-04,SPORTBIKE_A,Thể thao nhôm,,,,,,T4/2026,,,,,,,,,,,,,,,,,,,,,,,,,,,,,,,,,,,,,,,,,,,,,,,,,2026-04-08,3425458.0687526464,0.0,91732088.6421939,0.0,forecast,1.0,12408415.0,58.77
forecast_daily,2026.0,4.0,,2026-04,SPORTBIKE_A,Thể thao nhôm,,,,,,T4/2026,,,,,,,,,,,,,,,,,,,,,,,,,,,,,,,,,,,,,,,,,,,,,,,,,2026-04-09,3311993.2458329587,0.0,94272751.3546365,0.0,forecast,1.0,12408415.0,58.77
forecast_daily,2026.0,4.0,,2026-04,SPORTBIKE_A,Thể thao nhôm,,,,,,T4/2026,,,,,,,,,,,,,,,,,,,,,,,,,,,,,,,,,,,,,,,,,,,,,,,,,2026-04-10,4550682.553113622,0.0,90686822.62699048,0.0,forecast,1.0,12408415.0,58.77
forecast_daily,2026.0,4.0,,2026-04,SPORTBIKE_A,Thể thao nhôm,,,,,,T4/2026,,,,,,,,,,,,,,,,,,,,,,,,,,,,,,,,,,,,,,,,,,,,,,,,,2026-04-11,7156450.04873314,0.0,93269792.17190635,0.0,forecast,1.0,12408415.0,58.77
forecast_daily,2026.0,4.0,,2026-04,SPORTBIKE_A,Thể thao nhôm,,,,,,T4/2026,,,,,,,,,,,,,,,,,,,,,,,,,,,,,,,,,,,,,,,,,,,,,,,,,2026-04-12,525616474.6445663,437648869.6692518,614107181.7643728,0.0,forecast,1.0,12408415.0,58.77
forecast_daily,2026.0,4.0,,2026-04,SPORTBIKE_A,Thể thao nhôm,,,,,,T4/2026,,,,,,,,,,,,,,,,,,,,,,,,,,,,,,,,,,,,,,,,,,,,,,,,,2026-04-13,6333833.127552761,0.0,98246573.68718399,0.0,forecast,1.0,12408415.0,58.77
forecast_daily,2026.0,4.0,,2026-04,SPORTBIKE_A,Thể thao nhôm,,,,,,T4/2026,,,,,,,,,,,,,,,,,,,,,,,,,,,,,,,,,,,,,,,,,,,,,,,,,2026-04-14,11922003.224266034,0.0,99853241.09135437,0.0,forecast,1.0,12408415.0,58.77
forecast_daily,2026.0,4.0,,2026-04,SPORTBIKE_A,Thể thao nhôm,,,,,,T4/2026,,,,,,,,,,,,,,,,,,,,,,,,,,,,,,,,,,,,,,,,,,,,,,,,,2026-04-15,3150166.007028372,0.0,92277430.79489326,0.0,forecast,1.0,12408415.0,58.77
forecast_daily,2026.0,4.0,,2026-04,SPORTBIKE_A,Thể thao nhôm,,,,,,T4/2026,,,,,,,,,,,,,,,,,,,,,,,,,,,,,,,,,,,,,,,,,,,,,,,,,2026-04-16,3045569.2953627654,0.0,100475527.28730024,0.0,forecast,1.0,12408415.0,58.77
forecast_daily,2026.0,4.0,,2026-04,SPORTBIKE_A,Thể thao nhôm,,,,,,T4/2026,,,,,,,,,,,,,,,,,,,,,,,,,,,,,,,,,,,,,,,,,,,,,,,,,2026-04-17,4184275.1315590357,0.0,94751505.24056844,0.0,forecast,1.0,12408415.0,58.77
forecast_daily,2026.0,4.0,,2026-04,SPORTBIKE_A,Thể thao nhôm,,,,,,T4/2026,,,,,,,,,,,,,,,,,,,,,,,,,,,,,,,,,,,,,,,,,,,,,,,,,2026-04-18,6579704.251696345,0.0,93392826.1903218,0.0,forecast,1.0,12408415.0,58.77
forecast_daily,2026.0,4.0,,2026-04,SPORTBIKE_A,Thể thao nhôm,,,,,,T4/2026,,,,,,,,,,,,,,,,,,,,,,,,,,,,,,,,,,,,,,,,,,,,,,,,,2026-04-19,483218016.9962736,397639690.72275513,566285574.3320485,0.0,forecast,1.0,12408415.0,58.77
forecast_daily,2026.0,4.0,,2026-04,SPORTBIKE_A,Thể thao nhôm,,,,,,T4/2026,,,,,,,,,,,,,,,,,,,,,,,,,,,,,,,,,,,,,,,,,,,,,,,,,2026-04-20,5822460.737551721,0.0,91577581.64937489,0.0,forecast,1.0,12408415.0,58.77
forecast_daily,2026.0,4.0,,2026-04,SPORTBIKE_A,Thể thao nhôm,,,,,,T4/2026,,,,,,,,,,,,,,,,,,,,,,,,,,,,,,,,,,,,,,,,,,,,,,,,,2026-04-21,10958607.324104156,0.0,98627354.83518392,0.0,forecast,1.0,12408415.0,58.77
forecast_daily,2026.0,4.0,,2026-04,SPORTBIKE_A,Thể thao nhôm,,,,,,T4/2026,,,,,,,,,,,,,,,,,,,,,,,,,,,,,,,,,,,,,,,,,,,,,,,,,2026-04-22,2895383.6925322157,0.0,89669222.33047149,0.0,forecast,1.0,12408415.0,58.77
forecast_daily,2026.0,4.0,,2026-04,SPORTBIKE_A,Thể thao nhôm,,,,,,T4/2026,,,,,,,,,,,,,,,,,,,,,,,,,,,,,,,,,,,,,,,,,,,,,,,,,2026-04-23,2799033.4725049553,0.0,94750992.2337392,0.0,forecast,1.0,12408415.0,58.77
forecast_daily,2026.0,4.0,,2026-04,SPORTBIKE_A,Thể thao nhôm,,,,,,T4/2026,,,,,,,,,,,,,,,,,,,,,,,,,,,,,,,,,,,,,,,,,,,,,,,,,2026-04-24,3845272.5726221283,0.0,93856499.74869992,0.0,forecast,1.0,12408415.0,58.77
forecast_daily,2026.0,4.0,,2026-04,SPORTBIKE_A,Thể thao nhôm,,,,,,T4/2026,,,,,,,,,,,,,,,,,,,,,,,,,,,,,,,,,,,,,,,,,,,,,,,,,2026-04-25,6046177.940357999,0.0,99263468.77616161,0.0,forecast,1.0,12408415.0,58.77
forecast_daily,2026.0,4.0,,2026-04,SPORTBIKE_A,Thể thao nhôm,,,,,,T4/2026,,,,,,,,,,,,,,,,,,,,,,,,,,,,,,,,,,,,,,,,,,,,,,,,,2026-04-26,444002775.182781,356717682.1108437,531982805.9253105,0.0,forecast,1.0,12408415.0,58.77
forecast_daily,2026.0,4.0,,2026-04,SPORTBIKE_A,Thể thao nhôm,,,,,,T4/2026,,,,,,,,,,,,,,,,,,,,,,,,,,,,,,,,,,,,,,,,,,,,,,,,,2026-04-27,5349553.141240791,0.0,97391462.88118312,0.0,forecast,1.0,12408415.0,58.77
forecast_daily,2026.0,4.0,,2026-04,SPORTBIKE_A,Thể thao nhôm,,,,,,T4/2026,,,,,,,,,,,,,,,,,,,,,,,,,,,,,,,,,,,,,,,,,,,,,,,,,2026-04-28,10067810.395352414,0.0,103926878.87285648,0.0,forecast,1.0,12408415.0,58.77
forecast_daily,2026.0,4.0,,2026-04,SPORTBIKE_A,Thể thao nhôm,,,,,,T4/2026,,,,,,,,,,,,,,,,,,,,,,,,,,,,,,,,,,,,,,,,,,,,,,,,,2026-04-29,2659836.01656754,0.0,93106641.32987033,0.0,forecast,1.0,12408415.0,58.77
forecast_daily,2026.0,4.0,,2026-04,SPORTBIKE_A,Thể thao nhôm,,,,,,T4/2026,,,,,,,,,,,,,,,,,,,,,,,,,,,,,,,,,,,,,,,,,,,,,,,,,2026-04-30,2571143.1278297435,0.0,98111983.77345632,0.0,forecast,1.0,12408415.0,58.77
forecast_daily,2026.0,5.0,,2026-05,SPORTBIKE_A,Thể thao nhôm,,,,,,T5/2026,,,,,,,,,,,,,,,,,,,,,,,,,,,,,,,,,,,,,,,,,,,,,,,,,2026-05-01,3531954.1557595036,0.0,94072790.90214281,0.0,forecast,1.0,12408415.0,58.77
forecast_daily,2026.0,5.0,,2026-05,SPORTBIKE_A,Thể thao nhôm,,,,,,T5/2026,,,,,,,,,,,,,,,,,,,,,,,,,,,,,,,,,,,,,,,,,,,,,,,,,2026-05-02,5553144.302115866,0.0,93055234.40334356,0.0,forecast,1.0,12408415.0,58.77
forecast_daily,2026.0,5.0,,2026-05,SPORTBIKE_A,Thể thao nhôm,,,,,,T5/2026,,,,,,,,,,,,,,,,,,,,,,,,,,,,,,,,,,,,,,,,,,,,,,,,,2026-05-03,407768959.9398536,324357799.3395196,499309796.97399086,0.0,forecast,1.0,12408415.0,58.77
forecast_daily,2026.0,5.0,,2026-05,SPORTBIKE_A,Thể thao nhôm,,,,,,T5/2026,,,,,,,,,,,,,,,,,,,,,,,,,,,,,,,,,,,,,,,,,,,,,,,,,2026-05-04,4912660.6223708885,0.0,97321301.92240676,0.0,forecast,1.0,12408415.0,58.77
forecast_daily,2026.0,5.0,,2026-05,SPORTBIKE_A,Thể thao nhôm,,,,,,T5/2026,,,,,,,,,,,,,,,,,,,,,,,,,,,,,,,,,,,,,,,,,,,,,,,,,2026-05-05,9244967.615569616,0.0,92061202.72544429,0.0,forecast,1.0,12408415.0,58.77
forecast_daily,2026.0,5.0,,2026-05,SPORTBIKE_A,Thể thao nhôm,,,,,,T5/2026,,,,,,,,,,,,,,,,,,,,,,,,,,,,,,,,,,,,,,,,,,,,,,,,,2026-05-06,2442286.817675732,0.0,95787628.91899236,0.0,forecast,1.0,12408415.0,58.77
forecast_daily,2026.0,5.0,,2026-05,SPORTBIKE_A,Thể thao nhôm,,,,,,T5/2026,,,,,,,,,,,,,,,,,,,,,,,,,,,,,,,,,,,,,,,,,,,,,,,,,2026-05-07,2360694.6568550854,0.0,93859761.6705133,0.0,forecast,1.0,12408415.0,58.77
forecast_daily,2026.0,5.0,,2026-05,SPORTBIKE_A,Thể thao nhôm,,,,,,T5/2026,,,,,,,,,,,,,,,,,,,,,,,,,,,,,,,,,,,,,,,,,,,,,,,,,2026-05-08,3242654.6965975184,0.0,93048475.54198255,0.0,forecast,1.0,12408415.0,58.77
forecast_daily,2026.0,5.0,,2026-05,SPORTBIKE_A,Thể thao nhôm,,,,,,T5/2026,,,,,,,,,,,,,,,,,,,,,,,,,,,,,,,,,,,,,,,,,,,,,,,,,2026-05-09,5097966.833379244,0.0,91915178.06189221,0.0,forecast,1.0,12408415.0,58.77
forecast_daily,2026.0,5.0,,2026-05,SPORTBIKE_A,Thể thao nhôm,,,,,,T5/2026,,,,,,,,,,,,,,,,,,,,,,,,,,,,,,,,,,,,,,,,,,,,,,,,,2026-05-10,374321631.87856543,282727944.72552234,467679537.6621196,0.0,forecast,1.0,12408415.0,58.77
forecast_daily,2026.0,5.0,,2026-05,SPORTBIKE_A,Thể thao nhôm,,,,,,T5/2026,,,,,,,,,,,,,,,,,,,,,,,,,,,,,,,,,,,,,,,,,,,,,,,,,2026-05-11,4509418.606409489,0.0,92151099.22302255,0.0,forecast,1.0,12408415.0,58.77
forecast_daily,2026.0,5.0,,2026-05,SPORTBIKE_A,Thể thao nhôm,,,,,,T5/2026,,,,,,,,,,,,,,,,,,,,,,,,,,,,,,,,,,,,,,,,,,,,,,,,,2026-05-12,8485599.29008105,0.0,93766549.94733885,0.0,forecast,1.0,12408415.0,58.77
forecast_daily,2026.0,5.0,,2026-05,SPORTBIKE_A,Thể thao nhôm,,,,,,T5/2026,,,,,,,,,,,,,,,,,,,,,,,,,,,,,,,,,,,,,,,,,,,,,,,,,2026-05-13,2241544.8469721614,0.0,90170666.81472729,0.0,forecast,1.0,12408415.0,58.77
forecast_daily,2026.0,5.0,,2026-05,SPORTBIKE_A,Thể thao nhôm,,,,,,T5/2026,,,,,,,,,,,,,,,,,,,,,,,,,,,,,,,,,,,,,,,,,,,,,,,,,2026-05-14,2166529.108583017,0.0,92526351.81335591,0.0,forecast,1.0,12408415.0,58.77
forecast_daily,2026.0,5.0,,2026-05,SPORTBIKE_A,Thể thao nhôm,,,,,,T5/2026,,,,,,,,,,,,,,,,,,,,,,,,,,,,,,,,,,,,,,,,,,,,,,,,,2026-05-15,2975772.043235524,0.0,88718672.66333434,0.0,forecast,1.0,12408415.0,58.77
forecast_daily,2026.0,5.0,,2026-05,SPORTBIKE_A,Thể thao nhôm,,,,,,T5/2026,,,,,,,,,,,,,,,,,,,,,,,,,,,,,,,,,,,,,,,,,,,,,,,,,2026-05-16,4678110.776477115,0.0,85479201.9533591,0.0,forecast,1.0,12408415.0,58.77
forecast_daily,2026.0,5.0,,2026-05,SPORTBIKE_A,Thể thao nhôm,,,,,,T5/2026,,,,,,,,,,,,,,,,,,,,,,,,,,,,,,,,,,,,,,,,,,,,,,,,,2026-05-17,343473515.86445856,248280187.73838797,432174042.8238839,0.0,forecast,1.0,12408415.0,58.77
forecast_daily,2026.0,5.0,,2026-05,SPORTBIKE_A,Thể thao nhôm,,,,,,T5/2026,,,,,,,,,,,,,,,,,,,,,,,,,,,,,,,,,,,,,,,,,,,,,,,,,2026-05-18,4137557.167299807,0.0,88196223.13362288,0.0,forecast,1.0,12408415.0,58.77
forecast_daily,2026.0,5.0,,2026-05,SPORTBIKE_A,Thể thao nhôm,,,,,,T5/2026,,,,,,,,,,,,,,,,,,,,,,,,,,,,,,,,,,,,,,,,,,,,,,,,,2026-05-19,7785408.177721127,0.0,106732328.06510183,0.0,forecast,1.0,12408415.0,58.77
forecast_daily,2026.0,5.0,,2026-05,SPORTBIKE_A,Thể thao nhôm,,,,,,T5/2026,,,,,,,,,,,,,,,,,,,,,,,,,,,,,,,,,,,,,,,,,,,,,,,,,2026-05-20,2056468.194689604,0.0,83244468.33283791,0.0,forecast,1.0,12408415.0,58.77
forecast_daily,2026.0,5.0,,2026-05,SPORTBIKE_A,Thể thao nhôm,,,,,,T5/2026,,,,,,,,,,,,,,,,,,,,,,,,,,,,,,,,,,,,,,,,,,,,,,,,,2026-05-21,1987536.3130221097,0.0,97888590.75854169,0.0,forecast,1.0,12408415.0,58.77
forecast_daily,2026.0,5.0,,2026-05,SPORTBIKE_A,Thể thao nhôm,,,,,,T5/2026,,,,,,,,,,,,,,,,,,,,,,,,,,,,,,,,,,,,,,,,,,,,,,,,,2026-05-22,2729772.5426957826,0.0,96977824.23859604,0.0,forecast,1.0,12408415.0,58.77
forecast_daily,2026.0,5.0,,2026-05,SPORTBIKE_A,Thể thao nhôm,,,,,,T5/2026,,,,,,,,,,,,,,,,,,,,,,,,,,,,,,,,,,,,,,,,,,,,,,,,,2026-05-23,4291151.397698217,0.0,89842990.02020866,0.0,forecast,1.0,12408415.0,58.77
forecast_daily,2026.0,5.0,,2026-05,SPORTBIKE_A,Thể thao nhôm,,,,,,T5/2026,,,,,,,,,,,,,,,,,,,,,,,,,,,,,,,,,,,,,,,,,,,,,,,,,2026-05-24,315045585.5553412,219709453.1498282,399021012.02023894,0.0,forecast,1.0,12408415.0,58.77
forecast_daily,2026.0,5.0,,2026-05,SPORTBIKE_A,Thể thao nhôm,,,,,,T5/2026,,,,,,,,,,,,,,,,,,,,,,,,,,,,,,,,,,,,,,,,,,,,,,,,,2026-05-25,3794907.7920369306,0.0,97091030.63999653,0.0,forecast,1.0,12408415.0,58.77
forecast_daily,2026.0,5.0,,2026-05,SPORTBIKE_A,Thể thao nhôm,,,,,,T5/2026,,,,,,,,,,,,,,,,,,,,,,,,,,,,,,,,,,,,,,,,,,,,,,,,,2026-05-26,7140291.676604742,0.0,91114691.13814777,0.0,forecast,1.0,12408415.0,58.77
forecast_daily,2026.0,5.0,,2026-05,SPORTBIKE_A,Thể thao nhôm,,,,,,T5/2026,,,,,,,,,,,,,,,,,,,,,,,,,,,,,,,,,,,,,,,,,,,,,,,,,2026-05-27,1885967.3623802965,0.0,96788287.93587981,0.0,forecast,1.0,12408415.0,58.77
forecast_daily,2026.0,5.0,,2026-05,SPORTBIKE_A,Thể thao nhôm,,,,,,T5/2026,,,,,,,,,,,,,,,,,,,,,,,,,,,,,,,,,,,,,,,,,,,,,,,,,2026-05-28,1822657.722195428,0.0,92911866.82519017,0.0,forecast,1.0,12408415.0,58.77
forecast_daily,2026.0,5.0,,2026-05,SPORTBIKE_A,Thể thao nhôm,,,,,,T5/2026,,,,,,,,,,,,,,,,,,,,,,,,,,,,,,,,,,,,,,,,,,,,,,,,,2026-05-29,2503194.75523584,0.0,101000608.5657637,0.0,forecast,1.0,12408415.0,58.77
forecast_daily,2026.0,5.0,,2026-05,SPORTBIKE_A,Thể thao nhôm,,,,,,T5/2026,,,,,,,,,,,,,,,,,,,,,,,,,,,,,,,,,,,,,,,,,,,,,,,,,2026-05-30,3934779.5383215095,0.0,90890079.3702763,0.0,forecast,1.0,12408415.0,58.77
forecast_daily,2026.0,5.0,,2026-05,SPORTBIKE_A,Thể thao nhôm,,,,,,T5/2026,,,,,,,,,,,,,,,,,,,,,,,,,,,,,,,,,,,,,,,,,,,,,,,,,2026-05-31,288867449.7030129,202014746.99349874,381970273.31981194,0.0,forecast,1.0,12408415.0,58.77
forecast_daily,2026.0,6.0,,2026-06,SPORTBIKE_A,Thể thao nhôm,,,,,,T6/2026,,,,,,,,,,,,,,,,,,,,,,,,,,,,,,,,,,,,,,,,,,,,,,,,,2026-06-01,3479407.7737662187,0.0,88778046.50946273,0.0,forecast,1.0,12408415.0,58.77
forecast_daily,2026.0,6.0,,2026-06,SPORTBIKE_A,Thể thao nhôm,,,,,,T6/2026,,,,,,,,,,,,,,,,,,,,,,,,,,,,,,,,,,,,,,,,,,,,,,,,,2026-06-02,6546349.613315523,0.0,97929662.14029211,0.0,forecast,1.0,12408415.0,58.77
forecast_daily,2026.0,6.0,,2026-06,SPORTBIKE_A,Thể thao nhôm,,,,,,T6/2026,,,,,,,,,,,,,,,,,,,,,,,,,,,,,,,,,,,,,,,,,,,,,,,,,2026-06-03,1729007.2039599656,0.0,95211772.97597103,0.0,forecast,1.0,12408415.0,58.77
forecast_daily,2026.0,6.0,,2026-06,SPORTBIKE_A,Thể thao nhôm,,,,,,T6/2026,,,,,,,,,,,,,,,,,,,,,,,,,,,,,,,,,,,,,,,,,,,,,,,,,2026-06-04,1670888.1545810685,0.0,90227806.84064932,0.0,forecast,1.0,12408415.0,58.77
forecast_daily,2026.0,6.0,,2026-06,SPORTBIKE_A,Thể thao nhôm,,,,,,T6/2026,,,,,,,,,,,,,,,,,,,,,,,,,,,,,,,,,,,,,,,,,,,,,,,,,2026-06-05,2294651.6843939703,0.0,86331937.86917514,0.0,forecast,1.0,12408415.0,58.77
forecast_daily,2026.0,6.0,,2026-06,SPORTBIKE_A,Thể thao nhôm,,,,,,T6/2026,,,,,,,,,,,,,,,,,,,,,,,,,,,,,,,,,,,,,,,,,,,,,,,,,2026-06-06,3606804.8457813887,0.0,92138830.7218778,0.0,forecast,1.0,12408415.0,58.77
forecast_daily,2026.0,6.0,,2026-06,SPORTBIKE_A,Thể thao nhôm,,,,,,T6/2026,,,,,,,,,,,,,,,,,,,,,,,,,,,,,,,,,,,,,,,,,,,,,,,,,2026-06-07,264777569.855746,173824962.7827721,351802262.1994945,0.0,forecast,1.0,12408415.0,58.77
forecast_daily,2026.0,6.0,,2026-06,SPORTBIKE_A,Thể thao nhôm,,,,,,T6/2026,,,,,,,,,,,,,,,,,,,,,,,,,,,,,,,,,,,,,,,,,,,,,,,,,2026-06-08,3189102.599297962,0.0,95112357.99633914,0.0,forecast,1.0,12408415.0,58.77
forecast_daily,2026.0,6.0,,2026-06,SPORTBIKE_A,Thể thao nhôm,,,,,,T6/2026,,,,,,,,,,,,,,,,,,,,,,,,,,,,,,,,,,,,,,,,,,,,,,,,,2026-06-09,5999888.3034866145,0.0,98356179.17932706,0.0,forecast,1.0,12408415.0,58.77
forecast_daily,2026.0,6.0,,2026-06,SPORTBIKE_A,Thể thao nhôm,,,,,,T6/2026,,,,,,,,,,,,,,,,,,,,,,,,,,,,,,,,,,,,,,,,,,,,,,,,,2026-06-10,1584607.8697812408,0.0,93326918.02342907,0.0,forecast,1.0,12408415.0,58.77
forecast_daily,2026.0,6.0,,2026-06,SPORTBIKE_A,Thể thao nhôm,,,,,,T6/2026,,,,,,,,,,,,,,,,,,,,,,,,,,,,,,,,,,,,,,,,,,,,,,,,,2026-06-11,1531276.6044295318,0.0,93001349.26274891,0.0,forecast,1.0,12408415.0,58.77
forecast_daily,2026.0,6.0,,2026-06,SPORTBIKE_A,Thể thao nhôm,,,,,,T6/2026,,,,,,,,,,,,,,,,,,,,,,,,,,,,,,,,,,,,,,,,,,,,,,,,,2026-06-12,2102831.735738284,0.0,85057291.89736909,0.0,forecast,1.0,12408415.0,58.77
forecast_daily,2026.0,6.0,,2026-06,SPORTBIKE_A,Thể thao nhôm,,,,,,T6/2026,,,,,,,,,,,,,,,,,,,,,,,,,,,,,,,,,,,,,,,,,,,,,,,,,2026-06-13,3305157.0513867247,0.0,91901517.06942405,0.0,forecast,1.0,12408415.0,58.77
forecast_daily,2026.0,6.0,,2026-06,SPORTBIKE_A,Thể thao nhôm,,,,,,T6/2026,,,,,,,,,,,,,,,,,,,,,,,,,,,,,,,,,,,,,,,,,,,,,,,,,2026-06-14,242623336.73609602,148927845.5027517,328307890.77384007,0.0,forecast,1.0,12408415.0,58.77
forecast_daily,2026.0,6.0,,2026-06,SPORTBIKE_A,Thể thao nhôm,,,,,,T6/2026,,,,,,,,,,,,,,,,,,,,,,,,,,,,,,,,,,,,,,,,,,,,,,,,,2026-06-15,2922146.6641106536,0.0,81395283.67146009,0.0,forecast,1.0,12408415.0,58.77
forecast_daily,2026.0,6.0,,2026-06,SPORTBIKE_A,Thể thao nhôm,,,,,,T6/2026,,,,,,,,,,,,,,,,,,,,,,,,,,,,,,,,,,,,,,,,,,,,,,,,,2026-06-16,5497421.490200528,0.0,94906959.74237907,0.0,forecast,1.0,12408415.0,58.77
forecast_daily,2026.0,6.0,,2026-06,SPORTBIKE_A,Thể thao nhôm,,,,,,T6/2026,,,,,,,,,,,,,,,,,,,,,,,,,,,,,,,,,,,,,,,,,,,,,,,,,2026-06-17,1451844.9628812943,0.0,90711982.8566643,0.0,forecast,1.0,12408415.0,58.77
forecast_daily,2026.0,6.0,,2026-06,SPORTBIKE_A,Thể thao nhôm,,,,,,T6/2026,,,,,,,,,,,,,,,,,,,,,,,,,,,,,,,,,,,,,,,,,,,,,,,,,2026-06-18,1402926.2879365638,0.0,91224958.46525532,0.0,forecast,1.0,12408415.0,58.77
forecast_daily,2026.0,6.0,,2026-06,SPORTBIKE_A,Thể thao nhôm,,,,,,T6/2026,,,,,,,,,,,,,,,,,,,,,,,,,,,,,,,,,,,,,,,,,,,,,,,,,2026-06-19,1926498.6410938127,0.0,88543734.12567188,0.0,forecast,1.0,12408415.0,58.77
forecast_daily,2026.0,6.0,,2026-06,SPORTBIKE_A,Thể thao nhôm,,,,,,T6/2026,,,,,,,,,,,,,,,,,,,,,,,,,,,,,,,,,,,,,,,,,,,,,,,,,2026-06-20,3027885.634473339,0.0,88666838.28773905,0.0,forecast,1.0,12408415.0,58.77
forecast_daily,2026.0,6.0,,2026-06,SPORTBIKE_A,Thể thao nhôm,,,,,,T6/2026,,,,,,,,,,,,,,,,,,,,,,,,,,,,,,,,,,,,,,,,,,,,,,,,,2026-06-21,222261029.9920033,132665103.66304694,310836493.6174525,0.0,forecast,1.0,12408415.0,58.77
forecast_daily,2026.0,6.0,,2026-06,SPORTBIKE_A,Thể thao nhôm,,,,,,T6/2026,,,,,,,,,,,,,,,,,,,,,,,,,,,,,,,,,,,,,,,,,,,,,,,,,2026-06-22,2676802.598493164,0.0,92981370.11085598,0.0,forecast,1.0,12408415.0,58.77
forecast_daily,2026.0,6.0,,2026-06,SPORTBIKE_A,Thể thao nhôm,,,,,,T6/2026,,,,,,,,,,,,,,,,,,,,,,,,,,,,,,,,,,,,,,,,,,,,,,,,,2026-06-23,5035668.736617557,0.0,85417029.23188868,0.0,forecast,1.0,12408415.0,58.77
forecast_daily,2026.0,6.0,,2026-06,SPORTBIKE_A,Thể thao nhôm,,,,,,T6/2026,,,,,,,,,,,,,,,,,,,,,,,,,,,,,,,,,,,,,,,,,,,,,,,,,2026-06-24,1329849.015715721,0.0,92195650.95957483,0.0,forecast,1.0,12408415.0,58.77
forecast_daily,2026.0,6.0,,2026-06,SPORTBIKE_A,Thể thao nhôm,,,,,,T6/2026,,,,,,,,,,,,,,,,,,,,,,,,,,,,,,,,,,,,,,,,,,,,,,,,,2026-06-25,1284994.049938024,0.0,88926847.81485744,0.0,forecast,1.0,12408415.0,58.77
forecast_daily,2026.0,6.0,,2026-06,SPORTBIKE_A,Thể thao nhôm,,,,,,T6/2026,,,,,,,,,,,,,,,,,,,,,,,,,,,,,,,,,,,,,,,,,,,,,,,,,2026-06-26,1764490.5284447984,0.0,89958909.95453914,0.0,forecast,1.0,12408415.0,58.77
forecast_daily,2026.0,6.0,,2026-06,SPORTBIKE_A,Thể thao nhôm,,,,,,T6/2026,,,,,,,,,,,,,,,,,,,,,,,,,,,,,,,,,,,,,,,,,,,,,,,,,2026-06-27,2773158.174907145,0.0,93605680.61686233,0.0,forecast,1.0,12408415.0,58.77
forecast_daily,2026.0,6.0,,2026-06,SPORTBIKE_A,Thể thao nhôm,,,,,,T6/2026,,,,,,,,,,,,,,,,,,,,,,,,,,,,,,,,,,,,,,,,,,,,,,,,,2026-06-28,203555683.3687217,118124606.0645565,297655689.4989253,0.0,forecast,1.0,12408415.0,58.77
forecast_daily,2026.0,6.0,,2026-06,SPORTBIKE_A,Thể thao nhôm,,,,,,T6/2026,,,,,,,,,,,,,,,,,,,,,,,,,,,,,,,,,,,,,,,,,,,,,,,,,2026-06-29,2451439.4779149243,0.0,87282595.62226187,0.0,forecast,1.0,12408415.0,58.77
forecast_daily,2026.0,6.0,,2026-06,SPORTBIKE_A,Thể thao nhôm,,,,,,T6/2026,,,,,,,,,,,,,,,,,,,,,,,,,,,,,,,,,,,,,,,,,,,,,,,,,2026-06-30,4611551.748963435,0.0,93201125.82506065,0.0,forecast,1.0,12408415.0,58.77
forecast_daily,2025.0,1.0,,2025-01,SPORTBIKE_S,Thể thao thép,,,,,,T1/2025,,,,,,,,,,,,,,,,,,,,,,,,,,,,,,,,,,,,,,,,,,,,,,,,,2025-01-06,60495549.35208016,0.0,151441426.9752818,3509259.0,train,0.0,22434397.0,200.76
forecast_daily,2025.0,1.0,,2025-01,SPORTBIKE_S,Thể thao thép,,,,,,T1/2025,,,,,,,,,,,,,,,,,,,,,,,,,,,,,,,,,,,,,,,,,,,,,,,,,2025-01-09,122642864.19733141,31054770.772094898,208634418.31870183,6648148.0,train,0.0,22434397.0,200.76
forecast_daily,2025.0,1.0,,2025-01,SPORTBIKE_S,Thể thao thép,,,,,,T1/2025,,,,,,,,,,,,,,,,,,,,,,,,,,,,,,,,,,,,,,,,,,,,,,,,,2025-01-10,49902218.948374055,0.0,140408354.8602932,18500000.0,train,0.0,22434397.0,200.76
forecast_daily,2025.0,1.0,,2025-01,SPORTBIKE_S,Thể thao thép,,,,,,T1/2025,,,,,,,,,,,,,,,,,,,,,,,,,,,,,,,,,,,,,,,,,,,,,,,,,2025-01-11,56500228.85620614,0.0,148019098.25870687,64352036.0,train,0.0,22434397.0,200.76
forecast_daily,2025.0,1.0,,2025-01,SPORTBIKE_S,Thể thao thép,,,,,,T1/2025,,,,,,,,,,,,,,,,,,,,,,,,,,,,,,,,,,,,,,,,,,,,,,,,,2025-01-13,59995502.774779275,0.0,138678180.1247887,43748981.0,train,0.0,22434397.0,200.76
forecast_daily,2025.0,1.0,,2025-01,SPORTBIKE_S,Thể thao thép,,,,,,T1/2025,,,,,,,,,,,,,,,,,,,,,,,,,,,,,,,,,,,,,,,,,,,,,,,,,2025-01-15,74761356.88536824,0.0,173369710.1669035,117500000.0,train,0.0,22434397.0,200.76
forecast_daily,2025.0,1.0,,2025-01,SPORTBIKE_S,Thể thao thép,,,,,,T1/2025,,,,,,,,,,,,,,,,,,,,,,,,,,,,,,,,,,,,,,,,,,,,,,,,,2025-01-16,121619354.4418093,27336212.751891337,207558842.45085698,401851851.0,train,0.0,22434397.0,200.76
forecast_daily,2025.0,1.0,,2025-01,SPORTBIKE_S,Thể thao thép,,,,,,T1/2025,,,,,,,,,,,,,,,,,,,,,,,,,,,,,,,,,,,,,,,,,,,,,,,,,2025-01-18,56025695.59746659,0.0,146472512.78340426,9040000.0,train,0.0,22434397.0,200.76
forecast_daily,2025.0,1.0,,2025-01,SPORTBIKE_S,Thể thao thép,,,,,,T1/2025,,,,,,,,,,,,,,,,,,,,,,,,,,,,,,,,,,,,,,,,,,,,,,,,,2025-01-20,59488400.9952752,0.0,148367309.2318572,3879630.0,train,0.0,22434397.0,200.76
forecast_daily,2025.0,1.0,,2025-01,SPORTBIKE_S,Thể thao thép,,,,,,T1/2025,,,,,,,,,,,,,,,,,,,,,,,,,,,,,,,,,,,,,,,,,,,,,,,,,2025-01-21,77112190.952971,0.0,165583471.11244306,84722220.0,train,0.0,22434397.0,200.76
forecast_daily,2025.0,2.0,,2025-02,SPORTBIKE_S,Thể thao thép,,,,,,T2/2025,,,,,,,,,,,,,,,,,,,,,,,,,,,,,,,,,,,,,,,,,,,,,,,,,2025-02-07,48196597.25258908,0.0,142264303.71889824,9046758.0,train,0.0,22434397.0,200.76
forecast_daily,2025.0,2.0,,2025-02,SPORTBIKE_S,Thể thao thép,,,,,,T2/2025,,,,,,,,,,,,,,,,,,,,,,,,,,,,,,,,,,,,,,,,,,,,,,,,,2025-02-10,57925762.87443136,0.0,147134633.47162345,25550000.0,train,0.0,22434397.0,200.76
forecast_daily,2025.0,2.0,,2025-02,SPORTBIKE_S,Thể thao thép,,,,,,T2/2025,,,,,,,,,,,,,,,,,,,,,,,,,,,,,,,,,,,,,,,,,,,,,,,,,2025-02-11,75080346.80809997,0.0,169766162.37414345,28635092.0,train,0.0,22434397.0,200.76
forecast_daily,2025.0,2.0,,2025-02,SPORTBIKE_S,Thể thao thép,,,,,,T2/2025,,,,,,,,,,,,,,,,,,,,,,,,,,,,,,,,,,,,,,,,,,,,,,,,,2025-02-14,47756129.528903864,0.0,135764038.45575407,26409259.0,train,0.0,22434397.0,200.76
forecast_daily,2025.0,2.0,,2025-02,SPORTBIKE_S,Thể thao thép,,,,,,T2/2025,,,,,,,,,,,,,,,,,,,,,,,,,,,,,,,,,,,,,,,,,,,,,,,,,2025-02-17,57391485.651431076,0.0,151469443.56608588,19600000.0,train,0.0,22434397.0,200.76
forecast_daily,2025.0,2.0,,2025-02,SPORTBIKE_S,Thể thao thép,,,,,,T2/2025,,,,,,,,,,,,,,,,,,,,,,,,,,,,,,,,,,,,,,,,,,,,,,,,,2025-02-19,71496544.62760188,0.0,157849245.89694437,21400000.0,train,0.0,22434397.0,200.76
forecast_daily,2025.0,2.0,,2025-02,SPORTBIKE_S,Thể thao thép,,,,,,T2/2025,,,,,,,,,,,,,,,,,,,,,,,,,,,,,,,,,,,,,,,,,,,,,,,,,2025-02-20,116292031.75750199,23015052.124386143,211013578.63172472,13700000.0,train,0.0,22434397.0,200.76
forecast_daily,2025.0,2.0,,2025-02,SPORTBIKE_S,Thể thao thép,,,,,,T2/2025,,,,,,,,,,,,,,,,,,,,,,,,,,,,,,,,,,,,,,,,,,,,,,,,,2025-02-21,47310238.57329139,0.0,140857942.42069092,8177685.0,train,0.0,22434397.0,200.76
forecast_daily,2025.0,2.0,,2025-02,SPORTBIKE_S,Thể thao thép,,,,,,T2/2025,,,,,,,,,,,,,,,,,,,,,,,,,,,,,,,,,,,,,,,,,,,,,,,,,2025-02-22,53556595.2445125,0.0,150330966.25667146,94620000.0,train,0.0,22434397.0,200.76
forecast_daily,2025.0,2.0,,2025-02,SPORTBIKE_S,Thể thao thép,,,,,,T2/2025,,,,,,,,,,,,,,,,,,,,,,,,,,,,,,,,,,,,,,,,,,,,,,,,,2025-02-25,73682706.59076327,0.0,161698442.3117615,5103702.0,train,0.0,22434397.0,200.76
forecast_daily,2025.0,2.0,,2025-02,SPORTBIKE_S,Thể thao thép,,,,,,T2/2025,,,,,,,,,,,,,,,,,,,,,,,,,,,,,,,,,,,,,,,,,,,,,,,,,2025-02-26,70818785.93772322,0.0,160048818.14170596,36224073.0,train,0.0,22434397.0,200.76
forecast_daily,2025.0,3.0,,2025-03,SPORTBIKE_S,Thể thao thép,,,,,,T3/2025,,,,,,,,,,,,,,,,,,,,,,,,,,,,,,,,,,,,,,,,,,,,,,,,,2025-03-01,53044281.94258936,0.0,145676849.7010704,39826112.0,train,0.0,22434397.0,200.76
forecast_daily,2025.0,3.0,,2025-03,SPORTBIKE_S,Thể thao thép,,,,,,T3/2025,,,,,,,,,,,,,,,,,,,,,,,,,,,,,,,,,,,,,,,,,,,,,,,,,2025-03-08,52526110.18823973,0.0,148177547.85395128,5819444.0,train,0.0,22434397.0,200.76
forecast_daily,2025.0,3.0,,2025-03,SPORTBIKE_S,Thể thao thép,,,,,,T3/2025,,,,,,,,,,,,,,,,,,,,,,,,,,,,,,,,,,,,,,,,,,,,,,,,,2025-03-13,112936805.83589551,26081239.23802927,203439130.4015583,35904816.0,train,0.0,22434397.0,200.76
forecast_daily,2025.0,3.0,,2025-03,SPORTBIKE_S,Thể thao thép,,,,,,T3/2025,,,,,,,,,,,,,,,,,,,,,,,,,,,,,,,,,,,,,,,,,,,,,,,,,2025-03-14,45941211.00657196,0.0,139317048.8459912,5200000.0,train,0.0,22434397.0,200.76
forecast_daily,2025.0,3.0,,2025-03,SPORTBIKE_S,Thể thao thép,,,,,,T3/2025,,,,,,,,,,,,,,,,,,,,,,,,,,,,,,,,,,,,,,,,,,,,,,,,,2025-03-17,55190992.20997316,0.0,143509838.52585694,139712221.0,train,0.0,22434397.0,200.76
forecast_daily,2025.0,3.0,,2025-03,SPORTBIKE_S,Thể thao thép,,,,,,T3/2025,,,,,,,,,,,,,,,,,,,,,,,,,,,,,,,,,,,,,,,,,,,,,,,,,2025-03-18,71525235.23273964,0.0,162173158.56119248,21458203.0,train,0.0,22434397.0,200.76
forecast_daily,2025.0,3.0,,2025-03,SPORTBIKE_S,Thể thao thép,,,,,,T3/2025,,,,,,,,,,,,,,,,,,,,,,,,,,,,,,,,,,,,,,,,,,,,,,,,,2025-03-19,68739070.59775063,0.0,165122531.1776,79056165.0,train,0.0,22434397.0,200.76
forecast_daily,2025.0,3.0,,2025-03,SPORTBIKE_S,Thể thao thép,,,,,,T3/2025,,,,,,,,,,,,,,,,,,,,,,,,,,,,,,,,,,,,,,,,,,,,,,,,,2025-03-20,111793711.00168562,25805764.78187894,200284718.2295539,98437000.0,train,0.0,22434397.0,200.76
forecast_daily,2025.0,3.0,,2025-03,SPORTBIKE_S,Thể thao thép,,,,,,T3/2025,,,,,,,,,,,,,,,,,,,,,,,,,,,,,,,,,,,,,,,,,,,,,,,,,2025-03-21,45474850.873196624,0.0,136908039.82899666,56483500.0,train,0.0,22434397.0,200.76
forecast_daily,2025.0,3.0,,2025-03,SPORTBIKE_S,Thể thao thép,,,,,,T3/2025,,,,,,,,,,,,,,,,,,,,,,,,,,,,,,,,,,,,,,,,,,,,,,,,,2025-03-22,51472795.50120477,0.0,142519507.217336,99934000.0,train,0.0,22434397.0,200.76
forecast_daily,2025.0,3.0,,2025-03,SPORTBIKE_S,Thể thao thép,,,,,,T3/2025,,,,,,,,,,,,,,,,,,,,,,,,,,,,,,,,,,,,,,,,,,,,,,,,,2025-03-24,54625804.66807982,0.0,139870133.436711,193300000.0,train,0.0,22434397.0,200.76
forecast_daily,2025.0,3.0,,2025-03,SPORTBIKE_S,Thể thao thép,,,,,,T3/2025,,,,,,,,,,,,,,,,,,,,,,,,,,,,,,,,,,,,,,,,,,,,,,,,,2025-03-25,70790639.53493808,0.0,165085036.42674023,258442869.0,train,0.0,22434397.0,200.76
forecast_daily,2025.0,3.0,,2025-03,SPORTBIKE_S,Thể thao thép,,,,,,T3/2025,,,,,,,,,,,,,,,,,,,,,,,,,,,,,,,,,,,,,,,,,,,,,,,,,2025-03-26,68031034.2239783,0.0,155007834.5475041,79874606.0,train,0.0,22434397.0,200.76
forecast_daily,2025.0,3.0,,2025-03,SPORTBIKE_S,Thể thao thép,,,,,,T3/2025,,,,,,,,,,,,,,,,,,,,,,,,,,,,,,,,,,,,,,,,,,,,,,,,,2025-03-27,110638848.64001177,28118478.070858475,205994281.93643034,151584445.0,train,0.0,22434397.0,200.76
forecast_daily,2025.0,3.0,,2025-03,SPORTBIKE_S,Thể thao thép,,,,,,T3/2025,,,,,,,,,,,,,,,,,,,,,,,,,,,,,,,,,,,,,,,,,,,,,,,,,2025-03-28,45003718.244609885,0.0,135487782.620706,218299480.0,train,0.0,22434397.0,200.76
forecast_daily,2025.0,3.0,,2025-03,SPORTBIKE_S,Thể thao thép,,,,,,T3/2025,,,,,,,,,,,,,,,,,,,,,,,,,,,,,,,,,,,,,,,,,,,,,,,,,2025-03-29,50937976.50967792,0.0,143286175.69328094,34493000.0,train,0.0,22434397.0,200.76
forecast_daily,2025.0,3.0,,2025-03,SPORTBIKE_S,Thể thao thép,,,,,,T3/2025,,,,,,,,,,,,,,,,,,,,,,,,,,,,,,,,,,,,,,,,,,,,,,,,,2025-03-31,54054936.86349675,0.0,144504880.53831208,53651000.0,train,0.0,22434397.0,200.76
forecast_daily,2026.0,1.0,,2026-01,SPORTBIKE_S,Thể thao thép,,,,,,T1/2026,,,,,,,,,,,,,,,,,,,,,,,,,,,,,,,,,,,,,,,,,,,,,,,,,2026-01-13,37338414.012561664,0.0,126619602.08559315,15735554.0,train,0.0,22434397.0,200.76
forecast_daily,2026.0,1.0,,2026-01,SPORTBIKE_S,Thể thao thép,,,,,,T1/2026,,,,,,,,,,,,,,,,,,,,,,,,,,,,,,,,,,,,,,,,,,,,,,,,,2026-01-15,58196014.04483677,0.0,141258346.7096538,49764817.0,train,0.0,22434397.0,200.76
forecast_daily,2026.0,1.0,,2026-01,SPORTBIKE_S,Thể thao thép,,,,,,T1/2026,,,,,,,,,,,,,,,,,,,,,,,,,,,,,,,,,,,,,,,,,,,,,,,,,2026-01-16,23639415.975392856,0.0,112465586.35916774,21877776.0,train,0.0,22434397.0,200.76
forecast_daily,2026.0,1.0,,2026-01,SPORTBIKE_S,Thể thao thép,,,,,,T1/2026,,,,,,,,,,,,,,,,,,,,,,,,,,,,,,,,,,,,,,,,,,,,,,,,,2026-01-17,26719773.77231022,0.0,119114213.95767574,5460000.0,train,0.0,22434397.0,200.76
forecast_daily,2026.0,1.0,,2026-01,SPORTBIKE_S,Thể thao thép,,,,,,T1/2026,,,,,,,,,,,,,,,,,,,,,,,,,,,,,,,,,,,,,,,,,,,,,,,,,2026-01-20,36593118.04811499,0.0,117592574.91189921,10800000.0,train,0.0,22434397.0,200.76
forecast_daily,2026.0,1.0,,2026-01,SPORTBIKE_S,Thể thao thép,,,,,,T1/2026,,,,,,,,,,,,,,,,,,,,,,,,,,,,,,,,,,,,,,,,,,,,,,,,,2026-01-22,57030898.76388678,0.0,145370034.1283321,50467758.0,train,0.0,22434397.0,200.76
forecast_daily,2026.0,1.0,,2026-01,SPORTBIKE_S,Thể thao thép,,,,,,T1/2026,,,,,,,,,,,,,,,,,,,,,,,,,,,,,,,,,,,,,,,,,,,,,,,,,2026-01-23,23165434.95372529,0.0,106625126.52391072,19905928.0,train,0.0,22434397.0,200.76
forecast_daily,2026.0,1.0,,2026-01,SPORTBIKE_S,Thể thao thép,,,,,,T1/2026,,,,,,,,,,,,,,,,,,,,,,,,,,,,,,,,,,,,,,,,,,,,,,,,,2026-01-24,26183231.866994336,0.0,110403495.84089893,97492025.0,train,0.0,22434397.0,200.76
forecast_daily,2026.0,1.0,,2026-01,SPORTBIKE_S,Thể thao thép,,,,,,T1/2026,,,,,,,,,,,,,,,,,,,,,,,,,,,,,,,,,,,,,,,,,,,,,,,,,2026-01-26,27707412.605966087,0.0,122537861.87915443,11753330.0,train,0.0,22434397.0,200.76
forecast_daily,2026.0,1.0,,2026-01,SPORTBIKE_S,Thể thao thép,,,,,,T1/2026,,,,,,,,,,,,,,,,,,,,,,,,,,,,,,,,,,,,,,,,,,,,,,,,,2026-01-28,34407874.45215455,0.0,126424686.337501,72815531.0,train,0.0,22434397.0,200.76
forecast_daily,2026.0,1.0,,2026-01,SPORTBIKE_S,Thể thao thép,,,,,,T1/2026,,,,,,,,,,,,,,,,,,,,,,,,,,,,,,,,,,,,,,,,,,,,,,,,,2026-01-29,55877216.42273751,0.0,155432525.15941593,31069990.0,train,0.0,22434397.0,200.76
forecast_daily,2026.0,1.0,,2026-01,SPORTBIKE_S,Thể thao thép,,,,,,T1/2026,,,,,,,,,,,,,,,,,,,,,,,,,,,,,,,,,,,,,,,,,,,,,,,,,2026-01-30,22696133.492319528,0.0,120821732.65440348,23277771.0,train,0.0,22434397.0,200.76
forecast_daily,2026.0,1.0,,2026-01,SPORTBIKE_S,Thể thao thép,,,,,,T1/2026,,,,,,,,,,,,,,,,,,,,,,,,,,,,,,,,,,,,,,,,,,,,,,,,,2026-01-31,25652019.41316261,0.0,112717516.19808874,33005544.0,train,0.0,22434397.0,200.76
forecast_daily,2026.0,2.0,,2026-02,SPORTBIKE_S,Thể thao thép,,,,,,T2/2026,,,,,,,,,,,,,,,,,,,,,,,,,,,,,,,,,,,,,,,,,,,,,,,,,2026-02-01,2121294964.2835054,2028694653.4480307,2208615016.684505,0.0,test,0.0,22434397.0,200.76
forecast_daily,2026.0,2.0,,2026-02,SPORTBIKE_S,Thể thao thép,,,,,,T2/2026,,,,,,,,,,,,,,,,,,,,,,,,,,,,,,,,,,,,,,,,,,,,,,,,,2026-02-02,27143641.918252952,0.0,108892794.57820344,0.0,test,0.0,22434397.0,200.76
forecast_daily,2026.0,2.0,,2026-02,SPORTBIKE_S,Thể thao thép,,,,,,T2/2026,,,,,,,,,,,,,,,,,,,,,,,,,,,,,,,,,,,,,,,,,,,,,,,,,2026-02-03,35124436.987537906,0.0,127395558.57444045,4157407.0,test,0.0,22434397.0,200.76
forecast_daily,2026.0,2.0,,2026-02,SPORTBIKE_S,Thể thao thép,,,,,,T2/2026,,,,,,,,,,,,,,,,,,,,,,,,,,,,,,,,,,,,,,,,,,,,,,,,,2026-02-04,33705742.94047586,0.0,125798799.02717957,9770000.0,test,0.0,22434397.0,200.76
forecast_daily,2026.0,2.0,,2026-02,SPORTBIKE_S,Thể thao thép,,,,,,T2/2026,,,,,,,,,,,,,,,,,,,,,,,,,,,,,,,,,,,,,,,,,,,,,,,,,2026-02-05,54735338.55784054,0.0,141276668.4207475,34726111.0,test,0.0,22434397.0,200.76
forecast_daily,2026.0,2.0,,2026-02,SPORTBIKE_S,Thể thao thép,,,,,,T2/2026,,,,,,,,,,,,,,,,,,,,,,,,,,,,,,,,,,,,,,,,,,,,,,,,,2026-02-06,22231661.862388458,0.0,117026529.67120816,0.0,test,0.0,22434397.0,200.76
forecast_daily,2026.0,2.0,,2026-02,SPORTBIKE_S,Thể thao thép,,,,,,T2/2026,,,,,,,,,,,,,,,,,,,,,,,,,,,,,,,,,,,,,,,,,,,,,,,,,2026-02-07,25126305.518782336,0.0,110607621.3214868,20682592.0,test,0.0,22434397.0,200.76
forecast_daily,2026.0,2.0,,2026-02,SPORTBIKE_S,Thể thao thép,,,,,,T2/2026,,,,,,,,,,,,,,,,,,,,,,,,,,,,,,,,,,,,,,,,,,,,,,,,,2026-02-08,2077759047.7620716,1984357008.3679457,2164303789.962427,0.0,test,0.0,22434397.0,200.76
forecast_daily,2026.0,2.0,,2026-02,SPORTBIKE_S,Thể thao thép,,,,,,T2/2026,,,,,,,,,,,,,,,,,,,,,,,,,,,,,,,,,,,,,,,,,,,,,,,,,2026-02-09,26585773.669498973,0.0,113298185.92108698,20541204.0,test,0.0,22434397.0,200.76
forecast_daily,2026.0,2.0,,2026-02,SPORTBIKE_S,Thể thao thép,,,,,,T2/2026,,,,,,,,,,,,,,,,,,,,,,,,,,,,,,,,,,,,,,,,,,,,,,,,,2026-02-10,34401520.78590814,0.0,125327146.01615395,6315000.0,test,0.0,22434397.0,200.76
forecast_daily,2026.0,2.0,,2026-02,SPORTBIKE_S,Thể thao thép,,,,,,T2/2026,,,,,,,,,,,,,,,,,,,,,,,,,,,,,,,,,,,,,,,,,,,,,,,,,2026-02-11,33011045.4651519,0.0,123394600.72118692,11747222.0,test,0.0,22434397.0,200.76
forecast_daily,2026.0,2.0,,2026-02,SPORTBIKE_S,Thể thao thép,,,,,,T2/2026,,,,,,,,,,,,,,,,,,,,,,,,,,,,,,,,,,,,,,,,,,,,,,,,,2026-02-12,53605618.0315093,0.0,141157548.81632307,23732776.0,test,0.0,22434397.0,200.76
forecast_daily,2026.0,2.0,,2026-02,SPORTBIKE_S,Thể thao thép,,,,,,T2/2026,,,,,,,,,,,,,,,,,,,,,,,,,,,,,,,,,,,,,,,,,,,,,,,,,2026-02-13,21772162.71558313,0.0,105937539.34107874,6603888.0,test,0.0,22434397.0,200.76
forecast_daily,2026.0,2.0,,2026-02,SPORTBIKE_S,Thể thao thép,,,,,,T2/2026,,,,,,,,,,,,,,,,,,,,,,,,,,,,,,,,,,,,,,,,,,,,,,,,,2026-02-14,24606250.66316303,0.0,115421858.75150996,0.0,test,0.0,22434397.0,200.76
forecast_daily,2026.0,2.0,,2026-02,SPORTBIKE_S,Thể thao thép,,,,,,T2/2026,,,,,,,,,,,,,,,,,,,,,,,,,,,,,,,,,,,,,,,,,,,,,,,,,2026-02-15,2034694328.0800264,1940644318.1707,2120954979.1944668,0.0,test,0.0,22434397.0,200.76
forecast_daily,2026.0,2.0,,2026-02,SPORTBIKE_S,Thể thao thép,,,,,,T2/2026,,,,,,,,,,,,,,,,,,,,,,,,,,,,,,,,,,,,,,,,,,,,,,,,,2026-02-16,26033976.01592009,0.0,116809950.3870075,0.0,test,0.0,22434397.0,200.76
forecast_daily,2026.0,2.0,,2026-02,SPORTBIKE_S,Thể thao thép,,,,,,T2/2026,,,,,,,,,,,,,,,,,,,,,,,,,,,,,,,,,,,,,,,,,,,,,,,,,2026-02-17,33686513.49171195,0.0,119914605.6808662,0.0,test,0.0,22434397.0,200.76
forecast_daily,2026.0,2.0,,2026-02,SPORTBIKE_S,Thể thao thép,,,,,,T2/2026,,,,,,,,,,,,,,,,,,,,,,,,,,,,,,,,,,,,,,,,,,,,,,,,,2026-02-18,32323988.76723485,0.0,121640756.13598819,0.0,test,0.0,22434397.0,200.76
forecast_daily,2026.0,2.0,,2026-02,SPORTBIKE_S,Thể thao thép,,,,,,T2/2026,,,,,,,,,,,,,,,,,,,,,,,,,,,,,,,,,,,,,,,,,,,,,,,,,2026-02-19,52488388.84520164,0.0,145029582.71729237,0.0,test,0.0,22434397.0,200.76
forecast_daily,2026.0,2.0,,2026-02,SPORTBIKE_S,Thể thao thép,,,,,,T2/2026,,,,,,,,,,,,,,,,,,,,,,,,,,,,,,,,,,,,,,,,,,,,,,,,,2026-02-20,21317771.018536203,0.0,108652260.44492462,0.0,test,0.0,22434397.0,200.76
forecast_daily,2026.0,2.0,,2026-02,SPORTBIKE_S,Thể thao thép,,,,,,T2/2026,,,,,,,,,,,,,,,,,,,,,,,,,,,,,,,,,,,,,,,,,,,,,,,,,2026-02-21,24092006.570060994,0.0,110149868.0971972,0.0,test,0.0,22434397.0,200.76
forecast_daily,2026.0,2.0,,2026-02,SPORTBIKE_S,Thể thao thép,,,,,,T2/2026,,,,,,,,,,,,,,,,,,,,,,,,,,,,,,,,,,,,,,,,,,,,,,,,,2026-02-22,1992113285.208368,1901894296.6856253,2080578374.849244,0.0,test,0.0,22434397.0,200.76
forecast_daily,2026.0,2.0,,2026-02,SPORTBIKE_S,Thể thao thép,,,,,,T2/2026,,,,,,,,,,,,,,,,,,,,,,,,,,,,,,,,,,,,,,,,,,,,,,,,,2026-02-23,25488407.787233815,0.0,110141023.95635179,0.0,test,0.0,22434397.0,200.76
forecast_daily,2026.0,2.0,,2026-02,SPORTBIKE_S,Thể thao thép,,,,,,T2/2026,,,,,,,,,,,,,,,,,,,,,,,,,,,,,,,,,,,,,,,,,,,,,,,,,2026-02-24,32979619.502830293,0.0,126494425.25219269,81723057.0,test,0.0,22434397.0,200.76
forecast_daily,2026.0,2.0,,2026-02,SPORTBIKE_S,Thể thao thép,,,,,,T2/2026,,,,,,,,,,,,,,,,,,,,,,,,,,,,,,,,,,,,,,,,,,,,,,,,,2026-02-25,31644767.869530875,0.0,120374312.54429822,0.0,test,0.0,22434397.0,200.76
forecast_daily,2026.0,2.0,,2026-02,SPORTBIKE_S,Thể thao thép,,,,,,T2/2026,,,,,,,,,,,,,,,,,,,,,,,,,,,,,,,,,,,,,,,,,,,,,,,,,2026-02-26,51383965.93833931,0.0,141955688.26332232,23155000.0,test,0.0,22434397.0,200.76
forecast_daily,2026.0,2.0,,2026-02,SPORTBIKE_S,Thể thao thép,,,,,,T2/2026,,,,,,,,,,,,,,,,,,,,,,,,,,,,,,,,,,,,,,,,,,,,,,,,,2026-02-27,20868613.942129377,0.0,107953107.30831592,8420000.0,test,0.0,22434397.0,200.76
forecast_daily,2026.0,2.0,,2026-02,SPORTBIKE_S,Thể thao thép,,,,,,T2/2026,,,,,,,,,,,,,,,,,,,,,,,,,,,,,,,,,,,,,,,,,,,,,,,,,2026-02-28,23583716.145781066,0.0,108802575.87624544,0.0,test,0.0,22434397.0,200.76
forecast_daily,2026.0,3.0,,2026-03,SPORTBIKE_S,Thể thao thép,,,,,,T3/2026,,,,,,,,,,,,,,,,,,,,,,,,,,,,,,,,,,,,,,,,,,,,,,,,,2026-03-01,1950027666.9121277,1863052026.3669128,2038268625.5914812,0.0,forecast,1.0,22434397.0,200.76
forecast_daily,2026.0,3.0,,2026-03,SPORTBIKE_S,Thể thao thép,,,,,,T3/2026,,,,,,,,,,,,,,,,,,,,,,,,,,,,,,,,,,,,,,,,,,,,,,,,,2026-03-02,24949218.400629662,0.0,113414264.66921368,0.0,forecast,1.0,22434397.0,200.76
forecast_daily,2026.0,3.0,,2026-03,SPORTBIKE_S,Thể thao thép,,,,,,T3/2026,,,,,,,,,,,,,,,,,,,,,,,,,,,,,,,,,,,,,,,,,,,,,,,,,2026-03-03,32281030.983112585,0.0,125219585.06103265,0.0,forecast,1.0,22434397.0,200.76
forecast_daily,2026.0,3.0,,2026-03,SPORTBIKE_S,Thể thao thép,,,,,,T3/2026,,,,,,,,,,,,,,,,,,,,,,,,,,,,,,,,,,,,,,,,,,,,,,,,,2026-03-04,30973566.06584899,0.0,121514696.86309148,0.0,forecast,1.0,22434397.0,200.76
forecast_daily,2026.0,3.0,,2026-03,SPORTBIKE_S,Thể thao thép,,,,,,T3/2026,,,,,,,,,,,,,,,,,,,,,,,,,,,,,,,,,,,,,,,,,,,,,,,,,2026-03-05,50292645.072395496,0.0,140749943.77193636,0.0,forecast,1.0,22434397.0,200.76
forecast_daily,2026.0,3.0,,2026-03,SPORTBIKE_S,Thể thao thép,,,,,,T3/2026,,,,,,,,,,,,,,,,,,,,,,,,,,,,,,,,,,,,,,,,,,,,,,,,,2026-03-06,20424810.860728677,0.0,109909487.6223787,0.0,forecast,1.0,22434397.0,200.76
forecast_daily,2026.0,3.0,,2026-03,SPORTBIKE_S,Thể thao thép,,,,,,T3/2026,,,,,,,,,,,,,,,,,,,,,,,,,,,,,,,,,,,,,,,,,,,,,,,,,2026-03-07,23081513.4253732,0.0,108184810.68267666,0.0,forecast,1.0,22434397.0,200.76
forecast_daily,2026.0,3.0,,2026-03,SPORTBIKE_S,Thể thao thép,,,,,,T3/2026,,,,,,,,,,,,,,,,,,,,,,,,,,,,,,,,,,,,,,,,,,,,,,,,,2026-03-08,1908448484.9042046,1816766702.8718724,1993267631.8457327,0.0,forecast,1.0,22434397.0,200.76
forecast_daily,2026.0,3.0,,2026-03,SPORTBIKE_S,Thể thao thép,,,,,,T3/2026,,,,,,,,,,,,,,,,,,,,,,,,,,,,,,,,,,,,,,,,,,,,,,,,,2026-03-09,24416547.82392809,0.0,116085990.55402604,0.0,forecast,1.0,22434397.0,200.76
forecast_daily,2026.0,3.0,,2026-03,SPORTBIKE_S,Thể thao thép,,,,,,T3/2026,,,,,,,,,,,,,,,,,,,,,,,,,,,,,,,,,,,,,,,,,,,,,,,,,2026-03-10,31590927.84716692,0.0,115281774.3857534,0.0,forecast,1.0,22434397.0,200.76
forecast_daily,2026.0,3.0,,2026-03,SPORTBIKE_S,Thể thao thép,,,,,,T3/2026,,,,,,,,,,,,,,,,,,,,,,,,,,,,,,,,,,,,,,,,,,,,,,,,,2026-03-11,30310554.79573935,0.0,118488874.42259924,0.0,forecast,1.0,22434397.0,200.76
forecast_daily,2026.0,3.0,,2026-03,SPORTBIKE_S,Thể thao thép,,,,,,T3/2026,,,,,,,,,,,,,,,,,,,,,,,,,,,,,,,,,,,,,,,,,,,,,,,,,2026-03-12,49214702.74827001,0.0,141771774.41669294,0.0,forecast,1.0,22434397.0,200.76
forecast_daily,2026.0,3.0,,2026-03,SPORTBIKE_S,Thể thao thép,,,,,,T3/2026,,,,,,,,,,,,,,,,,,,,,,,,,,,,,,,,,,,,,,,,,,,,,,,,,2026-03-13,19986473.29105326,0.0,102953820.16530423,0.0,forecast,1.0,22434397.0,200.76
forecast_daily,2026.0,3.0,,2026-03,SPORTBIKE_S,Thể thao thép,,,,,,T3/2026,,,,,,,,,,,,,,,,,,,,,,,,,,,,,,,,,,,,,,,,,,,,,,,,,2026-03-14,22585523.562019896,0.0,120552409.20126255,0.0,forecast,1.0,22434397.0,200.76
forecast_daily,2026.0,3.0,,2026-03,SPORTBIKE_S,Thể thao thép,,,,,,T3/2026,,,,,,,,,,,,,,,,,,,,,,,,,,,,,,,,,,,,,,,,,,,,,,,,,2026-03-15,1867386013.0650854,1772897603.6310425,1956744524.533246,0.0,forecast,1.0,22434397.0,200.76
forecast_daily,2026.0,3.0,,2026-03,SPORTBIKE_S,Thể thao thép,,,,,,T3/2026,,,,,,,,,,,,,,,,,,,,,,,,,,,,,,,,,,,,,,,,,,,,,,,,,2026-03-16,23890526.55318522,0.0,115978015.27473572,0.0,forecast,1.0,22434397.0,200.76
forecast_daily,2026.0,3.0,,2026-03,SPORTBIKE_S,Thể thao thép,,,,,,T3/2026,,,,,,,,,,,,,,,,,,,,,,,,,,,,,,,,,,,,,,,,,,,,,,,,,2026-03-17,30909477.696112096,0.0,119529262.89507571,0.0,forecast,1.0,22434397.0,200.76
forecast_daily,2026.0,3.0,,2026-03,SPORTBIKE_S,Thể thao thép,,,,,,T3/2026,,,,,,,,,,,,,,,,,,,,,,,,,,,,,,,,,,,,,,,,,,,,,,,,,2026-03-18,29655893.694283046,0.0,116364802.08636492,0.0,forecast,1.0,22434397.0,200.76
forecast_daily,2026.0,3.0,,2026-03,SPORTBIKE_S,Thể thao thép,,,,,,T3/2026,,,,,,,,,,,,,,,,,,,,,,,,,,,,,,,,,,,,,,,,,,,,,,,,,2026-03-19,48150396.20804655,0.0,136966783.51170063,0.0,forecast,1.0,22434397.0,200.76
forecast_daily,2026.0,3.0,,2026-03,SPORTBIKE_S,Thể thao thép,,,,,,T3/2026,,,,,,,,,,,,,,,,,,,,,,,,,,,,,,,,,,,,,,,,,,,,,,,,,2026-03-20,19553704.904751107,0.0,109464220.74506053,0.0,forecast,1.0,22434397.0,200.76
forecast_daily,2026.0,3.0,,2026-03,SPORTBIKE_S,Thể thao thép,,,,,,T3/2026,,,,,,,,,,,,,,,,,,,,,,,,,,,,,,,,,,,,,,,,,,,,,,,,,2026-03-21,22095862.804177597,0.0,118052051.47772546,0.0,forecast,1.0,22434397.0,200.76
forecast_daily,2026.0,3.0,,2026-03,SPORTBIKE_S,Thể thao thép,,,,,,T3/2026,,,,,,,,,,,,,,,,,,,,,,,,,,,,,,,,,,,,,,,,,,,,,,,,,2026-03-22,1826849787.6656537,1731197754.252326,1920111058.0421033,0.0,forecast,1.0,22434397.0,200.76
forecast_daily,2026.0,3.0,,2026-03,SPORTBIKE_S,Thể thao thép,,,,,,T3/2026,,,,,,,,,,,,,,,,,,,,,,,,,,,,,,,,,,,,,,,,,,,,,,,,,2026-03-23,23371275.63070902,0.0,112417802.70759383,0.0,forecast,1.0,22434397.0,200.76
forecast_daily,2026.0,3.0,,2026-03,SPORTBIKE_S,Thể thao thép,,,,,,T3/2026,,,,,,,,,,,,,,,,,,,,,,,,,,,,,,,,,,,,,,,,,,,,,,,,,2026-03-24,30236835.8648918,0.0,116490716.14457126,0.0,forecast,1.0,22434397.0,200.76
forecast_daily,2026.0,3.0,,2026-03,SPORTBIKE_S,Thể thao thép,,,,,,T3/2026,,,,,,,,,,,,,,,,,,,,,,,,,,,,,,,,,,,,,,,,,,,,,,,,,2026-03-25,29009730.582643773,0.0,114348616.89500362,0.0,forecast,1.0,22434397.0,200.76
forecast_daily,2026.0,3.0,,2026-03,SPORTBIKE_S,Thể thao thép,,,,,,T3/2026,,,,,,,,,,,,,,,,,,,,,,,,,,,,,,,,,,,,,,,,,,,,,,,,,2026-03-26,47099963.44921523,0.0,134064896.0110316,0.0,forecast,1.0,22434397.0,200.76
forecast_daily,2026.0,3.0,,2026-03,SPORTBIKE_S,Thể thao thép,,,,,,T3/2026,,,,,,,,,,,,,,,,,,,,,,,,,,,,,,,,,,,,,,,,,,,,,,,,,2026-03-27,19126601.539400317,0.0,110364860.40494111,0.0,forecast,1.0,22434397.0,200.76
forecast_daily,2026.0,3.0,,2026-03,SPORTBIKE_S,Thể thao thép,,,,,,T3/2026,,,,,,,,,,,,,,,,,,,,,,,,,,,,,,,,,,,,,,,,,,,,,,,,,2026-03-28,21612638.517989706,0.0,110738256.26068981,0.0,forecast,1.0,22434397.0,200.76
forecast_daily,2026.0,3.0,,2026-03,SPORTBIKE_S,Thể thao thép,,,,,,T3/2026,,,,,,,,,,,,,,,,,,,,,,,,,,,,,,,,,,,,,,,,,,,,,,,,,2026-03-29,1786848609.5264275,1696761950.163912,1879588687.7837791,0.0,forecast,1.0,22434397.0,200.76
forecast_daily,2026.0,3.0,,2026-03,SPORTBIKE_S,Thể thao thép,,,,,,T3/2026,,,,,,,,,,,,,,,,,,,,,,,,,,,,,,,,,,,,,,,,,,,,,,,,,2026-03-30,22858906.64438377,0.0,115486051.68667772,0.0,forecast,1.0,22434397.0,200.76
forecast_daily,2026.0,3.0,,2026-03,SPORTBIKE_S,Thể thao thép,,,,,,T3/2026,,,,,,,,,,,,,,,,,,,,,,,,,,,,,,,,,,,,,,,,,,,,,,,,,2026-03-31,29573145.45115628,0.0,124016193.71167961,0.0,forecast,1.0,22434397.0,200.76
forecast_daily,2026.0,4.0,,2026-04,SPORTBIKE_S,Thể thao thép,,,,,,T4/2026,,,,,,,,,,,,,,,,,,,,,,,,,,,,,,,,,,,,,,,,,,,,,,,,,2026-04-01,28372201.494486824,0.0,114009840.67703967,0.0,forecast,1.0,22434397.0,200.76
forecast_daily,2026.0,4.0,,2026-04,SPORTBIKE_S,Thể thao thép,,,,,,T4/2026,,,,,,,,,,,,,,,,,,,,,,,,,,,,,,,,,,,,,,,,,,,,,,,,,2026-04-02,46063623.3444443,0.0,132489342.2074208,0.0,forecast,1.0,22434397.0,200.76
forecast_daily,2026.0,4.0,,2026-04,SPORTBIKE_S,Thể thao thép,,,,,,T4/2026,,,,,,,,,,,,,,,,,,,,,,,,,,,,,,,,,,,,,,,,,,,,,,,,,2026-04-03,18705251.247265585,0.0,110410654.0779753,0.0,forecast,1.0,22434397.0,200.76
forecast_daily,2026.0,4.0,,2026-04,SPORTBIKE_S,Thể thao thép,,,,,,T4/2026,,,,,,,,,,,,,,,,,,,,,,,,,,,,,,,,,,,,,,,,,,,,,,,,,2026-04-04,21135949.266085602,0.0,100275124.21992543,0.0,forecast,1.0,22434397.0,200.76
forecast_daily,2026.0,4.0,,2026-04,SPORTBIKE_S,Thể thao thép,,,,,,T4/2026,,,,,,,,,,,,,,,,,,,,,,,,,,,,,,,,,,,,,,,,,,,,,,,,,2026-04-05,1747390548.0353193,1659218129.6358209,1840149749.0002558,0.0,forecast,1.0,22434397.0,200.76
forecast_daily,2026.0,4.0,,2026-04,SPORTBIKE_S,Thể thao thép,,,,,,T4/2026,,,,,,,,,,,,,,,,,,,,,,,,,,,,,,,,,,,,,,,,,,,,,,,,,2026-04-06,22353521.827802885,0.0,107665614.35670893,0.0,forecast,1.0,22434397.0,200.76
forecast_daily,2026.0,4.0,,2026-04,SPORTBIKE_S,Thể thao thép,,,,,,T4/2026,,,,,,,,,,,,,,,,,,,,,,,,,,,,,,,,,,,,,,,,,,,,,,,,,2026-04-07,28918537.39493669,0.0,124468731.74081406,0.0,forecast,1.0,22434397.0,200.76
forecast_daily,2026.0,4.0,,2026-04,SPORTBIKE_S,Thể thao thép,,,,,,T4/2026,,,,,,,,,,,,,,,,,,,,,,,,,,,,,,,,,,,,,,,,,,,,,,,,,2026-04-08,27743430.797858227,0.0,115675942.61551698,0.0,forecast,1.0,22434397.0,200.76
forecast_daily,2026.0,4.0,,2026-04,SPORTBIKE_S,Thể thao thép,,,,,,T4/2026,,,,,,,,,,,,,,,,,,,,,,,,,,,,,,,,,,,,,,,,,,,,,,,,,2026-04-09,45041575.72784834,0.0,132895885.13793774,0.0,forecast,1.0,22434397.0,200.76
forecast_daily,2026.0,4.0,,2026-04,SPORTBIKE_S,Thể thao thép,,,,,,T4/2026,,,,,,,,,,,,,,,,,,,,,,,,,,,,,,,,,,,,,,,,,,,,,,,,,2026-04-10,18289734.33449266,0.0,113056463.27541392,0.0,forecast,1.0,22434397.0,200.76
forecast_daily,2026.0,4.0,,2026-04,SPORTBIKE_S,Thể thao thép,,,,,,T4/2026,,,,,,,,,,,,,,,,,,,,,,,,,,,,,,,,,,,,,,,,,,,,,,,,,2026-04-11,20665884.828913983,0.0,110941281.65434484,0.0,forecast,1.0,22434397.0,200.76
forecast_daily,2026.0,4.0,,2026-04,SPORTBIKE_S,Thể thao thép,,,,,,T4/2026,,,,,,,,,,,,,,,,,,,,,,,,,,,,,,,,,,,,,,,,,,,,,,,,,2026-04-12,1708482946.9433997,1620452102.2656217,1808866731.4733686,0.0,forecast,1.0,22434397.0,200.76
forecast_daily,2026.0,4.0,,2026-04,SPORTBIKE_S,Thể thao thép,,,,,,T4/2026,,,,,,,,,,,,,,,,,,,,,,,,,,,,,,,,,,,,,,,,,,,,,,,,,2026-04-13,21855214.098553594,0.0,113301432.1520734,0.0,forecast,1.0,22434397.0,200.76
forecast_daily,2026.0,4.0,,2026-04,SPORTBIKE_S,Thể thao thép,,,,,,T4/2026,,,,,,,,,,,,,,,,,,,,,,,,,,,,,,,,,,,,,,,,,,,,,,,,,2026-04-14,28273130.58266159,0.0,116070454.63535975,0.0,forecast,1.0,22434397.0,200.76
forecast_daily,2026.0,4.0,,2026-04,SPORTBIKE_S,Thể thao thép,,,,,,T4/2026,,,,,,,,,,,,,,,,,,,,,,,,,,,,,,,,,,,,,,,,,,,,,,,,,2026-04-15,27123531.265009068,0.0,120423064.42374972,0.0,forecast,1.0,22434397.0,200.76
forecast_daily,2026.0,4.0,,2026-04,SPORTBIKE_S,Thể thao thép,,,,,,T4/2026,,,,,,,,,,,,,,,,,,,,,,,,,,,,,,,,,,,,,,,,,,,,,,,,,2026-04-16,44034001.594472796,0.0,136931816.8395093,0.0,forecast,1.0,22434397.0,200.76
forecast_daily,2026.0,4.0,,2026-04,SPORTBIKE_S,Thể thao thép,,,,,,T4/2026,,,,,,,,,,,,,,,,,,,,,,,,,,,,,,,,,,,,,,,,,,,,,,,,,2026-04-17,17880123.449477892,0.0,106678018.7833751,0.0,forecast,1.0,22434397.0,200.76
forecast_daily,2026.0,4.0,,2026-04,SPORTBIKE_S,Thể thao thép,,,,,,T4/2026,,,,,,,,,,,,,,,,,,,,,,,,,,,,,,,,,,,,,,,,,,,,,,,,,2026-04-18,20202526.32408103,0.0,106784332.0193371,0.0,forecast,1.0,22434397.0,200.76
forecast_daily,2026.0,4.0,,2026-04,SPORTBIKE_S,Thể thao thép,,,,,,T4/2026,,,,,,,,,,,,,,,,,,,,,,,,,,,,,,,,,,,,,,,,,,,,,,,,,2026-04-19,1670132431.852715,1580237281.9018962,1759151430.847187,0.0,forecast,1.0,22434397.0,200.76
forecast_daily,2026.0,4.0,,2026-04,SPORTBIKE_S,Thể thao thép,,,,,,T4/2026,,,,,,,,,,,,,,,,,,,,,,,,,,,,,,,,,,,,,,,,,,,,,,,,,2026-04-20,21364067.189913522,0.0,109544448.4266427,0.0,forecast,1.0,22434397.0,200.76
forecast_daily,2026.0,4.0,,2026-04,SPORTBIKE_S,Thể thao thép,,,,,,T4/2026,,,,,,,,,,,,,,,,,,,,,,,,,,,,,,,,,,,,,,,,,,,,,,,,,2026-04-21,27637031.98244347,0.0,119700445.90608251,0.0,forecast,1.0,22434397.0,200.76
forecast_daily,2026.0,4.0,,2026-04,SPORTBIKE_S,Thể thao thép,,,,,,T4/2026,,,,,,,,,,,,,,,,,,,,,,,,,,,,,,,,,,,,,,,,,,,,,,,,,2026-04-22,26512604.222684864,0.0,113386454.54819562,0.0,forecast,1.0,22434397.0,200.76
forecast_daily,2026.0,4.0,,2026-04,SPORTBIKE_S,Thể thao thép,,,,,,T4/2026,,,,,,,,,,,,,,,,,,,,,,,,,,,,,,,,,,,,,,,,,,,,,,,,,2026-04-23,43041063.33974235,0.0,128488916.22436075,0.0,forecast,1.0,22434397.0,200.76
forecast_daily,2026.0,4.0,,2026-04,SPORTBIKE_S,Thể thao thép,,,,,,T4/2026,,,,,,,,,,,,,,,,,,,,,,,,,,,,,,,,,,,,,,,,,,,,,,,,,2026-04-24,17476483.658578996,0.0,105271281.50118639,0.0,forecast,1.0,22434397.0,200.76
forecast_daily,2026.0,4.0,,2026-04,SPORTBIKE_S,Thể thao thép,,,,,,T4/2026,,,,,,,,,,,,,,,,,,,,,,,,,,,,,,,,,,,,,,,,,,,,,,,,,2026-04-25,19745946.301556524,0.0,107071418.34029175,0.0,forecast,1.0,22434397.0,200.76
forecast_daily,2026.0,4.0,,2026-04,SPORTBIKE_S,Thể thao thép,,,,,,T4/2026,,,,,,,,,,,,,,,,,,,,,,,,,,,,,,,,,,,,,,,,,,,,,,,,,2026-04-26,1632344919.3028052,1547157414.4796662,1718345907.8661602,0.0,forecast,1.0,22434397.0,200.76
forecast_daily,2026.0,4.0,,2026-04,SPORTBIKE_S,Thể thao thép,,,,,,T4/2026,,,,,,,,,,,,,,,,,,,,,,,,,,,,,,,,,,,,,,,,,,,,,,,,,2026-04-27,20880155.727725722,0.0,111753537.45383732,0.0,forecast,1.0,22434397.0,200.76
forecast_daily,2026.0,4.0,,2026-04,SPORTBIKE_S,Thể thao thép,,,,,,T4/2026,,,,,,,,,,,,,,,,,,,,,,,,,,,,,,,,,,,,,,,,,,,,,,,,,2026-04-28,27010336.789625175,0.0,115758893.13663866,0.0,forecast,1.0,22434397.0,200.76
forecast_daily,2026.0,4.0,,2026-04,SPORTBIKE_S,Thể thao thép,,,,,,T4/2026,,,,,,,,,,,,,,,,,,,,,,,,,,,,,,,,,,,,,,,,,,,,,,,,,2026-04-29,25910739.692645255,0.0,121122447.59039727,0.0,forecast,1.0,22434397.0,200.76
forecast_daily,2026.0,4.0,,2026-04,SPORTBIKE_S,Thể thao thép,,,,,,T4/2026,,,,,,,,,,,,,,,,,,,,,,,,,,,,,,,,,,,,,,,,,,,,,,,,,2026-04-30,42062904.97714327,0.0,140926548.81007233,0.0,forecast,1.0,22434397.0,200.76
forecast_daily,2026.0,5.0,,2026-05,SPORTBIKE_S,Thể thao thép,,,,,,T5/2026,,,,,,,,,,,,,,,,,,,,,,,,,,,,,,,,,,,,,,,,,,,,,,,,,2026-05-01,17078872.581894957,0.0,108334034.9857846,0.0,forecast,1.0,22434397.0,200.76
forecast_daily,2026.0,5.0,,2026-05,SPORTBIKE_S,Thể thao thép,,,,,,T5/2026,,,,,,,,,,,,,,,,,,,,,,,,,,,,,,,,,,,,,,,,,,,,,,,,,2026-05-02,19296208.871965792,0.0,110067068.06374751,0.0,forecast,1.0,22434397.0,200.76
forecast_daily,2026.0,5.0,,2026-05,SPORTBIKE_S,Thể thao thép,,,,,,T5/2026,,,,,,,,,,,,,,,,,,,,,,,,,,,,,,,,,,,,,,,,,,,,,,,,,2026-05-03,1595125627.3628662,1503470565.0791113,1685053960.957633,0.0,forecast,1.0,22434397.0,200.76
forecast_daily,2026.0,5.0,,2026-05,SPORTBIKE_S,Thể thao thép,,,,,,T5/2026,,,,,,,,,,,,,,,,,,,,,,,,,,,,,,,,,,,,,,,,,,,,,,,,,2026-05-04,20403545.41786944,0.0,109450289.02895553,0.0,forecast,1.0,22434397.0,200.76
forecast_daily,2026.0,5.0,,2026-05,SPORTBIKE_S,Thể thao thép,,,,,,T5/2026,,,,,,,,,,,,,,,,,,,,,,,,,,,,,,,,,,,,,,,,,,,,,,,,,2026-05-05,26393128.63899199,0.0,117514721.35936625,0.0,forecast,1.0,22434397.0,200.76
forecast_daily,2026.0,5.0,,2026-05,SPORTBIKE_S,Thể thao thép,,,,,,T5/2026,,,,,,,,,,,,,,,,,,,,,,,,,,,,,,,,,,,,,,,,,,,,,,,,,2026-05-06,25318016.582919523,0.0,108589853.001092,0.0,forecast,1.0,22434397.0,200.76
forecast_daily,2026.0,5.0,,2026-05,SPORTBIKE_S,Thể thao thép,,,,,,T5/2026,,,,,,,,,,,,,,,,,,,,,,,,,,,,,,,,,,,,,,,,,,,,,,,,,2026-05-07,41099652.465798296,0.0,134007409.79351236,0.0,forecast,1.0,22434397.0,200.76
forecast_daily,2026.0,5.0,,2026-05,SPORTBIKE_S,Thể thao thép,,,,,,T5/2026,,,,,,,,,,,,,,,,,,,,,,,,,,,,,,,,,,,,,,,,,,,,,,,,,2026-05-08,16687340.486194225,0.0,108059581.65126872,0.0,forecast,1.0,22434397.0,200.76
forecast_daily,2026.0,5.0,,2026-05,SPORTBIKE_S,Thể thao thép,,,,,,T5/2026,,,,,,,,,,,,,,,,,,,,,,,,,,,,,,,,,,,,,,,,,,,,,,,,,2026-05-09,18853369.8415887,0.0,109452903.33470425,0.0,forecast,1.0,22434397.0,200.76
forecast_daily,2026.0,5.0,,2026-05,SPORTBIKE_S,Thể thao thép,,,,,,T5/2026,,,,,,,,,,,,,,,,,,,,,,,,,,,,,,,,,,,,,,,,,,,,,,,,,2026-05-10,1558479087.6306152,1474793300.7208357,1647286904.5924652,0.0,forecast,1.0,22434397.0,200.76
forecast_daily,2026.0,5.0,,2026-05,SPORTBIKE_S,Thể thao thép,,,,,,T5/2026,,,,,,,,,,,,,,,,,,,,,,,,,,,,,,,,,,,,,,,,,,,,,,,,,2026-05-11,19934293.174678013,0.0,111284816.71648644,0.0,forecast,1.0,22434397.0,200.76
forecast_daily,2026.0,5.0,,2026-05,SPORTBIKE_S,Thể thao thép,,,,,,T5/2026,,,,,,,,,,,,,,,,,,,,,,,,,,,,,,,,,,,,,,,,,,,,,,,,,2026-05-12,25785479.774040077,0.0,118781547.54914212,0.0,forecast,1.0,22434397.0,200.76
forecast_daily,2026.0,5.0,,2026-05,SPORTBIKE_S,Thể thao thép,,,,,,T5/2026,,,,,,,,,,,,,,,,,,,,,,,,,,,,,,,,,,,,,,,,,,,,,,,,,2026-05-13,24734502.882821538,0.0,117080653.7909237,0.0,forecast,1.0,22434397.0,200.76
forecast_daily,2026.0,5.0,,2026-05,SPORTBIKE_S,Thể thao thép,,,,,,T5/2026,,,,,,,,,,,,,,,,,,,,,,,,,,,,,,,,,,,,,,,,,,,,,,,,,2026-05-14,40151414.03816027,0.0,130075938.35124548,0.0,forecast,1.0,22434397.0,200.76
forecast_daily,2026.0,5.0,,2026-05,SPORTBIKE_S,Thể thao thép,,,,,,T5/2026,,,,,,,,,,,,,,,,,,,,,,,,,,,,,,,,,,,,,,,,,,,,,,,,,2026-05-15,16301930.444472805,0.0,108759811.80247535,0.0,forecast,1.0,22434397.0,200.76
forecast_daily,2026.0,5.0,,2026-05,SPORTBIKE_S,Thể thao thép,,,,,,T5/2026,,,,,,,,,,,,,,,,,,,,,,,,,,,,,,,,,,,,,,,,,,,,,,,,,2026-05-16,18417476.882372368,0.0,105581642.6522059,0.0,forecast,1.0,22434397.0,200.76
forecast_daily,2026.0,5.0,,2026-05,SPORTBIKE_S,Thể thao thép,,,,,,T5/2026,,,,,,,,,,,,,,,,,,,,,,,,,,,,,,,,,,,,,,,,,,,,,,,,,2026-05-17,1522409158.538408,1436120442.3898704,1607487650.3929543,0.0,forecast,1.0,22434397.0,200.76
forecast_daily,2026.0,5.0,,2026-05,SPORTBIKE_S,Thể thao thép,,,,,,T5/2026,,,,,,,,,,,,,,,,,,,,,,,,,,,,,,,,,,,,,,,,,,,,,,,,,2026-05-18,19472447.29095741,0.0,113637802.90110537,0.0,forecast,1.0,22434397.0,200.76
forecast_daily,2026.0,5.0,,2026-05,SPORTBIKE_S,Thể thao thép,,,,,,T5/2026,,,,,,,,,,,,,,,,,,,,,,,,,,,,,,,,,,,,,,,,,,,,,,,,,2026-05-19,25187451.306203406,0.0,109927732.5004531,0.0,forecast,1.0,22434397.0,200.76
forecast_daily,2026.0,5.0,,2026-05,SPORTBIKE_S,Thể thao thép,,,,,,T5/2026,,,,,,,,,,,,,,,,,,,,,,,,,,,,,,,,,,,,,,,,,,,,,,,,,2026-05-20,24160255.900091056,0.0,112030689.96515624,0.0,forecast,1.0,22434397.0,200.76
forecast_daily,2026.0,5.0,,2026-05,SPORTBIKE_S,Thể thao thép,,,,,,T5/2026,,,,,,,,,,,,,,,,,,,,,,,,,,,,,,,,,,,,,,,,,,,,,,,,,2026-05-21,39218280.563199654,0.0,134582691.82765463,0.0,forecast,1.0,22434397.0,200.76
forecast_daily,2026.0,5.0,,2026-05,SPORTBIKE_S,Thể thao thép,,,,,,T5/2026,,,,,,,,,,,,,,,,,,,,,,,,,,,,,,,,,,,,,,,,,,,,,,,,,2026-05-22,15922678.480852861,0.0,99089336.75100882,0.0,forecast,1.0,22434397.0,200.76
forecast_daily,2026.0,5.0,,2026-05,SPORTBIKE_S,Thể thao thép,,,,,,T5/2026,,,,,,,,,,,,,,,,,,,,,,,,,,,,,,,,,,,,,,,,,,,,,,,,,2026-05-23,17988569.70187691,0.0,108822381.29378574,0.0,forecast,1.0,22434397.0,200.76
forecast_daily,2026.0,5.0,,2026-05,SPORTBIKE_S,Thể thao thép,,,,,,T5/2026,,,,,,,,,,,,,,,,,,,,,,,,,,,,,,,,,,,,,,,,,,,,,,,,,2026-05-24,1486919039.8649344,1400466158.056471,1568873377.9847324,0.0,forecast,1.0,22434397.0,200.76
forecast_daily,2026.0,5.0,,2026-05,SPORTBIKE_S,Thể thao thép,,,,,,T5/2026,,,,,,,,,,,,,,,,,,,,,,,,,,,,,,,,,,,,,,,,,,,,,,,,,2026-05-25,19018047.643852238,0.0,114807969.6873866,0.0,forecast,1.0,22434397.0,200.76
forecast_daily,2026.0,5.0,,2026-05,SPORTBIKE_S,Thể thao thép,,,,,,T5/2026,,,,,,,,,,,,,,,,,,,,,,,,,,,,,,,,,,,,,,,,,,,,,,,,,2026-05-26,24599093.441229112,0.0,121605720.02192885,0.0,forecast,1.0,22434397.0,200.76
forecast_daily,2026.0,5.0,,2026-05,SPORTBIKE_S,Thể thao thép,,,,,,T5/2026,,,,,,,,,,,,,,,,,,,,,,,,,,,,,,,,,,,,,,,,,,,,,,,,,2026-05-27,23595322.465924513,0.0,109443852.71955717,0.0,forecast,1.0,22434397.0,200.76
forecast_daily,2026.0,5.0,,2026-05,SPORTBIKE_S,Thể thao thép,,,,,,T5/2026,,,,,,,,,,,,,,,,,,,,,,,,,,,,,,,,,,,,,,,,,,,,,,,,,2026-05-28,38300325.93691922,0.0,127055039.21848394,0.0,forecast,1.0,22434397.0,200.76
forecast_daily,2026.0,5.0,,2026-05,SPORTBIKE_S,Thể thao thép,,,,,,T5/2026,,,,,,,,,,,,,,,,,,,,,,,,,,,,,,,,,,,,,,,,,,,,,,,,,2026-05-29,15549613.716600446,0.0,103176652.5479067,0.0,forecast,1.0,22434397.0,200.76
forecast_daily,2026.0,5.0,,2026-05,SPORTBIKE_S,Thể thao thép,,,,,,T5/2026,,,,,,,,,,,,,,,,,,,,,,,,,,,,,,,,,,,,,,,,,,,,,,,,,2026-05-30,17566680.220839377,0.0,103502588.19153495,0.0,forecast,1.0,22434397.0,200.76
forecast_daily,2026.0,5.0,,2026-05,SPORTBIKE_S,Thể thao thép,,,,,,T5/2026,,,,,,,,,,,,,,,,,,,,,,,,,,,,,,,,,,,,,,,,,,,,,,,,,2026-05-31,1452011288.3504503,1359891168.45321,1540449477.7162292,0.0,forecast,1.0,22434397.0,200.76
forecast_daily,2026.0,6.0,,2026-06,SPORTBIKE_S,Thể thao thép,,,,,,T6/2026,,,,,,,,,,,,,,,,,,,,,,,,,,,,,,,,,,,,,,,,,,,,,,,,,2026-06-01,18571125.886433795,0.0,112507476.19174394,0.0,forecast,1.0,22434397.0,200.76
forecast_daily,2026.0,6.0,,2026-06,SPORTBIKE_S,Thể thao thép,,,,,,T6/2026,,,,,,,,,,,,,,,,,,,,,,,,,,,,,,,,,,,,,,,,,,,,,,,,,2026-06-02,24020445.749769945,0.0,114018985.3820605,0.0,forecast,1.0,22434397.0,200.76
forecast_daily,2026.0,6.0,,2026-06,SPORTBIKE_S,Thể thao thép,,,,,,T6/2026,,,,,,,,,,,,,,,,,,,,,,,,,,,,,,,,,,,,,,,,,,,,,,,,,2026-06-03,23039739.244757425,0.0,112762169.83420597,0.0,forecast,1.0,22434397.0,200.76
forecast_daily,2026.0,6.0,,2026-06,SPORTBIKE_S,Thể thao thép,,,,,,T6/2026,,,,,,,,,,,,,,,,,,,,,,,,,,,,,,,,,,,,,,,,,,,,,,,,,2026-06-04,37397607.51891001,0.0,124326559.40249205,0.0,forecast,1.0,22434397.0,200.76
forecast_daily,2026.0,6.0,,2026-06,SPORTBIKE_S,Thể thao thép,,,,,,T6/2026,,,,,,,,,,,,,,,,,,,,,,,,,,,,,,,,,,,,,,,,,,,,,,,,,2026-06-05,15182758.5756779,0.0,111010794.72527498,0.0,forecast,1.0,22434397.0,200.76
forecast_daily,2026.0,6.0,,2026-06,SPORTBIKE_S,Thể thao thép,,,,,,T6/2026,,,,,,,,,,,,,,,,,,,,,,,,,,,,,,,,,,,,,,,,,,,,,,,,,2026-06-06,17151832.778103203,0.0,108960898.61281891,0.0,forecast,1.0,22434397.0,200.76
forecast_daily,2026.0,6.0,,2026-06,SPORTBIKE_S,Thể thao thép,,,,,,T6/2026,,,,,,,,,,,,,,,,,,,,,,,,,,,,,,,,,,,,,,,,,,,,,,,,,2026-06-07,1417687834.3129108,1323373924.2341142,1506845199.082833,0.0,forecast,1.0,22434397.0,200.76
forecast_daily,2026.0,6.0,,2026-06,SPORTBIKE_S,Thể thao thép,,,,,,T6/2026,,,,,,,,,,,,,,,,,,,,,,,,,,,,,,,,,,,,,,,,,,,,,,,,,2026-06-08,18131705.653011195,0.0,112279430.43723972,0.0,forecast,1.0,22434397.0,200.76
forecast_daily,2026.0,6.0,,2026-06,SPORTBIKE_S,Thể thao thép,,,,,,T6/2026,,,,,,,,,,,,,,,,,,,,,,,,,,,,,,,,,,,,,,,,,,,,,,,,,2026-06-09,23451537.464460023,0.0,119128520.58378427,0.0,forecast,1.0,22434397.0,200.76
forecast_daily,2026.0,6.0,,2026-06,SPORTBIKE_S,Thể thao thép,,,,,,T6/2026,,,,,,,,,,,,,,,,,,,,,,,,,,,,,,,,,,,,,,,,,,,,,,,,,2026-06-10,22493532.948968634,0.0,112434198.59869994,0.0,forecast,1.0,22434397.0,200.76
forecast_daily,2026.0,6.0,,2026-06,SPORTBIKE_S,Thể thao thép,,,,,,T6/2026,,,,,,,,,,,,,,,,,,,,,,,,,,,,,,,,,,,,,,,,,,,,,,,,,2026-06-11,36510166.56120978,0.0,128185555.5826368,0.0,forecast,1.0,22434397.0,200.76
forecast_daily,2026.0,6.0,,2026-06,SPORTBIKE_S,Thể thao thép,,,,,,T6/2026,,,,,,,,,,,,,,,,,,,,,,,,,,,,,,,,,,,,,,,,,,,,,,,,,2026-06-12,14822128.941533146,0.0,100832494.97098777,0.0,forecast,1.0,22434397.0,200.76
forecast_daily,2026.0,6.0,,2026-06,SPORTBIKE_S,Thể thao thép,,,,,,T6/2026,,,,,,,,,,,,,,,,,,,,,,,,,,,,,,,,,,,,,,,,,,,,,,,,,2026-06-13,16744044.338959103,0.0,115130025.73427413,0.0,forecast,1.0,22434397.0,200.76
forecast_daily,2026.0,6.0,,2026-06,SPORTBIKE_S,Thể thao thép,,,,,,T6/2026,,,,,,,,,,,,,,,,,,,,,,,,,,,,,,,,,,,,,,,,,,,,,,,,,2026-06-14,1383949999.1639411,1299203171.9318564,1474670134.0769951,0.0,forecast,1.0,22434397.0,200.76
forecast_daily,2026.0,6.0,,2026-06,SPORTBIKE_S,Thể thao thép,,,,,,T6/2026,,,,,,,,,,,,,,,,,,,,,,,,,,,,,,,,,,,,,,,,,,,,,,,,,2026-06-15,17699802.807621196,0.0,109179554.6539305,0.0,forecast,1.0,22434397.0,200.76
forecast_daily,2026.0,6.0,,2026-06,SPORTBIKE_S,Thể thao thép,,,,,,T6/2026,,,,,,,,,,,,,,,,,,,,,,,,,,,,,,,,,,,,,,,,,,,,,,,,,2026-06-16,22892387.745733522,0.0,115584207.15612043,0.0,forecast,1.0,22434397.0,200.76
forecast_daily,2026.0,6.0,,2026-06,SPORTBIKE_S,Thể thao thép,,,,,,T6/2026,,,,,,,,,,,,,,,,,,,,,,,,,,,,,,,,,,,,,,,,,,,,,,,,,2026-06-17,21956720.674438164,0.0,111647342.07034507,0.0,forecast,1.0,22434397.0,200.76
forecast_daily,2026.0,6.0,,2026-06,SPORTBIKE_S,Thể thao thép,,,,,,T6/2026,,,,,,,,,,,,,,,,,,,,,,,,,,,,,,,,,,,,,,,,,,,,,,,,,2026-06-18,35638028.69983009,0.0,123656649.85319236,0.0,forecast,1.0,22434397.0,200.76
forecast_daily,2026.0,6.0,,2026-06,SPORTBIKE_S,Thể thao thép,,,,,,T6/2026,,,,,,,,,,,,,,,,,,,,,,,,,,,,,,,,,,,,,,,,,,,,,,,,,2026-06-19,14467734.362118755,0.0,100564925.04347597,0.0,forecast,1.0,22434397.0,200.76
forecast_daily,2026.0,6.0,,2026-06,SPORTBIKE_S,Thể thao thép,,,,,,T6/2026,,,,,,,,,,,,,,,,,,,,,,,,,,,,,,,,,,,,,,,,,,,,,,,,,2026-06-20,16343324.717204874,0.0,103261091.63927707,0.0,forecast,1.0,22434397.0,200.76
forecast_daily,2026.0,6.0,,2026-06,SPORTBIKE_S,Thể thao thép,,,,,,T6/2026,,,,,,,,,,,,,,,,,,,,,,,,,,,,,,,,,,,,,,,,,,,,,,,,,2026-06-21,1350798513.7226725,1258908604.7379827,1444244620.238603,0.0,forecast,1.0,22434397.0,200.76
forecast_daily,2026.0,6.0,,2026-06,SPORTBIKE_S,Thể thao thép,,,,,,T6/2026,,,,,,,,,,,,,,,,,,,,,,,,,,,,,,,,,,,,,,,,,,,,,,,,,2026-06-22,17275425.66865464,0.0,106198593.33945192,0.0,forecast,1.0,22434397.0,200.76
forecast_daily,2026.0,6.0,,2026-06,SPORTBIKE_S,Thể thao thép,,,,,,T6/2026,,,,,,,,,,,,,,,,,,,,,,,,,,,,,,,,,,,,,,,,,,,,,,,,,2026-06-23,22343006.015717182,0.0,111444988.70568301,0.0,forecast,1.0,22434397.0,200.76
forecast_daily,2026.0,6.0,,2026-06,SPORTBIKE_S,Thể thao thép,,,,,,T6/2026,,,,,,,,,,,,,,,,,,,,,,,,,,,,,,,,,,,,,,,,,,,,,,,,,2026-06-24,21429310.172286276,0.0,106974408.66627741,0.0,forecast,1.0,22434397.0,200.76
forecast_daily,2026.0,6.0,,2026-06,SPORTBIKE_S,Thể thao thép,,,,,,T6/2026,,,,,,,,,,,,,,,,,,,,,,,,,,,,,,,,,,,,,,,,,,,,,,,,,2026-06-25,34781204.41833239,0.0,125494488.29976553,0.0,forecast,1.0,22434397.0,200.76
forecast_daily,2026.0,6.0,,2026-06,SPORTBIKE_S,Thể thao thép,,,,,,T6/2026,,,,,,,,,,,,,,,,,,,,,,,,,,,,,,,,,,,,,,,,,,,,,,,,,2026-06-26,14119578.244908769,0.0,98771477.783141,0.0,forecast,1.0,22434397.0,200.76
forecast_daily,2026.0,6.0,,2026-06,SPORTBIKE_S,Thể thao thép,,,,,,T6/2026,,,,,,,,,,,,,,,,,,,,,,,,,,,,,,,,,,,,,,,,,,,,,,,,,2026-06-27,15949676.81312357,0.0,102003575.5615848,0.0,forecast,1.0,22434397.0,200.76
forecast_daily,2026.0,6.0,,2026-06,SPORTBIKE_S,Thể thao thép,,,,,,T6/2026,,,,,,,,,,,,,,,,,,,,,,,,,,,,,,,,,,,,,,,,,,,,,,,,,2026-06-28,1318233537.2301548,1229829683.4500377,1409948466.0701447,0.0,forecast,1.0,22434397.0,200.76
forecast_daily,2026.0,6.0,,2026-06,SPORTBIKE_S,Thể thao thép,,,,,,T6/2026,,,,,,,,,,,,,,,,,,,,,,,,,,,,,,,,,,,,,,,,,,,,,,,,,2026-06-29,16858575.24986494,0.0,108342468.97917743,0.0,forecast,1.0,22434397.0,200.76
forecast_daily,2026.0,6.0,,2026-06,SPORTBIKE_S,Thể thao thép,,,,,,T6/2026,,,,,,,,,,,,,,,,,,,,,,,,,,,,,,,,,,,,,,,,,,,,,,,,,2026-06-30,21803392.26601487,0.0,110292482.84763283,0.0,forecast,1.0,22434397.0,200.76
