so_number,order_date,fiscal_year,fiscal_month,fiscal_quarter,customer_code,customer_name,province_name,region,tong_dong,tong_sl,tong_tien,so_nhom_sp,so_sku
BH25.0001,2025-01-02,2025,1,1,KH-00001,HỘ KINH DOANH TÚ ANH,Hà Nội,Miền Bắc,1,1.0,2305556.0,1,1
BH25.0002,2025-01-06,2025,1,1,KH-00002,CÔNG TY TNHH THƯƠNG MẠI VIỆT ANH,Hà Nội,Miền Bắc,1,1.0,3509259.0,1,1
BH25.0003,2025-01-06,2025,1,1,KH-00003,CÔNG TY CỔ PHẦN THƯƠNG MẠI NAM TIẾN,Hà Nội,Miền Bắc,1,1.0,2398148.0,1,1
BH25.0005,2025-01-07,2025,1,1,KH-00005,CÔNG TY TNHH ĐẠI LỢI,Hà Nội,Miền Bắc,1,2.0,4425926.0,1,1
BH25.0006,2025-01-07,2025,1,1,KH-00006,CÔNG TY TNHH CHI THÀNH,TP. Hồ Chí Minh,Miền Nam,2,15.0,29027776.0,1,2
BH25.0007,2025-01-08,2025,1,1,KH-00007,CÔNG TY TNHH THƯƠNG MẠI ĐẠI LỢI,Lê Hoàn - Thị trấn Thọ Xuân - Huyện Thọ Xuân - Thanh Hoá,Miền Bắc,11,146.0,247541204.0,3,11
BH25.0008,2025-01-09,2025,1,1,KH-00009,CỬA HÀNG XE ĐẠP THIÊN AN,Hà Nội,Miền Bắc,1,20.0,44444444.0,1,1
BH25.0009,2025-01-09,2025,1,1,KH-00008,CÔNG TY CỔ PHẦN YÊN BÌNH,Hưng Yên,Miền Bắc,1,2.0,6648148.0,1,1
BH25.0010,2025-01-09,2025,1,1,KH-00010,CỬA HÀNG XE ĐẠP QUANG VINH,Thái Nguyên,Miền Bắc,7,30.0,17104444.0,1,6
BH25.0011,2025-01-09,2025,1,1,KH-00011,DOANH NGHIỆP TW NAM TIẾN,Hà Nội,Miền Bắc,1,1.0,2305556.0,1,1
BH25.0018,2025-01-10,2025,1,1,KH-00018,CÔNG TY TNHH THƯƠNG MẠI PHÚ THỊNH,Hà Nội,Miền Bắc,11,21.0,24920000.0,3,11
BH25.0017,2025-01-10,2025,1,1,KH-00017,CỬA HÀNG XE ĐẠP THUỶ TIÊN,TT Hương Sơn- Phú Bình- Thái Nguyên,Miền Bắc,6,20.0,23350000.0,1,6
BH25.0015,2025-01-10,2025,1,1,KH-00015,DOANH NGHIỆP TW MINH PHƯƠNG,Phú Thọ,Miền Bắc,10,15.0,23210000.0,2,9
BH25.0016,2025-01-10,2025,1,1,KH-00016,DOANH NGHIỆP TW VIỆT ANH,Quảng Trị,Miền Trung,10,30.0,36730000.0,1,10
BH25.0013,2025-01-10,2025,1,1,KH-00013,DOANH NGHIỆP TW THANH BÌNH,Hưng Yên,Miền Bắc,1,1.0,2490741.0,0,1
BH25.0012,2025-01-10,2025,1,1,KH-00012,HỘ KINH DOANH THIÊN AN,Hà Nội,Miền Bắc,1,1.0,2592593.0,1,1
BH25.0014,2025-01-10,2025,1,1,KH-00014,HỘ KINH DOANH LONG PHÚ,Bắc Ninh,Miền Bắc,19,45.0,42780000.0,4,19
BH25.0019,2025-01-11,2025,1,1,KH-00019,CÔNG TY CỔ PHẦN THƯƠNG MẠI LÊ ANH,TP. Hồ Chí Minh,Miền Nam,13,35.0,61229258.0,4,13
BH25.0020,2025-01-11,2025,1,1,KH-00020,DOANH NGHIỆP TW TRƯỜNG THỊNH,Hà Nội,Miền Bắc,2,60.0,124583332.0,1,2
BH25.0021,2025-01-11,2025,1,1,KH-00021,HỘ KINH DOANH XÂY DỰNG,Hà Nội,Miền Bắc,1,40.0,87037037.0,1,1
BH25.0022,2025-01-11,2025,1,1,KH-00019,CÔNG TY CỔ PHẦN THƯƠNG MẠI LÊ ANH,TP. Hồ Chí Minh,Miền Nam,14,22.0,36218519.0,4,14
BH25.0023,2025-01-11,2025,1,1,KH-00019,CÔNG TY CỔ PHẦN THƯƠNG MẠI LÊ ANH,TP. Hồ Chí Minh,Miền Nam,12,33.0,56131573.0,4,12
BH25.0024,2025-01-11,2025,1,1,KH-00019,CÔNG TY CỔ PHẦN THƯƠNG MẠI LÊ ANH,TP. Hồ Chí Minh,Miền Nam,11,21.0,36353979.0,4,11
BH25.0025,2025-01-11,2025,1,1,KH-00019,CÔNG TY CỔ PHẦN THƯƠNG MẠI LÊ ANH,TP. Hồ Chí Minh,Miền Nam,19,80.0,133373979.0,4,19
BH25.0026,2025-01-11,2025,1,1,KH-00019,CÔNG TY CỔ PHẦN THƯƠNG MẠI LÊ ANH,TP. Hồ Chí Minh,Miền Nam,7,8.0,14466018.0,4,7
BH25.0027,2025-01-11,2025,1,1,KH-00019,CÔNG TY CỔ PHẦN THƯƠNG MẠI LÊ ANH,TP. Hồ Chí Minh,Miền Nam,2,15.0,29395463.0,1,2
BH25.0034,2025-01-13,2025,1,1,KH-00025,DOANH NGHIỆP TW SƠN HÀ,Thanh Hoá,Miền Trung,1,6.0,13277778.0,1,1
BH25.0036,2025-01-13,2025,1,1,KH-00027,HỘ KINH DOANH ĐẠI DƯƠNG,Hà Nội,Miền Bắc,7,13.0,24583215.0,4,7
BH25.0035,2025-01-13,2025,1,1,KH-00026,CÔNG TY CỔ PHẦN LÊ ANH,Thanh Hóa,Miền Trung,1,3.0,7777778.0,1,1
BH25.0033,2025-01-13,2025,1,1,KH-00024,CÔNG TY TNHH MINH PHƯƠNG,Ninh Bình,Miền Bắc,6,45.0,55900000.0,1,6
BH25.0029,2025-01-13,2025,1,1,KH-00019,CÔNG TY CỔ PHẦN THƯƠNG MẠI LÊ ANH,TP. Hồ Chí Minh,Miền Nam,14,48.0,82525463.0,3,14
BH25.0031,2025-01-13,2025,1,1,KH-00022,CÔNG TY CỔ PHẦN VIỆT ANH,Hà Nội,Miền Bắc,3,5.0,7250000.0,1,3
BH25.0030,2025-01-13,2025,1,1,KH-00019,CÔNG TY CỔ PHẦN THƯƠNG MẠI LÊ ANH,TP. Hồ Chí Minh,Miền Nam,15,41.0,71160834.0,4,15
BH25.0028,2025-01-13,2025,1,1,KH-00019,CÔNG TY CỔ PHẦN THƯƠNG MẠI LÊ ANH,TP. Hồ Chí Minh,Miền Nam,10,16.0,28276112.0,3,10
BH25.0032,2025-01-13,2025,1,1,KH-00023,CÔNG TY TNHH THANH BÌNH,Hà Nội,Miền Bắc,2,190.0,284648146.0,1,2
BH25.0037,2025-01-15,2025,1,1,KH-00022,CÔNG TY CỔ PHẦN VIỆT ANH,Hà Nội,Miền Bắc,1,25.0,30000000.0,1,1
BH25.0038,2025-01-15,2025,1,1,KH-00018,CÔNG TY TNHH THƯƠNG MẠI PHÚ THỊNH,Hà Nội,Miền Bắc,1,60.0,72000000.0,1,1
BH25.0039,2025-01-15,2025,1,1,KH-00028,DOANH NGHIỆP TW PHÚ THỊNH,Phú Thọ,Miền Bắc,12,28.0,34510000.0,2,12
BH25.0046,2025-01-16,2025,1,1,KH-00032,HỘ KINH DOANH CHI THÀNH,Hà Nội,Miền Bắc,1,1.0,1935185.0,0,1
BH25.0045,2025-01-16,2025,1,1,KH-00031,CÔNG TY CỔ PHẦN THƯƠNG MẠI ĐẠI DƯƠNG,Hà Nội,Miền Bắc,2,2.0,4907408.0,1,2
BH25.0043,2025-01-16,2025,1,1,KH-00006,CÔNG TY TNHH CHI THÀNH,TP. Hồ Chí Minh,Miền Nam,4,13.0,20065922.0,2,4
BH25.0044,2025-01-16,2025,1,1,KH-00006,CÔNG TY TNHH CHI THÀNH,TP. Hồ Chí Minh,Miền Nam,1,13.0,26481481.0,1,1
BH25.0041,2025-01-16,2025,1,1,KH-00030,CỬA HÀNG XE ĐẠP BÌNH MINH,Bắc Giang,Miền Bắc,8,307.0,680818519.0,3,8
BH25.0040,2025-01-16,2025,1,1,KH-00029,CÔNG TY TNHH THƯƠNG MẠI THANH BÌNH,Phan Thiết,Miền Bắc,1,2.0,4055556.0,0,1
BH25.0042,2025-01-16,2025,1,1,KH-00006,CÔNG TY TNHH CHI THÀNH,TP. Hồ Chí Minh,Miền Nam,3,5.0,6885740.0,1,3
BH25.0047,2025-01-17,2025,1,1,KH-00033,CỬA HÀNG XE ĐẠP HÙNG CƯỜNG,Hà Nội,Miền Bắc,1,5.0,11064815.0,1,1
BH25.0048,2025-01-18,2025,1,1,KH-00034,CÔNG TY TNHH BÌNH MINH,Đà Nẵng,Miền Trung,8,10.0,11750000.0,3,8
BH25.0049,2025-01-18,2025,1,1,KH-00035,CỬA HÀNG XE ĐẠP TÂY BẮC,Đà Nẵng,Miền Trung,9,12.0,15000000.0,2,9
BH25.0050,2025-01-20,2025,1,1,KH-00036,CÔNG TY TNHH THƯƠNG MẠI PHÚC AN,Hà Nội,Miền Bắc,1,2.0,14981481.0,1,1
BH25.0051,2025-01-20,2025,1,1,KH-00037,CÔNG TY TNHH THƯƠNG MẠI THANH BÌNH,Hà Nội,Miền Bắc,1,1.0,3879630.0,1,1
BH25.0052,2025-01-20,2025,1,1,KH-00038,DOANH NGHIỆP TW TÂN TIẾN,Thái Nguyên,Miền Bắc,11,27.0,32350000.0,1,11
BH25.0053,2025-01-21,2025,1,1,KH-00039,CÔNG TY CỔ PHẦN ĐÔNG NAM,Phú Quốc,Miền Bắc,6,60.0,153703695.0,3,6
BH25.0054,2025-01-21,2025,1,1,KH-00040,CÔNG TY TNHH VẠN LỢI,Vinh,Miền Bắc,1,103.0,185400000.0,1,1
BH25.0058,2025-01-22,2025,1,1,KH-00036,CÔNG TY TNHH THƯƠNG MẠI PHÚC AN,Hà Nội,Miền Bắc,1,3.0,16361111.0,1,1
BH25.0057,2025-01-22,2025,1,1,KH-00043,CÔNG TY TNHH LONG PHÚ,TP Đà Nẵng,Miền Bắc,1,2.0,2360000.0,1,1
BH25.0056,2025-01-22,2025,1,1,KH-00042,HỘ KINH DOANH MẶT TRỜI,Hà Nội,Miền Bắc,11,15.0,23315739.0,2,11
BH25.0055,2025-01-22,2025,1,1,KH-00041,CỬA HÀNG XE ĐẠP ĐÔNG NAM,Thanh Hóa,Miền Trung,1,5.0,11064815.0,1,1
BH25.0059,2025-01-23,2025,1,1,KH-00044,CÔNG TY TNHH THƯƠNG MẠI NGỌC ANH,Tam Kỳ,Miền Bắc,15,26.0,29250000.0,2,15
BH25.0060,2025-01-23,2025,1,1,KH-00045,CÔNG TY TNHH AN PHÁT,Quảng Nam,Miền Trung,1,4.0,18111112.0,1,1
BH25.0061,2025-01-24,2025,1,1,KH-00046,CÔNG TY CỔ PHẦN THƯƠNG MẠI MẶT TRỜI,Đồng Hới,Miền Bắc,11,68.0,105677282.0,2,11
BH25.0062,2025-02-04,2025,2,1,KH-00047,CÔNG TY CỔ PHẦN THƯƠNG MẠI TÚ ANH,Vĩnh Phúc,Miền Bắc,10,30.0,36180000.0,1,10
BH25.0063,2025-02-05,2025,2,1,KH-00048,CÔNG TY TNHH THUỶ TIÊN,Hà Nội,Miền Bắc,1,2.0,4425926.0,1,1
BH25.0071,2025-02-07,2025,2,1,KH-00053,CÔNG TY TNHH TRƯỜNG THỊNH,Hà Nội,Miền Bắc,1,1.0,3694444.0,1,1
BH25.0070,2025-02-07,2025,2,1,KH-00027,HỘ KINH DOANH ĐẠI DƯƠNG,Hà Nội,Miền Bắc,8,10.0,11520000.0,2,8
BH25.0069,2025-02-07,2025,2,1,KH-00052,DOANH NGHIỆP TW TÂN TIẾN,Chí Linh,Miền Bắc,1,1.0,2212963.0,1,1
BH25.0068,2025-02-07,2025,2,1,KH-00051,CÔNG TY CỔ PHẦN KHẢI HOÀN,Hưng Yên,Miền Bắc,1,2.0,4611111.0,1,1
BH25.0066,2025-02-07,2025,2,1,KH-00050,CÔNG TY TNHH AN PHÁT,Hải Dương,Miền Bắc,1,1.0,2305556.0,1,1
BH25.0065,2025-02-07,2025,2,1,KH-00049,CÔNG TY CỔ PHẦN THUỶ TIÊN,Bắc Ninh,Miền Bắc,7,10.0,20162032.0,3,7
BH25.0064,2025-02-07,2025,2,1,KH-00049,CÔNG TY CỔ PHẦN THUỶ TIÊN,Bắc Ninh,Miền Bắc,2,7.0,38500000.0,1,2
BH25.0067,2025-02-07,2025,2,1,KH-00036,CÔNG TY TNHH THƯƠNG MẠI PHÚC AN,Hà Nội,Miền Bắc,1,2.0,14981481.0,1,1
BH25.0082,2025-02-10,2025,2,1,KH-00061,HỘ KINH DOANH THUỶ TIÊN,Hòa Bình,Miền Bắc,7,10.0,13730000.0,3,7
BH25.0089,2025-02-10,2025,2,1,KH-00068,CÔNG TY CỔ PHẦN SÁN LẠP,Vĩnh Phúc,Miền Bắc,1,2.0,2600000.0,1,1
BH25.0088,2025-02-10,2025,2,1,KH-00067,DOANH NGHIỆP TW NGỌC ANH,Hà Nội,Miền Bắc,19,30.0,32560000.0,4,19
BH25.0087,2025-02-10,2025,2,1,KH-00066,CÔNG TY CỔ PHẦN NGỌC ANH,Hà Nộ,Miền Bắc,19,30.0,34390000.0,2,19
BH25.0086,2025-02-10,2025,2,1,KH-00065,CÔNG TY CỔ PHẦN QUANG VINH,Hà Nội,Miền Bắc,14,40.0,47590000.0,3,14
BH25.0085,2025-02-10,2025,2,1,KH-00064,CÔNG TY TNHH SƠN HÀ,Khu 6 – TT Gia Lộc – Huyện Gia Lộc – Hải Dương,Miền Bắc,13,51.0,60120000.0,3,13
BH25.0083,2025-02-10,2025,2,1,KH-00062,CÔNG TY CỔ PHẦN YÊN BÌNH,Lạng Sơn,Miền Bắc,39,68.0,71840000.0,5,39
BH25.0081,2025-02-10,2025,2,1,KH-00060,CÔNG TY TNHH THƯƠNG MẠI VẠN LỢI,Hà Nam,Miền Bắc,3,21.0,25550000.0,1,3
BH25.0084,2025-02-10,2025,2,1,KH-00063,HỘ KINH DOANH VẠN LỢI,Bắc Giang,Miền Bắc,4,8.0,20615148.0,1,4
BH25.0079,2025-02-10,2025,2,1,KH-00058,DOANH NGHIỆP TW SÁN LẠP,TP Hải Dương,Miền Bắc,4,20.0,24000000.0,1,4
BH25.0078,2025-02-10,2025,2,1,KH-00057,CÔNG TY CỔ PHẦN THƯƠNG MẠI TOÀN THẮNG,Nam Định,Miền Bắc,18,149.0,152555152.0,4,18
BH25.0077,2025-02-10,2025,2,1,KH-00056,DOANH NGHIỆP TW ĐÔNG NAM,Hà Nam,Miền Bắc,12,30.0,33090000.0,3,12
BH25.0076,2025-02-10,2025,2,1,KH-00014,HỘ KINH DOANH LONG PHÚ,Bắc Ninh,Miền Bắc,12,30.0,31330000.0,3,12
BH25.0075,2025-02-10,2025,2,1,KH-00024,CÔNG TY TNHH MINH PHƯƠNG,Ninh Bình,Miền Bắc,8,30.0,35700000.0,3,8
BH25.0074,2025-02-10,2025,2,1,KH-00055,CÔNG TY TNHH THƯƠNG MẠI TÂY BẮC,Đắk Lắk,Miền Trung,1,2.0,4983333.0,1,1
BH25.0073,2025-02-10,2025,2,1,KH-00054,HỘ KINH DOANH TRÍ ĐỨC,Hà Nội,Miền Bắc,1,1.0,2398148.0,1,1
BH25.0072,2025-02-10,2025,2,1,KH-00010,CỬA HÀNG XE ĐẠP QUANG VINH,Thái Nguyên,Miền Bắc,7,38.0,48521284.0,2,7
BH25.0080,2025-02-10,2025,2,1,KH-00059,CÔNG TY TNHH TRÍ ĐỨC,Hải Dương,Miền Bắc,15,42.0,48680000.0,2,15
BH25.0098,2025-02-11,2025,2,1,KH-00006,CÔNG TY TNHH CHI THÀNH,TP. Hồ Chí Minh,Miền Nam,4,19.0,30760737.0,2,4
BH25.0097,2025-02-11,2025,2,1,KH-00006,CÔNG TY TNHH CHI THÀNH,TP. Hồ Chí Minh,Miền Nam,1,2.0,4074074.0,1,1
BH25.0096,2025-02-11,2025,2,1,KH-00006,CÔNG TY TNHH CHI THÀNH,TP. Hồ Chí Minh,Miền Nam,5,17.0,32373054.0,3,5
BH25.0094,2025-02-11,2025,2,1,KH-00069,CÔNG TY TNHH MINH PHƯƠNG,Hà Nội,Miền Bắc,1,2.0,5537037.0,1,1
BH25.0095,2025-02-11,2025,2,1,KH-00006,CÔNG TY TNHH CHI THÀNH,TP. Hồ Chí Minh,Miền Nam,3,7.0,12449813.0,3,3
BH25.0092,2025-02-11,2025,2,1,KH-00019,CÔNG TY CỔ PHẦN THƯƠNG MẠI LÊ ANH,TP. Hồ Chí Minh,Miền Nam,12,95.0,146970185.0,4,12
BH25.0091,2025-02-11,2025,2,1,KH-00006,CÔNG TY TNHH CHI THÀNH,TP. Hồ Chí Minh,Miền Nam,5,14.0,23885923.0,2,5
BH25.0090,2025-02-11,2025,2,1,KH-00006,CÔNG TY TNHH CHI THÀNH,TP. Hồ Chí Minh,Miền Nam,2,10.0,15038146.0,2,2
BH25.0093,2025-02-11,2025,2,1,KH-00048,CÔNG TY TNHH THUỶ TIÊN,Hà Nội,Miền Bắc,1,2.0,4425926.0,1,1
BH25.0099,2025-02-13,2025,2,1,KH-00070,CÔNG TY TNHH THƯƠNG MẠI CHI THÀNH,TP. Hồ Chí Minh,Miền Nam,1,4.0,8851852.0,1,1
BH25.0113,2025-02-14,2025,2,1,KH-00082,CÔNG TY TNHH THƯƠNG MẠI PHÚC AN,Vĩnh Phúc,Miền Bắc,11,31.0,43600000.0,2,11
BH25.0122,2025-02-14,2025,2,1,KH-00089,HỘ KINH DOANH TOÀN THẮNG,Nghệ A,Miền Bắc,18,115.0,138392643.0,3,18
BH25.0121,2025-02-14,2025,2,1,KH-00027,HỘ KINH DOANH ĐẠI DƯƠNG,Hà Nội,Miền Bắc,1,1.0,1150000.0,1,1
BH25.0120,2025-02-14,2025,2,1,KH-00088,CỬA HÀNG XE ĐẠP SÁN LẠP,Nghệ An,Miền Trung,10,31.0,37992643.0,3,10
BH25.0119,2025-02-14,2025,2,1,KH-00087,CỬA HÀNG XE ĐẠP SÁN LẠP,Nghệ An,Miền Trung,3,20.0,24200000.0,1,3
BH25.0118,2025-02-14,2025,2,1,KH-00086,CÔNG TY TNHH NGỌC ANH,Hà Nội,Miền Bắc,18,31.0,33647574.0,4,18
BH25.0117,2025-02-14,2025,2,1,KH-00085,CÔNG TY CỔ PHẦN THƯƠNG MẠI NGỌC ANH,Hà Nội,Miền Bắc,8,20.0,23760000.0,1,8
BH25.0116,2025-02-14,2025,2,1,KH-00084,CỬA HÀNG XE ĐẠP TOÀN THẮNG,Hưng Yên,Miền Bắc,11,15.0,17860000.0,2,11
BH25.0115,2025-02-14,2025,2,1,KH-00083,CÔNG TY CỔ PHẦN THƯƠNG MẠI THANH BÌNH,Hưng Yên,Miền Bắc,14,34.0,39450000.0,2,14
BH25.0114,2025-02-14,2025,2,1,KH-00022,CÔNG TY CỔ PHẦN VIỆT ANH,Hà Nội,Miền Bắc,9,10.0,11590000.0,2,9
BH25.0112,2025-02-14,2025,2,1,KH-00081,CÔNG TY TNHH THƯƠNG MẠI KHẢI HOÀN,Hưng Yên,Miền Bắc,20,40.0,45220000.0,4,20
BH25.0100,2025-02-14,2025,2,1,KH-00071,CỬA HÀNG XE ĐẠP BÌNH MINH,Hà Nội,Miền Bắc,1,1.0,3509259.0,1,1
BH25.0110,2025-02-14,2025,2,1,KH-00079,CÔNG TY TNHH ĐÔNG NAM,Bắc Giang,Miền Bắc,27,50.0,60146430.0,5,27
BH25.0111,2025-02-14,2025,2,1,KH-00080,HỘ KINH DOANH VĨNH PHÁT,Hà Nội,Miền Bắc,19,50.0,60020000.0,1,19
BH25.0102,2025-02-14,2025,2,1,KH-00006,CÔNG TY TNHH CHI THÀNH,TP. Hồ Chí Minh,Miền Nam,4,11.0,14825552.0,2,4
BH25.0103,2025-02-14,2025,2,1,KH-00043,CÔNG TY TNHH LONG PHÚ,TP Đà Nẵng,Miền Bắc,8,10.0,11750000.0,3,8
BH25.0104,2025-02-14,2025,2,1,KH-00073,CỬA HÀNG XE ĐẠP KHẢI HOÀN,Thanh Hoá,Miền Trung,14,30.0,35060000.0,1,14
BH25.0101,2025-02-14,2025,2,1,KH-00072,DOANH NGHIỆP TW PHÚC AN,Hà Tĩnh,Miền Trung,1,3.0,3450000.0,1,1
BH25.0106,2025-02-14,2025,2,1,KH-00075,CÔNG TY CỔ PHẦN ĐÔNG NAM,Hà Nội,Miền Bắc,21,60.0,78090000.0,3,21
BH25.0107,2025-02-14,2025,2,1,KH-00076,CỬA HÀNG XE ĐẠP ĐẠI LỢI,Bắc Giang,Miền Bắc,11,52.0,57190000.0,3,11
BH25.0108,2025-02-14,2025,2,1,KH-00077,CÔNG TY CỔ PHẦN THƯƠNG MẠI NGỌC ANH,Hà Nội,Miền Bắc,18,30.0,35020000.0,2,18
BH25.0109,2025-02-14,2025,2,1,KH-00078,HỘ KINH DOANH VĨNH PHÁT,Hà Nội,Miền Bắc,9,11.0,13090000.0,2,9
BH25.0105,2025-02-14,2025,2,1,KH-00074,CÔNG TY TNHH THƯƠNG MẠI HOÀ BÌNH,Hòa Bình,Miền Bắc,14,16.0,15431481.0,3,14
BH25.0123,2025-02-15,2025,2,1,KH-00090,CÔNG TY TNHH THƯƠNG MẠI TÂY BẮC,Thanh Hoá,Miền Trung,1,4.0,8518519.0,1,1
BH25.0133,2025-02-17,2025,2,1,KH-00078,HỘ KINH DOANH VĨNH PHÁT,Hà Nội,Miền Bắc,14,20.0,21251481.0,4,14
BH25.0140,2025-02-17,2025,2,1,KH-00102,CỬA HÀNG XE ĐẠP AN PHÁT,Bắc Ninh,Miền Bắc,6,60.0,69700000.0,1,6
BH25.0139,2025-02-17,2025,2,1,KH-00101,CÔNG TY CỔ PHẦN THƯƠNG MẠI QUANG VINH,Hà Nội,Miền Bắc,1,1.0,1180000.0,1,1
BH25.0138,2025-02-17,2025,2,1,KH-00100,CỬA HÀNG XE ĐẠP ĐẠI LỢI,Hà Nội,Miền Bắc,1,1.0,2400000.0,1,1
BH25.0137,2025-02-17,2025,2,1,KH-00099,CÔNG TY TNHH NGỌC ANH,Hà Nội,Miền Bắc,24,39.0,43710000.0,4,24
BH25.0135,2025-02-17,2025,2,1,KH-00098,HỘ KINH DOANH MẶT TRỜI,Nghệ An,Miền Trung,13,80.0,93690000.0,1,13
BH25.0134,2025-02-17,2025,2,1,KH-00098,HỘ KINH DOANH MẶT TRỜI,Nghệ An,Miền Trung,18,50.0,58090000.0,2,18
BH25.0132,2025-02-17,2025,2,1,KH-00097,CÔNG TY TNHH XUÂN MAI,Hà Nội,Miền Bắc,15,32.0,39582643.0,3,15
BH25.0130,2025-02-17,2025,2,1,KH-00095,CÔNG TY CỔ PHẦN THƯƠNG MẠI KHẢI HOÀN,Hà Nội,Miền Bắc,18,30.0,34730000.0,3,18
BH25.0129,2025-02-17,2025,2,1,KH-00094,HỘ KINH DOANH SÁN LẠP,Phú Thọ,Miền Bắc,10,20.0,23330000.0,2,10
BH25.0128,2025-02-17,2025,2,1,KH-00068,CÔNG TY CỔ PHẦN SÁN LẠP,Vĩnh Phúc,Miền Bắc,9,32.0,27920000.0,2,9
BH25.0127,2025-02-17,2025,2,1,KH-00093,CÔNG TY CỔ PHẦN PHÚC AN,Hà Nội,Miền Bắc,16,30.0,33570000.0,3,16
BH25.0126,2025-02-17,2025,2,1,KH-00092,CÔNG TY CỔ PHẦN THƯƠNG MẠI XUÂN MAI,Hà Nội,Miền Bắc,5,12.0,14260000.0,1,5
BH25.0125,2025-02-17,2025,2,1,KH-00091,CÔNG TY TNHH BÌNH MINH,Hà Nội,Miền Bắc,9,77.0,141519023.0,1,9
BH25.0124,2025-02-17,2025,2,1,KH-00023,CÔNG TY TNHH THANH BÌNH,Hà Nội,Miền Bắc,4,184.0,261307407.0,2,4
BH25.0131,2025-02-17,2025,2,1,KH-00096,CÔNG TY TNHH THƯƠNG MẠI SƠN HÀ,Hà Nội,Miền Bắc,11,21.0,24340000.0,3,11
BH25.0141,2025-02-18,2025,2,1,KH-00027,HỘ KINH DOANH ĐẠI DƯƠNG,Hà Nội,Miền Bắc,1,5.0,6250000.0,1,1
BH25.0142,2025-02-18,2025,2,1,KH-00069,CÔNG TY TNHH MINH PHƯƠNG,Hà Nội,Miền Bắc,1,2.0,5537037.0,1,1
BH25.0152,2025-02-19,2025,2,1,KH-00111,DOANH NGHIỆP TW MẶT TRỜI,Hà Nội,Miền Bắc,16,23.0,26040000.0,3,16
BH25.0157,2025-02-19,2025,2,1,KH-00116,HỘ KINH DOANH TOÀN THẮNG,Hưng Yên,Miền Bắc,14,50.0,57090000.0,2,14
BH25.0158,2025-02-19,2025,2,1,KH-00117,HỘ KINH DOANH YÊN BÌNH,Hưng yên,Miền Bắc,7,21.0,23960000.0,2,7
BH25.0155,2025-02-19,2025,2,1,KH-00114,CỬA HÀNG XE ĐẠP NGỌC ANH,Phố Kiểu - Yên Trường - Yên Định - Thanh Hoá,Miền Bắc,5,16.0,22550000.0,3,5
BH25.0154,2025-02-19,2025,2,1,KH-00113,DOANH NGHIỆP TW XÂY DỰNG,Thanh Hoá,Miền Trung,8,15.0,17790000.0,1,8
BH25.0153,2025-02-19,2025,2,1,KH-00112,HỘ KINH DOANH TÚ ANH,Khu 2- thị trấn Kim Tân- Thạch Thành - Thanh Hóa,Miền Bắc,19,31.0,35180000.0,2,19
BH25.0151,2025-02-19,2025,2,1,KH-00110,CỬA HÀNG XE ĐẠP TÂY BẮC,Hà Nội,Miền Bắc,13,17.0,19750000.0,3,13
BH25.0156,2025-02-19,2025,2,1,KH-00115,CÔNG TY CỔ PHẦN YÊN BÌNH,Thanh Hóa,Miền Trung,23,30.0,32360000.0,3,23
BH25.0149,2025-02-19,2025,2,1,KH-00108,HỘ KINH DOANH LÊ ANH,Hà Nội,Miền Bắc,14,30.0,35900000.0,3,14
BH25.0148,2025-02-19,2025,2,1,KH-00076,CỬA HÀNG XE ĐẠP ĐẠI LỢI,Bắc Giang,Miền Bắc,11,20.0,22969073.0,4,11
BH25.0147,2025-02-19,2025,2,1,KH-00107,CÔNG TY TNHH LONG PHÚ,Bắc Ninh,Miền Bắc,4,20.0,21760000.0,2,4
BH25.0146,2025-02-19,2025,2,1,KH-00106,CÔNG TY TNHH THƯƠNG MẠI TOÀN THẮNG,Thanh Hóa,Miền Trung,11,70.0,88360000.0,2,11
BH25.0145,2025-02-19,2025,2,1,KH-00105,CỬA HÀNG XE ĐẠP PHÚC AN,Bắc Ninh,Miền Bắc,11,30.0,34910000.0,2,11
BH25.0144,2025-02-19,2025,2,1,KH-00104,DOANH NGHIỆP TW THUỶ TIÊN,Thanh Hóa,Miền Trung,14,50.0,65335286.0,3,14
BH25.0143,2025-02-19,2025,2,1,KH-00103,CÔNG TY CỔ PHẦN AN PHÁT,Bắc Giang,Miền Bắc,1,10.0,18680556.0,1,1
BH25.0150,2025-02-19,2025,2,1,KH-00109,CÔNG TY CỔ PHẦN VẠN LỢI,Hà Nội,Miền Bắc,7,10.0,11900000.0,1,7
BH25.0173,2025-02-20,2025,2,1,KH-00129,CÔNG TY CỔ PHẦN LÊ ANH,Tĩnh Thanh Hoá,Miền Bắc,22,51.0,60307929.0,4,22
BH25.0174,2025-02-20,2025,2,1,KH-00130,CÔNG TY CỔ PHẦN THƯƠNG MẠI THUỶ TIÊN,Thanh Hoá,Miền Trung,9,30.0,36600000.0,1,9
BH25.0175,2025-02-20,2025,2,1,KH-00131,CÔNG TY TNHH QUANG VINH,Hà Nam,Miền Bắc,14,30.0,35090000.0,2,14
BH25.0180,2025-02-20,2025,2,1,KH-00132,CÔNG TY TNHH THƯƠNG MẠI HOÀ BÌNH,Nghệ An,Miền Trung,14,61.0,73740000.0,2,14
BH25.0178,2025-02-20,2025,2,1,KH-00078,HỘ KINH DOANH VĨNH PHÁT,Hà Nội,Miền Bắc,12,36.0,42452962.0,1,12
BH25.0179,2025-02-20,2025,2,1,KH-00097,CÔNG TY TNHH XUÂN MAI,Hà Nội,Miền Bắc,14,33.0,38740000.0,2,14
BH25.0171,2025-02-20,2025,2,1,KH-00128,HỘ KINH DOANH TÂY BẮC,Thanh Hóa,Miền Trung,12,40.0,46560000.0,2,12
BH25.0181,2025-02-20,2025,2,1,KH-00133,DOANH NGHIỆP TW YÊN BÌNH,Thanh Hoá,Miền Trung,3,15.0,17930000.0,1,3
BH25.0177,2025-02-20,2025,2,1,KH-00043,CÔNG TY TNHH LONG PHÚ,TP Đà Nẵng,Miền Bắc,13,14.0,16540000.0,2,13
BH25.0170,2025-02-20,2025,2,1,KH-00127,CỬA HÀNG XE ĐẠP TÂN TIẾN,Hà Nam,Miền Bắc,6,40.0,48240000.0,1,6
BH25.0176,2025-02-20,2025,2,1,KH-00034,CÔNG TY TNHH BÌNH MINH,Đà Nẵng,Miền Trung,13,18.0,21000000.0,1,13
BH25.0168,2025-02-20,2025,2,1,KH-00126,HỘ KINH DOANH HOÀ BÌNH,Thanh Hoá,Miền Trung,15,32.0,37970000.0,3,15
BH25.0167,2025-02-20,2025,2,1,KH-00125,HỘ KINH DOANH BÌNH MINH,Thanh Hóa,Miền Trung,2,17.0,21860000.0,1,2
BH25.0166,2025-02-20,2025,2,1,KH-00124,CÔNG TY CỔ PHẦN THƯƠNG MẠI AN PHÁT,Thanh Hoá,Miền Trung,14,30.0,36220000.0,2,14
BH25.0165,2025-02-20,2025,2,1,KH-00123,CÔNG TY CỔ PHẦN THƯƠNG MẠI LONG PHÚ,Hà Nội,Miền Bắc,8,20.0,17390000.0,2,8
BH25.0164,2025-02-20,2025,2,1,KH-00122,CÔNG TY TNHH CHI THÀNH,Hưng Yên,Miền Bắc,16,30.0,28520000.0,3,16
BH25.0163,2025-02-20,2025,2,1,KH-00121,CÔNG TY TNHH CHI THÀNH,Hưng Yên,Miền Bắc,17,19.0,25527929.0,4,17
BH25.0162,2025-02-20,2025,2,1,KH-00120,CÔNG TY TNHH THANH BÌNH,Hà Nội,Miền Bắc,13,31.0,30742643.0,4,13
BH25.0161,2025-02-20,2025,2,1,KH-00119,DOANH NGHIỆP TW MẶT TRỜI,Hà Nội,Miền Bắc,19,24.0,28372558.0,3,19
BH25.0160,2025-02-20,2025,2,1,KH-00048,CÔNG TY TNHH THUỶ TIÊN,Hà Nội,Miền Bắc,1,2.0,4425926.0,1,1
BH25.0159,2025-02-20,2025,2,1,KH-00118,HỘ KINH DOANH HÙNG CƯỜNG,Nam Định,Miền Bắc,1,3.0,7361111.0,1,1
BH25.0169,2025-02-20,2025,2,1,KH-00024,CÔNG TY TNHH MINH PHƯƠNG,Ninh Bình,Miền Bắc,7,50.0,60560000.0,2,7
BH25.0182,2025-02-21,2025,2,1,KH-00134,DOANH NGHIỆP TW PHÚ THỊNH,Quảng Nam,Miền Trung,9,81.0,128609691.0,1,8
BH25.0183,2025-02-21,2025,2,1,KH-00038,DOANH NGHIỆP TW TÂN TIẾN,Thái Nguyên,Miền Bắc,16,59.0,74329035.0,2,16
BH25.0184,2025-02-21,2025,2,1,KH-00019,CÔNG TY CỔ PHẦN THƯƠNG MẠI LÊ ANH,TP. Hồ Chí Minh,Miền Nam,12,30.0,49465370.0,4,12
BH25.0209,2025-02-22,2025,2,1,KH-00150,HỘ KINH DOANH SÁN LẠP,Hải Dương,Miền Bắc,8,9.0,14582643.0,2,8
BH25.0208,2025-02-22,2025,2,1,KH-00149,CỬA HÀNG XE ĐẠP TÚ ANH,Hải Dương,Miền Bắc,11,23.0,35767929.0,5,11
BH25.0205,2025-02-22,2025,2,1,KH-00146,HỘ KINH DOANH LONG PHÚ,Điện Biên,Miền Bắc,11,14.0,18640000.0,4,11
BH25.0206,2025-02-22,2025,2,1,KH-00147,CÔNG TY TNHH PHÚ THỊNH,Hà Nội,Miền Bắc,22,53.0,64955042.0,3,22
BH25.0210,2025-02-22,2025,2,1,KH-00148,HỘ KINH DOANH THUỶ TIÊN,Hải Dươn,Miền Bắc,6,6.0,7300000.0,2,6
BH25.0207,2025-02-22,2025,2,1,KH-00148,HỘ KINH DOANH THUỶ TIÊN,Hải Dươn,Miền Bắc,8,10.0,14122643.0,3,8
BH25.0211,2025-02-22,2025,2,1,KH-00151,CÔNG TY TNHH LÊ ANH,Hà Tĩnh,Miền Trung,23,36.0,42300000.0,3,23
BH25.0218,2025-02-22,2025,2,1,KH-00097,CÔNG TY TNHH XUÂN MAI,Hà Nội,Miền Bắc,20,45.0,53722962.0,4,20
BH25.0213,2025-02-22,2025,2,1,KH-00153,CÔNG TY CỔ PHẦN THƯƠNG MẠI PHÚ THỊNH,Hà Tĩnh,Miền Trung,12,32.0,33900000.0,3,12
BH25.0214,2025-02-22,2025,2,1,KH-00154,DOANH NGHIỆP TW VĨNH PHÁT,Hà Tĩnh,Miền Trung,5,21.0,23640000.0,1,5
BH25.0215,2025-02-22,2025,2,1,KH-00078,HỘ KINH DOANH VĨNH PHÁT,Hà Nội,Miền Bắc,14,20.0,20702962.0,4,14
BH25.0216,2025-02-22,2025,2,1,KH-00155,DOANH NGHIỆP TW HÙNG CƯỜNG,Hà Nội,Miền Bắc,13,41.0,40062117.0,4,13
BH25.0217,2025-02-22,2025,2,1,KH-00067,DOANH NGHIỆP TW NGỌC ANH,Hà Nội,Miền Bắc,20,31.0,36331481.0,4,20
BH25.0219,2025-02-22,2025,2,1,KH-00156,DOANH NGHIỆP TW VIỆT ANH,Thanh Hoá,Miền Trung,13,18.0,21250000.0,3,13
BH25.0204,2025-02-22,2025,2,1,KH-00145,HỘ KINH DOANH PHÚ THỊNH,Quảng Ngãi,Miền Trung,13,20.0,22940000.0,4,13
BH25.0212,2025-02-22,2025,2,1,KH-00152,HỘ KINH DOANH TRÍ ĐỨC,Nghệ An,Miền Trung,14,35.0,38830000.0,3,14
BH25.0203,2025-02-22,2025,2,1,KH-00144,CỬA HÀNG XE ĐẠP QUANG VINH,Vĩnh Yên,Miền Bắc,17,20.0,22418078.0,4,17
BH25.0202,2025-02-22,2025,2,1,KH-00143,DOANH NGHIỆP TW TÂY BẮC,Vĩnh Phúc,Miền Bắc,12,20.0,29700000.0,2,12
BH25.0201,2025-02-22,2025,2,1,KH-00142,CÔNG TY TNHH THƯƠNG MẠI CHI THÀNH,Hà Nội,Miền Bắc,9,11.0,13450000.0,2,9
BH25.0185,2025-02-22,2025,2,1,KH-00006,CÔNG TY TNHH CHI THÀNH,TP. Hồ Chí Minh,Miền Nam,4,10.0,14649256.0,2,4
BH25.0186,2025-02-22,2025,2,1,KH-00006,CÔNG TY TNHH CHI THÀNH,TP. Hồ Chí Minh,Miền Nam,4,16.0,29092958.0,2,4
BH25.0187,2025-02-22,2025,2,1,KH-00006,CÔNG TY TNHH CHI THÀNH,TP. Hồ Chí Minh,Miền Nam,7,14.0,19331293.0,2,7
BH25.0188,2025-02-22,2025,2,1,KH-00133,DOANH NGHIỆP TW YÊN BÌNH,Thanh Hoá,Miền Trung,4,15.0,17520000.0,1,4
BH25.0190,2025-02-22,2025,2,1,KH-00136,CÔNG TY CỔ PHẦN NGỌC ANH,Tây Bình Cách - Xã Đông Xá - Huyện Đông Hưng - Thái Bình.,Miền Bắc,25,38.0,42370000.0,4,25
BH25.0191,2025-02-22,2025,2,1,KH-00137,CÔNG TY TNHH THƯƠNG MẠI QUANG VINH,Hà Nam,Miền Bắc,11,29.0,36580000.0,3,11
BH25.0192,2025-02-22,2025,2,1,KH-00138,CÔNG TY TNHH THƯƠNG MẠI VĨNH PHÁT,Thái Bình,Miền Bắc,26,50.0,52850000.0,3,26
BH25.0189,2025-02-22,2025,2,1,KH-00135,CỬA HÀNG XE ĐẠP XUÂN MAI,Ninh Bình,Miền Bắc,19,30.0,34180000.0,3,19
BH25.0194,2025-02-22,2025,2,1,KH-00100,CỬA HÀNG XE ĐẠP ĐẠI LỢI,Hà Nội,Miền Bắc,11,30.0,36169522.0,2,11
BH25.0195,2025-02-22,2025,2,1,KH-00139,HỘ KINH DOANH YÊN BÌNH,Hà Nội,Miền Bắc,34,50.0,73572860.0,3,34
BH25.0196,2025-02-22,2025,2,1,KH-00078,HỘ KINH DOANH VĨNH PHÁT,Hà Nội,Miền Bắc,1,1.0,1300000.0,1,1
BH25.0197,2025-02-22,2025,2,1,KH-00140,CÔNG TY TNHH XÂY DỰNG,Hải Dương,Miền Bắc,15,29.0,40760000.0,3,15
BH25.0198,2025-02-22,2025,2,1,KH-00141,CÔNG TY CỔ PHẦN THƯƠNG MẠI TÂN TIẾN,Hải Phòng,Miền Bắc,40,120.0,108820000.0,3,40
BH25.0199,2025-02-22,2025,2,1,KH-00064,CÔNG TY TNHH SƠN HÀ,Khu 6 – TT Gia Lộc – Huyện Gia Lộc – Hải Dương,Miền Bắc,14,60.0,70780000.0,1,14
BH25.0200,2025-02-22,2025,2,1,KH-00065,CÔNG TY CỔ PHẦN QUANG VINH,Hà Nội,Miền Bắc,16,29.0,34590000.0,3,16
BH25.0193,2025-02-22,2025,2,1,KH-00022,CÔNG TY CỔ PHẦN VIỆT ANH,Hà Nội,Miền Bắc,11,16.0,18270000.0,3,11
BH25.0220,2025-02-24,2025,2,1,KH-00006,CÔNG TY TNHH CHI THÀNH,TP. Hồ Chí Minh,Miền Nam,2,7.0,13287034.0,1,2
BH25.0221,2025-02-24,2025,2,1,KH-00006,CÔNG TY TNHH CHI THÀNH,TP. Hồ Chí Minh,Miền Nam,2,5.0,7241295.0,2,2
BH25.0222,2025-02-24,2025,2,1,KH-00006,CÔNG TY TNHH CHI THÀNH,TP. Hồ Chí Minh,Miền Nam,5,19.0,31538141.0,2,5
BH25.0223,2025-02-24,2025,2,1,KH-00006,CÔNG TY TNHH CHI THÀNH,TP. Hồ Chí Minh,Miền Nam,5,16.0,28204254.0,2,5
BH25.0224,2025-02-24,2025,2,1,KH-00023,CÔNG TY TNHH THANH BÌNH,Hà Nội,Miền Bắc,2,6.0,11286112.0,1,2
BH25.0229,2025-02-25,2025,2,1,KH-00133,DOANH NGHIỆP TW YÊN BÌNH,Thanh Hoá,Miền Trung,6,23.0,17411481.0,2,6
BH25.0230,2025-02-25,2025,2,1,KH-00159,CÔNG TY TNHH THƯƠNG MẠI THANH BÌNH,Thủ Dầu Một,Miền Bắc,1,2.0,4611111.0,1,1
BH25.0228,2025-02-25,2025,2,1,KH-00158,CÔNG TY TNHH THƯƠNG MẠI VIỆT ANH,Thái Bình,Miền Bắc,12,19.0,23040000.0,2,12
BH25.0226,2025-02-25,2025,2,1,KH-00157,CÔNG TY TNHH THƯƠNG MẠI LONG PHÚ,Hà Nội,Miền Bắc,2,2.0,7018519.0,2,2
BH25.0225,2025-02-25,2025,2,1,KH-00042,HỘ KINH DOANH MẶT TRỜI,Hà Nội,Miền Bắc,12,15.0,25879622.0,2,12
BH25.0227,2025-02-25,2025,2,1,KH-00042,HỘ KINH DOANH MẶT TRỜI,Hà Nội,Miền Bắc,13,16.0,24976845.0,2,13
BH25.0239,2025-02-26,2025,2,1,KH-00167,CÔNG TY CỔ PHẦN THƯƠNG MẠI LÊ ANH,Hà Nội,Miền Bắc,10,19.0,24390000.0,3,10
BH25.0242,2025-02-26,2025,2,1,KH-00170,CỬA HÀNG XE ĐẠP TRƯỜNG THỊNH,Ninh Bình,Miền Bắc,24,36.0,41700000.0,2,24
BH25.0241,2025-02-26,2025,2,1,KH-00169,CÔNG TY TNHH THƯƠNG MẠI VĨNH PHÁT,Ninh Bình,Miền Bắc,24,77.0,89420000.0,3,24
BH25.0240,2025-02-26,2025,2,1,KH-00168,DOANH NGHIỆP TW ĐẠI LỢI,Hà Nội,Miền Bắc,13,36.0,32882117.0,3,13
BH25.0238,2025-02-26,2025,2,1,KH-00166,HỘ KINH DOANH QUANG VINH,Tổ 1 - Phường Mường Thanh - TP Điện Biên Phủ,Miền Bắc,10,18.0,23312643.0,3,10
BH25.0237,2025-02-26,2025,2,1,KH-00165,CÔNG TY CỔ PHẦN THƯƠNG MẠI TRƯỜNG THỊNH,Bắc Giang,Miền Bắc,7,8.0,10890000.0,3,7
BH25.0235,2025-02-26,2025,2,1,KH-00163,HỘ KINH DOANH XUÂN MAI,Hà Nội,Miền Bắc,9,20.0,24015924.0,2,9
BH25.0234,2025-02-26,2025,2,1,KH-00162,CÔNG TY CỔ PHẦN THƯƠNG MẠI CHI THÀNH,Hà Nội,Miền Bắc,7,9.0,10510000.0,2,7
BH25.0233,2025-02-26,2025,2,1,KH-00075,CÔNG TY CỔ PHẦN ĐÔNG NAM,Hà Nội,Miền Bắc,11,21.0,24900000.0,3,11
BH25.0232,2025-02-26,2025,2,1,KH-00161,CÔNG TY TNHH THIÊN AN,Hà Nội,Miền Bắc,13,13.0,21197215.0,4,13
BH25.0231,2025-02-26,2025,2,1,KH-00160,CÔNG TY TNHH THƯƠNG MẠI TRÍ ĐỨC,Hà Nội,Miền Bắc,1,1.0,2768519.0,1,1
BH25.0236,2025-02-26,2025,2,1,KH-00164,HỘ KINH DOANH XÂY DỰNG,Thân Nhân Trung - TT Bích Động - Việt Yên - Bắc Giang,Miền Bắc,8,21.0,25750000.0,3,8
BH25.0243,2025-02-27,2025,2,1,KH-00171,CÔNG TY CỔ PHẦN QUANG VINH,Hà Nội,Miền Bắc,1,10.0,24259259.0,1,1
BH25.0244,2025-02-27,2025,2,1,KH-00022,CÔNG TY CỔ PHẦN VIỆT ANH,Hà Nội,Miền Bắc,1,2.0,2300000.0,1,1
BH25.0245,2025-02-28,2025,2,1,KH-00040,CÔNG TY TNHH VẠN LỢI,Vinh,Miền Bắc,1,34.0,61200000.0,1,1
BH25.0246,2025-02-28,2025,2,1,KH-00172,CỬA HÀNG XE ĐẠP XÂY DỰNG,Đường Trang Quan - Xã An Đồng - Huyện An Dương - Hải Phòng.,Miền Bắc,1,82.0,138944444.0,1,1
BH25.0248,2025-03-01,2025,3,1,KH-00173,DOANH NGHIỆP TW PHÚ THỊNH,Hà Nội,Miền Bắc,12,54.0,93419538.0,3,12
BH25.0247,2025-03-01,2025,3,1,KH-00019,CÔNG TY CỔ PHẦN THƯƠNG MẠI LÊ ANH,TP. Hồ Chí Minh,Miền Nam,14,90.0,144824168.0,3,14
BH25.0251,2025-03-06,2025,3,1,KH-00175,CÔNG TY CỔ PHẦN THƯƠNG MẠI TÂN TIẾN,Hà Nội,Miền Bắc,1,1.0,7490741.0,1,1
BH25.0250,2025-03-06,2025,3,1,KH-00174,CÔNG TY CỔ PHẦN THƯƠNG MẠI LÊ ANH,Đà Nẵng,Miền Trung,8,20.0,23300000.0,1,8
BH25.0249,2025-03-06,2025,3,1,KH-00011,DOANH NGHIỆP TW NAM TIẾN,Hà Nội,Miền Bắc,1,1.0,2305556.0,1,1
BH25.0252,2025-03-07,2025,3,1,KH-00176,CÔNG TY TNHH THUỶ TIÊN,Hà Nội,Miền Bắc,1,1.0,1472222.0,1,1
BH25.0253,2025-03-07,2025,3,1,KH-00159,CÔNG TY TNHH THƯƠNG MẠI THANH BÌNH,Thủ Dầu Một,Miền Bắc,1,7.0,16138889.0,1,1
BH25.0254,2025-03-08,2025,3,1,KH-00006,CÔNG TY TNHH CHI THÀNH,TP. Hồ Chí Minh,Miền Nam,3,12.0,16779256.0,2,3
BH25.0255,2025-03-08,2025,3,1,KH-00006,CÔNG TY TNHH CHI THÀNH,TP. Hồ Chí Minh,Miền Nam,2,5.0,7519073.0,2,2
BH25.0256,2025-03-08,2025,3,1,KH-00006,CÔNG TY TNHH CHI THÀNH,TP. Hồ Chí Minh,Miền Nam,6,18.0,30635736.0,3,6
BH25.0262,2025-03-10,2025,3,1,KH-00012,HỘ KINH DOANH THIÊN AN,Hà Nội,Miền Bắc,1,1.0,2592593.0,1,1
BH25.0260,2025-03-10,2025,3,1,KH-00035,CỬA HÀNG XE ĐẠP TÂY BẮC,Đà Nẵng,Miền Trung,7,10.0,12340000.0,1,7
BH25.0261,2025-03-10,2025,3,1,KH-00179,CÔNG TY CỔ PHẦN TÂN TIẾN,Hà Nội,Miền Bắc,2,2.0,4240741.0,2,2
BH25.0258,2025-03-10,2025,3,1,KH-00177,CÔNG TY CỔ PHẦN TRƯỜNG THỊNH,Hưng Yên,Miền Bắc,2,3.0,7388889.0,1,2
BH25.0257,2025-03-10,2025,3,1,KH-00010,CỬA HÀNG XE ĐẠP QUANG VINH,Thái Nguyên,Miền Bắc,21,50.0,58360000.0,3,21
BH25.0259,2025-03-10,2025,3,1,KH-00178,CÔNG TY CỔ PHẦN QUANG VINH,Hà Nội,Miền Bắc,1,1.0,2212963.0,1,1
BH25.0263,2025-03-13,2025,3,1,KH-00006,CÔNG TY TNHH CHI THÀNH,TP. Hồ Chí Minh,Miền Nam,5,12.0,15636108.0,2,5
BH25.0264,2025-03-13,2025,3,1,KH-00006,CÔNG TY TNHH CHI THÀNH,TP. Hồ Chí Minh,Miền Nam,6,8.0,13213517.0,2,6
BH25.0265,2025-03-13,2025,3,1,KH-00006,CÔNG TY TNHH CHI THÀNH,TP. Hồ Chí Minh,Miền Nam,5,13.0,21398884.0,2,5
BH25.0266,2025-03-13,2025,3,1,KH-00006,CÔNG TY TNHH CHI THÀNH,TP. Hồ Chí Minh,Miền Nam,4,32.0,51076660.0,2,4
BH25.0267,2025-03-13,2025,3,1,KH-00173,DOANH NGHIỆP TW PHÚ THỊNH,Hà Nội,Miền Bắc,2,20.0,39141667.0,1,2
BH25.0268,2025-03-13,2025,3,1,KH-00173,DOANH NGHIỆP TW PHÚ THỊNH,Hà Nội,Miền Bắc,20,78.0,148823888.0,5,20
BH25.0269,2025-03-13,2025,3,1,KH-00173,DOANH NGHIỆP TW PHÚ THỊNH,Hà Nội,Miền Bắc,5,25.0,64915277.0,3,5
BH25.0275,2025-03-14,2025,3,1,KH-00183,DOANH NGHIỆP TW LONG PHÚ,Bắc Giang,Miền Bắc,13,17.0,20000000.0,2,13
BH25.0273,2025-03-14,2025,3,1,KH-00182,CÔNG TY CỔ PHẦN PHÚ THỊNH,Sơn La,Miền Bắc,5,10.0,13140000.0,3,5
BH25.0274,2025-03-14,2025,3,1,KH-00027,HỘ KINH DOANH ĐẠI DƯƠNG,Hà Nội,Miền Bắc,9,11.0,13004039.0,3,9
BH25.0271,2025-03-14,2025,3,1,KH-00133,DOANH NGHIỆP TW YÊN BÌNH,Thanh Hoá,Miền Trung,1,6.0,3000000.0,1,1
BH25.0270,2025-03-14,2025,3,1,KH-00180,CÔNG TY TNHH THƯƠNG MẠI VẠN LỢI,Thanh Hoá,Miền Trung,18,40.0,47210000.0,1,18
BH25.0272,2025-03-14,2025,3,1,KH-00181,CÔNG TY TNHH LONG PHÚ,Thừa Thiên Huế,Miền Trung,19,103.0,145317087.0,2,19
BH25.0291,2025-03-17,2025,3,1,KH-00186,HỘ KINH DOANH XÂY DỰNG,Vĩnh Phúc,Miền Bắc,2,8.0,16464815.0,1,2
BH25.0290,2025-03-17,2025,3,1,KH-00173,DOANH NGHIỆP TW PHÚ THỊNH,Hà Nội,Miền Bắc,5,15.0,38949167.0,3,5
BH25.0289,2025-03-17,2025,3,1,KH-00173,DOANH NGHIỆP TW PHÚ THỊNH,Hà Nội,Miền Bắc,17,41.0,84357777.0,5,17
BH25.0288,2025-03-17,2025,3,1,KH-00173,DOANH NGHIỆP TW PHÚ THỊNH,Hà Nội,Miền Bắc,18,57.0,110651852.0,5,18
BH25.0287,2025-03-17,2025,3,1,KH-00173,DOANH NGHIỆP TW PHÚ THỊNH,Hà Nội,Miền Bắc,5,20.0,51932224.0,3,5
BH25.0286,2025-03-17,2025,3,1,KH-00173,DOANH NGHIỆP TW PHÚ THỊNH,Hà Nội,Miền Bắc,5,20.0,51932224.0,3,5
BH25.0284,2025-03-17,2025,3,1,KH-00173,DOANH NGHIỆP TW PHÚ THỊNH,Hà Nội,Miền Bắc,19,79.0,165763887.0,5,19
BH25.0285,2025-03-17,2025,3,1,KH-00173,DOANH NGHIỆP TW PHÚ THỊNH,Hà Nội,Miền Bắc,19,60.0,119613798.0,5,19
BH25.0282,2025-03-17,2025,3,1,KH-00173,DOANH NGHIỆP TW PHÚ THỊNH,Hà Nội,Miền Bắc,1,5.0,17431944.0,1,1
BH25.0281,2025-03-17,2025,3,1,KH-00185,CÔNG TY TNHH THƯƠNG MẠI VĨNH PHÁT,Tỉnh Hòa Bình.,Miền Bắc,1,1.0,2546296.0,1,1
BH25.0280,2025-03-17,2025,3,1,KH-00014,HỘ KINH DOANH LONG PHÚ,Bắc Ninh,Miền Bắc,13,44.0,45160000.0,3,13
BH25.0279,2025-03-17,2025,3,1,KH-00010,CỬA HÀNG XE ĐẠP QUANG VINH,Thái Nguyên,Miền Bắc,16,40.0,50285148.0,4,16
BH25.0278,2025-03-17,2025,3,1,KH-00079,CÔNG TY TNHH ĐÔNG NAM,Bắc Giang,Miền Bắc,7,19.0,22170000.0,1,7
BH25.0277,2025-03-17,2025,3,1,KH-00184,DOANH NGHIỆP TW ĐẠI LỢI,Hoà Bình,Miền Bắc,7,11.0,12650000.0,3,7
BH25.0276,2025-03-17,2025,3,1,KH-00046,CÔNG TY CỔ PHẦN THƯƠNG MẠI MẶT TRỜI,Đồng Hới,Miền Bắc,17,68.0,108164789.0,2,17
BH25.0283,2025-03-17,2025,3,1,KH-00173,DOANH NGHIỆP TW PHÚ THỊNH,Hà Nội,Miền Bắc,4,20.0,47483333.0,3,4
BH25.0299,2025-03-18,2025,3,1,KH-00068,CÔNG TY CỔ PHẦN SÁN LẠP,Vĩnh Phúc,Miền Bắc,8,22.0,17490000.0,2,8
BH25.0304,2025-03-18,2025,3,1,KH-00098,HỘ KINH DOANH MẶT TRỜI,Nghệ An,Miền Trung,13,130.0,150700000.0,2,13
BH25.0303,2025-03-18,2025,3,1,KH-00096,CÔNG TY TNHH THƯƠNG MẠI SƠN HÀ,Hà Nội,Miền Bắc,15,21.0,27787000.0,2,15
BH25.0301,2025-03-18,2025,3,1,KH-00024,CÔNG TY TNHH MINH PHƯƠNG,Ninh Bình,Miền Bắc,12,40.0,47260000.0,2,12
BH25.0300,2025-03-18,2025,3,1,KH-00190,HỘ KINH DOANH XÂY DỰNG,Hà Nội,Miền Bắc,6,14.0,18187000.0,1,5
BH25.0298,2025-03-18,2025,3,1,KH-00189,CÔNG TY CỔ PHẦN MẶT TRỜI,Hà Nội,Miền Bắc,9,11.0,11570000.0,3,9
BH25.0302,2025-03-18,2025,3,1,KH-00078,HỘ KINH DOANH VĨNH PHÁT,Hà Nội,Miền Bắc,6,10.0,10550000.0,3,6
BH25.0296,2025-03-18,2025,3,1,KH-00016,DOANH NGHIỆP TW VIỆT ANH,Quảng Trị,Miền Trung,12,21.0,25080000.0,2,12
BH25.0295,2025-03-18,2025,3,1,KH-00188,DOANH NGHIỆP TW XÂY DỰNG,Thanh Hóa,Miền Trung,10,17.0,36624908.0,5,10
BH25.0294,2025-03-18,2025,3,1,KH-00188,DOANH NGHIỆP TW XÂY DỰNG,Thanh Hóa,Miền Trung,5,15.0,38949167.0,3,5
BH25.0297,2025-03-18,2025,3,1,KH-00186,HỘ KINH DOANH XÂY DỰNG,Vĩnh Phúc,Miền Bắc,2,8.0,15362962.0,1,2
BH25.0293,2025-03-18,2025,3,1,KH-00187,HỘ KINH DOANH NGỌC ANH,Hà Nội,Miền Bắc,1,1.0,2768519.0,1,1
BH25.0292,2025-03-18,2025,3,1,KH-00001,HỘ KINH DOANH TÚ ANH,Hà Nội,Miền Bắc,1,3.0,6916667.0,1,1
BH25.0322,2025-03-19,2025,3,1,KH-00075,CÔNG TY CỔ PHẦN ĐÔNG NAM,Hà Nội,Miền Bắc,20,52.0,68567405.0,3,20
BH25.0323,2025-03-19,2025,3,1,KH-00198,CÔNG TY TNHH TRÍ ĐỨC,Hà Nội,Miền Bắc,28,59.0,66855229.0,5,28
BH25.0324,2025-03-19,2025,3,1,KH-00199,CỬA HÀNG XE ĐẠP TÚ ANH,Thanh Hoá,Miền Trung,15,27.0,30670000.0,2,15
BH25.0325,2025-03-19,2025,3,1,KH-00112,HỘ KINH DOANH TÚ ANH,Khu 2- thị trấn Kim Tân- Thạch Thành - Thanh Hóa,Miền Bắc,13,22.0,26261481.0,2,13
BH25.0326,2025-03-19,2025,3,1,KH-00126,HỘ KINH DOANH HOÀ BÌNH,Thanh Hoá,Miền Trung,3,15.0,18150000.0,1,3
BH25.0327,2025-03-19,2025,3,1,KH-00130,CÔNG TY CỔ PHẦN THƯƠNG MẠI THUỶ TIÊN,Thanh Hoá,Miền Trung,11,22.0,25200000.0,2,11
BH25.0331,2025-03-19,2025,3,1,KH-00201,HỘ KINH DOANH XUÂN MAI,Hải Dương,Miền Bắc,28,40.0,54234212.0,5,28
BH25.0330,2025-03-19,2025,3,1,KH-00083,CÔNG TY CỔ PHẦN THƯƠNG MẠI THANH BÌNH,Hưng Yên,Miền Bắc,34,87.0,101950000.0,3,34
BH25.0321,2025-03-19,2025,3,1,KH-00078,HỘ KINH DOANH VĨNH PHÁT,Hà Nội,Miền Bắc,17,40.0,33934124.0,4,17
BH25.0332,2025-03-19,2025,3,1,KH-00202,CÔNG TY CỔ PHẦN XUÂN MAI,Hà Nội,Miền Bắc,8,20.0,22660000.0,2,7
BH25.0333,2025-03-19,2025,3,1,KH-00022,CÔNG TY CỔ PHẦN VIỆT ANH,Hà Nội,Miền Bắc,1,8.0,3760000.0,1,1
BH25.0334,2025-03-19,2025,3,1,KH-00203,CÔNG TY CỔ PHẦN THƯƠNG MẠI HOÀ BÌNH,Phú Thọ,Miền Bắc,1,1.0,2305556.0,1,1
BH25.0335,2025-03-19,2025,3,1,KH-00022,CÔNG TY CỔ PHẦN VIỆT ANH,Hà Nội,Miền Bắc,1,8.0,3760000.0,1,1
BH25.0329,2025-03-19,2025,3,1,KH-00200,CÔNG TY CỔ PHẦN TOÀN THẮNG,Hà Nội,Miền Bắc,11,24.0,29140000.0,2,11
BH25.0320,2025-03-19,2025,3,1,KH-00190,HỘ KINH DOANH XÂY DỰNG,Hà Nội,Miền Bắc,16,31.0,35440000.0,4,16
BH25.0328,2025-03-19,2025,3,1,KH-00086,CÔNG TY TNHH NGỌC ANH,Hà Nội,Miền Bắc,17,34.0,37563787.0,4,17
BH25.0318,2025-03-19,2025,3,1,KH-00196,CÔNG TY CỔ PHẦN NAM TIẾN,Bắc Ninh,Miền Bắc,4,15.0,15750000.0,1,4
BH25.0319,2025-03-19,2025,3,1,KH-00197,CÔNG TY TNHH THƯƠNG MẠI MINH PHƯƠNG,Hà Nội,Miền Bắc,15,50.0,58070000.0,2,15
BH25.0305,2025-03-19,2025,3,1,KH-00173,DOANH NGHIỆP TW PHÚ THỊNH,Hà Nội,Miền Bắc,21,30.0,59339906.0,5,21
BH25.0306,2025-03-19,2025,3,1,KH-00173,DOANH NGHIỆP TW PHÚ THỊNH,Hà Nội,Miền Bắc,5,10.0,25966111.0,3,5
BH25.0308,2025-03-19,2025,3,1,KH-00023,CÔNG TY TNHH THANH BÌNH,Hà Nội,Miền Bắc,2,2.0,4425926.0,1,2
BH25.0309,2025-03-19,2025,3,1,KH-00065,CÔNG TY CỔ PHẦN QUANG VINH,Hà Nội,Miền Bắc,32,68.0,80740000.0,3,32
BH25.0310,2025-03-19,2025,3,1,KH-00192,HỘ KINH DOANH KHẢI HOÀN,Hà Nội,Miền Bắc,12,15.0,15660000.0,3,12
BH25.0311,2025-03-19,2025,3,1,KH-00065,CÔNG TY CỔ PHẦN QUANG VINH,Hà Nội,Miền Bắc,32,76.0,91470000.0,4,32
BH25.0307,2025-03-19,2025,3,1,KH-00191,CÔNG TY CỔ PHẦN THƯƠNG MẠI XUÂN MAI,Hưng Yên,Miền Bắc,1,1.0,2768519.0,1,1
BH25.0312,2025-03-19,2025,3,1,KH-00022,CÔNG TY CỔ PHẦN VIỆT ANH,Hà Nội,Miền Bắc,19,19.0,25636430.0,5,19
BH25.0313,2025-03-19,2025,3,1,KH-00193,CÔNG TY TNHH TÚ ANH,Đường Nguyễn Trải - P Ba Đình TP Thanh Hoá,Miền Bắc,26,68.0,80386498.0,2,26
BH25.0314,2025-03-19,2025,3,1,KH-00007,CÔNG TY TNHH THƯƠNG MẠI ĐẠI LỢI,Lê Hoàn - Thị trấn Thọ Xuân - Huyện Thọ Xuân - Thanh Hoá,Miền Bắc,5,14.0,17400000.0,1,5
BH25.0315,2025-03-19,2025,3,1,KH-00109,CÔNG TY CỔ PHẦN VẠN LỢI,Hà Nội,Miền Bắc,7,15.0,17590000.0,2,7
BH25.0316,2025-03-19,2025,3,1,KH-00194,CỬA HÀNG XE ĐẠP SÁN LẠP,Hà Nội,Miền Bắc,12,30.0,35140000.0,2,12
BH25.0317,2025-03-19,2025,3,1,KH-00195,CỬA HÀNG XE ĐẠP BÌNH MINH,Hà Nội,Miền Bắc,14,19.0,21960000.0,2,14
BH25.0368,2025-03-20,2025,3,1,KH-00216,HỘ KINH DOANH NGỌC ANH,Hà Nam,Miền Bắc,15,51.0,61070000.0,3,15
BH25.0361,2025-03-20,2025,3,1,KH-00190,HỘ KINH DOANH XÂY DỰNG,Hà Nội,Miền Bắc,1,2.0,940000.0,1,1
BH25.0362,2025-03-20,2025,3,1,KH-00078,HỘ KINH DOANH VĨNH PHÁT,Hà Nội,Miền Bắc,3,12.0,7130000.0,2,3
BH25.0364,2025-03-20,2025,3,1,KH-00104,DOANH NGHIỆP TW THUỶ TIÊN,Thanh Hóa,Miền Trung,16,89.0,106630000.0,1,16
BH25.0365,2025-03-20,2025,3,1,KH-00132,CÔNG TY TNHH THƯƠNG MẠI HOÀ BÌNH,Nghệ An,Miền Trung,18,79.0,93740000.0,2,18
BH25.0381,2025-03-20,2025,3,1,KH-00222,CÔNG TY CỔ PHẦN TÂN TIẾN,Hà Nội,Miền Bắc,12,20.0,23050000.0,3,12
BH25.0366,2025-03-20,2025,3,1,KH-00214,DOANH NGHIỆP TW QUANG VINH,Hải Dương,Miền Bắc,6,20.0,23290000.0,2,6
BH25.0367,2025-03-20,2025,3,1,KH-00215,DOANH NGHIỆP TW LÊ ANH,Hà Tĩnh,Miền Trung,21,30.0,30560000.0,5,21
BH25.0360,2025-03-20,2025,3,1,KH-00213,CÔNG TY CỔ PHẦN HOÀ BÌNH,Hà Nội,Miền Bắc,1,1.0,2305556.0,1,1
BH25.0369,2025-03-20,2025,3,1,KH-00206,CÔNG TY TNHH THƯƠNG MẠI MẶT TRỜI,Hà Nội,Miền Bắc,10,17.0,20230000.0,2,10
BH25.0376,2025-03-20,2025,3,1,KH-00220,CỬA HÀNG XE ĐẠP VIỆT ANH,Nam Định,Miền Bắc,19,41.0,50095286.0,5,19
BH25.0371,2025-03-20,2025,3,1,KH-00057,CÔNG TY CỔ PHẦN THƯƠNG MẠI TOÀN THẮNG,Nam Định,Miền Bắc,13,68.0,78680000.0,2,13
BH25.0372,2025-03-20,2025,3,1,KH-00189,CÔNG TY CỔ PHẦN MẶT TRỜI,Hà Nội,Miền Bắc,46,49.0,56697826.0,4,46
BH25.0373,2025-03-20,2025,3,1,KH-00148,HỘ KINH DOANH THUỶ TIÊN,Hải Dươn,Miền Bắc,11,30.0,35930000.0,2,11
BH25.0374,2025-03-20,2025,3,1,KH-00218,CÔNG TY TNHH THƯƠNG MẠI BÌNH MINH,Hải Dương,Miền Bắc,13,34.0,40060000.0,2,13
BH25.0375,2025-03-20,2025,3,1,KH-00219,CÔNG TY CỔ PHẦN THƯƠNG MẠI PHÚ THỊNH,Ninh Bình,Miền Bắc,18,31.0,34080000.0,4,18
BH25.0378,2025-03-20,2025,3,1,KH-00198,CÔNG TY TNHH TRÍ ĐỨC,Hà Nội,Miền Bắc,15,24.0,29970000.0,4,15
BH25.0379,2025-03-20,2025,3,1,KH-00221,CÔNG TY CỔ PHẦN VĨNH PHÁT,Hưng Yên,Miền Bắc,13,30.0,34520000.0,1,13
BH25.0380,2025-03-20,2025,3,1,KH-00101,CÔNG TY CỔ PHẦN THƯƠNG MẠI QUANG VINH,Hà Nội,Miền Bắc,9,17.0,20190000.0,2,9
BH25.0359,2025-03-20,2025,3,1,KH-00208,CỬA HÀNG XE ĐẠP TÂY BẮC,Hà Nội,Miền Bắc,11,18.0,24595286.0,4,11
BH25.0370,2025-03-20,2025,3,1,KH-00217,DOANH NGHIỆP TW ĐẠI DƯƠNG,Thái Bình,Miền Bắc,14,63.0,73330000.0,1,14
BH25.0358,2025-03-20,2025,3,1,KH-00022,CÔNG TY CỔ PHẦN VIỆT ANH,Hà Nội,Miền Bắc,15,15.0,19956430.0,4,15
BH25.0350,2025-03-20,2025,3,1,KH-00151,CÔNG TY TNHH LÊ ANH,Hà Tĩnh,Miền Trung,20,55.0,87961924.0,3,20
BH25.0356,2025-03-20,2025,3,1,KH-00074,CÔNG TY TNHH THƯƠNG MẠI HOÀ BÌNH,Hòa Bình,Miền Bắc,10,10.0,10400000.0,2,9
BH25.0357,2025-03-20,2025,3,1,KH-00022,CÔNG TY CỔ PHẦN VIỆT ANH,Hà Nội,Miền Bắc,2,2.0,2400000.0,1,2
BH25.0336,2025-03-20,2025,3,1,KH-00186,HỘ KINH DOANH XÂY DỰNG,Vĩnh Phúc,Miền Bắc,1,4.0,7524074.0,1,1
BH25.0337,2025-03-20,2025,3,1,KH-00204,CÔNG TY CỔ PHẦN ĐẠI DƯƠNG,Nam Định,Miền Bắc,2,10.0,24907407.0,1,2
BH25.0338,2025-03-20,2025,3,1,KH-00205,CỬA HÀNG XE ĐẠP QUANG VINH,Hạ Long,Miền Bắc,19,57.0,58740000.0,4,19
BH25.0339,2025-03-20,2025,3,1,KH-00065,CÔNG TY CỔ PHẦN QUANG VINH,Hà Nội,Miền Bắc,32,118.0,138570000.0,4,32
BH25.0341,2025-03-20,2025,3,1,KH-00206,CÔNG TY TNHH THƯƠNG MẠI MẶT TRỜI,Hà Nội,Miền Bắc,6,8.0,9800000.0,2,6
BH25.0342,2025-03-20,2025,3,1,KH-00076,CỬA HÀNG XE ĐẠP ĐẠI LỢI,Bắc Giang,Miền Bắc,13,56.0,61858500.0,3,13
BH25.0343,2025-03-20,2025,3,1,KH-00207,CỬA HÀNG XE ĐẠP VẠN LỢI,Bắc Giang,Miền Bắc,14,23.0,30607574.0,3,14
BH25.0344,2025-03-20,2025,3,1,KH-00097,CÔNG TY TNHH XUÂN MAI,Hà Nội,Miền Bắc,13,21.0,26121481.0,3,12
BH25.0340,2025-03-20,2025,3,1,KH-00007,CÔNG TY TNHH THƯƠNG MẠI ĐẠI LỢI,Lê Hoàn - Thị trấn Thọ Xuân - Huyện Thọ Xuân - Thanh Hoá,Miền Bắc,4,15.0,17440000.0,1,4
BH25.0346,2025-03-20,2025,3,1,KH-00140,CÔNG TY TNHH XÂY DỰNG,Hải Dương,Miền Bắc,17,24.0,24260000.0,3,17
BH25.0347,2025-03-20,2025,3,1,KH-00064,CÔNG TY TNHH SƠN HÀ,Khu 6 – TT Gia Lộc – Huyện Gia Lộc – Hải Dương,Miền Bắc,14,41.0,60472500.0,5,14
BH25.0348,2025-03-20,2025,3,1,KH-00209,CÔNG TY TNHH THƯƠNG MẠI VIỆT ANH,TP Hải Phòng,Miền Bắc,12,24.0,25011040.0,3,12
BH25.0349,2025-03-20,2025,3,1,KH-00210,DOANH NGHIỆP TW SÁN LẠP,Uông Bí,Miền Bắc,23,33.0,31677734.0,4,23
BH25.0351,2025-03-20,2025,3,1,KH-00211,CỬA HÀNG XE ĐẠP NAM TIẾN,Hà Tĩnh,Miền Trung,12,28.0,31530000.0,2,12
BH25.0352,2025-03-20,2025,3,1,KH-00154,DOANH NGHIỆP TW VĨNH PHÁT,Hà Tĩnh,Miền Trung,7,42.0,48510000.0,1,7
BH25.0353,2025-03-20,2025,3,1,KH-00212,CỬA HÀNG XE ĐẠP TÂY BẮC,Hà Nội,Miền Bắc,1,10.0,12500000.0,1,1
BH25.0354,2025-03-20,2025,3,1,KH-00163,HỘ KINH DOANH XUÂN MAI,Hà Nội,Miền Bắc,11,19.0,22560000.0,3,11
BH25.0345,2025-03-20,2025,3,1,KH-00208,CỬA HÀNG XE ĐẠP TÂY BẮC,Hà Nội,Miền Bắc,10,27.0,31430000.0,3,10
BH25.0355,2025-03-20,2025,3,1,KH-00067,DOANH NGHIỆP TW NGỌC ANH,Hà Nội,Miền Bắc,18,25.0,38400786.0,4,18
BH25.0414,2025-03-21,2025,3,1,KH-00238,CÔNG TY CỔ PHẦN THƯƠNG MẠI TRƯỜNG THỊNH,Phú Thọ,Miền Bắc,16,26.0,33546143.0,4,16
BH25.0413,2025-03-21,2025,3,1,KH-00237,DOANH NGHIỆP TW LÊ ANH,Tuyên Quang,Miền Bắc,5,14.0,22420000.0,4,5
BH25.0412,2025-03-21,2025,3,1,KH-00235,CÔNG TY CỔ PHẦN THƯƠNG MẠI CHI THÀNH,Nam Định,Miền Bắc,7,20.0,26450000.0,2,7
BH25.0411,2025-03-21,2025,3,1,KH-00057,CÔNG TY CỔ PHẦN THƯƠNG MẠI TOÀN THẮNG,Nam Định,Miền Bắc,14,57.0,66650000.0,2,14
BH25.0407,2025-03-21,2025,3,1,KH-00235,CÔNG TY CỔ PHẦN THƯƠNG MẠI CHI THÀNH,Nam Định,Miền Bắc,18,50.0,60970000.0,2,18
BH25.0409,2025-03-21,2025,3,1,KH-00236,CỬA HÀNG XE ĐẠP ĐÔNG NAM,Hà Nội,Miền Bắc,11,15.0,18210000.0,1,11
BH25.0408,2025-03-21,2025,3,1,KH-00006,CÔNG TY TNHH CHI THÀNH,TP. Hồ Chí Minh,Miền Nam,6,12.0,19112220.0,2,6
BH25.0415,2025-03-21,2025,3,1,KH-00239,HỘ KINH DOANH THANH BÌNH,Hội An,Miền Bắc,9,23.0,34357000.0,2,9
BH25.0410,2025-03-21,2025,3,1,KH-00065,CÔNG TY CỔ PHẦN QUANG VINH,Hà Nội,Miền Bắc,19,43.0,50930000.0,2,19
BH25.0416,2025-03-21,2025,3,1,KH-00240,CÔNG TY CỔ PHẦN TRÍ ĐỨC,Sơn La,Miền Bắc,11,35.0,39050000.0,1,11
BH25.0426,2025-03-21,2025,3,1,KH-00015,DOANH NGHIỆP TW MINH PHƯƠNG,Phú Thọ,Miền Bắc,16,30.0,34920000.0,2,16
BH25.0418,2025-03-21,2025,3,1,KH-00241,HỘ KINH DOANH PHÚ THỊNH,Thái Nguyên,Miền Bắc,5,30.0,35900000.0,1,5
BH25.0419,2025-03-21,2025,3,1,KH-00242,CÔNG TY CỔ PHẦN THƯƠNG MẠI HÙNG CƯỜNG,Bắc Kạn,Miền Bắc,10,30.0,19580000.0,2,10
BH25.0420,2025-03-21,2025,3,1,KH-00243,HỘ KINH DOANH VĨNH PHÁT,Hà Nam,Miền Bắc,21,30.0,35150000.0,3,21
BH25.0421,2025-03-21,2025,3,1,KH-00163,HỘ KINH DOANH XUÂN MAI,Hà Nội,Miền Bắc,12,15.0,18320000.0,3,12
BH25.0422,2025-03-21,2025,3,1,KH-00097,CÔNG TY TNHH XUÂN MAI,Hà Nội,Miền Bắc,13,16.0,22196430.0,4,13
BH25.0423,2025-03-21,2025,3,1,KH-00018,CÔNG TY TNHH THƯƠNG MẠI PHÚ THỊNH,Hà Nội,Miền Bắc,18,31.0,28981481.0,4,18
BH25.0424,2025-03-21,2025,3,1,KH-00139,HỘ KINH DOANH YÊN BÌNH,Hà Nội,Miền Bắc,11,18.0,32995286.0,3,11
BH25.0425,2025-03-21,2025,3,1,KH-00244,CÔNG TY CỔ PHẦN THƯƠNG MẠI AN PHÁT,Phú Thọ,Miền Bắc,11,30.0,33400000.0,3,11
BH25.0406,2025-03-21,2025,3,1,KH-00234,CÔNG TY TNHH KHẢI HOÀN,Thái Bình,Miền Bắc,10,21.0,24220000.0,2,10
BH25.0417,2025-03-21,2025,3,1,KH-00197,CÔNG TY TNHH THƯƠNG MẠI MINH PHƯƠNG,Hà Nội,Miền Bắc,30,77.0,85882962.0,4,29
BH25.0405,2025-03-21,2025,3,1,KH-00233,DOANH NGHIỆP TW CHI THÀNH,Thái Bình,Miền Bắc,9,20.0,22840000.0,1,9
BH25.0389,2025-03-21,2025,3,1,KH-00225,CÔNG TY TNHH TÂY BẮC,Hà Nam,Miền Bắc,26,50.0,59450000.0,3,26
BH25.0403,2025-03-21,2025,3,1,KH-00167,CÔNG TY CỔ PHẦN THƯƠNG MẠI LÊ ANH,Hà Nội,Miền Bắc,8,15.0,17980000.0,3,8
BH25.0382,2025-03-21,2025,3,1,KH-00035,CỬA HÀNG XE ĐẠP TÂY BẮC,Đà Nẵng,Miền Trung,2,10.0,12500000.0,1,2
BH25.0383,2025-03-21,2025,3,1,KH-00168,DOANH NGHIỆP TW ĐẠI LỢI,Hà Nội,Miền Bắc,10,23.0,24540000.0,3,10
BH25.0384,2025-03-21,2025,3,1,KH-00223,CÔNG TY CỔ PHẦN THƯƠNG MẠI AN PHÁT,Hà Nội,Miền Bắc,14,32.0,33720000.0,3,14
BH25.0385,2025-03-21,2025,3,1,KH-00140,CÔNG TY TNHH XÂY DỰNG,Hải Dương,Miền Bắc,16,29.0,33890000.0,3,16
BH25.0386,2025-03-21,2025,3,1,KH-00149,CỬA HÀNG XE ĐẠP TÚ ANH,Hải Dương,Miền Bắc,11,28.0,30520000.0,4,11
BH25.0387,2025-03-21,2025,3,1,KH-00024,CÔNG TY TNHH MINH PHƯƠNG,Ninh Bình,Miền Bắc,8,15.0,17380000.0,2,8
BH25.0388,2025-03-21,2025,3,1,KH-00224,DOANH NGHIỆP TW ĐÔNG NAM,Ninh Bình,Miền Bắc,12,30.0,36150000.0,2,12
BH25.0390,2025-03-21,2025,3,1,KH-00212,CỬA HÀNG XE ĐẠP TÂY BẮC,Hà Nội,Miền Bắc,25,35.0,43622643.0,4,25
BH25.0391,2025-03-21,2025,3,1,KH-00212,CỬA HÀNG XE ĐẠP TÂY BẮC,Hà Nội,Miền Bắc,10,16.0,18480000.0,4,10
BH25.0392,2025-03-21,2025,3,1,KH-00226,CÔNG TY CỔ PHẦN VĨNH PHÁT,Hà Nội,Miền Bắc,8,22.0,26040000.0,1,8
BH25.0404,2025-03-21,2025,3,1,KH-00067,DOANH NGHIỆP TW NGỌC ANH,Hà Nội,Miền Bắc,12,16.0,17610000.0,4,12
BH25.0394,2025-03-21,2025,3,1,KH-00227,CÔNG TY TNHH THƯƠNG MẠI TRÍ ĐỨC,Bắc Ninh,Miền Bắc,16,35.0,40920000.0,2,16
BH25.0402,2025-03-21,2025,3,1,KH-00232,HỘ KINH DOANH HOÀ BÌNH,Hội An,Miền Bắc,2,8.0,19000000.0,1,2
BH25.0393,2025-03-21,2025,3,1,KH-00093,CÔNG TY CỔ PHẦN PHÚC AN,Hà Nội,Miền Bắc,19,30.0,33180000.0,4,19
BH25.0400,2025-03-21,2025,3,1,KH-00230,DOANH NGHIỆP TW ĐẠI LỢI,Hà Nội,Miền Bắc,11,18.0,20440000.0,2,11
BH25.0399,2025-03-21,2025,3,1,KH-00208,CỬA HÀNG XE ĐẠP TÂY BẮC,Hà Nội,Miền Bắc,6,14.0,18300000.0,2,6
BH25.0401,2025-03-21,2025,3,1,KH-00231,CÔNG TY CỔ PHẦN THANH BÌNH,Hưng Yên,Miền Bắc,9,14.0,17960000.0,3,9
BH25.0397,2025-03-21,2025,3,1,KH-00229,DOANH NGHIỆP TW TRÍ ĐỨC,Bắc Giang,Miền Bắc,11,30.0,33980000.0,2,11
BH25.0396,2025-03-21,2025,3,1,KH-00164,HỘ KINH DOANH XÂY DỰNG,Thân Nhân Trung - TT Bích Động - Việt Yên - Bắc Giang,Miền Bắc,5,30.0,36000000.0,2,5
BH25.0395,2025-03-21,2025,3,1,KH-00228,CÔNG TY CỔ PHẦN THƯƠNG MẠI XUÂN MAI,Hà Nội,Miền Bắc,8,15.0,18000000.0,2,8
BH25.0398,2025-03-21,2025,3,1,KH-00202,CÔNG TY CỔ PHẦN XUÂN MAI,Hà Nội,Miền Bắc,14,30.0,35130000.0,2,14
BH25.0436,2025-03-22,2025,3,1,KH-00162,CÔNG TY CỔ PHẦN THƯƠNG MẠI CHI THÀNH,Hà Nội,Miền Bắc,5,6.0,7370000.0,1,5
BH25.0442,2025-03-22,2025,3,1,KH-00091,CÔNG TY TNHH BÌNH MINH,Hà Nội,Miền Bắc,33,226.0,312966432.0,4,33
BH25.0441,2025-03-22,2025,3,1,KH-00100,CỬA HÀNG XE ĐẠP ĐẠI LỢI,Hà Nội,Miền Bắc,14,52.0,48725580.0,2,14
BH25.0440,2025-03-22,2025,3,1,KH-00252,CÔNG TY TNHH TÂY BẮC,Hà Nội,Miền Bắc,25,44.0,59107574.0,4,25
BH25.0439,2025-03-22,2025,3,1,KH-00236,CỬA HÀNG XE ĐẠP ĐÔNG NAM,Hà Nội,Miền Bắc,10,15.0,17670000.0,1,10
BH25.0438,2025-03-22,2025,3,1,KH-00237,DOANH NGHIỆP TW LÊ ANH,Tuyên Quang,Miền Bắc,15,50.0,37512962.0,4,15
BH25.0437,2025-03-22,2025,3,1,KH-00132,CÔNG TY TNHH THƯƠNG MẠI HOÀ BÌNH,Nghệ An,Miền Trung,22,88.0,104730000.0,4,22
BH25.0435,2025-03-22,2025,3,1,KH-00251,HỘ KINH DOANH KHẢI HOÀN,Hưng Yên,Miền Bắc,9,25.0,28900000.0,2,9
BH25.0434,2025-03-22,2025,3,1,KH-00250,DOANH NGHIỆP TW XUÂN MAI,Hà Nội,Miền Bắc,16,24.0,30151481.0,3,16
BH25.0433,2025-03-22,2025,3,1,KH-00142,CÔNG TY TNHH THƯƠNG MẠI CHI THÀNH,Hà Nội,Miền Bắc,14,18.0,22690000.0,4,14
BH25.0432,2025-03-22,2025,3,1,KH-00249,HỘ KINH DOANH PHÚC AN,Thanh Hóa,Miền Trung,11,30.0,37560000.0,2,11
BH25.0431,2025-03-22,2025,3,1,KH-00248,CÔNG TY CỔ PHẦN THƯƠNG MẠI ĐẠI DƯƠNG,Nghệ An,Miền Trung,23,55.0,70953786.0,4,23
BH25.0430,2025-03-22,2025,3,1,KH-00212,CỬA HÀNG XE ĐẠP TÂY BẮC,Hà Nội,Miền Bắc,15,23.0,24720000.0,4,15
BH25.0429,2025-03-22,2025,3,1,KH-00247,HỘ KINH DOANH NGỌC ANH,Hưng Yên,Miền Bắc,19,108.0,126890000.0,3,19
BH25.0428,2025-03-22,2025,3,1,KH-00246,CỬA HÀNG XE ĐẠP TRƯỜNG THỊNH,Hà Nội,Miền Bắc,8,10.0,18334000.0,1,8
BH25.0427,2025-03-22,2025,3,1,KH-00245,CỬA HÀNG XE ĐẠP TÂN TIẾN,Hà Nội,Miền Bắc,1,1.0,2120370.0,1,1
BH25.0466,2025-03-24,2025,3,1,KH-00199,CỬA HÀNG XE ĐẠP TÚ ANH,Thanh Hoá,Miền Trung,21,30.0,33400000.0,3,21
BH25.0467,2025-03-24,2025,3,1,KH-00263,DOANH NGHIỆP TW TRƯỜNG THỊNH,Thanh Hoá,Miền Trung,13,30.0,35790000.0,2,13
BH25.0468,2025-03-24,2025,3,1,KH-00130,CÔNG TY CỔ PHẦN THƯƠNG MẠI THUỶ TIÊN,Thanh Hoá,Miền Trung,15,30.0,36970000.0,2,15
BH25.0469,2025-03-24,2025,3,1,KH-00264,DOANH NGHIỆP TW NGỌC ANH,Thanh Hoá,Miền Trung,9,35.0,41460000.0,2,9
BH25.0470,2025-03-24,2025,3,1,KH-00126,HỘ KINH DOANH HOÀ BÌNH,Thanh Hoá,Miền Trung,13,50.0,50050000.0,2,13
BH25.0471,2025-03-24,2025,3,1,KH-00091,CÔNG TY TNHH BÌNH MINH,Hà Nội,Miền Bắc,34,491.0,643902862.0,4,34
BH25.0472,2025-03-24,2025,3,1,KH-00086,CÔNG TY TNHH NGỌC ANH,Hà Nội,Miền Bắc,11,30.0,38808000.0,2,11
BH25.0473,2025-03-24,2025,3,1,KH-00101,CÔNG TY CỔ PHẦN THƯƠNG MẠI QUANG VINH,Hà Nội,Miền Bắc,3,11.0,14050000.0,2,3
BH25.0474,2025-03-24,2025,3,1,KH-00110,CỬA HÀNG XE ĐẠP TÂY BẮC,Hà Nội,Miền Bắc,20,32.0,38150000.0,3,20
BH25.0478,2025-03-24,2025,3,1,KH-00217,DOANH NGHIỆP TW ĐẠI DƯƠNG,Thái Bình,Miền Bắc,9,39.0,45360000.0,1,9
BH25.0476,2025-03-24,2025,3,1,KH-00196,CÔNG TY CỔ PHẦN NAM TIẾN,Bắc Ninh,Miền Bắc,12,20.0,23100000.0,1,12
BH25.0477,2025-03-24,2025,3,1,KH-00265,CÔNG TY TNHH THƯƠNG MẠI PHÚC AN,phố số 6 - Thị trấn Diêm Điền - Huyện Thái Thụy - Thái Bình.,Miền Bắc,24,54.0,65262643.0,3,24
BH25.0465,2025-03-24,2025,3,1,KH-00262,CÔNG TY TNHH VIỆT ANH,Hà Nội,Miền Bắc,13,31.0,36690000.0,1,13
BH25.0479,2025-03-24,2025,3,1,KH-00266,CỬA HÀNG XE ĐẠP TÂN TIẾN,Nam Định,Miền Bắc,31,70.0,83590000.0,2,31
BH25.0480,2025-03-24,2025,3,1,KH-00220,CỬA HÀNG XE ĐẠP VIỆT ANH,Nam Định,Miền Bắc,9,16.0,23922643.0,2,9
BH25.0481,2025-03-24,2025,3,1,KH-00267,CÔNG TY CỔ PHẦN HÙNG CƯỜNG,Nam Định,Miền Bắc,7,30.0,35290000.0,1,7
BH25.0482,2025-03-24,2025,3,1,KH-00093,CÔNG TY CỔ PHẦN PHÚC AN,Hà Nội,Miền Bắc,15,22.0,21400000.0,3,15
BH25.0483,2025-03-24,2025,3,1,KH-00198,CÔNG TY TNHH TRÍ ĐỨC,Hà Nội,Miền Bắc,10,19.0,18742962.0,3,10
BH25.0484,2025-03-24,2025,3,1,KH-00075,CÔNG TY CỔ PHẦN ĐÔNG NAM,Hà Nội,Miền Bắc,16,37.0,47030000.0,4,16
BH25.0475,2025-03-24,2025,3,1,KH-00260,CỬA HÀNG XE ĐẠP XUÂN MAI,Hà Nội,Miền Bắc,8,20.0,23290000.0,2,8
BH25.0464,2025-03-24,2025,3,1,KH-00261,CÔNG TY TNHH THƯƠNG MẠI VẠN LỢI,Hà Nội,Miền Bắc,20,42.0,49160000.0,2,20
BH25.0460,2025-03-24,2025,3,1,KH-00259,DOANH NGHIỆP TW MINH PHƯƠNG,Hà Nội,Miền Bắc,20,31.0,35050000.0,4,20
BH25.0462,2025-03-24,2025,3,1,KH-00107,CÔNG TY TNHH LONG PHÚ,Bắc Ninh,Miền Bắc,6,30.0,37080000.0,1,6
BH25.0463,2025-03-24,2025,3,1,KH-00155,DOANH NGHIỆP TW HÙNG CƯỜNG,Hà Nội,Miền Bắc,10,22.0,29255286.0,4,10
BH25.0443,2025-03-24,2025,3,1,KH-00042,HỘ KINH DOANH MẶT TRỜI,Hà Nội,Miền Bắc,6,10.0,16069440.0,1,6
BH25.0444,2025-03-24,2025,3,1,KH-00042,HỘ KINH DOANH MẶT TRỜI,Hà Nội,Miền Bắc,6,10.0,16081478.0,1,6
BH25.0446,2025-03-24,2025,3,1,KH-00254,CỬA HÀNG XE ĐẠP ĐÔNG NAM,Hà Nam,Miền Bắc,10,14.0,24210217.0,2,10
BH25.0447,2025-03-24,2025,3,1,KH-00255,CÔNG TY TNHH PHÚ THỊNH,Hải Dương,Miền Bắc,20,30.0,31460000.0,4,20
BH25.0448,2025-03-24,2025,3,1,KH-00256,CÔNG TY TNHH XUÂN MAI,Hà Nội,Miền Bắc,1,1.0,1050000.0,1,1
BH25.0449,2025-03-24,2025,3,1,KH-00065,CÔNG TY CỔ PHẦN QUANG VINH,Hà Nội,Miền Bắc,35,77.0,89710000.0,4,35
BH25.0450,2025-03-24,2025,3,1,KH-00256,CÔNG TY TNHH XUÂN MAI,Hà Nội,Miền Bắc,21,49.0,48230000.0,3,21
BH25.0451,2025-03-24,2025,3,1,KH-00193,CÔNG TY TNHH TÚ ANH,Đường Nguyễn Trải - P Ba Đình TP Thanh Hoá,Miền Bắc,24,71.0,82460000.0,4,24
BH25.0445,2025-03-24,2025,3,1,KH-00253,CÔNG TY TNHH YÊN BÌNH,Hà Nội,Miền Bắc,1,1.0,7490741.0,1,1
BH25.0453,2025-03-24,2025,3,1,KH-00078,HỘ KINH DOANH VĨNH PHÁT,Hà Nội,Miền Bắc,13,19.0,24350000.0,3,13
BH25.0454,2025-03-24,2025,3,1,KH-00097,CÔNG TY TNHH XUÂN MAI,Hà Nội,Miền Bắc,5,5.0,4560000.0,2,5
BH25.0455,2025-03-24,2025,3,1,KH-00067,DOANH NGHIỆP TW NGỌC ANH,Hà Nội,Miền Bắc,7,16.0,17760000.0,2,7
BH25.0456,2025-03-24,2025,3,1,KH-00142,CÔNG TY TNHH THƯƠNG MẠI CHI THÀNH,Hà Nội,Miền Bắc,6,10.0,11790000.0,1,6
BH25.0457,2025-03-24,2025,3,1,KH-00250,DOANH NGHIỆP TW XUÂN MAI,Hà Nội,Miền Bắc,21,30.0,29620000.0,5,21
BH25.0458,2025-03-24,2025,3,1,KH-00257,HỘ KINH DOANH PHÚC AN,Hà Nội,Miền Bắc,7,15.0,17260000.0,2,7
BH25.0459,2025-03-24,2025,3,1,KH-00258,CỬA HÀNG XE ĐẠP HOÀ BÌNH,Hà Nội,Miền Bắc,7,15.0,17260000.0,2,7
BH25.0452,2025-03-24,2025,3,1,KH-00022,CÔNG TY CỔ PHẦN VIỆT ANH,Hà Nội,Miền Bắc,6,10.0,12143787.0,3,6
BH25.0461,2025-03-24,2025,3,1,KH-00260,CỬA HÀNG XE ĐẠP XUÂN MAI,Hà Nội,Miền Bắc,16,34.0,42730000.0,3,16
BH25.0532,2025-03-25,2025,3,1,KH-00265,CÔNG TY TNHH THƯƠNG MẠI PHÚC AN,phố số 6 - Thị trấn Diêm Điền - Huyện Thái Thụy - Thái Bình.,Miền Bắc,21,40.0,50113787.0,4,21
BH25.0531,2025-03-25,2025,3,1,KH-00279,CỬA HÀNG XE ĐẠP CHI THÀNH,Hà Nam,Miền Bắc,11,20.0,17170000.0,2,11
BH25.0530,2025-03-25,2025,3,1,KH-00208,CỬA HÀNG XE ĐẠP TÂY BẮC,Hà Nội,Miền Bắc,13,20.0,24490000.0,3,13
BH25.0529,2025-03-25,2025,3,1,KH-00195,CỬA HÀNG XE ĐẠP BÌNH MINH,Hà Nội,Miền Bắc,11,15.0,16830000.0,3,11
BH25.0528,2025-03-25,2025,3,1,KH-00278,CÔNG TY TNHH QUANG VINH,Hà Nội,Miền Bắc,11,40.0,47790000.0,1,11
BH25.0527,2025-03-25,2025,3,1,KH-00208,CỬA HÀNG XE ĐẠP TÂY BẮC,Hà Nội,Miền Bắc,5,20.0,22800000.0,1,5
BH25.0523,2025-03-25,2025,3,1,KH-00276,CÔNG TY TNHH VẠN LỢI,Hà Nội,Miền Bắc,19,32.0,37760000.0,1,19
BH25.0525,2025-03-25,2025,3,1,KH-00277,CÔNG TY CỔ PHẦN THƯƠNG MẠI VĨNH PHÁT,Vinh,Miền Bắc,24,150.0,173910000.0,2,24
BH25.0524,2025-03-25,2025,3,1,KH-00198,CÔNG TY TNHH TRÍ ĐỨC,Hà Nội,Miền Bắc,18,34.0,46137029.0,3,18
BH25.0522,2025-03-25,2025,3,1,KH-00078,HỘ KINH DOANH VĨNH PHÁT,Hà Nội,Miền Bắc,10,20.0,22830000.0,2,10
BH25.0521,2025-03-25,2025,3,1,KH-00275,CÔNG TY CỔ PHẦN THƯƠNG MẠI QUANG VINH,Thái Nguyên,Miền Bắc,18,30.0,35890000.0,3,18
BH25.0520,2025-03-25,2025,3,1,KH-00274,CÔNG TY CỔ PHẦN THƯƠNG MẠI YÊN BÌNH,Vĩnh Phúc,Miền Bắc,7,15.0,18170000.0,2,7
BH25.0533,2025-03-25,2025,3,1,KH-00280,CÔNG TY TNHH THƯƠNG MẠI MINH PHƯƠNG,Hà Nam,Miền Bắc,12,20.0,22480000.0,3,12
BH25.0526,2025-03-25,2025,3,1,KH-00250,DOANH NGHIỆP TW XUÂN MAI,Hà Nội,Miền Bắc,8,13.0,16310000.0,4,8
BH25.0534,2025-03-25,2025,3,1,KH-00097,CÔNG TY TNHH XUÂN MAI,Hà Nội,Miền Bắc,2,3.0,2231481.0,1,2
BH25.0544,2025-03-25,2025,3,1,KH-00088,CỬA HÀNG XE ĐẠP SÁN LẠP,Nghệ An,Miền Trung,7,30.0,36750000.0,2,7
BH25.0536,2025-03-25,2025,3,1,KH-00130,CÔNG TY CỔ PHẦN THƯƠNG MẠI THUỶ TIÊN,Thanh Hoá,Miền Trung,18,30.0,36630000.0,3,18
BH25.0537,2025-03-25,2025,3,1,KH-00264,DOANH NGHIỆP TW NGỌC ANH,Thanh Hoá,Miền Trung,8,31.0,36850000.0,2,8
BH25.0538,2025-03-25,2025,3,1,KH-00282,CÔNG TY TNHH THƯƠNG MẠI LONG PHÚ,Hà Nội,Miền Bắc,9,20.0,21840000.0,3,9
BH25.0539,2025-03-25,2025,3,1,KH-00283,CỬA HÀNG XE ĐẠP TRƯỜNG THỊNH,Hưng Yên,Miền Bắc,15,30.0,35510000.0,1,15
BH25.0540,2025-03-25,2025,3,1,KH-00284,HỘ KINH DOANH NGỌC ANH,Hưng Yên,Miền Bắc,13,30.0,35470000.0,2,13
BH25.0541,2025-03-25,2025,3,1,KH-00231,CÔNG TY CỔ PHẦN THANH BÌNH,Hưng Yên,Miền Bắc,15,30.0,26250000.0,4,15
BH25.0542,2025-03-25,2025,3,1,KH-00246,CỬA HÀNG XE ĐẠP TRƯỜNG THỊNH,Hà Nội,Miền Bắc,15,20.0,19850000.0,3,15
BH25.0543,2025-03-25,2025,3,1,KH-00285,CÔNG TY TNHH ĐÔNG NAM,Hà Nội,Miền Bắc,7,21.0,25080000.0,1,7
BH25.0545,2025-03-25,2025,3,1,KH-00016,DOANH NGHIỆP TW VIỆT ANH,Quảng Trị,Miền Trung,4,12.0,14600000.0,1,4
BH25.0546,2025-03-25,2025,3,1,KH-00093,CÔNG TY CỔ PHẦN PHÚC AN,Hà Nội,Miền Bắc,11,20.0,24280000.0,2,11
BH25.0547,2025-03-25,2025,3,1,KH-00192,HỘ KINH DOANH KHẢI HOÀN,Hà Nội,Miền Bắc,11,15.0,17290000.0,3,11
BH25.0548,2025-03-25,2025,3,1,KH-00277,CÔNG TY CỔ PHẦN THƯƠNG MẠI VĨNH PHÁT,Vinh,Miền Bắc,12,50.0,58580000.0,2,12
BH25.0549,2025-03-25,2025,3,1,KH-00091,CÔNG TY TNHH BÌNH MINH,Hà Nội,Miền Bắc,16,320.0,369600000.0,1,16
BH25.0519,2025-03-25,2025,3,1,KH-00273,CÔNG TY TNHH THƯƠNG MẠI PHÚ THỊNH,Vĩnh Phúc,Miền Bắc,17,40.0,44730000.0,3,17
BH25.0535,2025-03-25,2025,3,1,KH-00281,CỬA HÀNG XE ĐẠP PHÚC AN,Thanh Hoá,Miền Trung,17,32.0,42075286.0,4,17
BH25.0518,2025-03-25,2025,3,1,KH-00015,DOANH NGHIỆP TW MINH PHƯƠNG,Phú Thọ,Miền Bắc,5,10.0,19800000.0,2,5
BH25.0491,2025-03-25,2025,3,1,KH-00019,CÔNG TY CỔ PHẦN THƯƠNG MẠI LÊ ANH,TP. Hồ Chí Minh,Miền Nam,5,65.0,168779724.0,3,5
BH25.0516,2025-03-25,2025,3,1,KH-00267,CÔNG TY CỔ PHẦN HÙNG CƯỜNG,Nam Định,Miền Bắc,10,40.0,50170000.0,2,10
BH25.0485,2025-03-25,2025,3,1,KH-00173,DOANH NGHIỆP TW PHÚ THỊNH,Hà Nội,Miền Bắc,17,32.0,67032778.0,5,17
BH25.0486,2025-03-25,2025,3,1,KH-00173,DOANH NGHIỆP TW PHÚ THỊNH,Hà Nội,Miền Bắc,5,15.0,38949167.0,3,5
BH25.0517,2025-03-25,2025,3,1,KH-00272,CÔNG TY TNHH THƯƠNG MẠI VĨNH PHÁT,Vĩnh Phúc,Miền Bắc,17,23.0,26030000.0,2,17
BH25.0488,2025-03-25,2025,3,1,KH-00173,DOANH NGHIỆP TW PHÚ THỊNH,Hà Nội,Miền Bắc,13,48.0,111742683.0,5,13
BH25.0489,2025-03-25,2025,3,1,KH-00173,DOANH NGHIỆP TW PHÚ THỊNH,Hà Nội,Miền Bắc,5,30.0,77898332.0,3,5
BH25.0490,2025-03-25,2025,3,1,KH-00019,CÔNG TY CỔ PHẦN THƯƠNG MẠI LÊ ANH,TP. Hồ Chí Minh,Miền Nam,20,131.0,256331573.0,5,20
BH25.0492,2025-03-25,2025,3,1,KH-00173,DOANH NGHIỆP TW PHÚ THỊNH,Hà Nội,Miền Bắc,17,61.0,114730000.0,5,17
BH25.0493,2025-03-25,2025,3,1,KH-00268,CÔNG TY CỔ PHẦN THƯƠNG MẠI TRƯỜNG THỊNH,Hà Nội,Miền Bắc,17,50.0,58140000.0,2,17
BH25.0494,2025-03-25,2025,3,1,KH-00065,CÔNG TY CỔ PHẦN QUANG VINH,Hà Nội,Miền Bắc,6,15.0,17030000.0,2,6
BH25.0495,2025-03-25,2025,3,1,KH-00242,CÔNG TY CỔ PHẦN THƯƠNG MẠI HÙNG CƯỜNG,Bắc Kạn,Miền Bắc,8,21.0,16740000.0,3,8
BH25.0496,2025-03-25,2025,3,1,KH-00241,HỘ KINH DOANH PHÚ THỊNH,Thái Nguyên,Miền Bắc,6,45.0,52700000.0,1,6
BH25.0497,2025-03-25,2025,3,1,KH-00010,CỬA HÀNG XE ĐẠP QUANG VINH,Thái Nguyên,Miền Bắc,11,30.0,36600000.0,3,11
BH25.0498,2025-03-25,2025,3,1,KH-00254,CỬA HÀNG XE ĐẠP ĐÔNG NAM,Hà Nam,Miền Bắc,11,15.0,19732643.0,3,11
BH25.0499,2025-03-25,2025,3,1,KH-00264,DOANH NGHIỆP TW NGỌC ANH,Thanh Hoá,Miền Trung,23,47.0,53561676.0,3,23
BH25.0500,2025-03-25,2025,3,1,KH-00104,DOANH NGHIỆP TW THUỶ TIÊN,Thanh Hóa,Miền Trung,13,46.0,54250000.0,2,13
BH25.0487,2025-03-25,2025,3,1,KH-00173,DOANH NGHIỆP TW PHÚ THỊNH,Hà Nội,Miền Bắc,5,20.0,51932224.0,3,5
BH25.0502,2025-03-25,2025,3,1,KH-00270,DOANH NGHIỆP TW TÚ ANH,Phú Thọ,Miền Bắc,19,50.0,57290000.0,2,19
BH25.0515,2025-03-25,2025,3,1,KH-00217,DOANH NGHIỆP TW ĐẠI DƯƠNG,Thái Bình,Miền Bắc,22,64.0,75190000.0,2,22
BH25.0514,2025-03-25,2025,3,1,KH-00057,CÔNG TY CỔ PHẦN THƯƠNG MẠI TOÀN THẮNG,Nam Định,Miền Bắc,21,130.0,153560000.0,2,21
BH25.0513,2025-03-25,2025,3,1,KH-00022,CÔNG TY CỔ PHẦN VIỆT ANH,Hà Nội,Miền Bắc,1,2.0,2360000.0,1,1
BH25.0501,2025-03-25,2025,3,1,KH-00269,HỘ KINH DOANH AN PHÁT,Phú Thọ,Miền Bắc,31,50.0,52678500.0,4,31
BH25.0511,2025-03-25,2025,3,1,KH-00027,HỘ KINH DOANH ĐẠI DƯƠNG,Hà Nội,Miền Bắc,3,10.0,11760000.0,2,3
BH25.0510,2025-03-25,2025,3,1,KH-00134,DOANH NGHIỆP TW PHÚ THỊNH,Quảng Nam,Miền Trung,6,56.0,92709244.0,2,6
BH25.0512,2025-03-25,2025,3,1,KH-00067,DOANH NGHIỆP TW NGỌC ANH,Hà Nội,Miền Bắc,8,18.0,27288430.0,4,8
BH25.0508,2025-03-25,2025,3,1,KH-00119,DOANH NGHIỆP TW MẶT TRỜI,Hà Nội,Miền Bắc,16,21.0,25141039.0,4,16
BH25.0507,2025-03-25,2025,3,1,KH-00271,CÔNG TY CỔ PHẦN THƯƠNG MẠI HÙNG CƯỜNG,Hà Nội,Miền Bắc,15,18.0,20030000.0,3,15
BH25.0506,2025-03-25,2025,3,1,KH-00214,DOANH NGHIỆP TW QUANG VINH,Hải Dương,Miền Bắc,15,50.0,58693500.0,3,15
BH25.0505,2025-03-25,2025,3,1,KH-00120,CÔNG TY TNHH THANH BÌNH,Hà Nội,Miền Bắc,18,36.0,47177500.0,4,18
BH25.0504,2025-03-25,2025,3,1,KH-00024,CÔNG TY TNHH MINH PHƯƠNG,Ninh Bình,Miền Bắc,11,40.0,49630000.0,2,11
BH25.0503,2025-03-25,2025,3,1,KH-00219,CÔNG TY CỔ PHẦN THƯƠNG MẠI PHÚ THỊNH,Ninh Bình,Miền Bắc,3,26.0,39400000.0,2,3
BH25.0509,2025-03-25,2025,3,1,KH-00155,DOANH NGHIỆP TW HÙNG CƯỜNG,Hà Nội,Miền Bắc,15,48.0,52270000.0,3,15
BH25.0566,2025-03-26,2025,3,1,KH-00091,CÔNG TY TNHH BÌNH MINH,Hà Nội,Miền Bắc,25,302.0,371840000.0,4,25
BH25.0565,2025-03-26,2025,3,1,KH-00285,CÔNG TY TNHH ĐÔNG NAM,Hà Nội,Miền Bắc,10,22.0,29961000.0,3,10
BH25.0564,2025-03-26,2025,3,1,KH-00292,CÔNG TY TNHH VIỆT ANH,Hà Nội,Miền Bắc,26,30.0,28127001.0,3,26
BH25.0563,2025-03-26,2025,3,1,KH-00256,CÔNG TY TNHH XUÂN MAI,Hà Nội,Miền Bắc,13,29.0,23020000.0,3,13
BH25.0562,2025-03-26,2025,3,1,KH-00167,CÔNG TY CỔ PHẦN THƯƠNG MẠI LÊ ANH,Hà Nội,Miền Bắc,7,13.0,15120000.0,1,7
BH25.0561,2025-03-26,2025,3,1,KH-00291,CÔNG TY TNHH VĨNH PHÁT,Hà Nam,Miền Bắc,3,20.0,24000000.0,1,3
BH25.0560,2025-03-26,2025,3,1,KH-00290,CÔNG TY CỔ PHẦN THƯƠNG MẠI TÂY BẮC,Hưng Yên,Miền Bắc,6,11.0,14702643.0,3,6
BH25.0559,2025-03-26,2025,3,1,KH-00016,DOANH NGHIỆP TW VIỆT ANH,Quảng Trị,Miền Trung,7,15.0,17500000.0,2,7
BH25.0556,2025-03-26,2025,3,1,KH-00288,CÔNG TY TNHH THƯƠNG MẠI TOÀN THẮNG,Nghệ An,Miền Trung,10,15.0,17650000.0,2,10
BH25.0557,2025-03-26,2025,3,1,KH-00289,CÔNG TY CỔ PHẦN KHẢI HOÀN,Hưng Yên,Miền Bắc,8,14.0,16610000.0,3,8
BH25.0555,2025-03-26,2025,3,1,KH-00193,CÔNG TY TNHH TÚ ANH,Đường Nguyễn Trải - P Ba Đình TP Thanh Hoá,Miền Bắc,6,30.0,37250000.0,1,6
BH25.0554,2025-03-26,2025,3,1,KH-00088,CỬA HÀNG XE ĐẠP SÁN LẠP,Nghệ An,Miền Trung,16,46.0,50010000.0,3,16
BH25.0553,2025-03-26,2025,3,1,KH-00287,CÔNG TY TNHH THƯƠNG MẠI THUỶ TIÊN,Vĩnh Phúc,Miền Bắc,1,2.0,4611111.0,1,1
BH25.0552,2025-03-26,2025,3,1,KH-00001,HỘ KINH DOANH TÚ ANH,Hà Nội,Miền Bắc,1,1.0,2305556.0,1,1
BH25.0551,2025-03-26,2025,3,1,KH-00286,DOANH NGHIỆP TW VIỆT ANH,Hà Nội,Miền Bắc,1,1.0,2398148.0,1,1
BH25.0550,2025-03-26,2025,3,1,KH-00161,CÔNG TY TNHH THIÊN AN,Hà Nội,Miền Bắc,31,47.0,86224051.0,5,31
BH25.0558,2025-03-26,2025,3,1,KH-00289,CÔNG TY CỔ PHẦN KHẢI HOÀN,Hưng Yên,Miền Bắc,8,17.0,20720000.0,2,8
BH25.0580,2025-03-27,2025,3,1,KH-00221,CÔNG TY CỔ PHẦN VĨNH PHÁT,Hưng Yên,Miền Bắc,8,21.0,24940000.0,2,8
BH25.0581,2025-03-27,2025,3,1,KH-00283,CỬA HÀNG XE ĐẠP TRƯỜNG THỊNH,Hưng Yên,Miền Bắc,7,16.0,18730000.0,1,7
BH25.0582,2025-03-27,2025,3,1,KH-00251,HỘ KINH DOANH KHẢI HOÀN,Hưng Yên,Miền Bắc,12,43.0,41370000.0,3,12
BH25.0583,2025-03-27,2025,3,1,KH-00231,CÔNG TY CỔ PHẦN THANH BÌNH,Hưng Yên,Miền Bắc,20,48.0,63562500.0,3,20
BH25.0588,2025-03-27,2025,3,1,KH-00299,CỬA HÀNG XE ĐẠP VIỆT ANH,Hà Tĩnh,Miền Trung,15,21.0,24430000.0,3,15
BH25.0585,2025-03-27,2025,3,1,KH-00262,CÔNG TY TNHH VIỆT ANH,Hà Nội,Miền Bắc,8,23.0,27580000.0,1,8
BH25.0586,2025-03-27,2025,3,1,KH-00075,CÔNG TY CỔ PHẦN ĐÔNG NAM,Hà Nội,Miền Bắc,31,68.0,94268000.0,4,31
BH25.0589,2025-03-27,2025,3,1,KH-00091,CÔNG TY TNHH BÌNH MINH,Hà Nội,Miền Bắc,20,400.0,434000000.0,2,20
BH25.0579,2025-03-27,2025,3,1,KH-00064,CÔNG TY TNHH SƠN HÀ,Khu 6 – TT Gia Lộc – Huyện Gia Lộc – Hải Dương,Miền Bắc,8,43.0,50010000.0,2,8
BH25.0584,2025-03-27,2025,3,1,KH-00298,CÔNG TY CỔ PHẦN THƯƠNG MẠI ĐÔNG NAM,Hà Nội,Miền Bắc,21,36.0,52877574.0,3,21
BH25.0578,2025-03-27,2025,3,1,KH-00064,CÔNG TY TNHH SƠN HÀ,Khu 6 – TT Gia Lộc – Huyện Gia Lộc – Hải Dương,Miền Bắc,8,45.0,52800000.0,1,8
BH25.0590,2025-03-27,2025,3,1,KH-00161,CÔNG TY TNHH THIÊN AN,Hà Nội,Miền Bắc,26,43.0,75424072.0,5,26
BH25.0576,2025-03-27,2025,3,1,KH-00148,HỘ KINH DOANH THUỶ TIÊN,Hải Dươn,Miền Bắc,10,22.0,25430000.0,2,10
BH25.0567,2025-03-27,2025,3,1,KH-00293,CÔNG TY TNHH THƯƠNG MẠI TÚ ANH,Hà Nội,Miền Bắc,2,10.0,20277778.0,1,2
BH25.0568,2025-03-27,2025,3,1,KH-00294,HỘ KINH DOANH SÁN LẠP,Hải Phòng,Miền Bắc,1,1.0,2305556.0,1,1
BH25.0569,2025-03-27,2025,3,1,KH-00085,CÔNG TY CỔ PHẦN THƯƠNG MẠI NGỌC ANH,Hà Nội,Miền Bắc,6,20.0,23020000.0,2,6
BH25.0570,2025-03-27,2025,3,1,KH-00111,DOANH NGHIỆP TW MẶT TRỜI,Hà Nội,Miền Bắc,21,36.0,46588500.0,3,21
BH25.0577,2025-03-27,2025,3,1,KH-00255,CÔNG TY TNHH PHÚ THỊNH,Hải Dương,Miền Bắc,14,23.0,26600000.0,2,14
BH25.0572,2025-03-27,2025,3,1,KH-00295,DOANH NGHIỆP TW XÂY DỰNG,Hà Nội,Miền Bắc,11,29.0,34400000.0,1,11
BH25.0573,2025-03-27,2025,3,1,KH-00296,CÔNG TY TNHH THƯƠNG MẠI HOÀ BÌNH,Hà Nội,Miền Bắc,11,20.0,23580000.0,1,11
BH25.0574,2025-03-27,2025,3,1,KH-00297,CỬA HÀNG XE ĐẠP TÂY BẮC,Hà Nội,Miền Bắc,5,17.0,20650000.0,1,5
BH25.0575,2025-03-27,2025,3,1,KH-00196,CÔNG TY CỔ PHẦN NAM TIẾN,Bắc Ninh,Miền Bắc,6,11.0,13050000.0,2,6
BH25.0571,2025-03-27,2025,3,1,KH-00200,CÔNG TY CỔ PHẦN TOÀN THẮNG,Hà Nội,Miền Bắc,9,20.0,27377000.0,3,9
BH25.0627,2025-03-28,2025,3,1,KH-00313,DOANH NGHIỆP TW BÌNH MINH,Hà Nội,Miền Bắc,6,16.0,18730000.0,1,6
BH25.0618,2025-03-28,2025,3,1,KH-00309,CÔNG TY CỔ PHẦN PHÚC AN,Hải Dương,Miền Bắc,9,21.0,21610000.0,3,9
BH25.0619,2025-03-28,2025,3,1,KH-00147,CÔNG TY TNHH PHÚ THỊNH,Hà Nội,Miền Bắc,13,15.0,18140195.0,2,13
BH25.0620,2025-03-28,2025,3,1,KH-00067,DOANH NGHIỆP TW NGỌC ANH,Hà Nội,Miền Bắc,10,14.0,16831481.0,3,10
BH25.0621,2025-03-28,2025,3,1,KH-00155,DOANH NGHIỆP TW HÙNG CƯỜNG,Hà Nội,Miền Bắc,5,15.0,18422117.0,2,5
BH25.0622,2025-03-28,2025,3,1,KH-00310,HỘ KINH DOANH VẠN LỢI,Quảng Ninh,Miền Bắc,16,30.0,34770000.0,2,16
BH25.0623,2025-03-28,2025,3,1,KH-00311,CÔNG TY TNHH THƯƠNG MẠI QUANG VINH,Quảng Ninh,Miền Bắc,14,30.0,39960000.0,2,14
BH25.0624,2025-03-28,2025,3,1,KH-00312,DOANH NGHIỆP TW HOÀ BÌNH,Quảng Ninh,Miền Bắc,9,40.0,46750000.0,2,9
BH25.0625,2025-03-28,2025,3,1,KH-00132,CÔNG TY TNHH THƯƠNG MẠI HOÀ BÌNH,Nghệ An,Miền Trung,13,59.0,69440000.0,1,13
BH25.0628,2025-03-28,2025,3,1,KH-00257,HỘ KINH DOANH PHÚC AN,Hà Nội,Miền Bắc,11,21.0,22281481.0,3,11
BH25.0634,2025-03-28,2025,3,1,KH-00282,CÔNG TY TNHH THƯƠNG MẠI LONG PHÚ,Hà Nội,Miền Bắc,4,10.0,12150000.0,2,4
BH25.0630,2025-03-28,2025,3,1,KH-00256,CÔNG TY TNHH XUÂN MAI,Hà Nội,Miền Bắc,12,15.0,18650000.0,4,12
BH25.0631,2025-03-28,2025,3,1,KH-00314,CÔNG TY TNHH THƯƠNG MẠI YÊN BÌNH,Hải Phòng,Miền Bắc,21,61.0,70640000.0,2,21
BH25.0632,2025-03-28,2025,3,1,KH-00315,CÔNG TY CỔ PHẦN THƯƠNG MẠI THUỶ TIÊN,Vĩnh Yên,Miền Bắc,12,16.0,20889981.0,4,12
BH25.0633,2025-03-28,2025,3,1,KH-00035,CỬA HÀNG XE ĐẠP TÂY BẮC,Đà Nẵng,Miền Trung,5,19.0,23360000.0,1,5
BH25.0617,2025-03-28,2025,3,1,KH-00308,CÔNG TY TNHH THIÊN AN,Cường Tráng - An Thịnh - Lương Tài - Bắc Ninh,Miền Bắc,20,31.0,38840000.0,4,20
BH25.0635,2025-03-28,2025,3,1,KH-00042,HỘ KINH DOANH MẶT TRỜI,Hà Nội,Miền Bắc,10,10.0,15991199.0,3,10
BH25.0636,2025-03-28,2025,3,1,KH-00194,CỬA HÀNG XE ĐẠP SÁN LẠP,Hà Nội,Miền Bắc,44,85.0,119686001.0,5,44
BH25.0637,2025-03-28,2025,3,1,KH-00316,CÔNG TY CỔ PHẦN THƯƠNG MẠI THUỶ TIÊN,Hà Nội,Miền Bắc,16,30.0,42392500.0,3,16
BH25.0638,2025-03-28,2025,3,1,KH-00317,CỬA HÀNG XE ĐẠP THIÊN AN,Hà Nội,Miền Bắc,7,15.0,17550000.0,2,7
BH25.0639,2025-03-28,2025,3,1,KH-00091,CÔNG TY TNHH BÌNH MINH,Hà Nội,Miền Bắc,21,475.0,414781314.0,3,21
BH25.0629,2025-03-28,2025,3,1,KH-00258,CỬA HÀNG XE ĐẠP HOÀ BÌNH,Hà Nội,Miền Bắc,9,21.0,22101481.0,3,9
BH25.0616,2025-03-28,2025,3,1,KH-00307,DOANH NGHIỆP TW THIÊN AN,Quảng Ninh,Miền Bắc,10,20.0,29517574.0,4,10
BH25.0626,2025-03-28,2025,3,1,KH-00248,CÔNG TY CỔ PHẦN THƯƠNG MẠI ĐẠI DƯƠNG,Nghệ An,Miền Trung,10,18.0,29529073.0,2,10
BH25.0614,2025-03-28,2025,3,1,KH-00288,CÔNG TY TNHH THƯƠNG MẠI TOÀN THẮNG,Nghệ An,Miền Trung,10,16.0,18340000.0,1,10
BH25.0592,2025-03-28,2025,3,1,KH-00251,HỘ KINH DOANH KHẢI HOÀN,Hưng Yên,Miền Bắc,15,41.0,48750000.0,3,15
BH25.0593,2025-03-28,2025,3,1,KH-00225,CÔNG TY TNHH TÂY BẮC,Hà Nam,Miền Bắc,11,20.0,24710000.0,2,11
BH25.0594,2025-03-28,2025,3,1,KH-00282,CÔNG TY TNHH THƯƠNG MẠI LONG PHÚ,Hà Nội,Miền Bắc,3,15.0,17700000.0,1,3
BH25.0595,2025-03-28,2025,3,1,KH-00207,CỬA HÀNG XE ĐẠP VẠN LỢI,Bắc Giang,Miền Bắc,10,23.0,41362722.0,2,10
BH25.0596,2025-03-28,2025,3,1,KH-00063,HỘ KINH DOANH VẠN LỢI,Bắc Giang,Miền Bắc,6,20.0,31100000.0,2,6
BH25.0597,2025-03-28,2025,3,1,KH-00107,CÔNG TY TNHH LONG PHÚ,Bắc Ninh,Miền Bắc,6,20.0,23990000.0,2,6
BH25.0598,2025-03-28,2025,3,1,KH-00049,CÔNG TY CỔ PHẦN THUỶ TIÊN,Bắc Ninh,Miền Bắc,12,19.0,29268048.0,2,12
BH25.0599,2025-03-28,2025,3,1,KH-00298,CÔNG TY CỔ PHẦN THƯƠNG MẠI ĐÔNG NAM,Hà Nội,Miền Bắc,17,35.0,43430000.0,4,17
BH25.0600,2025-03-28,2025,3,1,KH-00078,HỘ KINH DOANH VĨNH PHÁT,Hà Nội,Miền Bắc,6,10.0,11970000.0,2,6
BH25.0602,2025-03-28,2025,3,1,KH-00301,CÔNG TY TNHH THƯƠNG MẠI THUỶ TIÊN,Hải Phòng,Miền Bắc,14,56.0,64940000.0,1,14
BH25.0601,2025-03-28,2025,3,1,KH-00209,CÔNG TY TNHH THƯƠNG MẠI VIỆT ANH,TP Hải Phòng,Miền Bắc,11,22.0,27092643.0,4,11
BH25.0604,2025-03-28,2025,3,1,KH-00256,CÔNG TY TNHH XUÂN MAI,Hà Nội,Miền Bắc,11,16.0,17870000.0,4,11
BH25.0605,2025-03-28,2025,3,1,KH-00092,CÔNG TY CỔ PHẦN THƯƠNG MẠI XUÂN MAI,Hà Nội,Miền Bắc,6,10.0,15822643.0,2,6
BH25.0606,2025-03-28,2025,3,1,KH-00302,CÔNG TY TNHH XÂY DỰNG,Hà Giang,Miền Bắc,15,30.0,36910000.0,4,15
BH25.0607,2025-03-28,2025,3,1,KH-00303,CÔNG TY CỔ PHẦN BÌNH MINH,Hà Nội,Miền Bắc,9,11.0,12980000.0,2,9
BH25.0608,2025-03-28,2025,3,1,KH-00168,DOANH NGHIỆP TW ĐẠI LỢI,Hà Nội,Miền Bắc,5,12.0,14240000.0,1,5
BH25.0609,2025-03-28,2025,3,1,KH-00304,DOANH NGHIỆP TW TÚ ANH,Hà Nội,Miền Bắc,10,15.0,17710000.0,1,10
BH25.0610,2025-03-28,2025,3,1,KH-00305,CÔNG TY CỔ PHẦN TÂY BẮC,Hà Nội,Miền Bắc,6,11.0,12770000.0,2,6
BH25.0611,2025-03-28,2025,3,1,KH-00028,DOANH NGHIỆP TW PHÚ THỊNH,Phú Thọ,Miền Bắc,12,15.0,16540000.0,3,12
BH25.0613,2025-03-28,2025,3,1,KH-00306,CÔNG TY TNHH HOÀ BÌNH,Vĩnh Phúc,Miền Bắc,5,14.0,16430000.0,1,5
BH25.0603,2025-03-28,2025,3,1,KH-00167,CÔNG TY CỔ PHẦN THƯƠNG MẠI LÊ ANH,Hà Nội,Miền Bắc,9,20.0,24730000.0,2,9
BH25.0615,2025-03-28,2025,3,1,KH-00064,CÔNG TY TNHH SƠN HÀ,Khu 6 – TT Gia Lộc – Huyện Gia Lộc – Hải Dương,Miền Bắc,16,50.0,68880000.0,3,16
BH25.0645,2025-03-29,2025,3,1,KH-00067,DOANH NGHIỆP TW NGỌC ANH,Hà Nội,Miền Bắc,8,17.0,23394124.0,4,8
BH25.0648,2025-03-29,2025,3,1,KH-00319,CỬA HÀNG XE ĐẠP QUANG VINH,TP Hưng Yên,Miền Bắc,17,22.0,27978500.0,4,17
BH25.0647,2025-03-29,2025,3,1,KH-00057,CÔNG TY CỔ PHẦN THƯƠNG MẠI TOÀN THẮNG,Nam Định,Miền Bắc,17,95.0,112130000.0,1,17
BH25.0646,2025-03-29,2025,3,1,KH-00289,CÔNG TY CỔ PHẦN KHẢI HOÀN,Hưng Yên,Miền Bắc,11,23.0,27350000.0,3,11
BH25.0643,2025-03-29,2025,3,1,KH-00147,CÔNG TY TNHH PHÚ THỊNH,Hà Nội,Miền Bắc,28,78.0,93303006.0,4,28
BH25.0642,2025-03-29,2025,3,1,KH-00288,CÔNG TY TNHH THƯƠNG MẠI TOÀN THẮNG,Nghệ An,Miền Trung,11,15.0,17542962.0,2,11
BH25.0641,2025-03-29,2025,3,1,KH-00040,CÔNG TY TNHH VẠN LỢI,Vinh,Miền Bắc,1,26.0,46800000.0,1,1
BH25.0640,2025-03-29,2025,3,1,KH-00318,HỘ KINH DOANH BÌNH MINH,Hòa Bình,Miền Bắc,3,26.0,30680000.0,1,3
BH25.0644,2025-03-29,2025,3,1,KH-00207,CỬA HÀNG XE ĐẠP VẠN LỢI,Bắc Giang,Miền Bắc,11,19.0,29387000.0,3,11
BH25.0673,2025-03-31,2025,3,1,KH-00328,CÔNG TY CỔ PHẦN PHÚC AN,Vĩnh Phúc,Miền Bắc,21,30.0,37780000.0,3,21
BH25.0674,2025-03-31,2025,3,1,KH-00139,HỘ KINH DOANH YÊN BÌNH,Hà Nội,Miền Bắc,13,15.0,17730000.0,2,13
BH25.0675,2025-03-31,2025,3,1,KH-00272,CÔNG TY TNHH THƯƠNG MẠI VĨNH PHÁT,Vĩnh Phúc,Miền Bắc,8,15.0,17890000.0,2,8
BH25.0676,2025-03-31,2025,3,1,KH-00329,HỘ KINH DOANH TRÍ ĐỨC,Hà Nội,Miền Bắc,6,10.0,21666667.0,1,6
BH25.0677,2025-03-31,2025,3,1,KH-00330,CÔNG TY TNHH THIÊN AN,Hà Giang,Miền Bắc,29,56.0,61560000.0,4,29
BH25.0678,2025-03-31,2025,3,1,KH-00331,HỘ KINH DOANH ĐẠI DƯƠNG,Hà Giang,Miền Bắc,5,15.0,16960000.0,2,5
BH25.0693,2025-03-31,2025,3,1,KH-00215,DOANH NGHIỆP TW LÊ ANH,Hà Tĩnh,Miền Trung,3,6.0,6600000.0,2,3
BH25.0680,2025-03-31,2025,3,1,KH-00332,DOANH NGHIỆP TW TOÀN THẮNG,Hà Nội,Miền Bắc,8,21.0,24510000.0,1,8
BH25.0681,2025-03-31,2025,3,1,KH-00276,CÔNG TY TNHH VẠN LỢI,Hà Nội,Miền Bắc,14,26.0,30350000.0,2,14
BH25.0682,2025-03-31,2025,3,1,KH-00117,HỘ KINH DOANH YÊN BÌNH,Hưng yên,Miền Bắc,8,21.0,24530000.0,2,8
BH25.0684,2025-03-31,2025,3,1,KH-00073,CỬA HÀNG XE ĐẠP KHẢI HOÀN,Thanh Hoá,Miền Trung,8,17.0,27552500.0,2,8
BH25.0685,2025-03-31,2025,3,1,KH-00193,CÔNG TY TNHH TÚ ANH,Đường Nguyễn Trải - P Ba Đình TP Thanh Hoá,Miền Bắc,18,35.0,44669386.0,2,16
BH25.0686,2025-03-31,2025,3,1,KH-00333,DOANH NGHIỆP TW ĐÔNG NAM,Thanh Hoá,Miền Trung,15,20.0,22970000.0,2,15
BH25.0687,2025-03-31,2025,3,1,KH-00078,HỘ KINH DOANH VĨNH PHÁT,Hà Nội,Miền Bắc,10,15.0,16810000.0,3,10
BH25.0688,2025-03-31,2025,3,1,KH-00305,CÔNG TY CỔ PHẦN TÂY BẮC,Hà Nội,Miền Bắc,8,15.0,19400000.0,2,8
BH25.0689,2025-03-31,2025,3,1,KH-00094,HỘ KINH DOANH SÁN LẠP,Phú Thọ,Miền Bắc,9,16.0,18460000.0,2,9
BH25.0690,2025-03-31,2025,3,1,KH-00154,DOANH NGHIỆP TW VĨNH PHÁT,Hà Tĩnh,Miền Trung,4,7.0,7850000.0,1,4
BH25.0691,2025-03-31,2025,3,1,KH-00088,CỬA HÀNG XE ĐẠP SÁN LẠP,Nghệ An,Miền Trung,1,1.0,1130000.0,1,1
BH25.0692,2025-03-31,2025,3,1,KH-00152,HỘ KINH DOANH TRÍ ĐỨC,Nghệ An,Miền Trung,8,17.0,19680000.0,1,8
BH25.0672,2025-03-31,2025,3,1,KH-00327,CÔNG TY TNHH MẶT TRỜI,Vĩnh Phúc,Miền Bắc,14,47.0,55970000.0,1,14
BH25.0683,2025-03-31,2025,3,1,KH-00115,CÔNG TY CỔ PHẦN YÊN BÌNH,Thanh Hóa,Miền Trung,15,20.0,19890000.0,3,15
BH25.0671,2025-03-31,2025,3,1,KH-00250,DOANH NGHIỆP TW XUÂN MAI,Hà Nội,Miền Bắc,9,20.0,19890000.0,3,9
BH25.0679,2025-03-31,2025,3,1,KH-00256,CÔNG TY TNHH XUÂN MAI,Hà Nội,Miền Bắc,21,45.0,42840000.0,4,21
BH25.0669,2025-03-31,2025,3,1,KH-00142,CÔNG TY TNHH THƯƠNG MẠI CHI THÀNH,Hà Nội,Miền Bắc,11,15.0,18618500.0,3,11
BH25.0670,2025-03-31,2025,3,1,KH-00092,CÔNG TY CỔ PHẦN THƯƠNG MẠI XUÂN MAI,Hà Nội,Miền Bắc,5,18.0,21400000.0,1,5
BH25.0649,2025-03-31,2025,3,1,KH-00186,HỘ KINH DOANH XÂY DỰNG,Vĩnh Phúc,Miền Bắc,1,15.0,28215278.0,1,1
BH25.0650,2025-03-31,2025,3,1,KH-00320,HỘ KINH DOANH PHÚC AN,Hà Nội,Miền Bắc,15,15.0,18020000.0,2,15
BH25.0651,2025-03-31,2025,3,1,KH-00134,DOANH NGHIỆP TW PHÚ THỊNH,Quảng Nam,Miền Trung,1,12.0,15360000.0,1,1
BH25.0652,2025-03-31,2025,3,1,KH-00172,CỬA HÀNG XE ĐẠP XÂY DỰNG,Đường Trang Quan - Xã An Đồng - Huyện An Dương - Hải Phòng.,Miền Bắc,1,76.0,128777777.0,1,1
BH25.0653,2025-03-31,2025,3,1,KH-00062,CÔNG TY CỔ PHẦN YÊN BÌNH,Lạng Sơn,Miền Bắc,14,37.0,47700000.0,3,14
BH25.0654,2025-03-31,2025,3,1,KH-00109,CÔNG TY CỔ PHẦN VẠN LỢI,Hà Nội,Miền Bắc,11,43.0,51300000.0,3,11
BH25.0655,2025-03-31,2025,3,1,KH-00163,HỘ KINH DOANH XUÂN MAI,Hà Nội,Miền Bắc,9,16.0,17799559.0,4,9
BH25.0657,2025-03-31,2025,3,1,KH-00192,HỘ KINH DOANH KHẢI HOÀN,Hà Nội,Miền Bắc,11,12.0,14960000.0,3,11
BH25.0658,2025-03-31,2025,3,1,KH-00097,CÔNG TY TNHH XUÂN MAI,Hà Nội,Miền Bắc,9,12.0,12195116.0,3,9
BH25.0656,2025-03-31,2025,3,1,KH-00321,CỬA HÀNG XE ĐẠP VIỆT ANH,Hải Phòng,Miền Bắc,6,19.0,22250000.0,2,6
BH25.0660,2025-03-31,2025,3,1,KH-00222,CÔNG TY CỔ PHẦN TÂN TIẾN,Hà Nội,Miền Bắc,8,15.0,19111481.0,3,8
BH25.0661,2025-03-31,2025,3,1,KH-00322,CÔNG TY TNHH THƯƠNG MẠI THANH BÌNH,Hải Phòng,Miền Bắc,6,14.0,16380000.0,2,6
BH25.0662,2025-03-31,2025,3,1,KH-00323,CÔNG TY CỔ PHẦN PHÚ THỊNH,Nghệ An,Miền Trung,5,9.0,10850000.0,1,5
BH25.0663,2025-03-31,2025,3,1,KH-00152,HỘ KINH DOANH TRÍ ĐỨC,Nghệ An,Miền Trung,10,27.0,30535116.0,2,10
BH25.0664,2025-03-31,2025,3,1,KH-00130,CÔNG TY CỔ PHẦN THƯƠNG MẠI THUỶ TIÊN,Thanh Hoá,Miền Trung,22,48.0,55780000.0,2,22
BH25.0665,2025-03-31,2025,3,1,KH-00067,DOANH NGHIỆP TW NGỌC ANH,Hà Nội,Miền Bắc,2,3.0,3770000.0,2,2
BH25.0666,2025-03-31,2025,3,1,KH-00324,CÔNG TY CỔ PHẦN ĐÔNG NAM,Quảng Ninh,Miền Bắc,15,28.0,34180000.0,3,15
BH25.0667,2025-03-31,2025,3,1,KH-00325,HỘ KINH DOANH THANH BÌNH,Hạ Long,Miền Bắc,7,38.0,59956468.0,1,7
BH25.0668,2025-03-31,2025,3,1,KH-00326,CỬA HÀNG XE ĐẠP VĨNH PHÁT,Quảng NinhSố,Miền Bắc,7,13.0,13870000.0,3,7
BH25.0659,2025-03-31,2025,3,1,KH-00184,DOANH NGHIỆP TW ĐẠI LỢI,Hoà Bình,Miền Bắc,7,10.0,12092962.0,5,7
BH26.0001,2026-01-04,2026,1,1,KH-00157,CÔNG TY TNHH THƯƠNG MẠI LONG PHÚ,Hà Nội,Miền Bắc,1,1.0,2027778.0,1,1
BH26.0004,2026-01-06,2026,1,1,KH-00335,CÔNG TY CỔ PHẦN THUỶ TIÊN,Hà Nội,Miền Bắc,2,2.0,3870371.0,1,2
BH26.0002,2026-01-06,2026,1,1,KH-00334,HỘ KINH DOANH YÊN BÌNH,Hà Nội,Miền Bắc,4,70.0,99749999.0,2,4
BH26.0003,2026-01-06,2026,1,1,KH-00334,HỘ KINH DOANH YÊN BÌNH,Hà Nội,Miền Bắc,4,100.0,145055555.0,2,4
BH26.0005,2026-01-06,2026,1,1,KH-00091,CÔNG TY TNHH BÌNH MINH,Hà Nội,Miền Bắc,2,5.0,6150000.0,2,2
BH26.0006,2026-01-07,2026,1,1,KH-00069,CÔNG TY TNHH MINH PHƯƠNG,Hà Nội,Miền Bắc,1,2.0,5537037.0,0,1
BH26.0007,2026-01-08,2026,1,1,KH-00336,CÔNG TY CỔ PHẦN LONG PHÚ,Bắc Ninh,Miền Bắc,1,1.0,2268519.0,1,1
BH26.0008,2026-01-10,2026,1,1,KH-00157,CÔNG TY TNHH THƯƠNG MẠI LONG PHÚ,Hà Nội,Miền Bắc,1,1.0,1805556.0,0,1
BH26.0029,2026-01-12,2026,1,1,KH-00091,CÔNG TY TNHH BÌNH MINH,Hà Nội,Miền Bắc,10,94.0,132760000.0,2,10
BH26.0028,2026-01-12,2026,1,1,KH-00091,CÔNG TY TNHH BÌNH MINH,Hà Nội,Miền Bắc,12,25.0,34140000.0,2,12
BH26.0027,2026-01-12,2026,1,1,KH-00352,CỬA HÀNG XE ĐẠP LONG PHÚ,Quảng Ninh,Miền Bắc,13,54.0,88007574.0,1,12
BH26.0026,2026-01-12,2026,1,1,KH-00351,CÔNG TY TNHH AN PHÁT,Bắc Ninh,Miền Bắc,14,25.0,39405545.0,2,14
BH26.0025,2026-01-12,2026,1,1,KH-00350,CÔNG TY TNHH BÌNH MINH,Hà Nội,Miền Bắc,12,59.0,98596082.0,1,12
BH26.0024,2026-01-12,2026,1,1,KH-00349,HỘ KINH DOANH TRƯỜNG THỊNH,Hà Nội,Miền Bắc,10,20.0,32355547.0,2,10
BH26.0023,2026-01-12,2026,1,1,KH-00348,CÔNG TY TNHH THƯƠNG MẠI YÊN BÌNH,Thanh Hóa,Miền Trung,9,18.0,26299442.0,4,9
BH26.0022,2026-01-12,2026,1,1,KH-00347,CÔNG TY TNHH THƯƠNG MẠI VẠN LỢI,Vĩnh Phúc,Miền Bắc,13,27.0,44779990.0,2,11
BH26.0021,2026-01-12,2026,1,1,KH-00346,DOANH NGHIỆP TW TRƯỜNG THỊNH,Phú Thọ,Miền Bắc,7,16.0,33596659.0,1,7
BH26.0019,2026-01-12,2026,1,1,KH-00344,CÔNG TY TNHH PHÚC AN,Phú Thọ,Miền Bắc,7,17.0,50565548.0,0,7
BH26.0020,2026-01-12,2026,1,1,KH-00345,DOANH NGHIỆP TW PHÚ THỊNH,Phú Thọ,Miền Bắc,2,5.0,14872220.0,0,2
BH26.0017,2026-01-12,2026,1,1,KH-00342,HỘ KINH DOANH VĨNH PHÁT,Hà Nội,Miền Bắc,19,35.0,62091380.0,2,18
BH26.0016,2026-01-12,2026,1,1,KH-00044,CÔNG TY TNHH THƯƠNG MẠI NGỌC ANH,Tam Kỳ,Miền Bắc,10,30.0,47775542.0,1,10
BH26.0015,2026-01-12,2026,1,1,KH-00341,CỬA HÀNG XE ĐẠP VIỆT ANH,Ninh Bình,Miền Bắc,20,154.0,256653928.0,2,19
BH26.0014,2026-01-12,2026,1,1,KH-00018,CÔNG TY TNHH THƯƠNG MẠI PHÚ THỊNH,Hà Nội,Miền Bắc,18,24.0,32169339.0,3,16
BH26.0013,2026-01-12,2026,1,1,KH-00340,CÔNG TY TNHH THANH BÌNH,Hà Nội,Miền Bắc,10,23.0,33938976.0,2,9
BH26.0012,2026-01-12,2026,1,1,KH-00339,CỬA HÀNG XE ĐẠP ĐẠI LỢI,Hà Nội,Miền Bắc,15,20.0,39126658.0,1,15
BH26.0011,2026-01-12,2026,1,1,KH-00338,CÔNG TY TNHH THƯƠNG MẠI ĐẠI LỢI,Hà Nội,Miền Bắc,2,2.0,2502221.0,2,2
BH26.0010,2026-01-12,2026,1,1,KH-00022,CÔNG TY CỔ PHẦN VIỆT ANH,Hà Nội,Miền Bắc,1,2.0,4616666.0,0,1
BH26.0009,2026-01-12,2026,1,1,KH-00337,DOANH NGHIỆP TW VĨNH PHÁT,Hà Nội,Miền Bắc,1,1.0,9157407.0,0,1
BH26.0018,2026-01-12,2026,1,1,KH-00343,CÔNG TY CỔ PHẦN THƯƠNG MẠI THUỶ TIÊN,Thanh Hóa,Miền Trung,27,64.0,103598860.0,1,23
BH26.0036,2026-01-13,2026,1,1,KH-00359,CÔNG TY CỔ PHẦN VẠN LỢI,Hà Nội,Miền Bắc,10,16.0,33957217.0,2,10
BH26.0038,2026-01-13,2026,1,1,KH-00338,CÔNG TY TNHH THƯƠNG MẠI ĐẠI LỢI,Hà Nội,Miền Bắc,9,15.0,22488327.0,2,9
BH26.0039,2026-01-13,2026,1,1,KH-00360,CÔNG TY TNHH THƯƠNG MẠI LONG PHÚ,Thanh Hóa,Miền Trung,37,94.0,136511444.0,4,35
BH26.0037,2026-01-13,2026,1,1,KH-00078,HỘ KINH DOANH VĨNH PHÁT,Hà Nội,Miền Bắc,5,10.0,17186109.0,1,5
BH26.0035,2026-01-13,2026,1,1,KH-00358,CÔNG TY TNHH SƠN HÀ,Thanh Hóa,Miền Trung,16,24.0,34670823.0,2,16
BH26.0031,2026-01-13,2026,1,1,KH-00354,CÔNG TY TNHH THƯƠNG MẠI NAM TIẾN,Thái Nguyên,Miền Bắc,30,45.0,77331372.0,3,30
BH26.0033,2026-01-13,2026,1,1,KH-00356,CÔNG TY TNHH THƯƠNG MẠI QUANG VINH,Thanh Hóa,Miền Trung,5,26.0,39291841.0,2,5
BH26.0032,2026-01-13,2026,1,1,KH-00355,DOANH NGHIỆP TW PHÚC AN,Thanh Hóa,Miền Trung,3,13.0,19185552.0,2,3
BH26.0030,2026-01-13,2026,1,1,KH-00353,CỬA HÀNG XE ĐẠP THANH BÌNH,Hà Nội,Miền Bắc,21,39.0,61559430.0,3,21
BH26.0034,2026-01-13,2026,1,1,KH-00357,CÔNG TY TNHH THƯƠNG MẠI THANH BÌNH,Sầm Sơn,Miền Bắc,13,28.0,41074343.0,2,13
BH26.0045,2026-01-14,2026,1,1,KH-00019,CÔNG TY CỔ PHẦN THƯƠNG MẠI LÊ ANH,TP. Hồ Chí Minh,Miền Nam,7,21.0,53650463.0,3,7
BH26.0044,2026-01-14,2026,1,1,KH-00019,CÔNG TY CỔ PHẦN THƯƠNG MẠI LÊ ANH,TP. Hồ Chí Minh,Miền Nam,4,24.0,63539259.0,2,4
BH26.0043,2026-01-14,2026,1,1,KH-00019,CÔNG TY CỔ PHẦN THƯƠNG MẠI LÊ ANH,TP. Hồ Chí Minh,Miền Nam,2,11.0,16747499.0,2,2
BH26.0046,2026-01-14,2026,1,1,KH-00091,CÔNG TY TNHH BÌNH MINH,Hà Nội,Miền Bắc,43,171.0,193600000.0,3,43
BH26.0041,2026-01-14,2026,1,1,KH-00362,HỘ KINH DOANH MẶT TRỜI,Hà Nội,Miền Bắc,1,1.0,2027778.0,1,1
BH26.0040,2026-01-14,2026,1,1,KH-00361,CÔNG TY CỔ PHẦN THƯƠNG MẠI TÂY BẮC,Hà Nội,Miền Bắc,1,2.0,4537038.0,1,1
BH26.0042,2026-01-14,2026,1,1,KH-00019,CÔNG TY CỔ PHẦN THƯƠNG MẠI LÊ ANH,TP. Hồ Chí Minh,Miền Nam,5,23.0,54926666.0,3,5
BH26.0058,2026-01-15,2026,1,1,KH-00019,CÔNG TY CỔ PHẦN THƯƠNG MẠI LÊ ANH,TP. Hồ Chí Minh,Miền Nam,1,20.0,69727778.0,0,1
BH26.0066,2026-01-15,2026,1,1,KH-00019,CÔNG TY CỔ PHẦN THƯƠNG MẠI LÊ ANH,TP. Hồ Chí Minh,Miền Nam,7,32.0,67061295.0,3,7
BH26.0065,2026-01-15,2026,1,1,KH-00019,CÔNG TY CỔ PHẦN THƯƠNG MẠI LÊ ANH,TP. Hồ Chí Minh,Miền Nam,5,16.0,40054259.0,3,5
BH26.0064,2026-01-15,2026,1,1,KH-00019,CÔNG TY CỔ PHẦN THƯƠNG MẠI LÊ ANH,TP. Hồ Chí Minh,Miền Nam,6,25.0,54463240.0,2,6
BH26.0063,2026-01-15,2026,1,1,KH-00019,CÔNG TY CỔ PHẦN THƯƠNG MẠI LÊ ANH,TP. Hồ Chí Minh,Miền Nam,7,18.0,42506852.0,3,7
BH26.0062,2026-01-15,2026,1,1,KH-00019,CÔNG TY CỔ PHẦN THƯƠNG MẠI LÊ ANH,TP. Hồ Chí Minh,Miền Nam,1,30.0,59888889.0,1,1
BH26.0061,2026-01-15,2026,1,1,KH-00019,CÔNG TY CỔ PHẦN THƯƠNG MẠI LÊ ANH,TP. Hồ Chí Minh,Miền Nam,2,16.0,23841481.0,2,2
BH26.0060,2026-01-15,2026,1,1,KH-00019,CÔNG TY CỔ PHẦN THƯƠNG MẠI LÊ ANH,TP. Hồ Chí Minh,Miền Nam,1,5.0,12441205.0,1,1
BH26.0067,2026-01-15,2026,1,1,KH-00091,CÔNG TY TNHH BÌNH MINH,Hà Nội,Miền Bắc,22,57.0,58440000.0,3,22
BH26.0057,2026-01-15,2026,1,1,KH-00019,CÔNG TY CỔ PHẦN THƯƠNG MẠI LÊ ANH,TP. Hồ Chí Minh,Miền Nam,2,26.0,74960927.0,1,2
BH26.0059,2026-01-15,2026,1,1,KH-00019,CÔNG TY CỔ PHẦN THƯƠNG MẠI LÊ ANH,TP. Hồ Chí Minh,Miền Nam,1,20.0,69727778.0,0,1
BH26.0055,2026-01-15,2026,1,1,KH-00019,CÔNG TY CỔ PHẦN THƯƠNG MẠI LÊ ANH,TP. Hồ Chí Minh,Miền Nam,3,11.0,18708148.0,1,3
BH26.0056,2026-01-15,2026,1,1,KH-00019,CÔNG TY CỔ PHẦN THƯƠNG MẠI LÊ ANH,TP. Hồ Chí Minh,Miền Nam,2,18.0,58070834.0,0,2
BH26.0048,2026-01-15,2026,1,1,KH-00019,CÔNG TY CỔ PHẦN THƯƠNG MẠI LÊ ANH,TP. Hồ Chí Minh,Miền Nam,2,20.0,64737038.0,1,2
BH26.0049,2026-01-15,2026,1,1,KH-00019,CÔNG TY CỔ PHẦN THƯƠNG MẠI LÊ ANH,TP. Hồ Chí Minh,Miền Nam,4,24.0,68415926.0,1,4
BH26.0050,2026-01-15,2026,1,1,KH-00019,CÔNG TY CỔ PHẦN THƯƠNG MẠI LÊ ANH,TP. Hồ Chí Minh,Miền Nam,1,8.0,27891112.0,0,1
BH26.0047,2026-01-15,2026,1,1,KH-00019,CÔNG TY CỔ PHẦN THƯƠNG MẠI LÊ ANH,TP. Hồ Chí Minh,Miền Nam,6,27.0,43234074.0,3,6
BH26.0052,2026-01-15,2026,1,1,KH-00019,CÔNG TY CỔ PHẦN THƯƠNG MẠI LÊ ANH,TP. Hồ Chí Minh,Miền Nam,2,23.0,48374537.0,2,2
BH26.0053,2026-01-15,2026,1,1,KH-00019,CÔNG TY CỔ PHẦN THƯƠNG MẠI LÊ ANH,TP. Hồ Chí Minh,Miền Nam,1,20.0,69727778.0,0,1
BH26.0054,2026-01-15,2026,1,1,KH-00019,CÔNG TY CỔ PHẦN THƯƠNG MẠI LÊ ANH,TP. Hồ Chí Minh,Miền Nam,1,15.0,52295834.0,0,1
BH26.0051,2026-01-15,2026,1,1,KH-00019,CÔNG TY CỔ PHẦN THƯƠNG MẠI LÊ ANH,TP. Hồ Chí Minh,Miền Nam,4,17.0,28040834.0,2,4
BH26.0091,2026-01-16,2026,1,1,KH-00377,DOANH NGHIỆP TW PHÚ THỊNH,Hà Nội,Miền Bắc,15,27.0,50137394.0,4,15
BH26.0086,2026-01-16,2026,1,1,KH-00373,DOANH NGHIỆP TW THIÊN AN,Hưng Yên,Miền Bắc,2,9.0,14999994.0,1,2
BH26.0087,2026-01-16,2026,1,1,KH-00373,DOANH NGHIỆP TW THIÊN AN,Hưng Yên,Miền Bắc,2,20.0,32111100.0,1,2
BH26.0088,2026-01-16,2026,1,1,KH-00374,CÔNG TY CỔ PHẦN XÂY DỰNG,Hưng Yên,Miền Bắc,6,18.0,27262210.0,2,6
BH26.0089,2026-01-16,2026,1,1,KH-00375,CÔNG TY TNHH ĐẠI DƯƠNG,Hà Nội,Miền Bắc,4,5.0,10716664.0,1,4
BH26.0090,2026-01-16,2026,1,1,KH-00376,CÔNG TY TNHH THƯƠNG MẠI AN PHÁT,Hà Nội,Miền Bắc,10,11.0,17373698.0,2,10
BH26.0092,2026-01-16,2026,1,1,KH-00378,CỬA HÀNG XE ĐẠP VĨNH PHÁT,Hà Nội,Miền Bắc,6,11.0,18376110.0,1,6
BH26.0097,2026-01-16,2026,1,1,KH-00383,HỘ KINH DOANH VẠN LỢI,Ninh Bình,Miền Bắc,12,31.0,49539988.0,1,12
BH26.0094,2026-01-16,2026,1,1,KH-00380,DOANH NGHIỆP TW HÙNG CƯỜNG,Ninh Bình,Miền Bắc,14,20.0,32087028.0,1,13
BH26.0095,2026-01-16,2026,1,1,KH-00381,DOANH NGHIỆP TW TÚ ANH,Ninh Bình,Miền Bắc,14,20.0,31915547.0,1,11
BH26.0096,2026-01-16,2026,1,1,KH-00382,CÔNG TY TNHH LÊ ANH,Ninh Bình,Miền Bắc,9,20.0,38588880.0,1,9
BH26.0098,2026-01-16,2026,1,1,KH-00384,CỬA HÀNG XE ĐẠP PHÚC AN,TP Hải Phòng,Miền Bắc,13,22.0,33226102.0,2,13
BH26.0099,2026-01-16,2026,1,1,KH-00385,CÔNG TY CỔ PHẦN THƯƠNG MẠI THIÊN AN,Hải Dương,Miền Bắc,1,10.0,29744440.0,0,1
BH26.0085,2026-01-16,2026,1,1,KH-00372,CÔNG TY CỔ PHẦN THƯƠNG MẠI MẶT TRỜI,Thanh Hóa,Miền Trung,21,130.0,220754936.0,1,20
BH26.0093,2026-01-16,2026,1,1,KH-00379,CÔNG TY TNHH MINH PHƯƠNG,Thái Nguyên,Miền Bắc,13,129.0,218849952.0,2,13
BH26.0084,2026-01-16,2026,1,1,KH-00366,HỘ KINH DOANH THIÊN AN,Nghệ An,Miền Trung,1,3.0,8923332.0,0,1
BH26.0070,2026-01-16,2026,1,1,KH-00091,CÔNG TY TNHH BÌNH MINH,Hà Nội,Miền Bắc,26,82.0,105110000.0,4,26
BH26.0082,2026-01-16,2026,1,1,KH-00370,CÔNG TY CỔ PHẦN THƯƠNG MẠI PHÚ THỊNH,Bắc Ninh,Miền Bắc,10,13.0,28205550.0,2,10
BH26.0068,2026-01-16,2026,1,1,KH-00363,HỘ KINH DOANH ĐẠI LỢI,Hải Phòng,Miền Bắc,8,19.0,40148881.0,3,8
BH26.0069,2026-01-16,2026,1,1,KH-00364,DOANH NGHIỆP TW XUÂN MAI,TP Hải Phòng,Miền Bắc,21,54.0,92652204.0,2,20
BH26.0071,2026-01-16,2026,1,1,KH-00006,CÔNG TY TNHH CHI THÀNH,TP. Hồ Chí Minh,Miền Nam,8,13.0,21438795.0,2,8
BH26.0072,2026-01-16,2026,1,1,KH-00006,CÔNG TY TNHH CHI THÀNH,TP. Hồ Chí Minh,Miền Nam,1,3.0,3400833.0,1,1
BH26.0073,2026-01-16,2026,1,1,KH-00006,CÔNG TY TNHH CHI THÀNH,TP. Hồ Chí Minh,Miền Nam,7,10.0,19107406.0,1,7
BH26.0074,2026-01-16,2026,1,1,KH-00006,CÔNG TY TNHH CHI THÀNH,TP. Hồ Chí Minh,Miền Nam,5,7.0,9646389.0,2,5
BH26.0083,2026-01-16,2026,1,1,KH-00371,CÔNG TY TNHH THƯƠNG MẠI LONG PHÚ,Bắc Ninh,Miền Bắc,7,14.0,21866662.0,1,6
BH26.0076,2026-01-16,2026,1,1,KH-00365,CÔNG TY CỔ PHẦN THƯƠNG MẠI TRÍ ĐỨC,Hà Nội,Miền Bắc,12,17.0,23108230.0,3,12
BH26.0077,2026-01-16,2026,1,1,KH-00366,HỘ KINH DOANH THIÊN AN,Nghệ An,Miền Trung,18,123.0,200177829.0,2,18
BH26.0078,2026-01-16,2026,1,1,KH-00367,CÔNG TY CỔ PHẦN ĐÔNG NAM,Thanh Hóa,Miền Trung,11,37.0,68896093.0,2,11
BH26.0079,2026-01-16,2026,1,1,KH-00368,HỘ KINH DOANH HOÀ BÌNH,Hà Nội,Miền Bắc,16,32.0,54000819.0,3,16
BH26.0080,2026-01-16,2026,1,1,KH-00369,CÔNG TY TNHH VẠN LỢI,Hà Nội,Miền Bắc,8,15.0,19160546.0,2,8
BH26.0081,2026-01-16,2026,1,1,KH-00076,CỬA HÀNG XE ĐẠP ĐẠI LỢI,Bắc Giang,Miền Bắc,21,123.0,210780700.0,2,19
BH26.0075,2026-01-16,2026,1,1,KH-00006,CÔNG TY TNHH CHI THÀNH,TP. Hồ Chí Minh,Miền Nam,7,9.0,12198796.0,2,7
BH26.0102,2026-01-17,2026,1,1,KH-00387,CÔNG TY CỔ PHẦN THANH BÌNH,Bắc Ninh,Miền Bắc,62,104.0,160507270.0,3,62
BH26.0101,2026-01-17,2026,1,1,KH-00386,CÔNG TY TNHH THƯƠNG MẠI KHẢI HOÀN,Hà Nam,Miền Bắc,13,25.0,41064063.0,3,12
BH26.0100,2026-01-17,2026,1,1,KH-00008,CÔNG TY CỔ PHẦN YÊN BÌNH,Hưng Yên,Miền Bắc,1,2.0,7037038.0,0,1
BH26.0113,2026-01-19,2026,1,1,KH-00392,HỘ KINH DOANH SƠN HÀ,Hà Tĩnh,Miền Trung,8,17.0,27092767.0,1,8
BH26.0118,2026-01-19,2026,1,1,KH-00397,CÔNG TY CỔ PHẦN THUỶ TIÊN,Lào Cai,Miền Bắc,11,18.0,23213788.0,3,11
BH26.0117,2026-01-19,2026,1,1,KH-00396,CÔNG TY CỔ PHẦN VIỆT ANH,Bắc Ninh,Miền Bắc,16,57.0,93184508.0,3,16
BH26.0116,2026-01-19,2026,1,1,KH-00395,HỘ KINH DOANH TÂY BẮC,Bắc Ninh,Miền Bắc,14,28.0,49801286.0,2,14
BH26.0115,2026-01-19,2026,1,1,KH-00394,CÔNG TY TNHH THƯƠNG MẠI NAM TIẾN,Thanh Hóa,Miền Trung,17,45.0,71822204.0,1,17
BH26.0114,2026-01-19,2026,1,1,KH-00393,CÔNG TY TNHH THƯƠNG MẠI SƠN HÀ,Thanh Hóa,Miền Trung,35,38.0,67906094.0,2,35
BH26.0112,2026-01-19,2026,1,1,KH-00391,CÔNG TY TNHH THƯƠNG MẠI NAM TIẾN,Hà Tĩnh,Miền Trung,12,15.0,27965179.0,3,12
BH26.0107,2026-01-19,2026,1,1,KH-00389,CÔNG TY CỔ PHẦN TRƯỜNG THỊNH,Thanh Hoá,Miền Trung,11,14.0,23752770.0,3,11
BH26.0110,2026-01-19,2026,1,1,KH-00390,HỘ KINH DOANH ĐẠI LỢI,Hà Nội,Miền Bắc,22,31.0,48513228.0,3,21
BH26.0109,2026-01-19,2026,1,1,KH-00336,CÔNG TY CỔ PHẦN LONG PHÚ,Bắc Ninh,Miền Bắc,1,1.0,2268519.0,1,1
BH26.0108,2026-01-19,2026,1,1,KH-00014,HỘ KINH DOANH LONG PHÚ,Bắc Ninh,Miền Bắc,10,21.0,39473324.0,1,7
BH26.0105,2026-01-19,2026,1,1,KH-00134,DOANH NGHIỆP TW PHÚ THỊNH,Quảng Nam,Miền Trung,14,68.0,115930528.0,1,14
BH26.0104,2026-01-19,2026,1,1,KH-00134,DOANH NGHIỆP TW PHÚ THỊNH,Quảng Nam,Miền Trung,4,17.0,28748881.0,1,4
BH26.0103,2026-01-19,2026,1,1,KH-00388,CÔNG TY CỔ PHẦN MẶT TRỜI,Hà Nội,Miền Bắc,1,1.0,2768519.0,1,1
BH26.0111,2026-01-19,2026,1,1,KH-00088,CỬA HÀNG XE ĐẠP SÁN LẠP,Nghệ An,Miền Trung,8,49.0,72584440.0,3,8
BH26.0124,2026-01-20,2026,1,1,KH-00157,CÔNG TY TNHH THƯƠNG MẠI LONG PHÚ,Hà Nội,Miền Bắc,1,1.0,4527778.0,0,1
BH26.0123,2026-01-20,2026,1,1,KH-00399,CÔNG TY TNHH ĐẠI LỢI,Hà Nội,Miền Bắc,2,2.0,4611112.0,1,2
BH26.0122,2026-01-20,2026,1,1,KH-00091,CÔNG TY TNHH BÌNH MINH,Hà Nội,Miền Bắc,39,172.0,207570000.0,4,39
BH26.0120,2026-01-20,2026,1,1,KH-00398,CÔNG TY TNHH PHÚC AN,TP Đà Nẵng,Miền Bắc,5,20.0,35105550.0,1,5
BH26.0119,2026-01-20,2026,1,1,KH-00157,CÔNG TY TNHH THƯƠNG MẠI LONG PHÚ,Hà Nội,Miền Bắc,1,1.0,4527778.0,0,1
BH26.0121,2026-01-20,2026,1,1,KH-00039,CÔNG TY CỔ PHẦN ĐÔNG NAM,Phú Quốc,Miền Bắc,1,30.0,61250010.0,1,1
BH26.0133,2026-01-21,2026,1,1,KH-00157,CÔNG TY TNHH THƯƠNG MẠI LONG PHÚ,Hà Nội,Miền Bắc,1,1.0,1842593.0,1,1
BH26.0136,2026-01-21,2026,1,1,KH-00157,CÔNG TY TNHH THƯƠNG MẠI LONG PHÚ,Hà Nội,Miền Bắc,1,1.0,1379630.0,1,1
BH26.0135,2026-01-21,2026,1,1,KH-00157,CÔNG TY TNHH THƯƠNG MẠI LONG PHÚ,Hà Nội,Miền Bắc,1,1.0,2361111.0,1,1
BH26.0134,2026-01-21,2026,1,1,KH-00157,CÔNG TY TNHH THƯƠNG MẠI LONG PHÚ,Hà Nội,Miền Bắc,1,1.0,4527778.0,0,1
BH26.0131,2026-01-21,2026,1,1,KH-00157,CÔNG TY TNHH THƯƠNG MẠI LONG PHÚ,Hà Nội,Miền Bắc,1,1.0,4527778.0,0,1
BH26.0132,2026-01-21,2026,1,1,KH-00157,CÔNG TY TNHH THƯƠNG MẠI LONG PHÚ,Hà Nội,Miền Bắc,1,1.0,2129630.0,0,1
BH26.0129,2026-01-21,2026,1,1,KH-00157,CÔNG TY TNHH THƯƠNG MẠI LONG PHÚ,Hà Nội,Miền Bắc,1,1.0,4527778.0,0,1
BH26.0130,2026-01-21,2026,1,1,KH-00157,CÔNG TY TNHH THƯƠNG MẠI LONG PHÚ,Hà Nội,Miền Bắc,1,1.0,2212963.0,0,1
BH26.0128,2026-01-21,2026,1,1,KH-00091,CÔNG TY TNHH BÌNH MINH,Hà Nội,Miền Bắc,4,5.0,6500000.0,1,4
BH26.0127,2026-01-21,2026,1,1,KH-00157,CÔNG TY TNHH THƯƠNG MẠI LONG PHÚ,Hà Nội,Miền Bắc,1,1.0,2500000.0,0,1
BH26.0126,2026-01-21,2026,1,1,KH-00400,CÔNG TY TNHH XÂY DỰNG,Đồng Nai,Miền Nam,1,1.0,4527778.0,0,1
BH26.0125,2026-01-21,2026,1,1,KH-00157,CÔNG TY TNHH THƯƠNG MẠI LONG PHÚ,Hà Nội,Miền Bắc,1,1.0,1657407.0,0,1
BH26.0156,2026-01-22,2026,1,1,KH-00409,CÔNG TY CỔ PHẦN THƯƠNG MẠI BÌNH MINH,Thanh Hoá,Miền Trung,3,10.0,18133330.0,1,3
BH26.0157,2026-01-22,2026,1,1,KH-00385,CÔNG TY CỔ PHẦN THƯƠNG MẠI THIÊN AN,Hải Dương,Miền Bắc,9,41.0,70166638.0,1,8
BH26.0158,2026-01-22,2026,1,1,KH-00410,CỬA HÀNG XE ĐẠP NAM TIẾN,Nghệ An,Miền Trung,9,55.0,91880535.0,2,9
BH26.0159,2026-01-22,2026,1,1,KH-00341,CỬA HÀNG XE ĐẠP VIỆT ANH,Ninh Bình,Miền Bắc,13,72.0,112892751.0,3,13
BH26.0160,2026-01-22,2026,1,1,KH-00027,HỘ KINH DOANH ĐẠI DƯƠNG,Hà Nội,Miền Bắc,15,40.0,73304793.0,2,15
BH26.0161,2026-01-22,2026,1,1,KH-00157,CÔNG TY TNHH THƯƠNG MẠI LONG PHÚ,Hà Nội,Miền Bắc,1,1.0,3518519.0,0,1
BH26.0163,2026-01-22,2026,1,1,KH-00169,CÔNG TY TNHH THƯƠNG MẠI VĨNH PHÁT,Ninh Bình,Miền Bắc,16,30.0,52676656.0,1,14
BH26.0154,2026-01-22,2026,1,1,KH-00408,CÔNG TY CỔ PHẦN MINH PHƯƠNG,Thanh Hóa,Miền Trung,4,18.0,39362212.0,1,4
BH26.0164,2026-01-22,2026,1,1,KH-00079,CÔNG TY TNHH ĐÔNG NAM,Bắc Giang,Miền Bắc,9,15.0,26234438.0,2,9
BH26.0165,2026-01-22,2026,1,1,KH-00079,CÔNG TY TNHH ĐÔNG NAM,Bắc Giang,Miền Bắc,8,13.0,21617775.0,1,8
BH26.0166,2026-01-22,2026,1,1,KH-00076,CỬA HÀNG XE ĐẠP ĐẠI LỢI,Bắc Giang,Miền Bắc,6,36.0,67516656.0,1,3
BH26.0167,2026-01-22,2026,1,1,KH-00157,CÔNG TY TNHH THƯƠNG MẠI LONG PHÚ,Hà Nội,Miền Bắc,1,1.0,2768519.0,0,1
BH26.0168,2026-01-22,2026,1,1,KH-00411,CỬA HÀNG XE ĐẠP MẶT TRỜI,Hà Nội,Miền Bắc,1,1.0,2361111.0,1,1
BH26.0162,2026-01-22,2026,1,1,KH-00219,CÔNG TY CỔ PHẦN THƯƠNG MẠI PHÚ THỊNH,Ninh Bình,Miền Bắc,15,42.0,72395541.0,1,12
BH26.0153,2026-01-22,2026,1,1,KH-00407,DOANH NGHIỆP TW LONG PHÚ,Đà Nẵng,Miền Trung,15,18.0,30925361.0,4,15
BH26.0155,2026-01-22,2026,1,1,KH-00404,HỘ KINH DOANH PHÚ THỊNH,Thanh Hóa,Miền Trung,1,15.0,27199995.0,1,1
BH26.0151,2026-01-22,2026,1,1,KH-00049,CÔNG TY CỔ PHẦN THUỶ TIÊN,Bắc Ninh,Miền Bắc,2,6.0,16416664.0,1,2
BH26.0137,2026-01-22,2026,1,1,KH-00006,CÔNG TY TNHH CHI THÀNH,TP. Hồ Chí Minh,Miền Nam,1,3.0,3400833.0,1,1
BH26.0152,2026-01-22,2026,1,1,KH-00406,CÔNG TY CỔ PHẦN THƯƠNG MẠI LONG PHÚ,Hưng Yên,Miền Bắc,21,50.0,82642778.0,2,21
BH26.0139,2026-01-22,2026,1,1,KH-00006,CÔNG TY TNHH CHI THÀNH,TP. Hồ Chí Minh,Miền Nam,5,8.0,12205924.0,2,5
BH26.0140,2026-01-22,2026,1,1,KH-00006,CÔNG TY TNHH CHI THÀNH,TP. Hồ Chí Minh,Miền Nam,5,10.0,19050368.0,2,5
BH26.0141,2026-01-22,2026,1,1,KH-00006,CÔNG TY TNHH CHI THÀNH,TP. Hồ Chí Minh,Miền Nam,2,2.0,2837592.0,1,2
BH26.0142,2026-01-22,2026,1,1,KH-00006,CÔNG TY TNHH CHI THÀNH,TP. Hồ Chí Minh,Miền Nam,5,12.0,18166296.0,1,5
BH26.0143,2026-01-22,2026,1,1,KH-00401,HỘ KINH DOANH THUỶ TIÊN,Hà Nội,Miền Bắc,10,12.0,22144902.0,4,10
BH26.0138,2026-01-22,2026,1,1,KH-00006,CÔNG TY TNHH CHI THÀNH,TP. Hồ Chí Minh,Miền Nam,4,10.0,16184258.0,3,4
BH26.0145,2026-01-22,2026,1,1,KH-00402,CÔNG TY CỔ PHẦN ĐẠI LỢI,Hà Nội,Miền Bắc,24,42.0,75334150.0,2,18
BH26.0146,2026-01-22,2026,1,1,KH-00402,CÔNG TY CỔ PHẦN ĐẠI LỢI,Hà Nội,Miền Bắc,1,1.0,1483333.0,1,1
BH26.0147,2026-01-22,2026,1,1,KH-00402,CÔNG TY CỔ PHẦN ĐẠI LỢI,Hà Nội,Miền Bắc,19,41.0,59887572.0,3,17
BH26.0148,2026-01-22,2026,1,1,KH-00403,CÔNG TY CỔ PHẦN THƯƠNG MẠI LONG PHÚ,Thanh Hóa,Miền Trung,13,43.0,64112490.0,2,13
BH26.0149,2026-01-22,2026,1,1,KH-00404,HỘ KINH DOANH PHÚ THỊNH,Thanh Hóa,Miền Trung,3,23.0,33945551.0,3,3
BH26.0150,2026-01-22,2026,1,1,KH-00405,CÔNG TY CỔ PHẦN THƯƠNG MẠI QUANG VINH,Thanh Hóa,Miền Trung,20,56.0,100248865.0,3,20
BH26.0144,2026-01-22,2026,1,1,KH-00024,CÔNG TY TNHH MINH PHƯƠNG,Ninh Bình,Miền Bắc,27,59.0,98614425.0,3,25
BH26.0183,2026-01-23,2026,1,1,KH-00007,CÔNG TY TNHH THƯƠNG MẠI ĐẠI LỢI,Lê Hoàn - Thị trấn Thọ Xuân - Huyện Thọ Xuân - Thanh Hoá,Miền Bắc,1,1.0,2974444.0,0,1
BH26.0184,2026-01-23,2026,1,1,KH-00180,CÔNG TY TNHH THƯƠNG MẠI VẠN LỢI,Thanh Hoá,Miền Trung,12,31.0,52681101.0,1,12
BH26.0185,2026-01-23,2026,1,1,KH-00420,CÔNG TY CỔ PHẦN QUANG VINH,Đà Nẵng,Miền Trung,6,22.0,34211110.0,2,6
BH26.0186,2026-01-23,2026,1,1,KH-00421,DOANH NGHIỆP TW YÊN BÌNH,Hòa Bình,Miền Bắc,27,40.0,75644986.0,3,25
BH26.0190,2026-01-23,2026,1,1,KH-00424,CÔNG TY TNHH TRÍ ĐỨC,Hà Nội,Miền Bắc,11,20.0,57611102.0,0,11
BH26.0188,2026-01-23,2026,1,1,KH-00422,CÔNG TY CỔ PHẦN THƯƠNG MẠI SƠN HÀ,Hà Nội,Miền Bắc,5,12.0,15861474.0,1,5
BH26.0189,2026-01-23,2026,1,1,KH-00423,DOANH NGHIỆP TW THIÊN AN,Bắc Giang,Miền Bắc,10,27.0,48874436.0,1,10
BH26.0191,2026-01-23,2026,1,1,KH-00425,CỬA HÀNG XE ĐẠP MINH PHƯƠNG,Thanh Hóa,Miền Trung,29,49.0,78216095.0,4,29
BH26.0182,2026-01-23,2026,1,1,KH-00419,DOANH NGHIỆP TW ĐẠI DƯƠNG,Hà Nội,Miền Bắc,13,29.0,45393875.0,2,13
BH26.0187,2026-01-23,2026,1,1,KH-00091,CÔNG TY TNHH BÌNH MINH,Hà Nội,Miền Bắc,11,46.0,44990000.0,2,11
BH26.0181,2026-01-23,2026,1,1,KH-00418,CÔNG TY CỔ PHẦN PHÚ THỊNH,Hà Nội,Miền Bắc,2,3.0,7361112.0,1,2
BH26.0173,2026-01-23,2026,1,1,KH-00415,DOANH NGHIỆP TW KHẢI HOÀN,Thanh Hóa,Miền Trung,10,35.0,51897767.0,2,10
BH26.0179,2026-01-23,2026,1,1,KH-00019,CÔNG TY CỔ PHẦN THƯƠNG MẠI LÊ ANH,TP. Hồ Chí Minh,Miền Nam,10,32.0,67096944.0,4,10
BH26.0178,2026-01-23,2026,1,1,KH-00019,CÔNG TY CỔ PHẦN THƯƠNG MẠI LÊ ANH,TP. Hồ Chí Minh,Miền Nam,5,26.0,66711945.0,1,5
BH26.0177,2026-01-23,2026,1,1,KH-00019,CÔNG TY CỔ PHẦN THƯƠNG MẠI LÊ ANH,TP. Hồ Chí Minh,Miền Nam,6,22.0,35291666.0,4,6
BH26.0176,2026-01-23,2026,1,1,KH-00417,CÔNG TY CỔ PHẦN THƯƠNG MẠI VIỆT ANH,Quảng Ninh,Miền Bắc,11,19.0,29619436.0,2,11
BH26.0175,2026-01-23,2026,1,1,KH-00416,DOANH NGHIỆP TW HOÀ BÌNH,Quảng Ninh,Miền Bắc,10,14.0,32353328.0,1,10
BH26.0174,2026-01-23,2026,1,1,KH-00415,DOANH NGHIỆP TW KHẢI HOÀN,Thanh Hóa,Miền Trung,6,21.0,56498880.0,1,6
BH26.0172,2026-01-23,2026,1,1,KH-00414,HỘ KINH DOANH ĐẠI LỢI,Hà Nội,Miền Bắc,10,35.0,57147577.0,2,10
BH26.0171,2026-01-23,2026,1,1,KH-00414,HỘ KINH DOANH ĐẠI LỢI,Hà Nội,Miền Bắc,7,18.0,30818882.0,1,7
BH26.0170,2026-01-23,2026,1,1,KH-00413,CÔNG TY CỔ PHẦN CHI THÀNH,TP Hải Phòng,Miền Bắc,1,19.0,29907408.0,1,1
BH26.0169,2026-01-23,2026,1,1,KH-00412,CÔNG TY TNHH TRÍ ĐỨC,Hưng Yên,Miền Bắc,2,3.0,6805556.0,1,2
BH26.0180,2026-01-23,2026,1,1,KH-00019,CÔNG TY CỔ PHẦN THƯƠNG MẠI LÊ ANH,TP. Hồ Chí Minh,Miền Nam,9,20.0,41772500.0,4,9
BH26.0232,2026-01-24,2026,1,1,KH-00448,CÔNG TY TNHH THUỶ TIÊN,Hà Nội,Miền Bắc,5,12.0,15771104.0,2,5
BH26.0231,2026-01-24,2026,1,1,KH-00447,CÔNG TY TNHH THƯƠNG MẠI KHẢI HOÀN,Hà Nội,Miền Bắc,13,15.0,28011846.0,1,13
BH26.0230,2026-01-24,2026,1,1,KH-00446,CÔNG TY TNHH THƯƠNG MẠI MINH PHƯƠNG,Quảng Trị,Miền Trung,11,21.0,22567396.0,1,11
BH26.0229,2026-01-24,2026,1,1,KH-00445,CÔNG TY CỔ PHẦN TÂN TIẾN,Quảng Ngãi,Miền Trung,5,17.0,20933330.0,2,5
BH26.0224,2026-01-24,2026,1,1,KH-00443,CÔNG TY TNHH HÙNG CƯỜNG,Hà Nội,Miền Bắc,5,10.0,23242219.0,1,5
BH26.0227,2026-01-24,2026,1,1,KH-00338,CÔNG TY TNHH THƯƠNG MẠI ĐẠI LỢI,Hà Nội,Miền Bắc,20,30.0,49938692.0,4,18
BH26.0226,2026-01-24,2026,1,1,KH-00340,CÔNG TY TNHH THANH BÌNH,Hà Nội,Miền Bắc,4,11.0,18082774.0,1,4
BH26.0225,2026-01-24,2026,1,1,KH-00444,CÔNG TY TNHH THƯƠNG MẠI SÁN LẠP,Hà Nội,Miền Bắc,22,30.0,56593877.0,3,22
BH26.0233,2026-01-24,2026,1,1,KH-00449,CÔNG TY CỔ PHẦN THUỶ TIÊN,Phú Thọ,Miền Bắc,5,11.0,16652772.0,2,4
BH26.0223,2026-01-24,2026,1,1,KH-00113,DOANH NGHIỆP TW XÂY DỰNG,Thanh Hoá,Miền Trung,6,15.0,23649439.0,1,6
BH26.0228,2026-01-24,2026,1,1,KH-00407,DOANH NGHIỆP TW LONG PHÚ,Đà Nẵng,Miền Trung,15,18.0,30925361.0,4,15
BH26.0234,2026-01-24,2026,1,1,KH-00355,DOANH NGHIỆP TW PHÚC AN,Thanh Hóa,Miền Trung,7,19.0,28953320.0,2,5
BH26.0240,2026-01-24,2026,1,1,KH-00360,CÔNG TY TNHH THƯƠNG MẠI LONG PHÚ,Thanh Hóa,Miền Trung,9,35.0,54617756.0,1,9
BH26.0236,2026-01-24,2026,1,1,KH-00359,CÔNG TY CỔ PHẦN VẠN LỢI,Hà Nội,Miền Bắc,9,34.0,59306653.0,1,9
BH26.0237,2026-01-24,2026,1,1,KH-00450,HỘ KINH DOANH QUANG VINH,Thanh Hoá,Miền Trung,11,27.0,35684616.0,3,11
BH26.0238,2026-01-24,2026,1,1,KH-00451,CÔNG TY CỔ PHẦN THƯƠNG MẠI TRƯỜNG THỊNH,Phú Thọ,Miền Bắc,8,17.0,28180365.0,2,8
BH26.0239,2026-01-24,2026,1,1,KH-00452,CÔNG TY CỔ PHẦN THƯƠNG MẠI BÌNH MINH,Thanh Hóa,Miền Trung,6,32.0,50632220.0,2,6
BH26.0241,2026-01-24,2026,1,1,KH-00453,CÔNG TY TNHH YÊN BÌNH,Ninh Bình,Miền Bắc,10,31.0,49576658.0,1,10
BH26.0242,2026-01-24,2026,1,1,KH-00454,HỘ KINH DOANH LONG PHÚ,Phú Thọ,Miền Bắc,14,20.0,42573326.0,2,14
BH26.0243,2026-01-24,2026,1,1,KH-00455,CÔNG TY TNHH THƯƠNG MẠI ĐẠI LỢI,Hà Tĩnh,Miền Trung,20,49.0,82253317.0,2,18
BH26.0244,2026-01-24,2026,1,1,KH-00456,CÔNG TY TNHH THƯƠNG MẠI AN PHÁT,Hà Tĩnh,Miền Trung,15,45.0,63827764.0,2,12
BH26.0245,2026-01-24,2026,1,1,KH-00457,CÔNG TY TNHH THƯƠNG MẠI VIỆT ANH,Thanh Hóa,Miền Trung,8,12.0,18777768.0,1,8
BH26.0246,2026-01-24,2026,1,1,KH-00458,HỘ KINH DOANH VẠN LỢI,Hà Tĩnh,Miền Trung,5,20.0,33987216.0,1,5
BH26.0247,2026-01-24,2026,1,1,KH-00078,HỘ KINH DOANH VĨNH PHÁT,Hà Nội,Miền Bắc,15,19.0,32454995.0,2,9
BH26.0248,2026-01-24,2026,1,1,KH-00459,CÔNG TY CỔ PHẦN TOÀN THẮNG,Hà Nội,Miền Bắc,7,19.0,29014438.0,3,7
BH26.0235,2026-01-24,2026,1,1,KH-00133,DOANH NGHIỆP TW YÊN BÌNH,Thanh Hoá,Miền Trung,5,15.0,21546379.0,2,5
BH26.0221,2026-01-24,2026,1,1,KH-00441,CỬA HÀNG XE ĐẠP NGỌC ANH,Hà Tĩnh,Miền Trung,10,23.0,34036838.0,2,10
BH26.0222,2026-01-24,2026,1,1,KH-00442,CÔNG TY TNHH HOÀ BÌNH,Phú Thọ,Miền Bắc,5,16.0,26330550.0,1,5
BH26.0219,2026-01-24,2026,1,1,KH-00091,CÔNG TY TNHH BÌNH MINH,Hà Nội,Miền Bắc,34,76.0,105260000.0,4,34
BH26.0192,2026-01-24,2026,1,1,KH-00426,CÔNG TY CỔ PHẦN THƯƠNG MẠI THIÊN AN,Thái Nguyên,Miền Bắc,7,19.0,31055551.0,1,7
BH26.0193,2026-01-24,2026,1,1,KH-00427,CÔNG TY CỔ PHẦN THƯƠNG MẠI TÚ ANH,Hà Nội,Miền Bắc,1,50.0,110648148.0,1,1
BH26.0194,2026-01-24,2026,1,1,KH-00157,CÔNG TY TNHH THƯƠNG MẠI LONG PHÚ,Hà Nội,Miền Bắc,1,1.0,4157407.0,1,1
BH26.0196,2026-01-24,2026,1,1,KH-00180,CÔNG TY TNHH THƯƠNG MẠI VẠN LỢI,Thanh Hoá,Miền Trung,7,29.0,46530543.0,1,7
BH26.0197,2026-01-24,2026,1,1,KH-00019,CÔNG TY CỔ PHẦN THƯƠNG MẠI LÊ ANH,TP. Hồ Chí Minh,Miền Nam,6,25.0,57621667.0,1,6
BH26.0198,2026-01-24,2026,1,1,KH-00019,CÔNG TY CỔ PHẦN THƯƠNG MẠI LÊ ANH,TP. Hồ Chí Minh,Miền Nam,9,29.0,63845832.0,4,9
BH26.0220,2026-01-24,2026,1,1,KH-00440,CÔNG TY TNHH THƯƠNG MẠI ĐÔNG NAM,Hà Nội,Miền Bắc,1,2.0,3088888.0,1,1
BH26.0200,2026-01-24,2026,1,1,KH-00019,CÔNG TY CỔ PHẦN THƯƠNG MẠI LÊ ANH,TP. Hồ Chí Minh,Miền Nam,9,28.0,61550093.0,4,9
BH26.0201,2026-01-24,2026,1,1,KH-00019,CÔNG TY CỔ PHẦN THƯƠNG MẠI LÊ ANH,TP. Hồ Chí Minh,Miền Nam,5,29.0,56958610.0,3,5
BH26.0202,2026-01-24,2026,1,1,KH-00042,HỘ KINH DOANH MẶT TRỜI,Hà Nội,Miền Bắc,20,25.0,37474434.0,3,18
BH26.0203,2026-01-24,2026,1,1,KH-00428,CỬA HÀNG XE ĐẠP NAM TIẾN,Quảng Ninh,Miền Bắc,18,68.0,119609411.0,4,16
BH26.0204,2026-01-24,2026,1,1,KH-00429,CỬA HÀNG XE ĐẠP XUÂN MAI,Quảng Ninh,Miền Bắc,23,26.0,38662392.0,4,23
BH26.0205,2026-01-24,2026,1,1,KH-00430,CÔNG TY CỔ PHẦN BÌNH MINH,Hà Nội,Miền Bắc,4,9.0,14566108.0,1,4
BH26.0199,2026-01-24,2026,1,1,KH-00019,CÔNG TY CỔ PHẦN THƯƠNG MẠI LÊ ANH,TP. Hồ Chí Minh,Miền Nam,9,18.0,39212962.0,4,9
BH26.0207,2026-01-24,2026,1,1,KH-00432,CÔNG TY TNHH THƯƠNG MẠI THUỶ TIÊN,Hà Nội,Miền Bắc,18,27.0,41172304.0,3,18
BH26.0206,2026-01-24,2026,1,1,KH-00431,CÔNG TY CỔ PHẦN THƯƠNG MẠI KHẢI HOÀN,Hà Nội,Miền Bắc,5,11.0,17887217.0,2,4
BH26.0218,2026-01-24,2026,1,1,KH-00217,DOANH NGHIỆP TW ĐẠI DƯƠNG,Thái Bình,Miền Bắc,5,30.0,50647773.0,1,5
BH26.0217,2026-01-24,2026,1,1,KH-00439,DOANH NGHIỆP TW THUỶ TIÊN,Nghệ An,Miền Trung,13,22.0,37204436.0,3,11
BH26.0215,2026-01-24,2026,1,1,KH-00438,CỬA HÀNG XE ĐẠP ĐẠI LỢI,Hưng Yên,Miền Bắc,8,25.0,44257772.0,2,8
BH26.0214,2026-01-24,2026,1,1,KH-00284,HỘ KINH DOANH NGỌC ANH,Hưng Yên,Miền Bắc,8,14.0,22092772.0,1,8
BH26.0216,2026-01-24,2026,1,1,KH-00410,CỬA HÀNG XE ĐẠP NAM TIẾN,Nghệ An,Miền Trung,7,36.0,51108324.0,1,5
BH26.0212,2026-01-24,2026,1,1,KH-00436,CÔNG TY TNHH XÂY DỰNG,Hưng Yên,Miền Bắc,15,40.0,58825538.0,2,14
BH26.0211,2026-01-24,2026,1,1,KH-00435,DOANH NGHIỆP TW NGỌC ANH,Hà Nội,Miền Bắc,8,11.0,19598330.0,1,7
BH26.0210,2026-01-24,2026,1,1,KH-00434,HỘ KINH DOANH TRƯỜNG THỊNH,Hà Nội,Miền Bắc,17,20.0,32716104.0,2,15
BH26.0209,2026-01-24,2026,1,1,KH-00419,DOANH NGHIỆP TW ĐẠI DƯƠNG,Hà Nội,Miền Bắc,14,30.0,52743879.0,2,13
BH26.0208,2026-01-24,2026,1,1,KH-00433,CÔNG TY CỔ PHẦN THƯƠNG MẠI TRƯỜNG THỊNH,Hà Nội,Miền Bắc,21,30.0,49297210.0,1,21
BH26.0213,2026-01-24,2026,1,1,KH-00437,DOANH NGHIỆP TW HÙNG CƯỜNG,Hưng Yên,Miền Bắc,7,10.0,16189996.0,1,7
BH26.0270,2026-01-26,2026,1,1,KH-00471,CÔNG TY CỔ PHẦN TRÍ ĐỨC,Hà Tĩnh,Miền Trung,17,40.0,55482205.0,3,17
BH26.0266,2026-01-26,2026,1,1,KH-00007,CÔNG TY TNHH THƯƠNG MẠI ĐẠI LỢI,Lê Hoàn - Thị trấn Thọ Xuân - Huyện Thọ Xuân - Thanh Hoá,Miền Bắc,13,44.0,67682949.0,3,13
BH26.0267,2026-01-26,2026,1,1,KH-00468,CÔNG TY CỔ PHẦN KHẢI HOÀN,Nghệ An,Miền Trung,10,19.0,28953046.0,2,10
BH26.0268,2026-01-26,2026,1,1,KH-00469,CỬA HÀNG XE ĐẠP HOÀ BÌNH,Nghệ An,Miền Trung,13,33.0,52729062.0,3,13
BH26.0269,2026-01-26,2026,1,1,KH-00470,CÔNG TY CỔ PHẦN VĨNH PHÁT,Nghệ An,Miền Trung,7,16.0,25285547.0,1,7
BH26.0271,2026-01-26,2026,1,1,KH-00472,CÔNG TY CỔ PHẦN TRÍ ĐỨC,Hà Nội,Miền Bắc,10,15.0,21467584.0,4,10
BH26.0278,2026-01-26,2026,1,1,KH-00477,CỬA HÀNG XE ĐẠP ĐẠI LỢI,Hà Nội,Miền Bắc,13,38.0,69020445.0,2,13
BH26.0273,2026-01-26,2026,1,1,KH-00473,CÔNG TY TNHH TRÍ ĐỨC,Hà Nội,Miền Bắc,4,13.0,20212216.0,1,4
BH26.0275,2026-01-26,2026,1,1,KH-00475,CỬA HÀNG XE ĐẠP THIÊN AN,Hưng Yên,Miền Bắc,4,9.0,18287774.0,2,4
BH26.0276,2026-01-26,2026,1,1,KH-00476,CÔNG TY CỔ PHẦN THƯƠNG MẠI MẶT TRỜI,Hưng Yên,Miền Bắc,9,25.0,37425540.0,3,8
BH26.0277,2026-01-26,2026,1,1,KH-00075,CÔNG TY CỔ PHẦN ĐÔNG NAM,Hà Nội,Miền Bắc,6,19.0,29240548.0,2,6
BH26.0265,2026-01-26,2026,1,1,KH-00075,CÔNG TY CỔ PHẦN ĐÔNG NAM,Hà Nội,Miền Bắc,4,15.0,25531661.0,1,4
BH26.0272,2026-01-26,2026,1,1,KH-00338,CÔNG TY TNHH THƯƠNG MẠI ĐẠI LỢI,Hà Nội,Miền Bắc,21,30.0,43198965.0,3,14
BH26.0264,2026-01-26,2026,1,1,KH-00340,CÔNG TY TNHH THANH BÌNH,Hà Nội,Miền Bắc,3,14.0,22086662.0,1,3
BH26.0274,2026-01-26,2026,1,1,KH-00474,HỘ KINH DOANH MẶT TRỜI,Hưng Yên,Miền Bắc,10,24.0,39804429.0,1,10
BH26.0262,2026-01-26,2026,1,1,KH-00466,HỘ KINH DOANH HÙNG CƯỜNG,Quảng Ninh,Miền Bắc,23,32.0,56339800.0,3,23
BH26.0249,2026-01-26,2026,1,1,KH-00157,CÔNG TY TNHH THƯƠNG MẠI LONG PHÚ,Hà Nội,Miền Bắc,1,1.0,2361111.0,1,1
BH26.0250,2026-01-26,2026,1,1,KH-00157,CÔNG TY TNHH THƯƠNG MẠI LONG PHÚ,Hà Nội,Miền Bắc,1,1.0,4527778.0,0,1
BH26.0251,2026-01-26,2026,1,1,KH-00430,CÔNG TY CỔ PHẦN BÌNH MINH,Hà Nội,Miền Bắc,9,20.0,29880550.0,2,9
BH26.0263,2026-01-26,2026,1,1,KH-00467,DOANH NGHIỆP TW TÂY BẮC,Quảng Trị,Miền Trung,16,21.0,46177214.0,1,16
BH26.0253,2026-01-26,2026,1,1,KH-00460,DOANH NGHIỆP TW THUỶ TIÊN,Phú Thọ,Miền Bắc,3,10.0,16361110.0,0,2
BH26.0254,2026-01-26,2026,1,1,KH-00461,CÔNG TY TNHH THUỶ TIÊN,Hải Dương,Miền Bắc,1,10.0,22685185.0,1,1
BH26.0252,2026-01-26,2026,1,1,KH-00010,CỬA HÀNG XE ĐẠP QUANG VINH,Thái Nguyên,Miền Bắc,6,15.0,28257218.0,1,6
BH26.0256,2026-01-26,2026,1,1,KH-00462,HỘ KINH DOANH TRƯỜNG THỊNH,Hưng Yên,Miền Bắc,1,1.0,2490741.0,1,1
BH26.0257,2026-01-26,2026,1,1,KH-00091,CÔNG TY TNHH BÌNH MINH,Hà Nội,Miền Bắc,21,57.0,66120000.0,3,21
BH26.0258,2026-01-26,2026,1,1,KH-00441,CỬA HÀNG XE ĐẠP NGỌC ANH,Hà Tĩnh,Miền Trung,6,21.0,32824430.0,2,6
BH26.0259,2026-01-26,2026,1,1,KH-00463,CÔNG TY TNHH THƯƠNG MẠI YÊN BÌNH,Hà Nội,Miền Bắc,12,51.0,83166655.0,1,11
BH26.0260,2026-01-26,2026,1,1,KH-00464,CÔNG TY TNHH THƯƠNG MẠI KHẢI HOÀN,Phú Thọ,Miền Bắc,13,15.0,25797586.0,3,13
BH26.0261,2026-01-26,2026,1,1,KH-00465,CÔNG TY CỔ PHẦN KHẢI HOÀN,Quảng Ninh,Miền Bắc,11,22.0,34894436.0,2,11
BH26.0255,2026-01-26,2026,1,1,KH-00157,CÔNG TY TNHH THƯƠNG MẠI LONG PHÚ,Hà Nội,Miền Bắc,1,1.0,3518519.0,0,1
BH26.0305,2026-01-27,2026,1,1,KH-00022,CÔNG TY CỔ PHẦN VIỆT ANH,Hà Nội,Miền Bắc,8,9.0,18953887.0,1,8
BH26.0299,2026-01-27,2026,1,1,KH-00492,HỘ KINH DOANH ĐÔNG NAM,Thanh Hóa,Miền Trung,12,20.0,31976657.0,1,12
BH26.0300,2026-01-27,2026,1,1,KH-00458,HỘ KINH DOANH VẠN LỢI,Hà Tĩnh,Miền Trung,19,50.0,83015536.0,1,16
BH26.0301,2026-01-27,2026,1,1,KH-00218,CÔNG TY TNHH THƯƠNG MẠI BÌNH MINH,Hải Dương,Miền Bắc,10,18.0,30225917.0,2,8
BH26.0302,2026-01-27,2026,1,1,KH-00363,HỘ KINH DOANH ĐẠI LỢI,Hải Phòng,Miền Bắc,11,26.0,42764991.0,1,10
BH26.0303,2026-01-27,2026,1,1,KH-00091,CÔNG TY TNHH BÌNH MINH,Hà Nội,Miền Bắc,19,57.0,50350000.0,3,19
BH26.0304,2026-01-27,2026,1,1,KH-00493,CÔNG TY CỔ PHẦN THƯƠNG MẠI QUANG VINH,TP Hải Phòng,Miền Bắc,5,11.0,14104439.0,2,4
BH26.0306,2026-01-27,2026,1,1,KH-00494,HỘ KINH DOANH AN PHÁT,Hà Nội,Miền Bắc,9,21.0,34963325.0,1,9
BH26.0314,2026-01-27,2026,1,1,KH-00338,CÔNG TY TNHH THƯƠNG MẠI ĐẠI LỢI,Hà Nội,Miền Bắc,19,27.0,42549159.0,3,13
BH26.0309,2026-01-27,2026,1,1,KH-00350,CÔNG TY TNHH BÌNH MINH,Hà Nội,Miền Bắc,5,32.0,53443330.0,1,4
BH26.0310,2026-01-27,2026,1,1,KH-00374,CÔNG TY CỔ PHẦN XÂY DỰNG,Hưng Yên,Miền Bắc,17,49.0,75275537.0,4,17
BH26.0311,2026-01-27,2026,1,1,KH-00497,CÔNG TY TNHH THƯƠNG MẠI QUANG VINH,Hưng Yên,Miền Bắc,8,17.0,27593882.0,2,7
BH26.0312,2026-01-27,2026,1,1,KH-00498,CỬA HÀNG XE ĐẠP MINH PHƯƠNG,Hưng Yên,Miền Bắc,10,15.0,23802030.0,3,10
BH26.0313,2026-01-27,2026,1,1,KH-00499,CÔNG TY CỔ PHẦN THƯƠNG MẠI TÚ ANH,Hưng Yên,Miền Bắc,45,51.0,96427756.0,2,45
BH26.0298,2026-01-27,2026,1,1,KH-00491,CÔNG TY TNHH PHÚC AN,Vinh,Miền Bắc,9,61.0,98378862.0,1,7
BH26.0315,2026-01-27,2026,1,1,KH-00022,CÔNG TY CỔ PHẦN VIỆT ANH,Hà Nội,Miền Bắc,1,3.0,4449999.0,1,1
BH26.0308,2026-01-27,2026,1,1,KH-00496,CÔNG TY CỔ PHẦN TOÀN THẮNG,Hà Nội,Miền Bắc,3,15.0,26576661.0,1,3
BH26.0297,2026-01-27,2026,1,1,KH-00490,CÔNG TY TNHH TÂN TIẾN,Phú Thọ,Miền Bắc,5,10.0,19349256.0,2,4
BH26.0307,2026-01-27,2026,1,1,KH-00495,CÔNG TY CỔ PHẦN THƯƠNG MẠI HOÀ BÌNH,Hà Nội,Miền Bắc,6,10.0,19709997.0,1,6
BH26.0295,2026-01-27,2026,1,1,KH-00382,CÔNG TY TNHH LÊ ANH,Ninh Bình,Miền Bắc,4,15.0,25244440.0,1,4
BH26.0296,2026-01-27,2026,1,1,KH-00074,CÔNG TY TNHH THƯƠNG MẠI HOÀ BÌNH,Hòa Bình,Miền Bắc,9,9.0,13197126.0,3,9
BH26.0280,2026-01-27,2026,1,1,KH-00479,DOANH NGHIỆP TW NGỌC ANH,Hà Nội,Miền Bắc,1,1.0,3333333.0,0,1
BH26.0281,2026-01-27,2026,1,1,KH-00480,DOANH NGHIỆP TW ĐẠI DƯƠNG,Hà Nội,Miền Bắc,4,10.0,22314816.0,1,4
BH26.0282,2026-01-27,2026,1,1,KH-00481,CÔNG TY CỔ PHẦN HOÀ BÌNH,Hà Nội,Miền Bắc,7,19.0,31275548.0,1,7
BH26.0283,2026-01-27,2026,1,1,KH-00482,CỬA HÀNG XE ĐẠP KHẢI HOÀN,Hà Nội,Miền Bắc,17,23.0,44872212.0,1,16
BH26.0284,2026-01-27,2026,1,1,KH-00377,DOANH NGHIỆP TW PHÚ THỊNH,Hà Nội,Miền Bắc,23,46.0,76147943.0,2,22
BH26.0285,2026-01-27,2026,1,1,KH-00483,HỘ KINH DOANH VẠN LỢI,Bắc Ninh,Miền Bắc,24,52.0,83684423.0,2,24
BH26.0286,2026-01-27,2026,1,1,KH-00484,CÔNG TY CỔ PHẦN THƯƠNG MẠI HOÀ BÌNH,Bắc Ninh,Miền Bắc,17,40.0,61862577.0,3,17
BH26.0279,2026-01-27,2026,1,1,KH-00478,CÔNG TY TNHH BÌNH MINH,Hà Nội,Miền Bắc,1,1.0,4527778.0,0,1
BH26.0287,2026-01-27,2026,1,1,KH-00485,CÔNG TY CỔ PHẦN SÁN LẠP,Hà Nội,Miền Bắc,11,18.0,31401105.0,2,11
BH26.0288,2026-01-27,2026,1,1,KH-00486,CÔNG TY TNHH VẠN LỢI,Bắc Ninh,Miền Bắc,15,36.0,69087021.0,2,12
BH26.0289,2026-01-27,2026,1,1,KH-00487,DOANH NGHIỆP TW TRƯỜNG THỊNH,Bắc Ninh,Miền Bắc,8,15.0,29839998.0,1,6
BH26.0290,2026-01-27,2026,1,1,KH-00371,CÔNG TY TNHH THƯƠNG MẠI LONG PHÚ,Bắc Ninh,Miền Bắc,7,13.0,21782404.0,2,7
BH26.0291,2026-01-27,2026,1,1,KH-00022,CÔNG TY CỔ PHẦN VIỆT ANH,Hà Nội,Miền Bắc,2,12.0,17066664.0,1,2
BH26.0292,2026-01-27,2026,1,1,KH-00018,CÔNG TY TNHH THƯƠNG MẠI PHÚ THỊNH,Hà Nội,Miền Bắc,9,17.0,30679809.0,2,8
BH26.0293,2026-01-27,2026,1,1,KH-00488,CÔNG TY TNHH TRƯỜNG THỊNH,Ninh Bình,Miền Bắc,16,20.0,29466474.0,2,16
BH26.0294,2026-01-27,2026,1,1,KH-00489,CÔNG TY CỔ PHẦN ĐÔNG NAM,Phủ Lý,Miền Bắc,10,15.0,24511106.0,1,10
BH26.0369,2026-01-28,2026,1,1,KH-00133,DOANH NGHIỆP TW YÊN BÌNH,Thanh Hoá,Miền Trung,8,33.0,60072214.0,1,8
BH26.0368,2026-01-28,2026,1,1,KH-00487,DOANH NGHIỆP TW TRƯỜNG THỊNH,Bắc Ninh,Miền Bắc,32,69.0,116247012.0,3,32
BH26.0367,2026-01-28,2026,1,1,KH-00528,CÔNG TY CỔ PHẦN VẠN LỢI,Bắc Ninh,Miền Bắc,6,15.0,24083328.0,1,6
BH26.0366,2026-01-28,2026,1,1,KH-00359,CÔNG TY CỔ PHẦN VẠN LỢI,Hà Nội,Miền Bắc,10,18.0,30977584.0,2,10
BH26.0365,2026-01-28,2026,1,1,KH-00472,CÔNG TY CỔ PHẦN TRÍ ĐỨC,Hà Nội,Miền Bắc,14,15.0,28941662.0,2,13
BH26.0364,2026-01-28,2026,1,1,KH-00527,CÔNG TY CỔ PHẦN THƯƠNG MẠI HOÀ BÌNH,Hà Nội,Miền Bắc,12,19.0,28256474.0,2,11
BH26.0389,2026-01-28,2026,1,1,KH-00091,CÔNG TY TNHH BÌNH MINH,Hà Nội,Miền Bắc,21,60.0,69100000.0,3,21
BH26.0360,2026-01-28,2026,1,1,KH-00525,CỬA HÀNG XE ĐẠP SÁN LẠP,Hưng Yên,Miền Bắc,13,25.0,44550175.0,1,11
BH26.0361,2026-01-28,2026,1,1,KH-00526,CÔNG TY CỔ PHẦN NAM TIẾN,Hưng Yên,Miền Bắc,11,20.0,31530549.0,2,11
BH26.0355,2026-01-28,2026,1,1,KH-00520,CÔNG TY TNHH TÂY BẮC,Ninh Bình,Miền Bắc,15,46.0,71704244.0,2,15
BH26.0359,2026-01-28,2026,1,1,KH-00524,CÔNG TY CỔ PHẦN THƯƠNG MẠI TRÍ ĐỨC,Hưng Yên,Miền Bắc,4,15.0,27199995.0,1,4
BH26.0358,2026-01-28,2026,1,1,KH-00523,HỘ KINH DOANH KHẢI HOÀN,Hà Nội,Miền Bắc,9,15.0,24352217.0,2,7
BH26.0357,2026-01-28,2026,1,1,KH-00522,CÔNG TY TNHH HÙNG CƯỜNG,Ninh Bình,Miền Bắc,2,10.0,15749995.0,1,2
BH26.0356,2026-01-28,2026,1,1,KH-00521,CỬA HÀNG XE ĐẠP KHẢI HOÀN,Ninh Bình,Miền Bắc,23,30.0,48686099.0,2,21
BH26.0370,2026-01-28,2026,1,1,KH-00356,CÔNG TY TNHH THƯƠNG MẠI QUANG VINH,Thanh Hóa,Miền Trung,18,34.0,57148967.0,3,18
BH26.0362,2026-01-28,2026,1,1,KH-00366,HỘ KINH DOANH THIÊN AN,Nghệ An,Miền Trung,3,15.0,23533325.0,2,3
BH26.0371,2026-01-28,2026,1,1,KH-00393,CÔNG TY TNHH THƯƠNG MẠI SƠN HÀ,Thanh Hóa,Miền Trung,9,22.0,33195542.0,1,9
BH26.0380,2026-01-28,2026,1,1,KH-00442,CÔNG TY TNHH HOÀ BÌNH,Phú Thọ,Miền Bắc,4,15.0,24614994.0,1,4
BH26.0373,2026-01-28,2026,1,1,KH-00366,HỘ KINH DOANH THIÊN AN,Nghệ An,Miền Trung,12,58.0,98625346.0,3,12
BH26.0354,2026-01-28,2026,1,1,KH-00488,CÔNG TY TNHH TRƯỜNG THỊNH,Ninh Bình,Miền Bắc,19,49.0,63292955.0,2,18
BH26.0388,2026-01-28,2026,1,1,KH-00539,CỬA HÀNG XE ĐẠP CHI THÀNH,Thái Nguyên,Miền Bắc,8,10.0,17192218.0,1,8
BH26.0387,2026-01-28,2026,1,1,KH-00538,HỘ KINH DOANH PHÚC AN,Cao Bằng,Miền Bắc,25,39.0,68250264.0,2,25
BH26.0386,2026-01-28,2026,1,1,KH-00537,CÔNG TY CỔ PHẦN ĐÔNG NAM,Bắc Kạn,Miền Bắc,9,15.0,20135548.0,1,6
BH26.0385,2026-01-28,2026,1,1,KH-00536,CỬA HÀNG XE ĐẠP LONG PHÚ,Hà Nội,Miền Bắc,30,82.0,135639972.0,2,29
BH26.0384,2026-01-28,2026,1,1,KH-00535,CỬA HÀNG XE ĐẠP QUANG VINH,Phú Thọ,Miền Bắc,9,10.0,14576478.0,2,9
BH26.0383,2026-01-28,2026,1,1,KH-00534,DOANH NGHIỆP TW AN PHÁT,Phú Thọ,Miền Bắc,11,11.0,19952588.0,2,11
BH26.0382,2026-01-28,2026,1,1,KH-00347,CÔNG TY TNHH THƯƠNG MẠI VẠN LỢI,Vĩnh Phúc,Miền Bắc,9,14.0,22129439.0,2,9
BH26.0381,2026-01-28,2026,1,1,KH-00533,CÔNG TY TNHH YÊN BÌNH,Phú Thọ,Miền Bắc,6,17.0,29689996.0,1,6
BH26.0379,2026-01-28,2026,1,1,KH-00414,HỘ KINH DOANH ĐẠI LỢI,Hà Nội,Miền Bắc,6,16.0,26068510.0,1,6
BH26.0378,2026-01-28,2026,1,1,KH-00027,HỘ KINH DOANH ĐẠI DƯƠNG,Hà Nội,Miền Bắc,5,16.0,27094438.0,2,5
BH26.0377,2026-01-28,2026,1,1,KH-00027,HỘ KINH DOANH ĐẠI DƯƠNG,Hà Nội,Miền Bắc,2,5.0,7355552.0,2,2
BH26.0376,2026-01-28,2026,1,1,KH-00532,CÔNG TY TNHH THƯƠNG MẠI MẶT TRỜI,Hà Nội,Miền Bắc,7,15.0,31324993.0,1,7
BH26.0375,2026-01-28,2026,1,1,KH-00531,CÔNG TY TNHH THƯƠNG MẠI VẠN LỢI,Hà Nội,Miền Bắc,12,21.0,37169437.0,1,12
BH26.0374,2026-01-28,2026,1,1,KH-00530,DOANH NGHIỆP TW TÂY BẮC,Hà Nội,Miền Bắc,7,13.0,21605551.0,1,7
BH26.0372,2026-01-28,2026,1,1,KH-00529,CÔNG TY CỔ PHẦN THƯƠNG MẠI THIÊN AN,Nghệ An,Miền Trung,27,75.0,120795166.0,2,27
BH26.0353,2026-01-28,2026,1,1,KH-00519,CÔNG TY CỔ PHẦN XUÂN MAI,Hưng Yên,Miền Bắc,9,21.0,33472214.0,1,9
BH26.0363,2026-01-28,2026,1,1,KH-00491,CÔNG TY TNHH PHÚC AN,Vinh,Miền Bắc,22,117.0,184647739.0,2,21
BH26.0351,2026-01-28,2026,1,1,KH-00374,CÔNG TY CỔ PHẦN XÂY DỰNG,Hưng Yên,Miền Bắc,4,21.0,25917774.0,3,4
BH26.0330,2026-01-28,2026,1,1,KH-00505,CÔNG TY CỔ PHẦN TÚ ANH,Nghệ An,Miền Trung,22,35.0,64177024.0,3,20
BH26.0329,2026-01-28,2026,1,1,KH-00022,CÔNG TY CỔ PHẦN VIỆT ANH,Hà Nội,Miền Bắc,2,2.0,2616665.0,0,2
BH26.0328,2026-01-28,2026,1,1,KH-00349,HỘ KINH DOANH TRƯỜNG THỊNH,Hà Nội,Miền Bắc,22,42.0,80052762.0,2,22
BH26.0327,2026-01-28,2026,1,1,KH-00379,CÔNG TY TNHH MINH PHƯƠNG,Thái Nguyên,Miền Bắc,2,125.0,193055500.0,1,1
BH26.0325,2026-01-28,2026,1,1,KH-00503,DOANH NGHIỆP TW PHÚ THỊNH,Hà Nội,Miền Bắc,8,37.0,57315550.0,2,8
BH26.0324,2026-01-28,2026,1,1,KH-00502,CỬA HÀNG XE ĐẠP BÌNH MINH,Hà Nội,Miền Bắc,10,10.0,16306015.0,3,10
BH26.0323,2026-01-28,2026,1,1,KH-00463,CÔNG TY TNHH THƯƠNG MẠI YÊN BÌNH,Hà Nội,Miền Bắc,12,35.0,58871099.0,2,11
BH26.0322,2026-01-28,2026,1,1,KH-00501,CÔNG TY CỔ PHẦN VĨNH PHÁT,Thanh Hóa,Miền Trung,5,13.0,24826106.0,1,5
BH26.0321,2026-01-28,2026,1,1,KH-00488,CÔNG TY TNHH TRƯỜNG THỊNH,Ninh Bình,Miền Bắc,9,19.0,25500553.0,3,6
BH26.0320,2026-01-28,2026,1,1,KH-00359,CÔNG TY CỔ PHẦN VẠN LỢI,Hà Nội,Miền Bắc,27,35.0,56341099.0,3,27
BH26.0319,2026-01-28,2026,1,1,KH-00181,CÔNG TY TNHH LONG PHÚ,Thừa Thiên Huế,Miền Trung,18,50.0,83015809.0,3,17
BH26.0318,2026-01-28,2026,1,1,KH-00076,CỬA HÀNG XE ĐẠP ĐẠI LỢI,Bắc Giang,Miền Bắc,8,47.0,84487214.0,2,7
BH26.0317,2026-01-28,2026,1,1,KH-00500,CÔNG TY CỔ PHẦN THƯƠNG MẠI VĨNH PHÁT,Hà Nội,Miền Bắc,1,5.0,12458333.0,1,1
BH26.0316,2026-01-28,2026,1,1,KH-00157,CÔNG TY TNHH THƯƠNG MẠI LONG PHÚ,Hà Nội,Miền Bắc,1,1.0,1472222.0,1,1
BH26.0352,2026-01-28,2026,1,1,KH-00518,CÔNG TY TNHH THƯƠNG MẠI VĨNH PHÁT,Hưng Yên,Miền Bắc,14,21.0,33148327.0,2,14
BH26.0331,2026-01-28,2026,1,1,KH-00506,CÔNG TY TNHH THANH BÌNH,Hà Nội,Miền Bắc,21,39.0,61166093.0,4,21
BH26.0332,2026-01-28,2026,1,1,KH-00507,CỬA HÀNG XE ĐẠP BÌNH MINH,Phú Thọ,Miền Bắc,11,22.0,35994437.0,1,11
BH26.0326,2026-01-28,2026,1,1,KH-00504,CÔNG TY CỔ PHẦN THƯƠNG MẠI TÂY BẮC,Hà Nội,Miền Bắc,10,15.0,22818328.0,3,10
BH26.0334,2026-01-28,2026,1,1,KH-00364,DOANH NGHIỆP TW XUÂN MAI,TP Hải Phòng,Miền Bắc,9,26.0,46083323.0,1,9
BH26.0350,2026-01-28,2026,1,1,KH-00517,CỬA HÀNG XE ĐẠP PHÚ THỊNH,Hưng Yên,Miền Bắc,8,45.0,62083320.0,2,8
BH26.0349,2026-01-28,2026,1,1,KH-00516,CÔNG TY TNHH SÁN LẠP,Hưng Yên,Miền Bắc,7,20.0,31988880.0,1,6
BH26.0333,2026-01-28,2026,1,1,KH-00508,CÔNG TY CỔ PHẦN VĨNH PHÁT,TP Hải Phòng,Miền Bắc,8,10.0,15976106.0,1,7
BH26.0347,2026-01-28,2026,1,1,KH-00508,CÔNG TY CỔ PHẦN VĨNH PHÁT,TP Hải Phòng,Miền Bắc,6,12.0,17268051.0,2,6
BH26.0346,2026-01-28,2026,1,1,KH-00363,HỘ KINH DOANH ĐẠI LỢI,Hải Phòng,Miền Bắc,7,19.0,26233415.0,3,7
BH26.0345,2026-01-28,2026,1,1,KH-00378,CỬA HÀNG XE ĐẠP VĨNH PHÁT,Hà Nội,Miền Bắc,5,10.0,16177773.0,1,5
BH26.0344,2026-01-28,2026,1,1,KH-00369,CÔNG TY TNHH VẠN LỢI,Hà Nội,Miền Bắc,9,22.0,31679713.0,2,9
BH26.0343,2026-01-28,2026,1,1,KH-00514,CỬA HÀNG XE ĐẠP HÙNG CƯỜNG,Hà Nội,Miền Bắc,17,17.0,29769439.0,1,17
BH26.0348,2026-01-28,2026,1,1,KH-00515,CÔNG TY CỔ PHẦN THƯƠNG MẠI SƠN HÀ,TP Hải Phòng,Miền Bắc,7,22.0,34973416.0,3,7
BH26.0341,2026-01-28,2026,1,1,KH-00512,CÔNG TY TNHH ĐẠI DƯƠNG,Phú Thọ,Miền Bắc,13,15.0,22188882.0,2,12
BH26.0340,2026-01-28,2026,1,1,KH-00511,CÔNG TY TNHH BÌNH MINH,Lào Cai,Miền Bắc,7,11.0,14207958.0,1,7
BH26.0339,2026-01-28,2026,1,1,KH-00007,CÔNG TY TNHH THƯƠNG MẠI ĐẠI LỢI,Lê Hoàn - Thị trấn Thọ Xuân - Huyện Thọ Xuân - Thanh Hoá,Miền Bắc,31,156.0,247061617.0,2,30
BH26.0338,2026-01-28,2026,1,1,KH-00007,CÔNG TY TNHH THƯƠNG MẠI ĐẠI LỢI,Lê Hoàn - Thị trấn Thọ Xuân - Huyện Thọ Xuân - Thanh Hoá,Miền Bắc,1,3.0,6356664.0,1,1
BH26.0337,2026-01-28,2026,1,1,KH-00423,DOANH NGHIỆP TW THIÊN AN,Bắc Giang,Miền Bắc,7,21.0,36560544.0,3,7
BH26.0336,2026-01-28,2026,1,1,KH-00510,CỬA HÀNG XE ĐẠP NGỌC ANH,Bắc Ninh,Miền Bắc,8,11.0,17587774.0,1,8
BH26.0335,2026-01-28,2026,1,1,KH-00509,CÔNG TY TNHH THƯƠNG MẠI BÌNH MINH,Bắc Ninh,Miền Bắc,16,29.0,42307765.0,2,15
BH26.0342,2026-01-28,2026,1,1,KH-00513,CÔNG TY CỔ PHẦN THƯƠNG MẠI ĐÔNG NAM,Hà Nội,Miền Bắc,17,39.0,66789991.0,2,17
BH26.0406,2026-01-29,2026,1,1,KH-00550,CÔNG TY TNHH ĐÔNG NAM,Phú Thọ,Miền Bắc,3,6.0,7799812.0,1,3
BH26.0408,2026-01-29,2026,1,1,KH-00552,CỬA HÀNG XE ĐẠP YÊN BÌNH,Phú Thọ,Miền Bắc,9,16.0,21451568.0,2,7
BH26.0409,2026-01-29,2026,1,1,KH-00553,CÔNG TY CỔ PHẦN SƠN HÀ,Hà Nội,Miền Bắc,17,36.0,63153784.0,3,16
BH26.0410,2026-01-29,2026,1,1,KH-00554,CÔNG TY CỔ PHẦN THƯƠNG MẠI SÁN LẠP,Hà Nội,Miền Bắc,15,18.0,29284994.0,1,15
BH26.0411,2026-01-29,2026,1,1,KH-00382,CÔNG TY TNHH LÊ ANH,Ninh Bình,Miền Bắc,3,20.0,29666660.0,1,3
BH26.0415,2026-01-29,2026,1,1,KH-00024,CÔNG TY TNHH MINH PHƯƠNG,Ninh Bình,Miền Bắc,8,27.0,50616103.0,1,8
BH26.0413,2026-01-29,2026,1,1,KH-00386,CÔNG TY TNHH THƯƠNG MẠI KHẢI HOÀN,Hà Nam,Miền Bắc,18,48.0,77016645.0,3,16
BH26.0414,2026-01-29,2026,1,1,KH-00383,HỘ KINH DOANH VẠN LỢI,Ninh Bình,Miền Bắc,13,21.0,35659988.0,1,9
BH26.0416,2026-01-29,2026,1,1,KH-00402,CÔNG TY CỔ PHẦN ĐẠI LỢI,Hà Nội,Miền Bắc,12,32.0,56798226.0,2,10
BH26.0417,2026-01-29,2026,1,1,KH-00556,DOANH NGHIỆP TW THIÊN AN,Hà Nội,Miền Bắc,1,1.0,2974444.0,0,1
BH26.0418,2026-01-29,2026,1,1,KH-00557,CÔNG TY TNHH THƯƠNG MẠI MINH PHƯƠNG,Hà Nội,Miền Bắc,10,40.0,68628317.0,2,9
BH26.0405,2026-01-29,2026,1,1,KH-00549,CỬA HÀNG XE ĐẠP TÚ ANH,Phú Thọ,Miền Bắc,10,15.0,24975551.0,2,9
BH26.0412,2026-01-29,2026,1,1,KH-00555,CỬA HÀNG XE ĐẠP TRƯỜNG THỊNH,Ninh Bình,Miền Bắc,10,15.0,21375919.0,2,9
BH26.0404,2026-01-29,2026,1,1,KH-00548,CÔNG TY TNHH KHẢI HOÀN,Quảng Trị,Miền Trung,2,14.0,22080551.0,1,2
BH26.0407,2026-01-29,2026,1,1,KH-00551,CÔNG TY CỔ PHẦN THƯƠNG MẠI SÁN LẠP,Phú Thọ,Miền Bắc,5,8.0,19988329.0,2,5
BH26.0402,2026-01-29,2026,1,1,KH-00547,DOANH NGHIỆP TW THANH BÌNH,Quảng Ngãi,Miền Trung,7,13.0,20756106.0,1,7
BH26.0403,2026-01-29,2026,1,1,KH-00420,CÔNG TY CỔ PHẦN QUANG VINH,Đà Nẵng,Miền Trung,21,28.0,46079808.0,3,19
BH26.0391,2026-01-29,2026,1,1,KH-00540,CÔNG TY TNHH NGỌC ANH,Hà Nội,Miền Bắc,1,1.0,2768519.0,1,1
BH26.0392,2026-01-29,2026,1,1,KH-00462,HỘ KINH DOANH TRƯỜNG THỊNH,Hưng Yên,Miền Bắc,1,1.0,2490741.0,1,1
BH26.0393,2026-01-29,2026,1,1,KH-00541,HỘ KINH DOANH SÁN LẠP,TP Đà Nẵng,Miền Bắc,1,1.0,2361111.0,1,1
BH26.0394,2026-01-29,2026,1,1,KH-00030,CỬA HÀNG XE ĐẠP BÌNH MINH,Bắc Giang,Miền Bắc,10,309.0,685527778.0,1,10
BH26.0395,2026-01-29,2026,1,1,KH-00542,CÔNG TY TNHH THƯƠNG MẠI NAM TIẾN,Lạng Sơn,Miền Bắc,1,1.0,2361111.0,1,1
BH26.0390,2026-01-29,2026,1,1,KH-00157,CÔNG TY TNHH THƯƠNG MẠI LONG PHÚ,Hà Nội,Miền Bắc,1,1.0,4703704.0,0,1
BH26.0397,2026-01-29,2026,1,1,KH-00341,CỬA HÀNG XE ĐẠP VIỆT ANH,Ninh Bình,Miền Bắc,19,137.0,225626063.0,1,18
BH26.0398,2026-01-29,2026,1,1,KH-00544,DOANH NGHIỆP TW VIỆT ANH,Hà Nội,Miền Bắc,11,17.0,26793141.0,2,11
BH26.0399,2026-01-29,2026,1,1,KH-00545,CÔNG TY CỔ PHẦN AN PHÁT,Phú Thọ,Miền Bắc,12,17.0,29665550.0,3,12
BH26.0400,2026-01-29,2026,1,1,KH-00545,CÔNG TY CỔ PHẦN AN PHÁT,Phú Thọ,Miền Bắc,5,7.0,10639996.0,1,5
BH26.0401,2026-01-29,2026,1,1,KH-00546,CÔNG TY CỔ PHẦN SÁN LẠP,Quảng Trị,Miền Trung,15,23.0,40747215.0,1,15
BH26.0396,2026-01-29,2026,1,1,KH-00543,CÔNG TY CỔ PHẦN SƠN HÀ,Hà Nội,Miền Bắc,14,16.0,27082216.0,3,14
BH26.0434,2026-01-30,2026,1,1,KH-00565,CÔNG TY CỔ PHẦN THƯƠNG MẠI KHẢI HOÀN,Hải Phòng,Miền Bắc,28,64.0,98196457.0,2,28
BH26.0435,2026-01-30,2026,1,1,KH-00566,DOANH NGHIỆP TW PHÚ THỊNH,Hải Phòng,Miền Bắc,8,25.0,44172215.0,1,8
BH26.0436,2026-01-30,2026,1,1,KH-00567,CÔNG TY CỔ PHẦN THƯƠNG MẠI SƠN HÀ,TP Hải Phòng,Miền Bắc,9,16.0,24564438.0,2,9
BH26.0437,2026-01-30,2026,1,1,KH-00568,DOANH NGHIỆP TW NGỌC ANH,TP Hải Phòng,Miền Bắc,8,26.0,44781656.0,2,8
BH26.0439,2026-01-30,2026,1,1,KH-00556,DOANH NGHIỆP TW THIÊN AN,Hà Nội,Miền Bắc,6,14.0,21023328.0,2,5
BH26.0440,2026-01-30,2026,1,1,KH-00569,CÔNG TY TNHH VẠN LỢI,TP Huế,Miền Bắc,12,19.0,29326009.0,2,12
BH26.0441,2026-01-30,2026,1,1,KH-00570,HỘ KINH DOANH TOÀN THẮNG,Hải Phòng,Miền Bắc,7,16.0,22657673.0,3,7
BH26.0442,2026-01-30,2026,1,1,KH-00570,HỘ KINH DOANH TOÀN THẮNG,Hải Phòng,Miền Bắc,1,2.0,3394444.0,1,1
BH26.0432,2026-01-30,2026,1,1,KH-00563,HỘ KINH DOANH YÊN BÌNH,Hà Nội,Miền Bắc,10,17.0,28828328.0,2,10
BH26.0438,2026-01-30,2026,1,1,KH-00359,CÔNG TY CỔ PHẦN VẠN LỢI,Hà Nội,Miền Bắc,11,14.0,24728328.0,2,10
BH26.0431,2026-01-30,2026,1,1,KH-00562,CÔNG TY CỔ PHẦN THƯƠNG MẠI NAM TIẾN,Hà Nội,Miền Bắc,15,31.0,60958882.0,2,15
BH26.0433,2026-01-30,2026,1,1,KH-00564,CỬA HÀNG XE ĐẠP SÁN LẠP,Thái Bình,Miền Bắc,22,32.0,64938322.0,2,22
BH26.0429,2026-01-30,2026,1,1,KH-00423,DOANH NGHIỆP TW THIÊN AN,Bắc Giang,Miền Bắc,5,15.0,26649996.0,1,4
BH26.0430,2026-01-30,2026,1,1,KH-00561,CÔNG TY TNHH THƯƠNG MẠI VĨNH PHÁT,Bắc Ninh,Miền Bắc,24,29.0,47910731.0,2,23
BH26.0420,2026-01-30,2026,1,1,KH-00157,CÔNG TY TNHH THƯƠNG MẠI LONG PHÚ,Hà Nội,Miền Bắc,1,1.0,2768519.0,0,1
BH26.0421,2026-01-30,2026,1,1,KH-00006,CÔNG TY TNHH CHI THÀNH,TP. Hồ Chí Minh,Miền Nam,7,11.0,16462314.0,1,7
BH26.0422,2026-01-30,2026,1,1,KH-00006,CÔNG TY TNHH CHI THÀNH,TP. Hồ Chí Minh,Miền Nam,3,3.0,3971203.0,2,3
BH26.0423,2026-01-30,2026,1,1,KH-00558,CÔNG TY CỔ PHẦN THƯƠNG MẠI SƠN HÀ,Hà Nội,Miền Bắc,8,11.0,15729993.0,2,8
BH26.0419,2026-01-30,2026,1,1,KH-00157,CÔNG TY TNHH THƯƠNG MẠI LONG PHÚ,Hà Nội,Miền Bắc,1,1.0,4240741.0,0,1
BH26.0425,2026-01-30,2026,1,1,KH-00558,CÔNG TY CỔ PHẦN THƯƠNG MẠI SƠN HÀ,Hà Nội,Miền Bắc,22,25.0,47362214.0,2,22
BH26.0426,2026-01-30,2026,1,1,KH-00559,CÔNG TY TNHH THƯƠNG MẠI TÂY BẮC,Thanh Hóa,Miền Trung,10,21.0,43414990.0,2,10
BH26.0427,2026-01-30,2026,1,1,KH-00560,CÔNG TY CỔ PHẦN THƯƠNG MẠI NGỌC ANH,Hải Phòng,Miền Bắc,12,36.0,63440545.0,1,12
BH26.0428,2026-01-30,2026,1,1,KH-00463,CÔNG TY TNHH THƯƠNG MẠI YÊN BÌNH,Hà Nội,Miền Bắc,12,38.0,68735540.0,1,11
BH26.0424,2026-01-30,2026,1,1,KH-00558,CÔNG TY CỔ PHẦN THƯƠNG MẠI SƠN HÀ,Hà Nội,Miền Bắc,1,1.0,2974444.0,0,1
BH26.0471,2026-01-31,2026,1,1,KH-00583,CÔNG TY TNHH THƯƠNG MẠI THANH BÌNH,Đà Nẵng,Miền Trung,10,11.0,16494903.0,2,9
BH26.0465,2026-01-31,2026,1,1,KH-00581,DOANH NGHIỆP TW SƠN HÀ,Điện Biên,Miền Bắc,7,14.0,29371102.0,1,7
BH26.0466,2026-01-31,2026,1,1,KH-00459,CÔNG TY CỔ PHẦN TOÀN THẮNG,Hà Nội,Miền Bắc,7,12.0,22065551.0,2,6
BH26.0467,2026-01-31,2026,1,1,KH-00078,HỘ KINH DOANH VĨNH PHÁT,Hà Nội,Miền Bắc,1,2.0,2551850.0,0,1
BH26.0468,2026-01-31,2026,1,1,KH-00078,HỘ KINH DOANH VĨNH PHÁT,Hà Nội,Miền Bắc,9,17.0,20061562.0,3,9
BH26.0482,2026-01-31,2026,1,1,KH-00379,CÔNG TY TNHH MINH PHƯƠNG,Thái Nguyên,Miền Bắc,11,160.0,236854550.0,2,10
BH26.0469,2026-01-31,2026,1,1,KH-00078,HỘ KINH DOANH VĨNH PHÁT,Hà Nội,Miền Bắc,2,2.0,3260000.0,1,2
BH26.0470,2026-01-31,2026,1,1,KH-00582,HỘ KINH DOANH LONG PHÚ,Điện Biên,Miền Bắc,7,18.0,29156661.0,2,6
BH26.0472,2026-01-31,2026,1,1,KH-00584,CÔNG TY TNHH CHI THÀNH,Hà Nội,Miền Bắc,35,39.0,65415539.0,3,33
BH26.0478,2026-01-31,2026,1,1,KH-00586,CÔNG TY CỔ PHẦN THƯƠNG MẠI MINH PHƯƠNG,Phú Thọ,Miền Bắc,82,83.0,152828578.0,4,82
BH26.0474,2026-01-31,2026,1,1,KH-00134,DOANH NGHIỆP TW PHÚ THỊNH,Quảng Nam,Miền Trung,16,51.0,80300542.0,2,15
BH26.0475,2026-01-31,2026,1,1,KH-00134,DOANH NGHIỆP TW PHÚ THỊNH,Quảng Nam,Miền Trung,6,22.0,40376104.0,1,6
BH26.0476,2026-01-31,2026,1,1,KH-00558,CÔNG TY CỔ PHẦN THƯƠNG MẠI SƠN HÀ,Hà Nội,Miền Bắc,32,35.0,58834430.0,2,29
BH26.0477,2026-01-31,2026,1,1,KH-00585,CÔNG TY TNHH TÂY BẮC,Tuyên Quang,Miền Bắc,10,30.0,44041190.0,2,10
BH26.0479,2026-01-31,2026,1,1,KH-00502,CỬA HÀNG XE ĐẠP BÌNH MINH,Hà Nội,Miền Bắc,6,10.0,16434441.0,2,5
BH26.0480,2026-01-31,2026,1,1,KH-00587,DOANH NGHIỆP TW AN PHÁT,Hà Nội,Miền Bắc,5,10.0,17595552.0,1,4
BH26.0481,2026-01-31,2026,1,1,KH-00588,CÔNG TY CỔ PHẦN TÂY BẮC,Hà Nội,Miền Bắc,7,17.0,29433330.0,1,7
BH26.0464,2026-01-31,2026,1,1,KH-00580,CÔNG TY CỔ PHẦN THƯƠNG MẠI LONG PHÚ,Đà Nẵng,Miền Trung,10,15.0,24779998.0,1,10
BH26.0473,2026-01-31,2026,1,1,KH-00558,CÔNG TY CỔ PHẦN THƯƠNG MẠI SƠN HÀ,Hà Nội,Miền Bắc,1,1.0,2974444.0,0,1
BH26.0463,2026-01-31,2026,1,1,KH-00219,CÔNG TY CỔ PHẦN THƯƠNG MẠI PHÚ THỊNH,Ninh Bình,Miền Bắc,16,36.0,58062765.0,2,15
BH26.0456,2026-01-31,2026,1,1,KH-00435,DOANH NGHIỆP TW NGỌC ANH,Hà Nội,Miền Bắc,8,11.0,14898884.0,2,8
BH26.0461,2026-01-31,2026,1,1,KH-00453,CÔNG TY TNHH YÊN BÌNH,Ninh Bình,Miền Bắc,15,34.0,53611100.0,1,15
BH26.0443,2026-01-31,2026,1,1,KH-00157,CÔNG TY TNHH THƯƠNG MẠI LONG PHÚ,Hà Nội,Miền Bắc,1,5.0,11342593.0,1,1
BH26.0444,2026-01-31,2026,1,1,KH-00091,CÔNG TY TNHH BÌNH MINH,Hà Nội,Miền Bắc,33,128.0,157190000.0,4,33
BH26.0445,2026-01-31,2026,1,1,KH-00353,CỬA HÀNG XE ĐẠP THANH BÌNH,Hà Nội,Miền Bắc,1,1.0,2490741.0,1,1
BH26.0446,2026-01-31,2026,1,1,KH-00571,CỬA HÀNG XE ĐẠP THUỶ TIÊN,Tuyên Quang,Miền Bắc,3,14.0,23174064.0,3,3
BH26.0447,2026-01-31,2026,1,1,KH-00572,CÔNG TY CỔ PHẦN THƯƠNG MẠI VIỆT ANH,Quảng Ninh,Miền Bắc,13,21.0,36044992.0,2,13
BH26.0448,2026-01-31,2026,1,1,KH-00573,DOANH NGHIỆP TW THANH BÌNH,Quảng Ninh,Miền Bắc,11,15.0,26717216.0,2,10
BH26.0449,2026-01-31,2026,1,1,KH-00574,CỬA HÀNG XE ĐẠP LONG PHÚ,Quảng Ninh,Miền Bắc,1,5.0,34270830.0,0,1
BH26.0450,2026-01-31,2026,1,1,KH-00575,CÔNG TY CỔ PHẦN THƯƠNG MẠI NAM TIẾN,Quảng Ninh,Miền Bắc,7,35.0,57141645.0,1,7
BH26.0451,2026-01-31,2026,1,1,KH-00576,DOANH NGHIỆP TW THIÊN AN,Quảng Ninh,Miền Bắc,8,16.0,21478325.0,2,6
BH26.0452,2026-01-31,2026,1,1,KH-00564,CỬA HÀNG XE ĐẠP SÁN LẠP,Thái Bình,Miền Bắc,16,26.0,49432211.0,3,16
BH26.0453,2026-01-31,2026,1,1,KH-00577,CÔNG TY CỔ PHẦN THƯƠNG MẠI ĐẠI DƯƠNG,Hưng Yên,Miền Bắc,26,38.0,66969336.0,3,26
BH26.0454,2026-01-31,2026,1,1,KH-00497,CÔNG TY TNHH THƯƠNG MẠI QUANG VINH,Hưng Yên,Miền Bắc,6,20.0,28322214.0,2,6
BH26.0455,2026-01-31,2026,1,1,KH-00338,CÔNG TY TNHH THƯƠNG MẠI ĐẠI LỢI,Hà Nội,Miền Bắc,26,33.0,53630913.0,3,23
BH26.0457,2026-01-31,2026,1,1,KH-00578,DOANH NGHIỆP TW NGỌC ANH,Hà Nội,Miền Bắc,5,7.0,9833330.0,1,4
BH26.0458,2026-01-31,2026,1,1,KH-00513,CÔNG TY CỔ PHẦN THƯƠNG MẠI ĐÔNG NAM,Hà Nội,Miền Bắc,7,15.0,20862769.0,2,7
BH26.0459,2026-01-31,2026,1,1,KH-00553,CÔNG TY CỔ PHẦN SƠN HÀ,Hà Nội,Miền Bắc,9,19.0,34117216.0,2,9
BH26.0460,2026-01-31,2026,1,1,KH-00579,CÔNG TY TNHH THƯƠNG MẠI XÂY DỰNG,Quảng Ninh,Miền Bắc,1,5.0,34270830.0,0,1
BH26.0462,2026-01-31,2026,1,1,KH-00169,CÔNG TY TNHH THƯƠNG MẠI VĨNH PHÁT,Ninh Bình,Miền Bắc,13,54.0,93409978.0,1,13
BH26.0483,2026-02-01,2026,2,1,KH-00157,CÔNG TY TNHH THƯƠNG MẠI LONG PHÚ,Hà Nội,Miền Bắc,1,1.0,1935185.0,0,1
BH26.0485,2026-02-02,2026,2,1,KH-00590,CÔNG TY TNHH TOÀN THẮNG,Thanh Hóa,Miền Trung,1,1.0,2268519.0,1,1
BH26.0484,2026-02-02,2026,2,1,KH-00589,DOANH NGHIỆP TW KHẢI HOÀN,Hà Nội,Miền Bắc,1,7.0,16527777.0,1,1
BH26.0486,2026-02-03,2026,2,1,KH-00157,CÔNG TY TNHH THƯƠNG MẠI LONG PHÚ,Hà Nội,Miền Bắc,1,1.0,4157407.0,1,1
BH26.0487,2026-02-03,2026,2,1,KH-00591,CÔNG TY TNHH THƯƠNG MẠI KHẢI HOÀN,Hà Nội,Miền Bắc,1,1.0,9157407.0,0,1
BH26.0488,2026-02-03,2026,2,1,KH-00592,CỬA HÀNG XE ĐẠP SÁN LẠP,TP Đà Nẵng,Miền Bắc,1,6.0,14944444.0,1,1
BH26.0489,2026-02-03,2026,2,1,KH-00361,CÔNG TY CỔ PHẦN THƯƠNG MẠI TÂY BẮC,Hà Nội,Miền Bắc,1,1.0,3518519.0,0,1
BH26.0508,2026-02-04,2026,2,1,KH-00415,DOANH NGHIỆP TW KHẢI HOÀN,Thanh Hóa,Miền Trung,31,103.0,165334944.0,3,30
BH26.0509,2026-02-04,2026,2,1,KH-00492,HỘ KINH DOANH ĐÔNG NAM,Thanh Hóa,Miền Trung,20,35.0,51509990.0,2,18
BH26.0510,2026-02-04,2026,2,1,KH-00489,CÔNG TY CỔ PHẦN ĐÔNG NAM,Phủ Lý,Miền Bắc,10,16.0,27489438.0,1,10
BH26.0511,2026-02-04,2026,2,1,KH-00381,DOANH NGHIỆP TW TÚ ANH,Ninh Bình,Miền Bắc,13,15.0,20562770.0,3,13
BH26.0512,2026-02-04,2026,2,1,KH-00599,CÔNG TY CỔ PHẦN XÂY DỰNG,Ninh Bình,Miền Bắc,7,15.0,24137774.0,1,7
BH26.0513,2026-02-04,2026,2,1,KH-00380,DOANH NGHIỆP TW HÙNG CƯỜNG,Ninh Bình,Miền Bắc,17,30.0,36672390.0,3,16
BH26.0514,2026-02-04,2026,2,1,KH-00600,CỬA HÀNG XE ĐẠP TOÀN THẮNG,Hưng Yên,Miền Bắc,6,15.0,24913880.0,1,6
BH26.0515,2026-02-04,2026,2,1,KH-00601,HỘ KINH DOANH PHÚ THỊNH,Hà Nội,Miền Bắc,9,12.0,18164071.0,2,9
BH26.0518,2026-02-04,2026,2,1,KH-00602,CÔNG TY TNHH THƯƠNG MẠI THIÊN AN,Hà Nội,Miền Bắc,17,22.0,33720915.0,3,17
BH26.0517,2026-02-04,2026,2,1,KH-00419,DOANH NGHIỆP TW ĐẠI DƯƠNG,Hà Nội,Miền Bắc,14,30.0,48703319.0,3,14
BH26.0519,2026-02-04,2026,2,1,KH-00447,CÔNG TY TNHH THƯƠNG MẠI KHẢI HOÀN,Hà Nội,Miền Bắc,12,20.0,31778325.0,3,12
BH26.0520,2026-02-04,2026,2,1,KH-00603,CÔNG TY CỔ PHẦN QUANG VINH,Đà Nẵng,Miền Trung,2,25.0,40402775.0,1,2
BH26.0521,2026-02-04,2026,2,1,KH-00604,CÔNG TY CỔ PHẦN THƯƠNG MẠI PHÚC AN,Đà Nẵng,Miền Trung,13,15.0,25219441.0,1,12
BH26.0522,2026-02-04,2026,2,1,KH-00570,HỘ KINH DOANH TOÀN THẮNG,Hải Phòng,Miền Bắc,4,12.0,19833328.0,1,4
BH26.0523,2026-02-04,2026,2,1,KH-00426,CÔNG TY CỔ PHẦN THƯƠNG MẠI THIÊN AN,Thái Nguyên,Miền Bắc,16,50.0,88254980.0,2,16
BH26.0516,2026-02-04,2026,2,1,KH-00562,CÔNG TY CỔ PHẦN THƯƠNG MẠI NAM TIẾN,Hà Nội,Miền Bắc,6,20.0,32629620.0,1,6
BH26.0507,2026-02-04,2026,2,1,KH-00598,DOANH NGHIỆP TW SƠN HÀ,Hải Phòng,Miền Bắc,13,20.0,31998692.0,3,12
BH26.0502,2026-02-04,2026,2,1,KH-00551,CÔNG TY CỔ PHẦN THƯƠNG MẠI SÁN LẠP,Phú Thọ,Miền Bắc,20,46.0,86966648.0,2,20
BH26.0505,2026-02-04,2026,2,1,KH-00597,CÔNG TY TNHH THƯƠNG MẠI PHÚ THỊNH,TP Hải Phòng,Miền Bắc,22,36.0,54138131.0,3,22
BH26.0506,2026-02-04,2026,2,1,KH-00384,CỬA HÀNG XE ĐẠP PHÚC AN,TP Hải Phòng,Miền Bắc,9,15.0,24718326.0,1,9
BH26.0490,2026-02-04,2026,2,1,KH-00157,CÔNG TY TNHH THƯƠNG MẠI LONG PHÚ,Hà Nội,Miền Bắc,1,1.0,1935185.0,0,1
BH26.0491,2026-02-04,2026,2,1,KH-00157,CÔNG TY TNHH THƯƠNG MẠI LONG PHÚ,Hà Nội,Miền Bắc,2,2.0,8481482.0,0,2
BH26.0492,2026-02-04,2026,2,1,KH-00168,DOANH NGHIỆP TW ĐẠI LỢI,Hà Nội,Miền Bắc,26,54.0,83676273.0,4,24
BH26.0493,2026-02-04,2026,2,1,KH-00593,CÔNG TY CỔ PHẦN NGỌC ANH,Hà Nội,Miền Bắc,1,1.0,2592593.0,1,1
BH26.0495,2026-02-04,2026,2,1,KH-00157,CÔNG TY TNHH THƯƠNG MẠI LONG PHÚ,Hà Nội,Miền Bắc,4,26.0,80999999.0,0,4
BH26.0496,2026-02-04,2026,2,1,KH-00594,DOANH NGHIỆP TW LONG PHÚ,Nghệ An,Miền Trung,26,128.0,159354372.0,3,23
BH26.0494,2026-02-04,2026,2,1,KH-00147,CÔNG TY TNHH PHÚ THỊNH,Hà Nội,Miền Bắc,11,31.0,49097218.0,1,11
BH26.0498,2026-02-04,2026,2,1,KH-00027,HỘ KINH DOANH ĐẠI DƯƠNG,Hà Nội,Miền Bắc,14,29.0,46031470.0,3,14
BH26.0499,2026-02-04,2026,2,1,KH-00091,CÔNG TY TNHH BÌNH MINH,Hà Nội,Miền Bắc,55,327.0,395720000.0,4,55
BH26.0500,2026-02-04,2026,2,1,KH-00595,CÔNG TY CỔ PHẦN THƯƠNG MẠI YÊN BÌNH,Tuyên Quang,Miền Bắc,11,25.0,34527950.0,3,11
BH26.0501,2026-02-04,2026,2,1,KH-00506,CÔNG TY TNHH THANH BÌNH,Hà Nội,Miền Bắc,6,11.0,16663884.0,2,6
BH26.0503,2026-02-04,2026,2,1,KH-00385,CÔNG TY CỔ PHẦN THƯƠNG MẠI THIÊN AN,Hải Dương,Miền Bắc,5,35.0,53508320.0,3,5
BH26.0504,2026-02-04,2026,2,1,KH-00596,DOANH NGHIỆP TW THUỶ TIÊN,TP Hải Phòng,Miền Bắc,12,16.0,27434438.0,1,12
BH26.0497,2026-02-04,2026,2,1,KH-00594,DOANH NGHIỆP TW LONG PHÚ,Nghệ An,Miền Trung,3,13.0,12087211.0,1,3
BH26.0548,2026-02-05,2026,2,1,KH-00476,CÔNG TY CỔ PHẦN THƯƠNG MẠI MẶT TRỜI,Hưng Yên,Miền Bắc,11,25.0,35892770.0,2,9
BH26.0543,2026-02-05,2026,2,1,KH-00608,CÔNG TY TNHH THƯƠNG MẠI TÚ ANH,Quảng Trị,Miền Trung,2,4.0,6342222.0,1,2
BH26.0544,2026-02-05,2026,2,1,KH-00355,DOANH NGHIỆP TW PHÚC AN,Thanh Hóa,Miền Trung,4,13.0,19481665.0,2,4
BH26.0545,2026-02-05,2026,2,1,KH-00438,CỬA HÀNG XE ĐẠP ĐẠI LỢI,Hưng Yên,Miền Bắc,1,10.0,15305550.0,1,1
BH26.0546,2026-02-05,2026,2,1,KH-00519,CÔNG TY CỔ PHẦN XUÂN MAI,Hưng Yên,Miền Bắc,13,35.0,55940548.0,1,13
BH26.0547,2026-02-05,2026,2,1,KH-00609,DOANH NGHIỆP TW NGỌC ANH,Hưng Yên,Miền Bắc,4,10.0,15488885.0,2,4
BH26.0549,2026-02-05,2026,2,1,KH-00475,CỬA HÀNG XE ĐẠP THIÊN AN,Hưng Yên,Miền Bắc,18,35.0,54253693.0,3,17
BH26.0558,2026-02-05,2026,2,1,KH-00091,CÔNG TY TNHH BÌNH MINH,Hà Nội,Miền Bắc,21,40.0,53750000.0,4,21
BH26.0551,2026-02-05,2026,2,1,KH-00564,CỬA HÀNG XE ĐẠP SÁN LẠP,Thái Bình,Miền Bắc,2,10.0,17994440.0,1,2
BH26.0552,2026-02-05,2026,2,1,KH-00610,DOANH NGHIỆP TW HÙNG CƯỜNG,Hưng Yên,Miền Bắc,11,15.0,24388144.0,2,11
BH26.0553,2026-02-05,2026,2,1,KH-00611,CÔNG TY TNHH VIỆT ANH,Thái Bình,Miền Bắc,10,16.0,26627771.0,1,10
BH26.0554,2026-02-05,2026,2,1,KH-00612,DOANH NGHIỆP TW XÂY DỰNG,TP Hải Phòng,Miền Bắc,25,35.0,52107022.0,3,23
BH26.0555,2026-02-05,2026,2,1,KH-00613,DOANH NGHIỆP TW HÙNG CƯỜNG,Quảng Ninh,Miền Bắc,3,12.0,16197214.0,1,3
BH26.0557,2026-02-05,2026,2,1,KH-00615,CÔNG TY CỔ PHẦN THƯƠNG MẠI QUANG VINH,Hải Phòng,Miền Bắc,19,25.0,45789063.0,3,19
BH26.0542,2026-02-05,2026,2,1,KH-00608,CÔNG TY TNHH THƯƠNG MẠI TÚ ANH,Quảng Trị,Miền Trung,18,35.0,64569432.0,2,18
BH26.0550,2026-02-05,2026,2,1,KH-00217,DOANH NGHIỆP TW ĐẠI DƯƠNG,Thái Bình,Miền Bắc,9,30.0,45794435.0,1,8
BH26.0541,2026-02-05,2026,2,1,KH-00088,CỬA HÀNG XE ĐẠP SÁN LẠP,Nghệ An,Miền Trung,6,46.0,71896645.0,1,6
BH26.0556,2026-02-05,2026,2,1,KH-00614,CỬA HÀNG XE ĐẠP NAM TIẾN,Quảng Ninh,Miền Bắc,23,30.0,48134990.0,3,23
BH26.0539,2026-02-05,2026,2,1,KH-00607,CÔNG TY TNHH TÚ ANH,Nghệ An,Miền Trung,7,22.0,34381109.0,1,7
BH26.0524,2026-02-05,2026,2,1,KH-00605,CÔNG TY CỔ PHẦN VĨNH PHÁT,TP Hải Phòng,Miền Bắc,2,2.0,4344444.0,0,2
BH26.0525,2026-02-05,2026,2,1,KH-00605,CÔNG TY CỔ PHẦN VĨNH PHÁT,TP Hải Phòng,Miền Bắc,2,2.0,4344444.0,0,2
BH26.0526,2026-02-05,2026,2,1,KH-00605,CÔNG TY CỔ PHẦN VĨNH PHÁT,TP Hải Phòng,Miền Bắc,3,4.0,6232220.0,1,3
BH26.0527,2026-02-05,2026,2,1,KH-00605,CÔNG TY CỔ PHẦN VĨNH PHÁT,TP Hải Phòng,Miền Bắc,1,2.0,4210000.0,1,1
BH26.0528,2026-02-05,2026,2,1,KH-00605,CÔNG TY CỔ PHẦN VĨNH PHÁT,TP Hải Phòng,Miền Bắc,10,19.0,28866565.0,2,10
BH26.0529,2026-02-05,2026,2,1,KH-00531,CÔNG TY TNHH THƯƠNG MẠI VẠN LỢI,Hà Nội,Miền Bắc,6,10.0,18079996.0,3,6
BH26.0530,2026-02-05,2026,2,1,KH-00481,CÔNG TY CỔ PHẦN HOÀ BÌNH,Hà Nội,Miền Bắc,15,23.0,39058879.0,2,15
BH26.0540,2026-02-05,2026,2,1,KH-00288,CÔNG TY TNHH THƯƠNG MẠI TOÀN THẮNG,Nghệ An,Miền Trung,6,16.0,33679990.0,1,6
BH26.0532,2026-02-05,2026,2,1,KH-00397,CÔNG TY CỔ PHẦN THUỶ TIÊN,Lào Cai,Miền Bắc,17,22.0,29517766.0,3,15
BH26.0533,2026-02-05,2026,2,1,KH-00397,CÔNG TY CỔ PHẦN THUỶ TIÊN,Lào Cai,Miền Bắc,3,12.0,11021101.0,1,3
BH26.0534,2026-02-05,2026,2,1,KH-00338,CÔNG TY TNHH THƯƠNG MẠI ĐẠI LỢI,Hà Nội,Miền Bắc,1,1.0,882777.0,1,1
BH26.0535,2026-02-05,2026,2,1,KH-00606,CỬA HÀNG XE ĐẠP BÌNH MINH,Bắc Ninh,Miền Bắc,9,10.0,22931385.0,1,8
BH26.0536,2026-02-05,2026,2,1,KH-00408,CÔNG TY CỔ PHẦN MINH PHƯƠNG,Thanh Hóa,Miền Trung,6,10.0,21306664.0,1,6
BH26.0531,2026-02-05,2026,2,1,KH-00440,CÔNG TY TNHH THƯƠNG MẠI ĐÔNG NAM,Hà Nội,Miền Bắc,10,11.0,19854904.0,2,10
BH26.0537,2026-02-05,2026,2,1,KH-00425,CỬA HÀNG XE ĐẠP MINH PHƯƠNG,Thanh Hóa,Miền Trung,9,23.0,42792765.0,1,9
BH26.0538,2026-02-05,2026,2,1,KH-00357,CÔNG TY TNHH THƯƠNG MẠI THANH BÌNH,Sầm Sơn,Miền Bắc,15,33.0,46386830.0,1,15
BH26.0567,2026-02-06,2026,2,1,KH-00091,CÔNG TY TNHH BÌNH MINH,Hà Nội,Miền Bắc,1,2.0,2300000.0,1,1
BH26.0566,2026-02-06,2026,2,1,KH-00359,CÔNG TY CỔ PHẦN VẠN LỢI,Hà Nội,Miền Bắc,24,35.0,48092021.0,3,24
BH26.0565,2026-02-06,2026,2,1,KH-00338,CÔNG TY TNHH THƯƠNG MẠI ĐẠI LỢI,Hà Nội,Miền Bắc,20,31.0,47686281.0,2,13
BH26.0564,2026-02-06,2026,2,1,KH-00219,CÔNG TY CỔ PHẦN THƯƠNG MẠI PHÚ THỊNH,Ninh Bình,Miền Bắc,7,22.0,35982213.0,2,7
BH26.0563,2026-02-06,2026,2,1,KH-00461,CÔNG TY TNHH THUỶ TIÊN,Hải Dương,Miền Bắc,2,30.0,68055555.0,1,2
BH26.0562,2026-02-06,2026,2,1,KH-00617,CÔNG TY CỔ PHẦN ĐẠI LỢI,Hà Nội,Miền Bắc,1,6.0,10000000.0,0,1
BH26.0561,2026-02-06,2026,2,1,KH-00408,CÔNG TY CỔ PHẦN MINH PHƯƠNG,Thanh Hóa,Miền Trung,7,36.0,68715361.0,3,7
BH26.0560,2026-02-06,2026,2,1,KH-00023,CÔNG TY TNHH THANH BÌNH,Hà Nội,Miền Bắc,1,130.0,198009258.0,1,1
BH26.0559,2026-02-06,2026,2,1,KH-00616,CÔNG TY CỔ PHẦN TRÍ ĐỨC,Hà Nội,Miền Bắc,1,1.0,2768519.0,1,1
BH26.0587,2026-02-07,2026,2,1,KH-00404,HỘ KINH DOANH PHÚ THỊNH,Thanh Hóa,Miền Trung,7,26.0,43705544.0,2,6
BH26.0585,2026-02-07,2026,2,1,KH-00342,HỘ KINH DOANH VĨNH PHÁT,Hà Nội,Miền Bắc,11,33.0,57340546.0,1,11
BH26.0582,2026-02-07,2026,2,1,KH-00342,HỘ KINH DOANH VĨNH PHÁT,Hà Nội,Miền Bắc,16,39.0,60492206.0,2,12
BH26.0581,2026-02-07,2026,2,1,KH-00607,CÔNG TY TNHH TÚ ANH,Nghệ An,Miền Trung,1,1.0,1555000.0,1,1
BH26.0579,2026-02-07,2026,2,1,KH-00622,CÔNG TY CỔ PHẦN XUÂN MAI,Lào Cai,Miền Bắc,11,12.0,22282679.0,2,11
BH26.0588,2026-02-07,2026,2,1,KH-00501,CÔNG TY CỔ PHẦN VĨNH PHÁT,Thanh Hóa,Miền Trung,5,8.0,11407217.0,1,5
BH26.0578,2026-02-07,2026,2,1,KH-00621,CÔNG TY TNHH SƠN HÀ,Hưng Yên,Miền Bắc,15,40.0,59162297.0,2,15
BH26.0577,2026-02-07,2026,2,1,KH-00217,DOANH NGHIỆP TW ĐẠI DƯƠNG,Thái Bình,Miền Bắc,6,21.0,31640546.0,1,6
BH26.0573,2026-02-07,2026,2,1,KH-00553,CÔNG TY CỔ PHẦN SƠN HÀ,Hà Nội,Miền Bắc,11,24.0,36024434.0,3,10
BH26.0575,2026-02-07,2026,2,1,KH-00620,CỬA HÀNG XE ĐẠP ĐẠI DƯƠNG,Hà Tĩnh,Miền Trung,2,2.0,19236110.0,0,2
BH26.0576,2026-02-07,2026,2,1,KH-00338,CÔNG TY TNHH THƯƠNG MẠI ĐẠI LỢI,Hà Nội,Miền Bắc,7,14.0,21855274.0,2,7
BH26.0569,2026-02-07,2026,2,1,KH-00010,CỬA HÀNG XE ĐẠP QUANG VINH,Thái Nguyên,Miền Bắc,15,62.0,81211454.0,2,15
BH26.0570,2026-02-07,2026,2,1,KH-00618,HỘ KINH DOANH ĐÔNG NAM,Nghệ An,Miền Trung,7,15.0,26313330.0,1,7
BH26.0568,2026-02-07,2026,2,1,KH-00023,CÔNG TY TNHH THANH BÌNH,Hà Nội,Miền Bắc,2,20.0,32638888.0,1,2
BH26.0572,2026-02-07,2026,2,1,KH-00619,CỬA HÀNG XE ĐẠP VĨNH PHÁT,TP Đà Nẵng,Miền Bắc,1,1.0,3231481.0,1,1
BH26.0574,2026-02-07,2026,2,1,KH-00217,DOANH NGHIỆP TW ĐẠI DƯƠNG,Thái Bình,Miền Bắc,7,23.0,37879437.0,2,5
BH26.0571,2026-02-07,2026,2,1,KH-00402,CÔNG TY CỔ PHẦN ĐẠI LỢI,Hà Nội,Miền Bắc,16,113.0,121858724.0,3,16
BH26.0602,2026-02-09,2026,2,1,KH-00019,CÔNG TY CỔ PHẦN THƯƠNG MẠI LÊ ANH,TP. Hồ Chí Minh,Miền Nam,8,30.0,49337037.0,4,8
BH26.0618,2026-02-09,2026,2,1,KH-00091,CÔNG TY TNHH BÌNH MINH,Hà Nội,Miền Bắc,37,94.0,109880000.0,4,37
BH26.0617,2026-02-09,2026,2,1,KH-00372,CÔNG TY CỔ PHẦN THƯƠNG MẠI MẶT TRỜI,Thanh Hóa,Miền Trung,11,95.0,149203855.0,1,11
BH26.0614,2026-02-09,2026,2,1,KH-00371,CÔNG TY TNHH THƯƠNG MẠI LONG PHÚ,Bắc Ninh,Miền Bắc,6,13.0,20252774.0,1,6
BH26.0612,2026-02-09,2026,2,1,KH-00423,DOANH NGHIỆP TW THIÊN AN,Bắc Giang,Miền Bắc,6,40.0,68781463.0,2,6
BH26.0611,2026-02-09,2026,2,1,KH-00395,HỘ KINH DOANH TÂY BẮC,Bắc Ninh,Miền Bắc,7,14.0,17259990.0,2,7
BH26.0606,2026-02-09,2026,2,1,KH-00181,CÔNG TY TNHH LONG PHÚ,Thừa Thiên Huế,Miền Trung,11,39.0,102683313.0,0,11
BH26.0605,2026-02-09,2026,2,1,KH-00009,CỬA HÀNG XE ĐẠP THIÊN AN,Hà Nội,Miền Bắc,1,20.0,44444444.0,1,1
BH26.0604,2026-02-09,2026,2,1,KH-00593,CÔNG TY CỔ PHẦN NGỌC ANH,Hà Nội,Miền Bắc,1,1.0,2592593.0,1,1
BH26.0603,2026-02-09,2026,2,1,KH-00019,CÔNG TY CỔ PHẦN THƯƠNG MẠI LÊ ANH,TP. Hồ Chí Minh,Miền Nam,10,44.0,76472407.0,4,10
BH26.0616,2026-02-09,2026,2,1,KH-00452,CÔNG TY CỔ PHẦN THƯƠNG MẠI BÌNH MINH,Thanh Hóa,Miền Trung,1,20.0,30611100.0,1,1
BH26.0600,2026-02-09,2026,2,1,KH-00006,CÔNG TY TNHH CHI THÀNH,TP. Hồ Chí Minh,Miền Nam,7,10.0,20205368.0,2,7
BH26.0599,2026-02-09,2026,2,1,KH-00006,CÔNG TY TNHH CHI THÀNH,TP. Hồ Chí Minh,Miền Nam,4,5.0,8676759.0,2,4
BH26.0598,2026-02-09,2026,2,1,KH-00006,CÔNG TY TNHH CHI THÀNH,TP. Hồ Chí Minh,Miền Nam,3,3.0,4976481.0,2,3
BH26.0597,2026-02-09,2026,2,1,KH-00006,CÔNG TY TNHH CHI THÀNH,TP. Hồ Chí Minh,Miền Nam,2,3.0,4684167.0,1,2
BH26.0596,2026-02-09,2026,2,1,KH-00006,CÔNG TY TNHH CHI THÀNH,TP. Hồ Chí Minh,Miền Nam,5,7.0,10929723.0,1,5
BH26.0595,2026-02-09,2026,2,1,KH-00006,CÔNG TY TNHH CHI THÀNH,TP. Hồ Chí Minh,Miền Nam,5,5.0,8092130.0,2,5
BH26.0594,2026-02-09,2026,2,1,KH-00006,CÔNG TY TNHH CHI THÀNH,TP. Hồ Chí Minh,Miền Nam,7,13.0,25288794.0,2,7
BH26.0593,2026-02-09,2026,2,1,KH-00006,CÔNG TY TNHH CHI THÀNH,TP. Hồ Chí Minh,Miền Nam,9,17.0,32496848.0,1,9
BH26.0592,2026-02-09,2026,2,1,KH-00006,CÔNG TY TNHH CHI THÀNH,TP. Hồ Chí Minh,Miền Nam,1,1.0,1418796.0,1,1
BH26.0591,2026-02-09,2026,2,1,KH-00006,CÔNG TY TNHH CHI THÀNH,TP. Hồ Chí Minh,Miền Nam,4,6.0,9945832.0,2,4
BH26.0590,2026-02-09,2026,2,1,KH-00006,CÔNG TY TNHH CHI THÀNH,TP. Hồ Chí Minh,Miền Nam,3,6.0,10509074.0,2,3
BH26.0601,2026-02-09,2026,2,1,KH-00420,CÔNG TY CỔ PHẦN QUANG VINH,Đà Nẵng,Miền Trung,10,23.0,36624618.0,3,10
BH26.0635,2026-02-10,2026,2,1,KH-00338,CÔNG TY TNHH THƯƠNG MẠI ĐẠI LỢI,Hà Nội,Miền Bắc,9,52.0,56424781.0,1,9
BH26.0636,2026-02-10,2026,2,1,KH-00434,HỘ KINH DOANH TRƯỜNG THỊNH,Hà Nội,Miền Bắc,11,15.0,20544251.0,3,11
BH26.0639,2026-02-10,2026,2,1,KH-00436,CÔNG TY TNHH XÂY DỰNG,Hưng Yên,Miền Bắc,7,16.0,23712491.0,2,6
BH26.0645,2026-02-10,2026,2,1,KH-00076,CỬA HÀNG XE ĐẠP ĐẠI LỢI,Bắc Giang,Miền Bắc,30,189.0,270117118.0,2,23
BH26.0641,2026-02-10,2026,2,1,KH-00366,HỘ KINH DOANH THIÊN AN,Nghệ An,Miền Trung,20,143.0,225805050.0,2,20
BH26.0642,2026-02-10,2026,2,1,KH-00348,CÔNG TY TNHH THƯƠNG MẠI YÊN BÌNH,Thanh Hóa,Miền Trung,5,9.0,15644997.0,1,5
BH26.0644,2026-02-10,2026,2,1,KH-00079,CÔNG TY TNHH ĐÔNG NAM,Bắc Giang,Miền Bắc,10,13.0,15069067.0,1,10
BH26.0633,2026-02-10,2026,2,1,KH-00349,HỘ KINH DOANH TRƯỜNG THỊNH,Hà Nội,Miền Bắc,20,62.0,82732932.0,2,18
BH26.0640,2026-02-10,2026,2,1,KH-00497,CÔNG TY TNHH THƯƠNG MẠI QUANG VINH,Hưng Yên,Miền Bắc,7,31.0,49677763.0,1,7
BH26.0632,2026-02-10,2026,2,1,KH-00553,CÔNG TY CỔ PHẦN SƠN HÀ,Hà Nội,Miền Bắc,10,25.0,38704247.0,2,10
BH26.0637,2026-02-10,2026,2,1,KH-00513,CÔNG TY CỔ PHẦN THƯƠNG MẠI ĐÔNG NAM,Hà Nội,Miền Bắc,3,9.0,10529163.0,1,3
BH26.0627,2026-02-10,2026,2,1,KH-00407,DOANH NGHIỆP TW LONG PHÚ,Đà Nẵng,Miền Trung,12,12.0,28545921.0,2,12
BH26.0626,2026-02-10,2026,2,1,KH-00387,CÔNG TY CỔ PHẦN THANH BÌNH,Bắc Ninh,Miền Bắc,62,124.0,176865506.0,3,55
BH26.0625,2026-02-10,2026,2,1,KH-00006,CÔNG TY TNHH CHI THÀNH,TP. Hồ Chí Minh,Miền Nam,8,16.0,26286945.0,2,8
BH26.0624,2026-02-10,2026,2,1,KH-00006,CÔNG TY TNHH CHI THÀNH,TP. Hồ Chí Minh,Miền Nam,10,13.0,20889813.0,2,10
BH26.0623,2026-02-10,2026,2,1,KH-00006,CÔNG TY TNHH CHI THÀNH,TP. Hồ Chí Minh,Miền Nam,8,9.0,14922315.0,2,8
BH26.0622,2026-02-10,2026,2,1,KH-00006,CÔNG TY TNHH CHI THÀNH,TP. Hồ Chí Minh,Miền Nam,10,12.0,19905924.0,2,10
BH26.0621,2026-02-10,2026,2,1,KH-00006,CÔNG TY TNHH CHI THÀNH,TP. Hồ Chí Minh,Miền Nam,8,8.0,13075740.0,2,8
BH26.0620,2026-02-10,2026,2,1,KH-00006,CÔNG TY TNHH CHI THÀNH,TP. Hồ Chí Minh,Miền Nam,3,4.0,5390000.0,2,3
BH26.0619,2026-02-10,2026,2,1,KH-00006,CÔNG TY TNHH CHI THÀNH,TP. Hồ Chí Minh,Miền Nam,10,13.0,18750924.0,3,10
BH26.0629,2026-02-10,2026,2,1,KH-00379,CÔNG TY TNHH MINH PHƯƠNG,Thái Nguyên,Miền Bắc,10,65.0,77455335.0,1,10
BH26.0650,2026-02-11,2026,2,1,KH-00079,CÔNG TY TNHH ĐÔNG NAM,Bắc Giang,Miền Bắc,27,42.0,67435354.0,3,27
BH26.0690,2026-02-12,2026,2,1,KH-00509,CÔNG TY TNHH THƯƠNG MẠI BÌNH MINH,Bắc Ninh,Miền Bắc,16,20.0,31820826.0,2,16
BH26.0689,2026-02-12,2026,2,1,KH-00521,CỬA HÀNG XE ĐẠP KHẢI HOÀN,Ninh Bình,Miền Bắc,19,27.0,46109988.0,1,18
BH26.0686,2026-02-12,2026,2,1,KH-00380,DOANH NGHIỆP TW HÙNG CƯỜNG,Ninh Bình,Miền Bắc,17,31.0,48632487.0,4,17
BH26.0687,2026-02-12,2026,2,1,KH-00380,DOANH NGHIỆP TW HÙNG CƯỜNG,Ninh Bình,Miền Bắc,8,25.0,37695548.0,2,8
BH26.0707,2026-02-12,2026,2,1,KH-00341,CỬA HÀNG XE ĐẠP VIỆT ANH,Ninh Bình,Miền Bắc,21,128.0,204148849.0,1,15
BH26.0692,2026-02-12,2026,2,1,KH-00486,CÔNG TY TNHH VẠN LỢI,Bắc Ninh,Miền Bắc,8,23.0,37097210.0,1,7
BH26.0688,2026-02-12,2026,2,1,KH-00386,CÔNG TY TNHH THƯƠNG MẠI KHẢI HOÀN,Hà Nam,Miền Bắc,14,41.0,65398689.0,2,14
BH26.0693,2026-02-12,2026,2,1,KH-00510,CỬA HÀNG XE ĐẠP NGỌC ANH,Bắc Ninh,Miền Bắc,5,13.0,21388330.0,1,4
BH26.0700,2026-02-12,2026,2,1,KH-00372,CÔNG TY CỔ PHẦN THƯƠNG MẠI MẶT TRỜI,Thanh Hóa,Miền Trung,3,40.0,61772205.0,1,3
BH26.0695,2026-02-12,2026,2,1,KH-00609,DOANH NGHIỆP TW NGỌC ANH,Hưng Yên,Miền Bắc,12,25.0,32469896.0,3,12
BH26.0696,2026-02-12,2026,2,1,KH-00498,CỬA HÀNG XE ĐẠP MINH PHƯƠNG,Hưng Yên,Miền Bắc,5,10.0,16356664.0,1,5
BH26.0698,2026-02-12,2026,2,1,KH-00607,CÔNG TY TNHH TÚ ANH,Nghệ An,Miền Trung,9,23.0,33210545.0,2,9
BH26.0699,2026-02-12,2026,2,1,KH-00366,HỘ KINH DOANH THIÊN AN,Nghệ An,Miền Trung,3,33.0,56448330.0,1,3
BH26.0702,2026-02-12,2026,2,1,KH-00404,HỘ KINH DOANH PHÚ THỊNH,Thanh Hóa,Miền Trung,4,22.0,36116659.0,1,4
BH26.0703,2026-02-12,2026,2,1,KH-00339,CỬA HÀNG XE ĐẠP ĐẠI LỢI,Hà Nội,Miền Bắc,14,22.0,30910732.0,2,14
BH26.0704,2026-02-12,2026,2,1,KH-00349,HỘ KINH DOANH TRƯỜNG THỊNH,Hà Nội,Miền Bắc,4,13.0,24254438.0,1,4
BH26.0685,2026-02-12,2026,2,1,KH-00414,HỘ KINH DOANH ĐẠI LỢI,Hà Nội,Miền Bắc,24,45.0,65963408.0,2,24
BH26.0694,2026-02-12,2026,2,1,KH-00463,CÔNG TY TNHH THƯƠNG MẠI YÊN BÌNH,Hà Nội,Miền Bắc,22,78.0,123349417.0,2,18
BH26.0684,2026-02-12,2026,2,1,KH-00588,CÔNG TY CỔ PHẦN TÂY BẮC,Hà Nội,Miền Bắc,7,16.0,23865548.0,1,7
BH26.0677,2026-02-12,2026,2,1,KH-00369,CÔNG TY TNHH VẠN LỢI,Hà Nội,Miền Bắc,13,21.0,30937768.0,3,13
BH26.0680,2026-02-12,2026,2,1,KH-00556,DOANH NGHIỆP TW THIÊN AN,Hà Nội,Miền Bắc,7,17.0,20751657.0,2,7
BH26.0683,2026-02-12,2026,2,1,KH-00432,CÔNG TY TNHH THƯƠNG MẠI THUỶ TIÊN,Hà Nội,Miền Bắc,10,16.0,18677211.0,3,10
BH26.0662,2026-02-12,2026,2,1,KH-00194,CỬA HÀNG XE ĐẠP SÁN LẠP,Hà Nội,Miền Bắc,25,64.0,72601255.0,1,25
BH26.0663,2026-02-12,2026,2,1,KH-00042,HỘ KINH DOANH MẶT TRỜI,Hà Nội,Miền Bắc,17,27.0,40871560.0,3,17
BH26.0664,2026-02-12,2026,2,1,KH-00535,CỬA HÀNG XE ĐẠP QUANG VINH,Phú Thọ,Miền Bắc,9,10.0,12614622.0,2,9
BH26.0665,2026-02-12,2026,2,1,KH-00091,CÔNG TY TNHH BÌNH MINH,Hà Nội,Miền Bắc,53,134.0,147090000.0,3,53
BH26.0666,2026-02-12,2026,2,1,KH-00046,CÔNG TY CỔ PHẦN THƯƠNG MẠI MẶT TRỜI,Đồng Hới,Miền Bắc,11,45.0,78322761.0,1,11
BH26.0667,2026-02-12,2026,2,1,KH-00018,CÔNG TY TNHH THƯƠNG MẠI PHÚ THỊNH,Hà Nội,Miền Bắc,27,55.0,81484230.0,3,22
BH26.0669,2026-02-12,2026,2,1,KH-00359,CÔNG TY CỔ PHẦN VẠN LỢI,Hà Nội,Miền Bắc,19,27.0,43020820.0,3,18
BH26.0656,2026-02-12,2026,2,1,KH-00488,CÔNG TY TNHH TRƯỜNG THỊNH,Ninh Bình,Miền Bắc,13,19.0,31353884.0,1,13
BH26.0671,2026-02-12,2026,2,1,KH-00162,CÔNG TY CỔ PHẦN THƯƠNG MẠI CHI THÀNH,Hà Nội,Miền Bắc,10,15.0,23001103.0,1,10
BH26.0672,2026-02-12,2026,2,1,KH-00374,CÔNG TY CỔ PHẦN XÂY DỰNG,Hưng Yên,Miền Bắc,13,34.0,42499050.0,3,13
BH26.0673,2026-02-12,2026,2,1,KH-00453,CÔNG TY TNHH YÊN BÌNH,Ninh Bình,Miền Bắc,12,30.0,49265546.0,1,9
BH26.0674,2026-02-12,2026,2,1,KH-00169,CÔNG TY TNHH THƯƠNG MẠI VĨNH PHÁT,Ninh Bình,Miền Bắc,8,35.0,53789426.0,2,8
BH26.0675,2026-02-12,2026,2,1,KH-00024,CÔNG TY TNHH MINH PHƯƠNG,Ninh Bình,Miền Bắc,21,50.0,81344610.0,2,20
BH26.0676,2026-02-12,2026,2,1,KH-00383,HỘ KINH DOANH VẠN LỢI,Ninh Bình,Miền Bắc,14,46.0,73937759.0,1,12
BH26.0678,2026-02-12,2026,2,1,KH-00377,DOANH NGHIỆP TW PHÚ THỊNH,Hà Nội,Miền Bắc,35,47.0,76427574.0,3,34
BH26.0679,2026-02-12,2026,2,1,KH-00338,CÔNG TY TNHH THƯƠNG MẠI ĐẠI LỢI,Hà Nội,Miền Bắc,12,21.0,29587306.0,2,11
BH26.0670,2026-02-12,2026,2,1,KH-00485,CÔNG TY CỔ PHẦN SÁN LẠP,Hà Nội,Miền Bắc,19,30.0,46452952.0,1,18
BH26.0744,2026-02-13,2026,2,1,KH-00341,CỬA HÀNG XE ĐẠP VIỆT ANH,Ninh Bình,Miền Bắc,25,146.0,220593831.0,2,21
BH26.0745,2026-02-13,2026,2,1,KH-00553,CÔNG TY CỔ PHẦN SƠN HÀ,Hà Nội,Miền Bắc,17,25.0,44705081.0,2,16
BH26.0747,2026-02-13,2026,2,1,KH-00605,CÔNG TY CỔ PHẦN VĨNH PHÁT,TP Hải Phòng,Miền Bắc,12,29.0,40272670.0,2,12
BH26.0748,2026-02-13,2026,2,1,KH-00605,CÔNG TY CỔ PHẦN VĨNH PHÁT,TP Hải Phòng,Miền Bắc,7,11.0,17373884.0,1,7
BH26.0749,2026-02-13,2026,2,1,KH-00605,CÔNG TY CỔ PHẦN VĨNH PHÁT,TP Hải Phòng,Miền Bắc,6,8.0,12568330.0,1,6
BH26.0750,2026-02-13,2026,2,1,KH-00343,CÔNG TY CỔ PHẦN THƯƠNG MẠI THUỶ TIÊN,Thanh Hóa,Miền Trung,11,32.0,53609983.0,1,11
BH26.0752,2026-02-13,2026,2,1,KH-00457,CÔNG TY TNHH THƯƠNG MẠI VIỆT ANH,Thanh Hóa,Miền Trung,20,42.0,62920168.0,2,20
BH26.0758,2026-02-13,2026,2,1,KH-00386,CÔNG TY TNHH THƯƠNG MẠI KHẢI HOÀN,Hà Nam,Miền Bắc,19,72.0,115168308.0,1,19
BH26.0755,2026-02-13,2026,2,1,KH-00463,CÔNG TY TNHH THƯƠNG MẠI YÊN BÌNH,Hà Nội,Miền Bắc,15,51.0,86467208.0,1,13
BH26.0756,2026-02-13,2026,2,1,KH-00169,CÔNG TY TNHH THƯƠNG MẠI VĨNH PHÁT,Ninh Bình,Miền Bắc,16,47.0,71912762.0,3,15
BH26.0757,2026-02-13,2026,2,1,KH-00024,CÔNG TY TNHH MINH PHƯƠNG,Ninh Bình,Miền Bắc,9,39.0,68846094.0,1,7
BH26.0759,2026-02-13,2026,2,1,KH-00417,CÔNG TY CỔ PHẦN THƯƠNG MẠI VIỆT ANH,Quảng Ninh,Miền Bắc,18,29.0,46146104.0,2,15
BH26.0761,2026-02-13,2026,2,1,KH-00147,CÔNG TY TNHH PHÚ THỊNH,Hà Nội,Miền Bắc,1,10.0,14694440.0,1,1
BH26.0763,2026-02-13,2026,2,1,KH-00376,CÔNG TY TNHH THƯƠNG MẠI AN PHÁT,Hà Nội,Miền Bắc,11,14.0,20743326.0,2,9
BH26.0743,2026-02-13,2026,2,1,KH-00147,CÔNG TY TNHH PHÚ THỊNH,Hà Nội,Miền Bắc,13,51.0,67848217.0,2,9
BH26.0753,2026-02-13,2026,2,1,KH-00350,CÔNG TY TNHH BÌNH MINH,Hà Nội,Miền Bắc,10,18.0,28124438.0,2,10
BH26.0742,2026-02-13,2026,2,1,KH-00547,DOANH NGHIỆP TW THANH BÌNH,Quảng Ngãi,Miền Trung,6,11.0,17471666.0,1,6
BH26.0740,2026-02-13,2026,2,1,KH-00569,CÔNG TY TNHH VẠN LỢI,TP Huế,Miền Bắc,7,14.0,16196656.0,2,7
BH26.0717,2026-02-13,2026,2,1,KH-00396,CÔNG TY CỔ PHẦN VIỆT ANH,Bắc Ninh,Miền Bắc,6,25.0,25858314.0,2,6
BH26.0713,2026-02-13,2026,2,1,KH-00342,HỘ KINH DOANH VĨNH PHÁT,Hà Nội,Miền Bắc,31,60.0,97913309.0,3,24
BH26.0716,2026-02-13,2026,2,1,KH-00487,DOANH NGHIỆP TW TRƯỜNG THỊNH,Bắc Ninh,Miền Bắc,14,27.0,42278324.0,2,14
BH26.0741,2026-02-13,2026,2,1,KH-00467,DOANH NGHIỆP TW TÂY BẮC,Quảng Trị,Miền Trung,8,10.0,16894441.0,1,8
BH26.0718,2026-02-13,2026,2,1,KH-00167,CÔNG TY CỔ PHẦN THƯƠNG MẠI LÊ ANH,Hà Nội,Miền Bắc,18,36.0,60264618.0,3,17
BH26.0719,2026-02-13,2026,2,1,KH-00557,CÔNG TY TNHH THƯƠNG MẠI MINH PHƯƠNG,Hà Nội,Miền Bắc,7,17.0,29522218.0,1,7
BH26.0720,2026-02-13,2026,2,1,KH-00571,CỬA HÀNG XE ĐẠP THUỶ TIÊN,Tuyên Quang,Miền Bắc,8,26.0,37596465.0,2,7
BH26.0712,2026-02-13,2026,2,1,KH-00495,CÔNG TY CỔ PHẦN THƯƠNG MẠI HOÀ BÌNH,Hà Nội,Miền Bắc,5,9.0,16042219.0,2,5
BH26.0722,2026-02-13,2026,2,1,KH-00346,DOANH NGHIỆP TW TRƯỜNG THỊNH,Phú Thọ,Miền Bắc,17,35.0,42657391.0,3,17
BH26.0724,2026-02-13,2026,2,1,KH-00415,DOANH NGHIỆP TW KHẢI HOÀN,Thanh Hóa,Miền Trung,17,53.0,82456644.0,2,13
BH26.0725,2026-02-13,2026,2,1,KH-00496,CÔNG TY CỔ PHẦN TOÀN THẮNG,Hà Nội,Miền Bắc,7,20.0,34858325.0,1,7
BH26.0726,2026-02-13,2026,2,1,KH-00390,HỘ KINH DOANH ĐẠI LỢI,Hà Nội,Miền Bắc,32,45.0,75352759.0,3,29
BH26.0727,2026-02-13,2026,2,1,KH-00353,CỬA HÀNG XE ĐẠP THANH BÌNH,Hà Nội,Miền Bắc,10,23.0,38667772.0,2,10
BH26.0728,2026-02-13,2026,2,1,KH-00364,DOANH NGHIỆP TW XUÂN MAI,TP Hải Phòng,Miền Bắc,29,64.0,107085445.0,2,29
BH26.0736,2026-02-13,2026,2,1,KH-00147,CÔNG TY TNHH PHÚ THỊNH,Hà Nội,Miền Bắc,8,103.0,146384126.0,2,6
BH26.0723,2026-02-13,2026,2,1,KH-00346,DOANH NGHIỆP TW TRƯỜNG THỊNH,Phú Thọ,Miền Bắc,1,1.0,943888.0,1,1
BH26.0708,2026-02-13,2026,2,1,KH-00435,DOANH NGHIỆP TW NGỌC ANH,Hà Nội,Miền Bắc,6,9.0,13042404.0,4,6
BH26.0770,2026-02-22,2026,2,1,KH-00157,CÔNG TY TNHH THƯƠNG MẠI LONG PHÚ,Hà Nội,Miền Bắc,1,1.0,2027778.0,1,1
BH26.0773,2026-02-23,2026,2,1,KH-00091,CÔNG TY TNHH BÌNH MINH,Hà Nội,Miền Bắc,31,83.0,82540000.0,3,31
BH26.0798,2026-02-24,2026,2,1,KH-00338,CÔNG TY TNHH THƯƠNG MẠI ĐẠI LỢI,Hà Nội,Miền Bắc,35,44.0,68428502.0,4,34
BH26.0801,2026-02-24,2026,2,1,KH-00397,CÔNG TY CỔ PHẦN THUỶ TIÊN,Lào Cai,Miền Bắc,8,17.0,23974065.0,2,7
BH26.0802,2026-02-24,2026,2,1,KH-00518,CÔNG TY TNHH THƯƠNG MẠI VĨNH PHÁT,Hưng Yên,Miền Bắc,9,21.0,25692030.0,2,9
BH26.0803,2026-02-24,2026,2,1,KH-00476,CÔNG TY CỔ PHẦN THƯƠNG MẠI MẶT TRỜI,Hưng Yên,Miền Bắc,17,30.0,45079060.0,3,13
BH26.0804,2026-02-24,2026,2,1,KH-00217,DOANH NGHIỆP TW ĐẠI DƯƠNG,Thái Bình,Miền Bắc,13,45.0,68679428.0,2,12
BH26.0805,2026-02-24,2026,2,1,KH-00382,CÔNG TY TNHH LÊ ANH,Ninh Bình,Miền Bắc,8,23.0,36706104.0,1,8
BH26.0807,2026-02-24,2026,2,1,KH-00147,CÔNG TY TNHH PHÚ THỊNH,Hà Nội,Miền Bắc,5,9.0,12302126.0,2,5
BH26.0797,2026-02-24,2026,2,1,KH-00458,HỘ KINH DOANH VẠN LỢI,Hà Tĩnh,Miền Trung,19,42.0,65442108.0,3,19
BH26.0809,2026-02-24,2026,2,1,KH-00493,CÔNG TY CỔ PHẦN THƯƠNG MẠI QUANG VINH,TP Hải Phòng,Miền Bắc,9,13.0,19286104.0,4,9
BH26.0810,2026-02-24,2026,2,1,KH-00568,DOANH NGHIỆP TW NGỌC ANH,TP Hải Phòng,Miền Bắc,17,46.0,68603868.0,3,17
BH26.0811,2026-02-24,2026,2,1,KH-00605,CÔNG TY CỔ PHẦN VĨNH PHÁT,TP Hải Phòng,Miền Bắc,8,10.0,15256662.0,2,8
BH26.0812,2026-02-24,2026,2,1,KH-00605,CÔNG TY CỔ PHẦN VĨNH PHÁT,TP Hải Phòng,Miền Bắc,10,21.0,33901661.0,1,10
BH26.0813,2026-02-24,2026,2,1,KH-00605,CÔNG TY CỔ PHẦN VĨNH PHÁT,TP Hải Phòng,Miền Bắc,7,12.0,18898328.0,1,7
BH26.0815,2026-02-24,2026,2,1,KH-00545,CÔNG TY CỔ PHẦN AN PHÁT,Phú Thọ,Miền Bắc,9,20.0,39087218.0,3,9
BH26.0808,2026-02-24,2026,2,1,KH-00402,CÔNG TY CỔ PHẦN ĐẠI LỢI,Hà Nội,Miền Bắc,11,33.0,54388877.0,1,10
BH26.0796,2026-02-24,2026,2,1,KH-00392,HỘ KINH DOANH SƠN HÀ,Hà Tĩnh,Miền Trung,7,19.0,29300550.0,2,7
BH26.0814,2026-02-24,2026,2,1,KH-00605,CÔNG TY CỔ PHẦN VĨNH PHÁT,TP Hải Phòng,Miền Bắc,6,7.0,10884997.0,2,6
BH26.0793,2026-02-24,2026,2,1,KH-00466,HỘ KINH DOANH HÙNG CƯỜNG,Quảng Ninh,Miền Bắc,16,45.0,68568961.0,2,15
BH26.0774,2026-02-24,2026,2,1,KH-00157,CÔNG TY TNHH THƯƠNG MẠI LONG PHÚ,Hà Nội,Miền Bắc,1,1.0,2268519.0,1,1
BH26.0775,2026-02-24,2026,2,1,KH-00157,CÔNG TY TNHH THƯƠNG MẠI LONG PHÚ,Hà Nội,Miền Bắc,1,1.0,1472222.0,1,1
BH26.0776,2026-02-24,2026,2,1,KH-00157,CÔNG TY TNHH THƯƠNG MẠI LONG PHÚ,Hà Nội,Miền Bắc,1,1.0,2027778.0,1,1
BH26.0777,2026-02-24,2026,2,1,KH-00157,CÔNG TY TNHH THƯƠNG MẠI LONG PHÚ,Hà Nội,Miền Bắc,1,1.0,1842593.0,1,1
BH26.0779,2026-02-24,2026,2,1,KH-00019,CÔNG TY CỔ PHẦN THƯƠNG MẠI LÊ ANH,TP. Hồ Chí Minh,Miền Nam,2,30.0,60744445.0,2,2
BH26.0780,2026-02-24,2026,2,1,KH-00019,CÔNG TY CỔ PHẦN THƯƠNG MẠI LÊ ANH,TP. Hồ Chí Minh,Miền Nam,3,42.0,81762592.0,2,3
BH26.0781,2026-02-24,2026,2,1,KH-00019,CÔNG TY CỔ PHẦN THƯƠNG MẠI LÊ ANH,TP. Hồ Chí Minh,Miền Nam,3,53.0,60081389.0,1,3
BH26.0782,2026-02-24,2026,2,1,KH-00019,CÔNG TY CỔ PHẦN THƯƠNG MẠI LÊ ANH,TP. Hồ Chí Minh,Miền Nam,3,30.0,83274075.0,1,3
BH26.0783,2026-02-24,2026,2,1,KH-00019,CÔNG TY CỔ PHẦN THƯƠNG MẠI LÊ ANH,TP. Hồ Chí Minh,Miền Nam,3,63.0,73342499.0,1,3
BH26.0784,2026-02-24,2026,2,1,KH-00019,CÔNG TY CỔ PHẦN THƯƠNG MẠI LÊ ANH,TP. Hồ Chí Minh,Miền Nam,4,28.0,75231853.0,1,4
BH26.0785,2026-02-24,2026,2,1,KH-00019,CÔNG TY CỔ PHẦN THƯƠNG MẠI LÊ ANH,TP. Hồ Chí Minh,Miền Nam,7,53.0,73057315.0,3,7
BH26.0786,2026-02-24,2026,2,1,KH-00557,CÔNG TY TNHH THƯƠNG MẠI MINH PHƯƠNG,Hà Nội,Miền Bắc,4,12.0,15667404.0,3,4
BH26.0787,2026-02-24,2026,2,1,KH-00365,CÔNG TY CỔ PHẦN THƯƠNG MẠI TRÍ ĐỨC,Hà Nội,Miền Bắc,13,18.0,28913139.0,3,12
BH26.0789,2026-02-24,2026,2,1,KH-00543,CÔNG TY CỔ PHẦN SƠN HÀ,Hà Nội,Miền Bắc,14,15.0,25347770.0,2,13
BH26.0792,2026-02-24,2026,2,1,KH-00428,CỬA HÀNG XE ĐẠP NAM TIẾN,Quảng Ninh,Miền Bắc,7,18.0,35747486.0,1,7
BH26.0794,2026-02-24,2026,2,1,KH-00338,CÔNG TY TNHH THƯƠNG MẠI ĐẠI LỢI,Hà Nội,Miền Bắc,9,26.0,51172395.0,2,9
BH26.0825,2026-02-25,2026,2,1,KH-00091,CÔNG TY TNHH BÌNH MINH,Hà Nội,Miền Bắc,35,76.0,80570000.0,3,35
BH26.0818,2026-02-25,2026,2,1,KH-00134,DOANH NGHIỆP TW PHÚ THỊNH,Quảng Nam,Miền Trung,20,123.0,204911072.0,1,20
BH26.0873,2026-02-26,2026,2,1,KH-00349,HỘ KINH DOANH TRƯỜNG THỊNH,Hà Nội,Miền Bắc,37,80.0,150842751.0,2,37
BH26.0855,2026-02-26,2026,2,1,KH-00503,DOANH NGHIỆP TW PHÚ THỊNH,Hà Nội,Miền Bắc,6,21.0,32459438.0,2,6
BH26.0856,2026-02-26,2026,2,1,KH-00440,CÔNG TY TNHH THƯƠNG MẠI ĐÔNG NAM,Hà Nội,Miền Bắc,9,10.0,14162587.0,3,9
BH26.0858,2026-02-26,2026,2,1,KH-00512,CÔNG TY TNHH ĐẠI DƯƠNG,Phú Thọ,Miền Bắc,6,10.0,25388885.0,1,6
BH26.0859,2026-02-26,2026,2,1,KH-00347,CÔNG TY TNHH THƯƠNG MẠI VẠN LỢI,Vĩnh Phúc,Miền Bắc,14,27.0,40347030.0,2,12
BH26.0860,2026-02-26,2026,2,1,KH-00357,CÔNG TY TNHH THƯƠNG MẠI THANH BÌNH,Sầm Sơn,Miền Bắc,8,19.0,29595365.0,1,8
BH26.0861,2026-02-26,2026,2,1,KH-00415,DOANH NGHIỆP TW KHẢI HOÀN,Thanh Hóa,Miền Trung,14,35.0,52142951.0,2,13
BH26.0854,2026-02-26,2026,2,1,KH-00502,CỬA HÀNG XE ĐẠP BÌNH MINH,Hà Nội,Miền Bắc,7,10.0,16020459.0,2,7
BH26.0862,2026-02-26,2026,2,1,KH-00348,CÔNG TY TNHH THƯƠNG MẠI YÊN BÌNH,Thanh Hóa,Miền Trung,8,18.0,27366663.0,1,7
BH26.0864,2026-02-26,2026,2,1,KH-00447,CÔNG TY TNHH THƯƠNG MẠI KHẢI HOÀN,Hà Nội,Miền Bắc,17,26.0,40886473.0,3,17
BH26.0865,2026-02-26,2026,2,1,KH-00424,CÔNG TY TNHH TRÍ ĐỨC,Hà Nội,Miền Bắc,6,10.0,19876663.0,2,6
BH26.0867,2026-02-26,2026,2,1,KH-00381,DOANH NGHIỆP TW TÚ ANH,Ninh Bình,Miền Bắc,4,12.0,19588886.0,1,4
BH26.0868,2026-02-26,2026,2,1,KH-00453,CÔNG TY TNHH YÊN BÌNH,Ninh Bình,Miền Bắc,11,48.0,74542205.0,1,9
BH26.0869,2026-02-26,2026,2,1,KH-00380,DOANH NGHIỆP TW HÙNG CƯỜNG,Ninh Bình,Miền Bắc,2,10.0,16191663.0,1,2
BH26.0874,2026-02-26,2026,2,1,KH-00484,CÔNG TY CỔ PHẦN THƯƠNG MẠI HOÀ BÌNH,Bắc Ninh,Miền Bắc,18,41.0,66327206.0,2,17
BH26.0863,2026-02-26,2026,2,1,KH-00358,CÔNG TY TNHH SƠN HÀ,Thanh Hóa,Miền Trung,5,7.0,10756664.0,1,5
BH26.0853,2026-02-26,2026,2,1,KH-00477,CỬA HÀNG XE ĐẠP ĐẠI LỢI,Hà Nội,Miền Bắc,17,41.0,57237490.0,3,15
BH26.0870,2026-02-26,2026,2,1,KH-00024,CÔNG TY TNHH MINH PHƯƠNG,Ninh Bình,Miền Bắc,3,20.0,31588880.0,1,3
BH26.0851,2026-02-26,2026,2,1,KH-00389,CÔNG TY CỔ PHẦN TRƯỜNG THỊNH,Thanh Hoá,Miền Trung,9,21.0,32316938.0,2,9
BH26.0852,2026-02-26,2026,2,1,KH-00342,HỘ KINH DOANH VĨNH PHÁT,Hà Nội,Miền Bắc,27,60.0,90232015.0,3,24
BH26.0828,2026-02-26,2026,2,1,KH-00006,CÔNG TY TNHH CHI THÀNH,TP. Hồ Chí Minh,Miền Nam,8,9.0,12626572.0,2,8
BH26.0829,2026-02-26,2026,2,1,KH-00006,CÔNG TY TNHH CHI THÀNH,TP. Hồ Chí Minh,Miền Nam,3,4.0,5746481.0,3,3
BH26.0830,2026-02-26,2026,2,1,KH-00006,CÔNG TY TNHH CHI THÀNH,TP. Hồ Chí Minh,Miền Nam,6,8.0,12633702.0,3,6
BH26.0831,2026-02-26,2026,2,1,KH-00006,CÔNG TY TNHH CHI THÀNH,TP. Hồ Chí Minh,Miền Nam,5,9.0,11699723.0,3,5
BH26.0832,2026-02-26,2026,2,1,KH-00006,CÔNG TY TNHH CHI THÀNH,TP. Hồ Chí Minh,Miền Nam,10,11.0,18458610.0,2,10
BH26.0833,2026-02-26,2026,2,1,KH-00006,CÔNG TY TNHH CHI THÀNH,TP. Hồ Chí Minh,Miền Nam,6,10.0,14758332.0,1,6
BH26.0826,2026-02-26,2026,2,1,KH-00157,CÔNG TY TNHH THƯƠNG MẠI LONG PHÚ,Hà Nội,Miền Bắc,1,1.0,2361111.0,1,1
BH26.0841,2026-02-26,2026,2,1,KH-00578,DOANH NGHIỆP TW NGỌC ANH,Hà Nội,Miền Bắc,6,16.0,22569442.0,2,6
BH26.0842,2026-02-26,2026,2,1,KH-00505,CÔNG TY CỔ PHẦN TÚ ANH,Nghệ An,Miền Trung,5,14.0,22900547.0,2,5
BH26.0844,2026-02-26,2026,2,1,KH-00088,CỬA HÀNG XE ĐẠP SÁN LẠP,Nghệ An,Miền Trung,8,40.0,58916930.0,2,7
BH26.0846,2026-02-26,2026,2,1,KH-00353,CỬA HÀNG XE ĐẠP THANH BÌNH,Hà Nội,Miền Bắc,6,10.0,17334440.0,1,6
BH26.0848,2026-02-26,2026,2,1,KH-00180,CÔNG TY TNHH THƯƠNG MẠI VẠN LỢI,Thanh Hoá,Miền Trung,7,23.0,36253876.0,1,7
BH26.0849,2026-02-26,2026,2,1,KH-00403,CÔNG TY CỔ PHẦN THƯƠNG MẠI LONG PHÚ,Thanh Hóa,Miền Trung,9,31.0,48290546.0,2,9
BH26.0850,2026-02-26,2026,2,1,KH-00049,CÔNG TY CỔ PHẦN THUỶ TIÊN,Bắc Ninh,Miền Bắc,9,12.0,20859996.0,1,9
BH26.0839,2026-02-26,2026,2,1,KH-00556,DOANH NGHIỆP TW THIÊN AN,Hà Nội,Miền Bắc,4,15.0,20696290.0,1,4
BH26.0899,2026-02-27,2026,2,1,KH-00489,CÔNG TY CỔ PHẦN ĐÔNG NAM,Phủ Lý,Miền Bắc,16,30.0,48171654.0,1,15
BH26.0900,2026-02-27,2026,2,1,KH-00519,CÔNG TY CỔ PHẦN XUÂN MAI,Hưng Yên,Miền Bắc,13,40.0,66049993.0,1,13
BH26.0901,2026-02-27,2026,2,1,KH-00374,CÔNG TY CỔ PHẦN XÂY DỰNG,Hưng Yên,Miền Bắc,30,68.0,102714877.0,3,25
BH26.0903,2026-02-27,2026,2,1,KH-00437,DOANH NGHIỆP TW HÙNG CƯỜNG,Hưng Yên,Miền Bắc,14,15.0,23752773.0,2,14
BH26.0904,2026-02-27,2026,2,1,KH-00553,CÔNG TY CỔ PHẦN SƠN HÀ,Hà Nội,Miền Bắc,18,42.0,66312104.0,3,17
BH26.0905,2026-02-27,2026,2,1,KH-00556,DOANH NGHIỆP TW THIÊN AN,Hà Nội,Miền Bắc,11,20.0,27879432.0,3,11
BH26.0910,2026-02-27,2026,2,1,KH-00441,CỬA HÀNG XE ĐẠP NGỌC ANH,Hà Tĩnh,Miền Trung,11,35.0,54400554.0,2,8
BH26.0907,2026-02-27,2026,2,1,KH-00514,CỬA HÀNG XE ĐẠP HÙNG CƯỜNG,Hà Nội,Miền Bắc,26,33.0,48467115.0,3,26
BH26.0908,2026-02-27,2026,2,1,KH-00469,CỬA HÀNG XE ĐẠP HOÀ BÌNH,Nghệ An,Miền Trung,26,40.0,72564430.0,3,26
BH26.0911,2026-02-27,2026,2,1,KH-00505,CÔNG TY CỔ PHẦN TÚ ANH,Nghệ An,Miền Trung,15,25.0,43788323.0,2,15
BH26.0912,2026-02-27,2026,2,1,KH-00404,HỘ KINH DOANH PHÚ THỊNH,Thanh Hóa,Miền Trung,5,43.0,70201657.0,1,4
BH26.0913,2026-02-27,2026,2,1,KH-00091,CÔNG TY TNHH BÌNH MINH,Hà Nội,Miền Bắc,46,179.0,181120000.0,3,46
BH26.0906,2026-02-27,2026,2,1,KH-00527,CÔNG TY CỔ PHẦN THƯƠNG MẠI HOÀ BÌNH,Hà Nội,Miền Bắc,13,15.0,24583881.0,1,13
BH26.0896,2026-02-27,2026,2,1,KH-00584,CÔNG TY TNHH CHI THÀNH,Hà Nội,Miền Bắc,19,29.0,41304060.0,3,17
BH26.0898,2026-02-27,2026,2,1,KH-00488,CÔNG TY TNHH TRƯỜNG THỊNH,Ninh Bình,Miền Bắc,23,33.0,53563696.0,2,21
BH26.0894,2026-02-27,2026,2,1,KH-00495,CÔNG TY CỔ PHẦN THƯƠNG MẠI HOÀ BÌNH,Hà Nội,Miền Bắc,18,46.0,78068870.0,1,14
BH26.0895,2026-02-27,2026,2,1,KH-00557,CÔNG TY TNHH THƯƠNG MẠI MINH PHƯƠNG,Hà Nội,Miền Bắc,7,16.0,33086380.0,1,7
BH26.0879,2026-02-27,2026,2,1,KH-00423,DOANH NGHIỆP TW THIÊN AN,Bắc Giang,Miền Bắc,10,40.0,67602202.0,1,9
BH26.0880,2026-02-27,2026,2,1,KH-00483,HỘ KINH DOANH VẠN LỢI,Bắc Ninh,Miền Bắc,9,19.0,29599993.0,0,6
BH26.0884,2026-02-27,2026,2,1,KH-00553,CÔNG TY CỔ PHẦN SƠN HÀ,Hà Nội,Miền Bắc,10,55.0,95455535.0,1,10
BH26.0885,2026-02-27,2026,2,1,KH-00584,CÔNG TY TNHH CHI THÀNH,Hà Nội,Miền Bắc,19,28.0,39926283.0,3,17
BH26.0886,2026-02-27,2026,2,1,KH-00584,CÔNG TY TNHH CHI THÀNH,Hà Nội,Miền Bắc,19,29.0,41304060.0,3,17
BH26.0882,2026-02-27,2026,2,1,KH-00444,CÔNG TY TNHH THƯƠNG MẠI SÁN LẠP,Hà Nội,Miền Bắc,28,44.0,69403870.0,2,22
BH26.0888,2026-02-27,2026,2,1,KH-00359,CÔNG TY CỔ PHẦN VẠN LỢI,Hà Nội,Miền Bắc,16,29.0,46804805.0,2,15
BH26.0889,2026-02-27,2026,2,1,KH-00385,CÔNG TY CỔ PHẦN THƯƠNG MẠI THIÊN AN,Hải Dương,Miền Bắc,6,29.0,46952772.0,1,5
BH26.0890,2026-02-27,2026,2,1,KH-00364,DOANH NGHIỆP TW XUÂN MAI,TP Hải Phòng,Miền Bắc,18,73.0,122039695.0,2,18
BH26.0891,2026-02-27,2026,2,1,KH-00372,CÔNG TY CỔ PHẦN THƯƠNG MẠI MẶT TRỜI,Thanh Hóa,Miền Trung,18,105.0,173657752.0,1,18
BH26.0892,2026-02-27,2026,2,1,KH-00133,DOANH NGHIỆP TW YÊN BÌNH,Thanh Hoá,Miền Trung,11,41.0,56226085.0,2,10
BH26.0893,2026-02-27,2026,2,1,KH-00426,CÔNG TY CỔ PHẦN THƯƠNG MẠI THIÊN AN,Thái Nguyên,Miền Bắc,10,69.0,107710180.0,2,7
BH26.0887,2026-02-27,2026,2,1,KH-00338,CÔNG TY TNHH THƯƠNG MẠI ĐẠI LỢI,Hà Nội,Miền Bắc,30,63.0,105359230.0,3,30
BH26.0924,2026-02-28,2026,2,1,KH-00157,CÔNG TY TNHH THƯƠNG MẠI LONG PHÚ,Hà Nội,Miền Bắc,2,2.0,4574075.0,1,2
BH26.0931,2026-02-28,2026,2,1,KH-00006,CÔNG TY TNHH CHI THÀNH,TP. Hồ Chí Minh,Miền Nam,5,10.0,20889812.0,1,5
BH26.0930,2026-02-28,2026,2,1,KH-00006,CÔNG TY TNHH CHI THÀNH,TP. Hồ Chí Minh,Miền Nam,7,13.0,18586943.0,3,7
BH26.0929,2026-02-28,2026,2,1,KH-00006,CÔNG TY TNHH CHI THÀNH,TP. Hồ Chí Minh,Miền Nam,4,9.0,12769167.0,2,4
BH26.0928,2026-02-28,2026,2,1,KH-00157,CÔNG TY TNHH THƯƠNG MẠI LONG PHÚ,Hà Nội,Miền Bắc,1,1.0,3425926.0,0,1
BH26.0927,2026-02-28,2026,2,1,KH-00157,CÔNG TY TNHH THƯƠNG MẠI LONG PHÚ,Hà Nội,Miền Bắc,1,1.0,3518519.0,0,1
BH26.0926,2026-02-28,2026,2,1,KH-00157,CÔNG TY TNHH THƯƠNG MẠI LONG PHÚ,Hà Nội,Miền Bắc,1,1.0,2685185.0,0,1
BH26.0925,2026-02-28,2026,2,1,KH-00157,CÔNG TY TNHH THƯƠNG MẠI LONG PHÚ,Hà Nội,Miền Bắc,1,1.0,2453704.0,1,1
BH26.0923,2026-02-28,2026,2,1,KH-00157,CÔNG TY TNHH THƯƠNG MẠI LONG PHÚ,Hà Nội,Miền Bắc,1,1.0,1842593.0,1,1
BH26.0916,2026-02-28,2026,2,1,KH-00157,CÔNG TY TNHH THƯƠNG MẠI LONG PHÚ,Hà Nội,Miền Bắc,1,1.0,4527778.0,0,1
BH26.0921,2026-02-28,2026,2,1,KH-00157,CÔNG TY TNHH THƯƠNG MẠI LONG PHÚ,Hà Nội,Miền Bắc,1,1.0,1842593.0,0,1
BH26.0920,2026-02-28,2026,2,1,KH-00157,CÔNG TY TNHH THƯƠNG MẠI LONG PHÚ,Hà Nội,Miền Bắc,1,1.0,2453704.0,1,1
BH26.0919,2026-02-28,2026,2,1,KH-00157,CÔNG TY TNHH THƯƠNG MẠI LONG PHÚ,Hà Nội,Miền Bắc,1,1.0,4527778.0,0,1
BH26.0918,2026-02-28,2026,2,1,KH-00157,CÔNG TY TNHH THƯƠNG MẠI LONG PHÚ,Hà Nội,Miền Bắc,2,2.0,3833334.0,1,2
BH26.0917,2026-02-28,2026,2,1,KH-00157,CÔNG TY TNHH THƯƠNG MẠI LONG PHÚ,Hà Nội,Miền Bắc,1,1.0,2453704.0,1,1
BH26.0915,2026-02-28,2026,2,1,KH-00157,CÔNG TY TNHH THƯƠNG MẠI LONG PHÚ,Hà Nội,Miền Bắc,1,1.0,4703704.0,0,1
BH26.0914,2026-02-28,2026,2,1,KH-00157,CÔNG TY TNHH THƯƠNG MẠI LONG PHÚ,Hà Nội,Miền Bắc,1,1.0,4703704.0,0,1
BH26.0932,2026-02-28,2026,2,1,KH-00006,CÔNG TY TNHH CHI THÀNH,TP. Hồ Chí Minh,Miền Nam,3,8.0,16647683.0,1,3
BH26.0922,2026-02-28,2026,2,1,KH-00157,CÔNG TY TNHH THƯƠNG MẠI LONG PHÚ,Hà Nội,Miền Bắc,1,1.0,2129630.0,0,1
BH26.0933,2026-02-28,2026,2,1,KH-00172,CỬA HÀNG XE ĐẠP XÂY DỰNG,Đường Trang Quan - Xã An Đồng - Huyện An Dương - Hải Phòng.,Miền Bắc,1,50.0,84722222.0,1,1
