customer_code,customer_name,province_name,region,ngay_dau,ngay_cuoi,so_don,tong_sl,tong_dt,so_nhom_sp,so_sku,don_tb_sl,don_tb_tien,recency,lifespan,R,F,M,rfm_score,rfm_sum,segment,clv_est,dt_tb_don,rank_dt,cumul_pct
KH-00091,CÔNG TY TNHH BÌNH MINH,Hà Nội,Miền Bắc,2025-02-17,2026-02-27,29,4261.0,4978859631.0,5,157,5.805177111716621,6783187.508174387,2,375,5,5,5,555,15,Champions,4846090041.0,171684815.0,1,7.74
KH-00019,CÔNG TY CỔ PHẦN THƯƠNG MẠI LÊ ANH,TP. Hồ Chí Minh,Miền Nam,2025-01-11,2026-02-24,57,1802.0,3621901755.0,5,47,4.896739130434782,9842124.33423913,5,409,5,5,5,555,15,Champions,3232259512.0,63542136.0,2,13.37
KH-00173,DOANH NGHIỆP TW PHÚ THỊNH,Hà Nội,Miền Bắc,2025-03-01,2025-03-25,21,740.0,1582007777.0,5,30,3.3636363636363638,7190944.44090909,341,24,2,5,5,255,12,Nguy cơ rời bỏ,24059701609.0,75333704.0,3,15.83
KH-00030,CỬA HÀNG XE ĐẠP BÌNH MINH,Bắc Giang,Miền Bắc,2025-01-16,2026-01-29,2,616.0,1366346297.0,3,18,34.22222222222222,75908127.6111111,31,378,4,3,5,435,12,Loyal,1319355551.0,683173148.0,4,17.95
KH-00006,CÔNG TY TNHH CHI THÀNH,TP. Hồ Chí Minh,Miền Nam,2025-01-07,2026-02-28,67,668.0,1093917568.0,4,49,2.0617283950617282,3376288.7901234566,1,417,5,5,5,555,15,Champions,957505785.0,16327128.0,5,19.65
KH-00341,CỬA HÀNG XE ĐẠP VIỆT ANH,Ninh Bình,Miền Bắc,2026-01-12,2026-02-13,5,637.0,1019915422.0,3,48,6.5,10407300.224489795,16,32,5,5,5,555,15,Champions,11633410282.0,203983084.0,6,21.24
KH-00023,CÔNG TY TNHH THANH BÌNH,Hà Nội,Miền Bắc,2025-01-13,2026-02-07,6,532.0,792315737.0,2,8,40.92307692307692,60947364.384615384,22,390,4,5,5,455,14,Loyal,741526267.0,132052623.0,7,22.47
KH-00076,CỬA HÀNG XE ĐẠP ĐẠI LỢI,Bắc Giang,Miền Bắc,2025-02-14,2026-02-10,7,523.0,774919261.0,4,57,5.23,7749192.61,19,361,5,5,5,555,15,Champions,783505624.0,110702752.0,8,23.68
KH-00379,CÔNG TY TNHH MINH PHƯƠNG,Thái Nguyên,Miền Bắc,2026-01-16,2026-02-10,4,479.0,726215337.0,3,32,13.305555555555555,20172648.25,19,25,5,5,5,555,15,Champions,10602743920.0,181553834.0,9,24.8
KH-00134,DOANH NGHIỆP TW PHÚ THỊNH,Quảng Nam,Miền Trung,2025-02-21,2026-02-25,8,430.0,706946062.0,3,47,5.657894736842105,9301921.868421054,4,369,5,5,5,555,15,Champions,699282690.0,88368258.0,10,25.9
KH-00366,HỘ KINH DOANH THIÊN AN,Nghệ An,Miền Trung,2026-01-16,2026-02-12,6,375.0,613513212.0,3,37,6.578947368421052,10763389.684210526,17,27,5,5,5,555,15,Champions,8293789718.0,102252202.0,11,26.86
KH-00007,CÔNG TY TNHH THƯƠNG MẠI ĐẠI LỢI,Lê Hoàn - Thị trấn Thọ Xuân - Huyện Thọ Xuân - Thanh Hoá,Miền Bắc,2025-01-08,2026-01-28,7,379.0,606456878.0,5,50,5.742424242424242,9188740.575757576,32,385,4,5,5,455,14,Loyal,574952625.0,86636697.0,12,27.8
KH-00372,CÔNG TY CỔ PHẦN THƯƠNG MẠI MẶT TRỜI,Thanh Hóa,Miền Trung,2026-01-16,2026-02-27,4,370.0,605388748.0,1,34,6.981132075471698,11422429.20754717,2,42,5,5,5,555,15,Champions,5261116500.0,151347187.0,13,28.74
KH-00024,CÔNG TY TNHH MINH PHƯƠNG,Ninh Bình,Miền Bắc,2025-01-13,2026-02-26,11,415.0,597440112.0,4,62,3.4583333333333335,4978667.6,3,409,5,5,5,555,15,Champions,533167826.0,54312737.0,14,29.67
KH-00338,CÔNG TY TNHH THƯƠNG MẠI ĐẠI LỢI,Hà Nội,Miền Bắc,2026-01-12,2026-02-27,14,389.0,595704823.0,4,82,1.768181818181818,2707749.1954545453,2,46,5,5,5,555,15,Champions,4726788269.0,42550344.0,15,30.6
KH-00057,CÔNG TY CỔ PHẦN THƯƠNG MẠI TOÀN THẮNG,Nam Định,Miền Bắc,2025-02-10,2025-03-29,5,499.0,563575152.0,4,45,6.0120481927710845,6790062.072289157,337,47,2,5,5,255,12,Nguy cơ rời bỏ,4376700649.0,112715030.0,16,31.47
KH-00065,CÔNG TY CỔ PHẦN QUANG VINH,Hà Nội,Miền Bắc,2025-02-10,2025-03-25,8,466.0,550630000.0,5,64,2.5053763440860215,2960376.3440860217,341,43,2,5,5,255,12,Nguy cơ rời bỏ,4673952326.0,68828750.0,17,32.33
KH-00147,CÔNG TY TNHH PHÚ THỊNH,Hà Nội,Miền Bắc,2025-02-22,2026-02-24,8,350.0,466724370.0,5,59,3.4653465346534653,4621033.366336633,5,367,5,5,5,555,15,Champions,464180913.0,58340546.0,18,33.05
KH-00217,DOANH NGHIỆP TW ĐẠI DƯƠNG,Thái Bình,Miền Bắc,2025-03-20,2026-02-24,8,315.0,428521619.0,3,36,3.7058823529411766,5041430.811764706,5,341,5,5,5,555,15,Champions,458681498.0,53565202.0,19,33.72
KH-00463,CÔNG TY TNHH THƯƠNG MẠI YÊN BÌNH,Hà Nội,Miền Bắc,2026-01-26,2026-02-13,5,253.0,420589919.0,2,43,3.4657534246575343,5761505.7397260275,16,18,5,5,5,555,15,Champions,8528628913.0,84117984.0,20,34.37
KH-00415,DOANH NGHIỆP TW KHẢI HOÀN,Thanh Hóa,Miền Trung,2026-01-23,2026-02-26,5,247.0,408331186.0,3,52,3.1666666666666665,5235015.205128205,3,34,5,5,5,555,15,Champions,4383555379.0,81666237.0,21,35.01
KH-00553,CÔNG TY CỔ PHẦN SƠN HÀ,Hà Nội,Miền Bắc,2026-01-29,2026-02-27,7,226.0,378472401.0,4,53,2.4565217391304346,4113830.445652174,2,29,5,5,5,555,15,Champions,4763531944.0,54067486.0,22,35.6
KH-00349,HỘ KINH DOANH TRƯỜNG THỊNH,Hà Nội,Miền Bắc,2026-01-12,2026-02-26,5,217.0,370238430.0,4,64,2.3333333333333335,3981058.3870967743,3,45,5,5,5,555,15,Champions,3003045043.0,74047686.0,23,36.17
KH-00402,CÔNG TY CỔ PHẦN ĐẠI LỢI,Hà Nội,Miền Bắc,2026-01-22,2026-02-24,6,262.0,369750882.0,3,57,3.1566265060240966,4454829.903614458,5,33,5,5,5,555,15,Champions,4089668846.0,61625147.0,24,36.75
KH-00342,HỘ KINH DOANH VĨNH PHÁT,Hà Nội,Miền Bắc,2026-01-12,2026-02-26,5,227.0,368069456.0,3,57,2.1826923076923075,3539129.3846153845,3,45,5,5,5,555,15,Champions,2985452254.0,73613891.0,25,37.32
KH-00364,DOANH NGHIỆP TW XUÂN MAI,TP Hải Phòng,Miền Bắc,2026-01-16,2026-02-27,4,217.0,367860667.0,2,50,2.8181818181818183,4777411.2597402595,2,42,5,5,5,555,15,Champions,3196884368.0,91965167.0,26,37.89
KH-00075,CÔNG TY CỔ PHẦN ĐÔNG NAM,Hà Nội,Miền Bắc,2025-02-14,2026-01-26,7,272.0,367627614.0,5,58,2.4954128440366974,3372730.4036697247,34,346,3,5,5,355,13,Có tiềm năng,387815258.0,52518231.0,27,38.46
KH-00064,CÔNG TY TNHH SƠN HÀ,Khu 6 – TT Gia Lộc – Huyện Gia Lộc – Hải Dương,Miền Bắc,2025-02-10,2025-03-28,6,290.0,363062500.0,5,42,3.9726027397260273,4973458.904109589,338,46,2,5,5,255,12,Nguy cơ rời bỏ,2880822011.0,60510417.0,28,39.03
KH-00169,CÔNG TY TNHH THƯƠNG MẠI VĨNH PHÁT,Ninh Bình,Miền Bắc,2025-02-26,2026-02-13,5,243.0,361208822.0,4,60,3.155844155844156,4691023.662337663,16,352,5,5,5,555,15,Champions,374548921.0,72241764.0,29,39.59
KH-00172,CỬA HÀNG XE ĐẠP XÂY DỰNG,Đường Trang Quan - Xã An Đồng - Huyện An Dương - Hải Phòng.,Miền Bắc,2025-02-28,2026-02-28,3,208.0,352444443.0,1,1,69.33333333333333,117481481.0,1,365,5,4,5,545,14,Champions,352444443.0,117481481.0,30,40.14
KH-00359,CÔNG TY CỔ PHẦN VẠN LỢI,Hà Nội,Miền Bắc,2026-01-13,2026-02-27,8,208.0,343228527.0,4,81,1.6507936507936507,2724035.9285714286,2,45,5,5,5,555,15,Champions,2783964719.0,42903566.0,31,40.67
KH-00132,CÔNG TY TNHH THƯƠNG MẠI HOÀ BÌNH,Nghệ An,Miền Trung,2025-02-20,2025-03-28,4,287.0,341650000.0,4,37,4.2835820895522385,5099253.731343283,338,36,2,5,5,255,12,Nguy cơ rời bỏ,3463951389.0,85412500.0,32,41.2
KH-00387,CÔNG TY CỔ PHẦN THANH BÌNH,Bắc Ninh,Miền Bắc,2026-01-17,2026-02-10,2,228.0,337372776.0,3,86,1.8387096774193548,2720748.193548387,19,24,5,4,5,545,14,Champions,5130877635.0,168686388.0,33,41.73
KH-00181,CÔNG TY TNHH LONG PHÚ,Thừa Thiên Huế,Miền Trung,2025-03-14,2026-02-09,3,192.0,331016209.0,3,42,4.0,6896171.020833333,20,332,4,4,5,445,13,Loyal,363918423.0,110338736.0,34,42.24
KH-00088,CỬA HÀNG XE ĐẠP SÁN LẠP,Nghệ An,Miền Trung,2025-02-14,2026-02-26,7,243.0,329280658.0,4,38,4.339285714285714,5880011.75,3,377,5,5,5,555,15,Champions,318799576.0,47040094.0,35,42.75
KH-00010,CỬA HÀNG XE ĐẠP QUANG VINH,Thái Nguyên,Miền Bắc,2025-01-09,2026-02-07,7,265.0,320339548.0,4,50,3.1927710843373496,3859512.626506024,22,394,4,5,5,455,14,Loyal,296761256.0,45762793.0,36,43.25
KH-00098,HỘ KINH DOANH MẶT TRỜI,Nghệ An,Miền Trung,2025-02-17,2025-03-18,3,260.0,302480000.0,2,33,5.909090909090909,6874545.454545454,348,29,1,4,5,145,10,Không thể mất,3807075862.0,100826667.0,37,43.72
KH-00078,HỘ KINH DOANH VĨNH PHÁT,Hà Nội,Miền Bắc,2025-02-14,2026-01-31,17,264.0,301886045.0,5,56,1.7959183673469388,2053646.5646258504,29,351,4,5,5,455,14,Loyal,313927084.0,17758003.0,38,44.19
KH-00386,CÔNG TY TNHH THƯƠNG MẠI KHẢI HOÀN,Hà Nam,Miền Bắc,2026-01-17,2026-02-13,4,186.0,298647705.0,4,47,2.90625,4666370.390625,16,27,5,5,5,555,15,Champions,4037274531.0,74661926.0,39,44.65
KH-00040,CÔNG TY TNHH VẠN LỢI,Vinh,Miền Bắc,2025-01-21,2025-03-29,3,163.0,293400000.0,1,1,54.333333333333336,97800000.0,337,67,2,4,5,245,11,Nguy cơ rời bỏ,1598373134.0,97800000.0,40,45.11
KH-00046,CÔNG TY CỔ PHẦN THƯƠNG MẠI MẶT TRỜI,Đồng Hới,Miền Bắc,2025-01-24,2026-02-12,3,181.0,292164832.0,2,29,4.641025641025641,7491405.948717949,17,384,5,4,5,545,14,Champions,277708760.0,97388277.0,41,45.56
KH-00491,CÔNG TY TNHH PHÚC AN,Vinh,Miền Bắc,2026-01-27,2026-01-28,2,178.0,283026601.0,2,26,5.741935483870968,9129890.35483871,32,1,4,4,5,445,13,Loyal,103304709365.0,141513300.0,42,46.0
KH-00374,CÔNG TY CỔ PHẦN XÂY DỰNG,Hưng Yên,Miền Bắc,2026-01-16,2026-02-27,5,190.0,273669448.0,4,44,2.7142857142857144,3909563.5428571426,2,42,5,5,5,555,15,Champions,2378317822.0,54733890.0,43,46.43
KH-00018,CÔNG TY TNHH THƯƠNG MẠI PHÚ THỊNH,Hà Nội,Miền Bắc,2025-01-10,2026-02-12,6,208.0,270234859.0,4,51,2.4761904761904763,3217081.654761905,17,398,5,5,5,555,15,Champions,247828451.0,45039143.0,44,46.85
KH-00157,CÔNG TY TNHH THƯƠNG MẠI LONG PHÚ,Hà Nội,Miền Bắc,2025-02-25,2026-02-28,52,85.0,252138899.0,5,45,1.4406779661016949,4273540.661016949,1,368,5,5,5,555,15,Champions,250083419.0,4848825.0,45,47.24
KH-00423,DOANH NGHIỆP TW THIÊN AN,Bắc Giang,Miền Bắc,2026-01-23,2026-02-27,5,143.0,248468641.0,3,22,3.763157894736842,6538648.447368421,2,35,5,5,5,555,15,Champions,2591172970.0,49693728.0,46,47.63
KH-00334,HỘ KINH DOANH YÊN BÌNH,Hà Nội,Miền Bắc,2026-01-06,2026-01-06,2,170.0,244805554.0,2,4,21.25,30600694.25,54,0,3,4,5,345,12,Có tiềm năng,89354027210.0,122402777.0,47,48.01
KH-00193,CÔNG TY TNHH TÚ ANH,Đường Nguyễn Trải - P Ba Đình TP Thanh Hoá,Miền Bắc,2025-03-19,2025-03-31,4,204.0,244765884.0,4,49,2.7567567567567566,3307647.081081081,335,12,3,5,5,355,13,Có tiềm năng,7444962305.0,61191471.0,48,48.39
KH-00219,CÔNG TY CỔ PHẦN THƯƠNG MẠI PHÚ THỊNH,Ninh Bình,Miền Bắc,2025-03-20,2026-02-06,5,157.0,239920519.0,5,34,2.6610169491525424,4066449.474576271,23,323,4,5,5,455,14,Loyal,271117614.0,47984104.0,49,48.76
KH-00277,CÔNG TY CỔ PHẦN THƯƠNG MẠI VĨNH PHÁT,Vinh,Miền Bắc,2025-03-25,2025-03-25,2,200.0,232490000.0,2,31,5.555555555555555,6458055.555555556,341,0,2,4,5,245,11,Nguy cơ rời bỏ,84858850000.0,116245000.0,50,49.12
KH-00194,CỬA HÀNG XE ĐẠP SÁN LẠP,Hà Nội,Miền Bắc,2025-03-19,2026-02-12,3,179.0,227427256.0,5,65,2.2098765432098766,2807743.901234568,17,330,5,4,5,545,14,Champions,251548329.0,75809085.0,51,49.48
KH-00426,CÔNG TY CỔ PHẦN THƯƠNG MẠI THIÊN AN,Thái Nguyên,Miền Bắc,2026-01-24,2026-02-27,3,138.0,227020711.0,2,26,4.181818181818182,6879415.484848484,2,34,5,5,5,555,15,Champions,2437134103.0,75673570.0,52,49.83
KH-00453,CÔNG TY TNHH YÊN BÌNH,Ninh Bình,Miền Bắc,2026-01-24,2026-02-26,4,143.0,226995509.0,1,33,2.9791666666666665,4729073.104166667,3,33,5,5,5,555,15,Champions,2510707903.0,56748877.0,53,50.18
KH-00104,DOANH NGHIỆP TW THUỶ TIÊN,Thanh Hóa,Miền Trung,2025-02-19,2025-03-25,3,185.0,226215286.0,3,36,4.3023255813953485,5260820.604651162,341,34,2,4,5,245,11,Nguy cơ rời bỏ,2428487629.0,75405095.0,54,50.53
KH-00027,HỘ KINH DOANH ĐẠI DƯƠNG,Hà Nội,Miền Bắc,2025-01-13,2026-02-04,10,140.0,222053507.0,5,48,2.1538461538461537,3416207.8,25,387,4,5,5,455,14,Loyal,209430310.0,22205351.0,55,50.88
KH-00039,CÔNG TY CỔ PHẦN ĐÔNG NAM,Phú Quốc,Miền Bắc,2025-01-21,2026-01-20,2,90.0,214953705.0,4,7,12.857142857142858,30707672.14285714,40,364,3,3,5,335,11,Trung bình,215544237.0,107476852.0,56,51.21
KH-00067,DOANH NGHIỆP TW NGỌC ANH,Hà Nội,Miền Bắc,2025-02-10,2025-03-31,9,170.0,213946302.0,5,63,1.6346153846153846,2057175.9807692308,335,49,3,5,5,355,13,Có tiềm năng,1593681637.0,23771811.0,57,51.55
KH-00079,CÔNG TY TNHH ĐÔNG NAM,Bắc Giang,Miền Bắc,2025-02-14,2026-02-11,6,152.0,212673064.0,5,54,1.7272727272727273,2416739.3636363638,18,362,5,5,5,555,15,Champions,214435548.0,35445511.0,58,51.88
KH-00404,HỘ KINH DOANH PHÚ THỊNH,Thanh Hóa,Miền Trung,2026-01-22,2026-02-27,5,129.0,211169406.0,4,16,6.45,10558470.3,2,36,5,5,5,555,15,Champions,2141023144.0,42233881.0,59,52.2
KH-00488,CÔNG TY TNHH TRƯỜNG THỊNH,Ninh Bình,Miền Bắc,2026-01-27,2026-02-27,5,140.0,203177562.0,4,40,1.75,2539719.525,2,31,5,5,5,555,15,Champions,2392251940.0,40635512.0,60,52.52
KH-00377,DOANH NGHIỆP TW PHÚ THỊNH,Hà Nội,Miền Bắc,2026-01-16,2026-02-12,3,120.0,202712911.0,4,53,1.643835616438356,2776889.191780822,17,27,5,5,5,555,15,Champions,2740378241.0,67570970.0,61,52.84
KH-00042,HỘ KINH DOANH MẶT TRỜI,Hà Nội,Miền Bắc,2025-01-22,2026-02-12,8,128.0,200660317.0,4,47,1.3473684210526315,2112213.863157895,17,386,5,5,5,555,15,Champions,189743564.0,25082540.0,62,53.15
KH-00385,CÔNG TY CỔ PHẦN THƯƠNG MẠI THIÊN AN,Hải Dương,Miền Bắc,2026-01-16,2026-02-27,4,115.0,200372170.0,3,18,5.476190476190476,9541531.904761905,2,42,5,5,5,555,15,Champions,1741329573.0,50093042.0,63,53.46
KH-00097,CÔNG TY TNHH XUÂN MAI,Hà Nội,Miền Bắc,2025-02-17,2025-03-31,8,167.0,199350113.0,5,60,1.835164835164835,2190660.5824175826,335,42,3,5,5,355,13,Có tiềm năng,1732447411.0,24918764.0,64,53.77
KH-00605,CÔNG TY CỔ PHẦN VĨNH PHÁT,TP Hải Phòng,Miền Bắc,2026-02-05,2026-02-24,12,127.0,197154205.0,4,34,1.7162162162162162,2664246.0135135134,5,19,5,5,5,555,15,Champions,3787436043.0,16429517.0,65,54.08
KH-00133,DOANH NGHIỆP TW YÊN BÌNH,Thanh Hoá,Miền Trung,2025-02-20,2026-02-27,7,148.0,193706159.0,3,32,3.8947368421052633,5097530.5,2,372,5,5,5,555,15,Champions,190061151.0,27672308.0,66,54.38
KH-00130,CÔNG TY CỔ PHẦN THƯƠNG MẠI THUỶ TIÊN,Thanh Hoá,Miền Trung,2025-02-20,2025-03-31,5,160.0,191180000.0,3,41,2.1333333333333333,2549066.6666666665,335,39,3,5,5,355,13,Có tiềm năng,1789248718.0,38236000.0,67,54.67
KH-00360,CÔNG TY TNHH THƯƠNG MẠI LONG PHÚ,Thanh Hóa,Miền Trung,2026-01-13,2026-01-24,2,129.0,191129200.0,4,39,2.8043478260869565,4154982.6086956523,36,11,3,4,5,345,12,Có tiềm năng,6342014364.0,95564600.0,68,54.97
KH-00487,DOANH NGHIỆP TW TRƯỜNG THỊNH,Bắc Ninh,Miền Bắc,2026-01-27,2026-02-13,3,111.0,188365334.0,3,36,2.0555555555555554,3488246.925925926,16,17,5,5,5,555,15,Champions,4044314524.0,62788445.0,69,55.26
KH-00584,CÔNG TY TNHH CHI THÀNH,Hà Nội,Miền Bắc,2026-01-31,2026-02-27,4,125.0,187949942.0,3,40,1.358695652173913,2042934.152173913,2,27,5,5,5,555,15,Champions,2540804771.0,46987486.0,70,55.56
KH-00022,CÔNG TY CỔ PHẦN VIỆT ANH,Hà Nội,Miền Bắc,2025-01-13,2026-01-28,17,150.0,187130528.0,5,50,1.7857142857142858,2227744.380952381,32,380,4,5,5,455,14,Loyal,179743797.0,11007678.0,71,55.85
KH-00161,CÔNG TY TNHH THIÊN AN,Hà Nội,Miền Bắc,2025-02-26,2025-03-27,3,103.0,182845338.0,5,54,1.4714285714285715,2612076.257142857,339,29,2,4,5,245,11,Nguy cơ rời bỏ,2301329254.0,60948446.0,72,56.13
KH-00180,CÔNG TY TNHH THƯƠNG MẠI VẠN LỢI,Thanh Hoá,Miền Trung,2025-03-14,2026-02-26,4,123.0,182675520.0,1,29,2.7954545454545454,4151716.3636363638,3,349,5,5,5,555,15,Champions,191050329.0,45668880.0,73,56.42
KH-00458,HỘ KINH DOANH VẠN LỢI,Hà Tĩnh,Miền Trung,2026-01-24,2026-02-24,3,112.0,182444860.0,3,37,2.604651162790698,4242903.720930233,5,31,5,5,5,555,15,Champions,2148141094.0,60814953.0,74,56.7
KH-00350,CÔNG TY TNHH BÌNH MINH,Hà Nội,Miền Bắc,2026-01-12,2026-02-13,3,109.0,180163850.0,2,21,4.037037037037037,6672735.185185186,16,32,5,5,5,555,15,Champions,2054993914.0,60054617.0,75,56.98
KH-00414,HỘ KINH DOANH ĐẠI LỢI,Hà Nội,Miền Bắc,2026-01-23,2026-02-12,4,114.0,179998377.0,2,33,2.425531914893617,3829752.7021276597,17,20,5,5,5,555,15,Champions,3284970380.0,44999594.0,76,57.26
KH-00594,DOANH NGHIỆP TW LONG PHÚ,Nghệ An,Miền Trung,2026-02-04,2026-02-04,2,141.0,171441583.0,3,24,4.862068965517241,5911778.724137931,25,0,4,4,5,445,13,Loyal,62576177795.0,85720792.0,77,57.53
KH-00380,DOANH NGHIỆP TW HÙNG CƯỜNG,Ninh Bình,Miền Bắc,2026-01-16,2026-02-26,5,116.0,171279116.0,4,42,2.0,2953088.206896552,3,41,5,5,5,555,15,Champions,1524801886.0,34255823.0,78,57.79
KH-00198,CÔNG TY TNHH TRÍ ĐỨC,Hà Nội,Miền Bắc,2025-03-19,2025-03-25,4,136.0,161705220.0,5,42,1.9154929577464788,2277538.3098591547,341,6,2,5,5,255,12,Nguy cơ rời bỏ,9837067550.0,40426305.0,79,58.04
KH-00383,HỘ KINH DOANH VẠN LỢI,Ninh Bình,Miền Bắc,2026-01-16,2026-02-12,3,98.0,159137735.0,1,20,2.5128205128205128,4080454.7435897435,17,27,5,5,5,555,15,Champions,2151306418.0,53045912.0,80,58.29
KH-00014,HỘ KINH DOANH LONG PHÚ,Bắc Ninh,Miền Bắc,2025-01-10,2026-01-19,4,140.0,158743324.0,4,26,2.5925925925925926,2939691.185185185,41,374,3,5,5,355,13,Có tiềm năng,154923297.0,39685831.0,81,58.54
KH-00343,CÔNG TY CỔ PHẦN THƯƠNG MẠI THUỶ TIÊN,Thanh Hóa,Miền Trung,2026-01-12,2026-02-13,2,96.0,157208843.0,1,28,2.526315789473684,4137074.8157894737,16,32,5,4,5,545,14,Champions,1793163365.0,78604422.0,82,58.78
KH-00519,CÔNG TY CỔ PHẦN XUÂN MAI,Hưng Yên,Miền Bắc,2026-01-28,2026-02-27,3,96.0,155462755.0,1,25,2.742857142857143,4441793.0,2,30,5,5,5,555,15,Champions,1891463519.0,51820918.0,83,59.02
KH-00428,CỬA HÀNG XE ĐẠP NAM TIẾN,Quảng Ninh,Miền Bắc,2026-01-24,2026-02-24,2,86.0,155356897.0,4,23,3.44,6214275.88,5,31,5,4,5,545,14,Champions,1829202174.0,77678448.0,84,59.26
KH-00168,DOANH NGHIỆP TW ĐẠI LỢI,Hà Nội,Miền Bắc,2025-02-26,2026-02-04,4,125.0,155338390.0,4,35,2.314814814814815,2876636.8518518517,25,343,4,5,5,455,14,Loyal,165301785.0,38834598.0,85,59.51
KH-00586,CÔNG TY CỔ PHẦN THƯƠNG MẠI MINH PHƯƠNG,Phú Thọ,Miền Bắc,2026-01-31,2026-01-31,1,83.0,152828578.0,4,82,1.0121951219512195,1863763.1463414633,29,0,4,3,5,435,12,Loyal,55782430970.0,152828578.0,86,59.74
KH-00256,CÔNG TY TNHH XUÂN MAI,Hà Nội,Miền Bắc,2025-03-24,2025-03-31,6,155.0,151660000.0,5,34,1.9620253164556962,1919746.835443038,335,7,3,5,5,355,13,Có tiềm năng,7907985714.0,25276667.0,87,59.98
KH-00557,CÔNG TY TNHH THƯƠNG MẠI MINH PHƯƠNG,Hà Nội,Miền Bắc,2026-01-29,2026-02-27,4,85.0,146904319.0,4,26,3.0357142857142856,5246582.821428572,2,29,5,5,5,555,15,Champions,1848968153.0,36726080.0,88,60.21
KH-00419,DOANH NGHIỆP TW ĐẠI DƯƠNG,Hà Nội,Miền Bắc,2026-01-23,2026-02-04,3,89.0,146841073.0,4,32,2.1707317073170733,3581489.5853658537,25,12,4,5,5,455,14,Loyal,4466415970.0,48947024.0,89,60.44
KH-00197,CÔNG TY TNHH THƯƠNG MẠI MINH PHƯƠNG,Hà Nội,Miền Bắc,2025-03-19,2025-03-21,2,127.0,143952962.0,4,34,2.8222222222222224,3198954.711111111,345,2,2,3,5,235,10,Nguy cơ rời bỏ,26271415565.0,71976481.0,90,60.66
KH-00410,CỬA HÀNG XE ĐẠP NAM TIẾN,Nghệ An,Miền Trung,2026-01-22,2026-01-24,2,91.0,142988859.0,2,10,5.6875,8936803.6875,36,2,3,4,5,345,12,Có tiềm năng,26095466768.0,71494430.0,91,60.88
KH-00167,CÔNG TY CỔ PHẦN THƯƠNG MẠI LÊ ANH,Hà Nội,Miền Bắc,2025-02-26,2026-02-13,5,103.0,142484618.0,4,40,1.9807692307692308,2740088.8076923075,16,352,5,5,5,555,15,Champions,147746834.0,28496924.0,92,61.1
KH-00083,CÔNG TY CỔ PHẦN THƯƠNG MẠI THANH BÌNH,Hưng Yên,Miền Bắc,2025-02-14,2025-03-19,2,121.0,141400000.0,3,35,2.5208333333333335,2945833.3333333335,347,33,1,3,5,135,9,Ngủ đông,1563969697.0,70700000.0,93,61.32
KH-00155,DOANH NGHIỆP TW HÙNG CƯỜNG,Hà Nội,Miền Bắc,2025-02-22,2025-03-28,4,126.0,140009520.0,5,35,2.9302325581395348,3256035.3488372094,338,34,2,5,5,255,12,Nguy cơ rời bỏ,1503043376.0,35002380.0,94,61.54
KH-00089,HỘ KINH DOANH TOÀN THẮNG,Nghệ A,Miền Bắc,2025-02-14,2025-02-14,1,115.0,138392643.0,3,18,6.388888888888889,7688480.166666667,380,0,1,1,5,115,7,Đã mất,50513314695.0,138392643.0,95,61.76
KH-00536,CỬA HÀNG XE ĐẠP LONG PHÚ,Hà Nội,Miền Bắc,2026-01-28,2026-01-28,1,82.0,135639972.0,2,29,2.7333333333333334,4521332.4,32,0,4,3,5,435,12,Loyal,49508589780.0,135639972.0,96,61.97
KH-00564,CỬA HÀNG XE ĐẠP SÁN LẠP,Thái Bình,Miền Bắc,2026-01-30,2026-02-05,3,68.0,132364973.0,3,28,1.7,3309124.325,24,6,4,5,5,455,14,Loyal,8052202524.0,44121658.0,97,62.17
KH-00264,DOANH NGHIỆP TW NGỌC ANH,Thanh Hoá,Miền Trung,2025-03-24,2025-03-25,3,113.0,131871676.0,4,34,2.825,3296791.9,341,1,2,5,5,255,12,Nguy cơ rời bỏ,48133161740.0,43957225.0,98,62.38
KH-00505,CÔNG TY CỔ PHẦN TÚ ANH,Nghệ An,Miền Trung,2026-01-28,2026-02-27,3,74.0,130865894.0,3,32,1.7619047619047619,3115854.619047619,2,30,5,5,5,555,15,Champions,1592201710.0,43621965.0,99,62.58
KH-00151,CÔNG TY TNHH LÊ ANH,Hà Tĩnh,Miền Trung,2025-02-22,2025-03-20,2,91.0,130261924.0,3,36,2.116279069767442,3029347.069767442,346,26,1,3,5,135,9,Ngủ đông,1828677010.0,65130962.0,100,62.78
KH-00382,CÔNG TY TNHH LÊ ANH,Ninh Bình,Miền Bắc,2026-01-16,2026-02-24,4,78.0,130206084.0,1,20,3.25,5425253.5,5,39,5,5,5,555,15,Champions,1218595402.0,32551521.0,101,62.99
KH-00408,CÔNG TY CỔ PHẦN MINH PHƯƠNG,Thanh Hóa,Miền Trung,2026-01-22,2026-02-06,3,64.0,129384237.0,3,16,3.764705882352941,7610837.470588235,23,15,4,5,5,455,14,Loyal,3148349767.0,43128079.0,102,63.19
KH-00484,CÔNG TY CỔ PHẦN THƯƠNG MẠI HOÀ BÌNH,Bắc Ninh,Miền Bắc,2026-01-27,2026-02-26,2,81.0,128189783.0,3,32,2.3142857142857145,3662565.2285714285,3,30,5,4,5,545,14,Champions,1559642360.0,64094892.0,103,63.39
KH-00558,CÔNG TY CỔ PHẦN THƯƠNG MẠI SƠN HÀ,Hà Nội,Miền Bắc,2026-01-30,2026-01-31,5,73.0,127875525.0,2,32,1.140625,1998055.078125,29,1,4,5,5,455,14,Loyal,46674566625.0,25575105.0,104,63.59
KH-00247,HỘ KINH DOANH NGỌC ANH,Hưng Yên,Miền Bắc,2025-03-22,2025-03-22,1,108.0,126890000.0,3,19,5.684210526315789,6678421.052631579,344,0,2,1,5,215,8,Trung bình,46314850000.0,126890000.0,105,63.78
KH-00477,CỬA HÀNG XE ĐẠP ĐẠI LỢI,Hà Nội,Miền Bắc,2026-01-26,2026-02-26,2,79.0,126257935.0,3,27,2.6333333333333333,4208597.833333333,3,31,5,4,5,545,14,Champions,1486585364.0,63128968.0,106,63.98
KH-00444,CÔNG TY TNHH THƯƠNG MẠI SÁN LẠP,Hà Nội,Miền Bắc,2026-01-24,2026-02-27,2,74.0,125997747.0,3,40,1.48,2519954.94,2,34,5,4,5,545,14,Champions,1352622872.0,62998874.0,107,64.17
KH-00469,CỬA HÀNG XE ĐẠP HOÀ BÌNH,Nghệ An,Miền Trung,2026-01-26,2026-02-27,2,73.0,125293492.0,4,37,1.8717948717948718,3212653.641025641,2,32,5,4,5,545,14,Champions,1429128893.0,62646746.0,108,64.37
KH-00049,CÔNG TY CỔ PHẦN THUỶ TIÊN,Bắc Ninh,Miền Bắc,2025-02-07,2026-02-26,5,54.0,125206740.0,4,27,1.6875,3912710.625,3,384,5,5,5,555,15,Champions,119011615.0,25041348.0,109,64.56
KH-00466,HỘ KINH DOANH HÙNG CƯỜNG,Quảng Ninh,Miền Bắc,2026-01-26,2026-02-24,2,77.0,124908761.0,3,26,1.9743589743589745,3202788.7435897435,5,29,5,4,5,545,14,Champions,1572127509.0,62454380.0,110,64.76
KH-00020,DOANH NGHIỆP TW TRƯỜNG THỊNH,Hà Nội,Miền Bắc,2025-01-11,2025-01-11,1,60.0,124583332.0,1,2,30.0,62291666.0,414,0,1,1,5,115,7,Đã mất,45472916180.0,124583332.0,111,64.95
KH-00139,HỘ KINH DOANH YÊN BÌNH,Hà Nội,Miền Bắc,2025-02-22,2025-03-31,3,83.0,124298146.0,3,39,1.4310344827586208,2143071.4827586208,335,37,3,4,5,345,12,Có tiềm năng,1226184413.0,41432715.0,112,65.15
KH-00390,HỘ KINH DOANH ĐẠI LỢI,Hà Nội,Miền Bắc,2026-01-19,2026-02-13,2,76.0,123865987.0,3,39,1.4074074074074074,2293814.574074074,16,25,5,4,5,545,14,Champions,1808443410.0,61932994.0,113,65.34
KH-00208,CỬA HÀNG XE ĐẠP TÂY BẮC,Hà Nội,Miền Bắc,2025-03-20,2025-03-25,5,99.0,121615286.0,4,32,2.2,2702561.9111111113,341,5,2,5,5,255,12,Nguy cơ rời bỏ,8877915878.0,24323057.0,114,65.53
KH-00441,CỬA HÀNG XE ĐẠP NGỌC ANH,Hà Tĩnh,Miền Trung,2026-01-24,2026-02-27,3,79.0,121261822.0,2,16,2.925925925925926,4491178.592592592,2,34,5,5,5,555,15,Champions,1301781324.0,40420607.0,115,65.72
KH-00425,CỬA HÀNG XE ĐẠP MINH PHƯƠNG,Thanh Hóa,Miền Trung,2026-01-23,2026-02-05,2,72.0,121008860.0,4,37,1.894736842105263,3184443.6842105263,24,13,4,4,5,445,13,Loyal,3397556454.0,60504430.0,116,65.9
KH-00529,CÔNG TY CỔ PHẦN THƯƠNG MẠI THIÊN AN,Nghệ An,Miền Trung,2026-01-28,2026-01-28,1,75.0,120795166.0,2,27,2.7777777777777777,4473895.037037037,32,0,4,2,5,425,11,Trung bình,44090235590.0,120795166.0,117,66.09
KH-00353,CỬA HÀNG XE ĐẠP THANH BÌNH,Hà Nội,Miền Bắc,2026-01-13,2026-02-26,4,73.0,120052383.0,3,28,1.9210526315789473,3159273.236842105,3,44,5,5,5,555,15,Champions,995889086.0,30013096.0,118,66.28
KH-00062,CÔNG TY CỔ PHẦN YÊN BÌNH,Lạng Sơn,Miền Bắc,2025-02-10,2025-03-31,2,105.0,119540000.0,5,47,1.9811320754716981,2255471.6981132077,335,49,3,3,5,335,11,Trung bình,890451020.0,59770000.0,119,66.46
KH-00396,CÔNG TY CỔ PHẦN VIỆT ANH,Bắc Ninh,Miền Bắc,2026-01-19,2026-02-13,2,82.0,119042822.0,3,19,3.727272727272727,5411037.363636363,16,25,5,4,5,545,14,Champions,1738025201.0,59521411.0,120,66.65
KH-00251,HỘ KINH DOANH KHẢI HOÀN,Hưng Yên,Miền Bắc,2025-03-22,2025-03-28,3,109.0,119020000.0,3,24,3.0277777777777777,3306111.111111111,338,6,2,5,5,255,12,Nguy cơ rời bỏ,7240383333.0,39673333.0,121,66.83
KH-00476,CÔNG TY CỔ PHẦN THƯƠNG MẠI MẶT TRỜI,Hưng Yên,Miền Bắc,2026-01-26,2026-02-24,3,80.0,118397370.0,3,22,2.1621621621621623,3199928.918918919,5,29,5,5,5,555,15,Champions,1490173795.0,39465790.0,122,67.02
KH-00357,CÔNG TY TNHH THƯƠNG MẠI THANH BÌNH,Sầm Sơn,Miền Bắc,2026-01-13,2026-02-26,3,80.0,117056538.0,3,34,2.2222222222222223,3251570.5,3,44,5,5,5,555,15,Champions,971037190.0,39018846.0,123,67.2
KH-00420,CÔNG TY CỔ PHẦN QUANG VINH,Đà Nẵng,Miền Trung,2026-01-23,2026-02-09,3,73.0,116915536.0,4,27,1.972972972972973,3159879.3513513515,20,17,4,5,5,455,14,Loyal,2510245332.0,38971845.0,124,67.38
KH-00265,CÔNG TY TNHH THƯƠNG MẠI PHÚC AN,phố số 6 - Thị trấn Diêm Điền - Huyện Thái Thụy - Thái Bình.,Miền Bắc,2025-03-24,2025-03-25,2,94.0,115376430.0,4,38,2.088888888888889,2563920.6666666665,341,1,2,4,4,244,10,Nguy cơ rời bỏ,42112396950.0,57688215.0,125,67.56
KH-00495,CÔNG TY CỔ PHẦN THƯƠNG MẠI HOÀ BÌNH,Hà Nội,Miền Bắc,2026-01-27,2026-02-27,3,65.0,113821086.0,2,24,2.2413793103448274,3924865.0344827585,2,31,5,5,4,554,14,Champions,1340151496.0,37940362.0,126,67.74
KH-00568,DOANH NGHIỆP TW NGỌC ANH,TP Hải Phòng,Miền Bắc,2026-01-30,2026-02-24,2,72.0,113385524.0,3,21,2.88,4535420.96,5,25,5,4,4,544,13,Champions,1655428650.0,56692762.0,127,67.91
KH-00483,HỘ KINH DOANH VẠN LỢI,Bắc Ninh,Miền Bắc,2026-01-27,2026-02-27,2,71.0,113284416.0,2,27,2.1515151515151514,3432861.090909091,2,31,5,4,4,544,13,Champions,1333832640.0,56642208.0,128,68.09
KH-00093,CÔNG TY CỔ PHẦN PHÚC AN,Hà Nội,Miền Bắc,2025-02-17,2025-03-25,4,102.0,112430000.0,4,36,1.6721311475409837,1843114.7540983607,341,36,2,5,4,254,11,Nguy cơ rời bỏ,1139915278.0,28107500.0,129,68.26
KH-00403,CÔNG TY CỔ PHẦN THƯƠNG MẠI LONG PHÚ,Thanh Hóa,Miền Trung,2026-01-22,2026-02-26,2,74.0,112403036.0,2,17,3.3636363636363638,5109228.909090909,3,35,5,4,4,544,13,Champions,1172203090.0,56201518.0,130,68.44
KH-00427,CÔNG TY CỔ PHẦN THƯƠNG MẠI TÚ ANH,Hà Nội,Miền Bắc,2026-01-24,2026-01-24,1,50.0,110648148.0,1,1,50.0,110648148.0,36,0,3,2,4,324,9,Trung bình,40386574020.0,110648148.0,131,68.61
KH-00086,CÔNG TY TNHH NGỌC ANH,Hà Nội,Miền Bắc,2025-02-14,2025-03-24,3,95.0,110019361.0,4,35,2.0652173913043477,2391725.2391304346,342,38,2,4,4,244,10,Nguy cơ rời bỏ,1056764915.0,36673120.0,132,68.78
KH-00363,HỘ KINH DOANH ĐẠI LỢI,Hải Phòng,Miền Bắc,2026-01-16,2026-01-28,3,64.0,109147287.0,4,24,2.4615384615384617,4197972.576923077,32,12,4,5,4,454,13,Loyal,3319896646.0,36382429.0,133,68.95
KH-00141,CÔNG TY CỔ PHẦN THƯƠNG MẠI TÂN TIẾN,Hải Phòng,Miền Bắc,2025-02-22,2025-02-22,1,120.0,108820000.0,3,40,3.0,2720500.0,372,0,1,1,4,114,6,Đã mất,39719300000.0,108820000.0,134,69.12
KH-00231,CÔNG TY CỔ PHẦN THANH BÌNH,Hưng Yên,Miền Bắc,2025-03-21,2025-03-27,3,92.0,107772500.0,5,38,2.090909090909091,2449375.0,339,6,2,5,4,254,11,Nguy cơ rời bỏ,6556160417.0,35924167.0,135,69.29
KH-00347,CÔNG TY TNHH THƯƠNG MẠI VẠN LỢI,Vĩnh Phúc,Miền Bắc,2026-01-12,2026-02-26,3,68.0,107256459.0,2,25,1.8888888888888888,2979346.0833333335,3,45,5,5,4,554,14,Champions,869969056.0,35752153.0,136,69.46
KH-00551,CÔNG TY CỔ PHẦN THƯƠNG MẠI SÁN LẠP,Phú Thọ,Miền Bắc,2026-01-29,2026-02-04,2,54.0,106954977.0,3,25,2.16,4278199.08,25,6,4,4,4,444,12,Loyal,6506427768.0,53477488.0,137,69.62
KH-00038,DOANH NGHIỆP TW TÂN TIẾN,Thái Nguyên,Miền Bắc,2025-01-20,2025-02-21,2,86.0,106679035.0,2,21,3.185185185185185,3951075.3703703703,373,32,1,3,4,134,8,Ngủ đông,1216807743.0,53339518.0,138,69.79
KH-00486,CÔNG TY TNHH VẠN LỢI,Bắc Ninh,Miền Bắc,2026-01-27,2026-02-12,2,59.0,106184231.0,2,16,2.5652173913043477,4616705.695652174,17,16,5,4,4,544,13,Champions,2422327770.0,53092116.0,139,69.95
KH-00126,HỘ KINH DOANH HOÀ BÌNH,Thanh Hoá,Miền Trung,2025-02-20,2025-03-24,3,97.0,106170000.0,4,30,3.129032258064516,3424838.709677419,342,32,2,4,4,244,10,Nguy cơ rời bỏ,1211001562.0,35390000.0,140,70.12
KH-00497,CÔNG TY TNHH THƯƠNG MẠI QUANG VINH,Hưng Yên,Miền Bắc,2026-01-27,2026-02-10,3,68.0,105593859.0,2,18,3.238095238095238,5028279.0,19,14,5,5,4,554,14,Champions,2752982752.0,35197953.0,141,70.28
KH-00207,CỬA HÀNG XE ĐẠP VẠN LỢI,Bắc Giang,Miền Bắc,2025-03-20,2025-03-29,3,65.0,101357296.0,4,23,1.8571428571428572,2895922.742857143,337,9,2,5,4,254,11,Nguy cơ rời bỏ,4110601449.0,33785765.0,142,70.44
KH-00393,CÔNG TY TNHH THƯƠNG MẠI SƠN HÀ,Thanh Hóa,Miền Trung,2026-01-19,2026-01-28,2,60.0,101101636.0,2,40,1.3636363636363635,2297764.4545454546,32,9,4,4,4,444,12,Loyal,4100233016.0,50550818.0,143,70.6
KH-00447,CÔNG TY TNHH THƯƠNG MẠI KHẢI HOÀN,Hà Nội,Miền Bắc,2026-01-24,2026-02-26,3,61.0,100676644.0,3,33,1.4523809523809523,2397062.9523809524,3,33,5,5,4,554,14,Champions,1113544699.0,33558881.0,144,70.75
KH-00248,CÔNG TY CỔ PHẦN THƯƠNG MẠI ĐẠI DƯƠNG,Nghệ An,Miền Trung,2025-03-22,2025-03-28,2,73.0,100482859.0,4,27,2.212121212121212,3044935.121212121,338,6,2,3,4,234,9,Nguy cơ rời bỏ,6112707256.0,50241430.0,145,70.91
KH-00405,CÔNG TY CỔ PHẦN THƯƠNG MẠI QUANG VINH,Thanh Hóa,Miền Trung,2026-01-22,2026-01-22,1,56.0,100248865.0,3,20,2.8,5012443.25,38,0,3,2,4,324,9,Trung bình,36590835725.0,100248865.0,146,71.07
KH-00489,CÔNG TY CỔ PHẦN ĐÔNG NAM,Phủ Lý,Miền Bắc,2026-01-27,2026-02-27,3,61.0,100172198.0,1,23,1.6944444444444444,2782561.0555555555,2,31,5,5,4,554,14,Champions,1179446847.0,33390733.0,147,71.22
KH-00212,CỬA HÀNG XE ĐẠP TÂY BẮC,Hà Nội,Miền Bắc,2025-03-20,2025-03-22,4,84.0,99322643.0,5,36,1.6470588235294117,1947502.8039215687,344,2,2,5,4,254,11,Nguy cơ rời bỏ,18126382348.0,24830661.0,148,71.38
KH-00140,CÔNG TY TNHH XÂY DỰNG,Hải Dương,Miền Bắc,2025-02-22,2025-03-21,3,82.0,98910000.0,5,32,1.7083333333333333,2060625.0,345,27,2,4,4,244,10,Nguy cơ rời bỏ,1337116667.0,32970000.0,149,71.53
KH-00565,CÔNG TY CỔ PHẦN THƯƠNG MẠI KHẢI HOÀN,Hải Phòng,Miền Bắc,2026-01-30,2026-01-30,1,64.0,98196457.0,2,28,2.2857142857142856,3507016.3214285714,30,0,4,3,4,434,11,Loyal,35841706805.0,98196457.0,150,71.68
KH-00513,CÔNG TY CỔ PHẦN THƯƠNG MẠI ĐÔNG NAM,Hà Nội,Miền Bắc,2026-01-28,2026-02-10,3,63.0,98181923.0,3,25,2.3333333333333335,3636367.5185185187,19,13,5,5,4,554,14,Champions,2756646300.0,32727308.0,151,71.83
KH-00356,CÔNG TY TNHH THƯƠNG MẠI QUANG VINH,Thanh Hóa,Miền Trung,2026-01-13,2026-01-28,2,60.0,96440808.0,3,21,2.608695652173913,4193078.6086956523,32,15,4,4,4,444,12,Loyal,2346726328.0,48220404.0,152,71.98
KH-00499,CÔNG TY CỔ PHẦN THƯƠNG MẠI TÚ ANH,Hưng Yên,Miền Bắc,2026-01-27,2026-01-27,1,51.0,96427756.0,2,45,1.1333333333333333,2142839.0222222223,33,0,3,2,4,324,9,Trung bình,35196130940.0,96427756.0,153,72.13
KH-00298,CÔNG TY CỔ PHẦN THƯƠNG MẠI ĐÔNG NAM,Hà Nội,Miền Bắc,2025-03-27,2025-03-28,2,71.0,96307574.0,4,31,1.868421052631579,2534409.8421052634,338,1,2,4,4,244,10,Nguy cơ rời bỏ,35152264510.0,48153787.0,154,72.28
KH-00250,DOANH NGHIỆP TW XUÂN MAI,Hà Nội,Miền Bắc,2025-03-22,2025-03-31,4,87.0,95971481.0,5,38,1.6111111111111112,1777249.648148148,335,9,3,5,4,354,12,Có tiềm năng,3892176729.0,23992870.0,155,72.43
KH-00521,CỬA HÀNG XE ĐẠP KHẢI HOÀN,Ninh Bình,Miền Bắc,2026-01-28,2026-02-12,2,57.0,94796087.0,2,28,1.3571428571428572,2257049.6904761903,17,15,5,4,4,544,13,Champions,2306704784.0,47398044.0,156,72.58
KH-00016,DOANH NGHIỆP TW VIỆT ANH,Quảng Trị,Miền Trung,2025-01-10,2025-03-26,4,78.0,93910000.0,2,24,2.3636363636363638,2845757.5757575757,340,75,2,5,4,254,11,Nguy cơ rời bỏ,457028667.0,23477500.0,157,72.73
KH-00562,CÔNG TY CỔ PHẦN THƯƠNG MẠI NAM TIẾN,Hà Nội,Miền Bắc,2026-01-30,2026-02-04,2,51.0,93588502.0,3,21,2.4285714285714284,4456595.333333333,25,5,4,4,4,444,12,Loyal,6831960646.0,46794251.0,158,72.87
KH-00556,DOANH NGHIỆP TW THIÊN AN,Hà Nội,Miền Bắc,2026-01-29,2026-02-27,5,67.0,93325151.0,4,25,2.310344827586207,3218108.6551724137,2,29,5,5,4,554,14,Champions,1174609659.0,18665030.0,159,73.02
KH-00461,CÔNG TY TNHH THUỶ TIÊN,Hải Dương,Miền Bắc,2026-01-26,2026-02-06,2,40.0,90740740.0,1,2,13.333333333333334,30246913.333333332,23,11,4,4,4,444,12,Loyal,3010942736.0,45370370.0,160,73.16
KH-00407,DOANH NGHIỆP TW LONG PHÚ,Đà Nẵng,Miền Trung,2026-01-22,2026-02-10,3,48.0,90396643.0,4,24,1.1428571428571428,2152301.023809524,19,19,5,5,4,554,14,Champions,1736567089.0,30132214.0,161,73.3
KH-00503,DOANH NGHIỆP TW PHÚ THỊNH,Hà Nội,Miền Bắc,2026-01-28,2026-02-26,2,58.0,89774988.0,2,11,4.142857142857143,6412499.142857143,3,29,5,4,4,544,13,Champions,1129926573.0,44887494.0,162,73.44
KH-00152,HỘ KINH DOANH TRÍ ĐỨC,Nghệ An,Miền Trung,2025-02-22,2025-03-31,3,79.0,89045116.0,3,25,2.46875,2782659.875,335,37,3,4,4,344,11,Có tiềm năng,878418036.0,29681705.0,163,73.58
KH-00009,CỬA HÀNG XE ĐẠP THIÊN AN,Hà Nội,Miền Bắc,2025-01-09,2026-02-09,2,40.0,88888888.0,1,2,20.0,44444444.0,20,396,4,3,4,434,11,Loyal,81930414.0,44444444.0,164,73.71
KH-00241,HỘ KINH DOANH PHÚ THỊNH,Thái Nguyên,Miền Bắc,2025-03-21,2025-03-25,2,75.0,88600000.0,1,7,6.818181818181818,8054545.454545454,341,4,2,3,4,234,9,Nguy cơ rời bỏ,8084750000.0,44300000.0,165,73.85
KH-00106,CÔNG TY TNHH THƯƠNG MẠI TOÀN THẮNG,Thanh Hóa,Miền Trung,2025-02-19,2025-02-19,1,70.0,88360000.0,2,11,6.363636363636363,8032727.2727272725,375,0,1,1,4,114,6,Đã mất,32251400000.0,88360000.0,166,73.99
KH-00352,CỬA HÀNG XE ĐẠP LONG PHÚ,Quảng Ninh,Miền Bắc,2026-01-12,2026-01-12,1,54.0,88007574.0,1,12,4.153846153846154,6769813.384615385,48,0,3,2,4,324,9,Trung bình,32122764510.0,88007574.0,167,74.13
KH-00397,CÔNG TY CỔ PHẦN THUỶ TIÊN,Lào Cai,Miền Bắc,2026-01-19,2026-02-24,4,69.0,87726720.0,3,29,1.7692307692307692,2249403.076923077,5,36,5,5,4,554,14,Champions,889451467.0,21931680.0,168,74.26
KH-00235,CÔNG TY CỔ PHẦN THƯƠNG MẠI CHI THÀNH,Nam Định,Miền Bắc,2025-03-21,2025-03-21,2,70.0,87420000.0,2,18,2.8,3496800.0,345,0,2,3,4,234,9,Nguy cơ rời bỏ,31908300000.0,43710000.0,169,74.4
KH-00100,CỬA HÀNG XE ĐẠP ĐẠI LỢI,Hà Nội,Miền Bắc,2025-02-17,2025-03-22,3,83.0,87295102.0,4,23,3.1923076923076925,3357503.923076923,344,33,2,4,4,244,10,Nguy cơ rời bỏ,965536734.0,29098367.0,170,74.53
KH-00288,CÔNG TY TNHH THƯƠNG MẠI TOÀN THẮNG,Nghệ An,Miền Trung,2025-03-26,2026-02-05,4,62.0,87212952.0,2,33,1.6756756756756757,2357106.810810811,24,316,4,5,4,454,13,Loyal,100736479.0,21803238.0,171,74.67
KH-00021,HỘ KINH DOANH XÂY DỰNG,Hà Nội,Miền Bắc,2025-01-11,2025-01-11,1,40.0,87037037.0,1,1,40.0,87037037.0,414,0,1,1,4,114,6,Đã mất,31768518505.0,87037037.0,172,74.81
KH-00267,CÔNG TY CỔ PHẦN HÙNG CƯỜNG,Nam Định,Miền Bắc,2025-03-24,2025-03-25,2,70.0,85460000.0,2,12,4.117647058823529,5027058.823529412,341,1,2,4,4,244,10,Nguy cơ rời bỏ,31192900000.0,42730000.0,173,74.94
KH-00225,CÔNG TY TNHH TÂY BẮC,Hà Nam,Miền Bắc,2025-03-21,2025-03-28,2,70.0,84160000.0,3,27,1.8918918918918919,2274594.5945945946,338,7,2,3,4,234,9,Nguy cơ rời bỏ,4388342857.0,42080000.0,174,75.07
KH-00266,CỬA HÀNG XE ĐẠP TÂN TIẾN,Nam Định,Miền Bắc,2025-03-24,2025-03-24,1,70.0,83590000.0,2,31,2.2580645161290325,2696451.6129032257,342,0,2,1,4,214,7,Trung bình,30510350000.0,83590000.0,175,75.2
KH-00492,HỘ KINH DOANH ĐÔNG NAM,Thanh Hóa,Miền Trung,2026-01-27,2026-02-04,2,55.0,83486647.0,2,27,1.71875,2608957.71875,25,8,4,4,4,444,12,Loyal,3809078269.0,41743324.0,176,75.33
KH-00107,CÔNG TY TNHH LONG PHÚ,Bắc Ninh,Miền Bắc,2025-02-19,2025-03-28,3,70.0,82830000.0,2,15,4.375,5176875.0,338,37,2,4,4,244,10,Nguy cơ rời bỏ,817106757.0,27610000.0,177,75.46
KH-00148,HỘ KINH DOANH THUỶ TIÊN,Hải Dươn,Miền Bắc,2025-02-22,2025-03-27,4,68.0,82782643.0,4,25,1.9428571428571428,2365218.3714285716,339,33,2,5,4,254,11,Nguy cơ rời bỏ,915626203.0,20695661.0,178,75.59
KH-00163,HỘ KINH DOANH XUÂN MAI,Hà Nội,Miền Bắc,2025-02-26,2025-03-31,4,70.0,82695483.0,4,31,1.7073170731707317,2016963.0,335,33,3,5,4,354,12,Có tiềm năng,914662160.0,20673871.0,179,75.72
KH-00406,CÔNG TY CỔ PHẦN THƯƠNG MẠI LONG PHÚ,Hưng Yên,Miền Bắc,2026-01-22,2026-01-22,1,50.0,82642778.0,2,21,2.380952380952381,3935370.380952381,38,0,3,2,4,324,9,Trung bình,30164613970.0,82642778.0,180,75.84
KH-00436,CÔNG TY TNHH XÂY DỰNG,Hưng Yên,Miền Bắc,2026-01-24,2026-02-10,2,56.0,82538029.0,2,20,2.5454545454545454,3751728.590909091,19,17,5,4,4,544,13,Champions,1772140034.0,41269014.0,181,75.97
KH-00455,CÔNG TY TNHH THƯƠNG MẠI ĐẠI LỢI,Hà Tĩnh,Miền Trung,2026-01-24,2026-01-24,1,49.0,82253317.0,2,18,2.45,4112665.85,36,0,3,2,4,324,9,Trung bình,30022460705.0,82253317.0,182,76.1
KH-00214,DOANH NGHIỆP TW QUANG VINH,Hải Dương,Miền Bắc,2025-03-20,2025-03-25,2,70.0,81983500.0,3,17,3.3333333333333335,3903976.1904761903,341,5,2,3,4,234,9,Nguy cơ rời bỏ,5984795500.0,40991750.0,183,76.23
KH-00369,CÔNG TY TNHH VẠN LỢI,Hà Nội,Miền Bắc,2026-01-16,2026-02-12,3,58.0,81778027.0,4,25,1.9333333333333333,2725934.2333333334,17,27,5,5,4,554,14,Champions,1105517772.0,27259342.0,184,76.35
KH-00457,CÔNG TY TNHH THƯƠNG MẠI VIỆT ANH,Thanh Hóa,Miền Trung,2026-01-24,2026-02-13,2,54.0,81697936.0,2,21,1.9285714285714286,2917783.4285714286,16,20,5,4,4,544,13,Champions,1490987332.0,40848968.0,185,76.48
KH-00452,CÔNG TY CỔ PHẦN THƯƠNG MẠI BÌNH MINH,Thanh Hóa,Miền Trung,2026-01-24,2026-02-09,2,52.0,81243320.0,2,7,7.428571428571429,11606188.57142857,20,16,4,4,4,444,12,Loyal,1853363238.0,40621660.0,186,76.61
KH-00109,CÔNG TY CỔ PHẦN VẠN LỢI,Hà Nội,Miền Bắc,2025-02-19,2025-03-31,3,68.0,80790000.0,3,18,2.72,3231600.0,335,40,3,4,4,344,11,Có tiềm năng,737208750.0,26930000.0,187,76.73
KH-00154,DOANH NGHIỆP TW VĨNH PHÁT,Hà Tĩnh,Miền Trung,2025-02-22,2025-03-31,3,70.0,80000000.0,1,7,4.375,5000000.0,335,37,3,4,4,344,11,Có tiềm năng,789189189.0,26666667.0,188,76.86
KH-00545,CÔNG TY CỔ PHẦN AN PHÁT,Phú Thọ,Miền Bắc,2026-01-29,2026-02-24,3,44.0,79392764.0,3,23,1.6923076923076923,3053567.846153846,5,26,5,5,4,554,14,Champions,1114552264.0,26464255.0,189,76.98
KH-00514,CỬA HÀNG XE ĐẠP HÙNG CƯỜNG,Hà Nội,Miền Bắc,2026-01-28,2026-02-27,2,50.0,78236554.0,3,37,1.1627906976744187,1819454.7441860465,2,30,5,4,4,544,13,Champions,951878074.0,39118277.0,190,77.1
KH-00015,DOANH NGHIỆP TW MINH PHƯƠNG,Phú Thọ,Miền Bắc,2025-01-10,2025-03-25,3,55.0,77930000.0,4,26,1.7741935483870968,2513870.9677419355,341,74,2,4,4,244,10,Nguy cơ rời bỏ,384384459.0,25976667.0,191,77.22
KH-00120,CÔNG TY TNHH THANH BÌNH,Hà Nội,Miền Bắc,2025-02-20,2025-03-25,2,67.0,77920143.0,5,22,2.161290322580645,2513553.0,341,33,2,3,4,234,9,Nguy cơ rời bỏ,861844006.0,38960072.0,192,77.34
KH-00485,CÔNG TY CỔ PHẦN SÁN LẠP,Hà Nội,Miền Bắc,2026-01-27,2026-02-12,2,48.0,77854057.0,2,28,1.6,2595135.2333333334,17,16,5,4,4,544,13,Champions,1776045675.0,38927028.0,193,77.47
KH-00506,CÔNG TY TNHH THANH BÌNH,Hà Nội,Miền Bắc,2026-01-28,2026-02-04,2,50.0,77829977.0,4,27,1.8518518518518519,2882591.7407407407,25,7,4,4,4,444,12,Loyal,4058277372.0,38914988.0,194,77.59
KH-00424,CÔNG TY TNHH TRÍ ĐỨC,Hà Nội,Miền Bắc,2026-01-23,2026-02-26,2,30.0,77487765.0,2,16,1.7647058823529411,4558103.823529412,3,34,5,4,4,544,13,Champions,831853948.0,38743882.0,195,77.71
KH-00354,CÔNG TY TNHH THƯƠNG MẠI NAM TIẾN,Thái Nguyên,Miền Bắc,2026-01-13,2026-01-13,1,45.0,77331372.0,3,30,1.5,2577712.4,47,0,3,2,4,324,9,Trung bình,28225950780.0,77331372.0,196,77.83
KH-00346,DOANH NGHIỆP TW TRƯỜNG THỊNH,Phú Thọ,Miền Bắc,2026-01-12,2026-02-13,3,52.0,77197938.0,3,25,2.08,3087917.52,16,32,5,5,4,554,14,Champions,880538980.0,25732646.0,197,77.95
KH-00044,CÔNG TY TNHH THƯƠNG MẠI NGỌC ANH,Tam Kỳ,Miền Bắc,2025-01-23,2026-01-12,2,56.0,77025542.0,2,22,2.24,3081021.68,48,354,3,3,4,334,10,Trung bình,79418991.0,38512771.0,198,78.07
KH-00417,CÔNG TY CỔ PHẦN THƯƠNG MẠI VIỆT ANH,Quảng Ninh,Miền Bắc,2026-01-23,2026-02-13,2,48.0,75765540.0,2,21,1.6551724137931034,2612604.827586207,16,21,5,4,4,544,13,Champions,1316877243.0,37882770.0,199,78.19
KH-00421,DOANH NGHIỆP TW YÊN BÌNH,Hòa Bình,Miền Bắc,2026-01-23,2026-01-23,1,40.0,75644986.0,3,25,1.4814814814814814,2801666.1481481483,37,0,3,2,4,324,9,Trung bình,27610419890.0,75644986.0,200,78.3
KH-00188,DOANH NGHIỆP TW XÂY DỰNG,Thanh Hóa,Miền Trung,2025-03-18,2025-03-18,2,32.0,75574075.0,5,10,2.1333333333333333,5038271.666666667,348,0,1,3,4,134,8,Ngủ đông,27584537375.0,37787038.0,201,78.42
KH-00509,CÔNG TY TNHH THƯƠNG MẠI BÌNH MINH,Bắc Ninh,Miền Bắc,2026-01-28,2026-02-12,2,49.0,74128591.0,2,26,1.53125,2316518.46875,17,15,5,4,4,544,13,Champions,1803795714.0,37064296.0,202,78.54
KH-00340,CÔNG TY TNHH THANH BÌNH,Hà Nội,Miền Bắc,2026-01-12,2026-01-26,3,48.0,74108412.0,2,16,2.823529411764706,4359318.352941177,34,14,3,5,4,354,12,Có tiềm năng,1932112170.0,24702804.0,203,78.65
KH-00220,CỬA HÀNG XE ĐẠP VIỆT ANH,Nam Định,Miền Bắc,2025-03-20,2025-03-24,2,57.0,74017929.0,5,23,2.0357142857142856,2643497.464285714,342,4,2,3,4,234,9,Nguy cơ rời bỏ,6754136021.0,37008964.0,204,78.77
KH-00111,DOANH NGHIỆP TW MẶT TRỜI,Hà Nội,Miền Bắc,2025-02-19,2025-03-27,2,59.0,72628500.0,4,33,1.5945945945945945,1962932.4324324324,339,36,2,3,4,234,9,Nguy cơ rời bỏ,736372292.0,36314250.0,205,78.88
KH-00475,CỬA HÀNG XE ĐẠP THIÊN AN,Hưng Yên,Miền Bắc,2026-01-26,2026-02-05,2,44.0,72541467.0,3,20,2.0,3297339.409090909,24,10,4,4,4,444,12,Loyal,2647763546.0,36270734.0,206,78.99
KH-00381,DOANH NGHIỆP TW TÚ ANH,Ninh Bình,Miền Bắc,2026-01-16,2026-02-26,3,47.0,72067203.0,3,21,1.5161290322580645,2324748.4838709678,3,41,5,5,4,554,14,Champions,641573880.0,24022401.0,207,79.1
KH-00394,CÔNG TY TNHH THƯƠNG MẠI NAM TIẾN,Thanh Hóa,Miền Trung,2026-01-19,2026-01-19,1,45.0,71822204.0,1,17,2.6470588235294117,4224835.529411765,41,0,3,2,4,324,9,Trung bình,26215104460.0,71822204.0,208,79.22
KH-00520,CÔNG TY TNHH TÂY BẮC,Ninh Bình,Miền Bắc,2026-01-28,2026-01-28,1,46.0,71704244.0,2,15,3.066666666666667,4780282.933333334,32,0,4,2,4,424,10,Trung bình,26172049060.0,71704244.0,209,79.33
KH-00608,CÔNG TY TNHH THƯƠNG MẠI TÚ ANH,Quảng Trị,Miền Trung,2026-02-05,2026-02-05,2,39.0,70911654.0,2,20,1.95,3545582.7,24,0,4,4,4,444,12,Loyal,25882753710.0,35455827.0,210,79.44
KH-00314,CÔNG TY TNHH THƯƠNG MẠI YÊN BÌNH,Hải Phòng,Miền Bắc,2025-03-28,2025-03-28,1,61.0,70640000.0,2,21,2.9047619047619047,3363809.523809524,338,0,2,2,4,224,8,Ngủ đông,25783600000.0,70640000.0,211,79.55
KH-00481,CÔNG TY CỔ PHẦN HOÀ BÌNH,Hà Nội,Miền Bắc,2026-01-27,2026-02-05,2,42.0,70334427.0,2,21,1.9090909090909092,3197019.409090909,24,9,4,4,4,444,12,Loyal,2852451762.0,35167214.0,212,79.66
KH-00218,CÔNG TY TNHH THƯƠNG MẠI BÌNH MINH,Hải Dương,Miền Bắc,2025-03-20,2026-01-27,2,52.0,70285917.0,2,18,2.260869565217391,3055909.434782609,33,313,3,3,4,334,10,Trung bình,81962811.0,35142958.0,213,79.77
KH-00339,CỬA HÀNG XE ĐẠP ĐẠI LỢI,Hà Nội,Miền Bắc,2026-01-12,2026-02-12,2,42.0,70037390.0,2,28,1.4482758620689655,2415082.4137931033,17,31,5,4,4,544,13,Champions,824633785.0,35018695.0,214,79.87
KH-00102,CỬA HÀNG XE ĐẠP AN PHÁT,Bắc Ninh,Miền Bắc,2025-02-17,2025-02-17,1,60.0,69700000.0,1,6,10.0,11616666.666666666,377,0,1,1,4,114,6,Đã mất,25440500000.0,69700000.0,215,79.98
KH-00348,CÔNG TY TNHH THƯƠNG MẠI YÊN BÌNH,Thanh Hóa,Miền Trung,2026-01-12,2026-02-26,3,45.0,69311102.0,4,17,2.0454545454545454,3150504.6363636362,3,45,5,5,4,554,14,Champions,562190050.0,23103701.0,216,80.09
KH-00607,CÔNG TY TNHH TÚ ANH,Nghệ An,Miền Trung,2026-02-05,2026-02-12,3,46.0,69146654.0,2,15,2.7058823529411766,4067450.2352941176,17,7,5,5,4,554,14,Champions,3605504101.0,23048885.0,217,80.2
KH-00367,CÔNG TY CỔ PHẦN ĐÔNG NAM,Thanh Hóa,Miền Trung,2026-01-16,2026-01-16,1,37.0,68896093.0,2,11,3.3636363636363638,6263281.181818182,44,0,3,2,4,324,9,Trung bình,25147073945.0,68896093.0,218,80.3
KH-00189,CÔNG TY CỔ PHẦN MẶT TRỜI,Hà Nội,Miền Bắc,2025-03-18,2025-03-20,2,60.0,68267826.0,4,48,1.0909090909090908,1241233.2,346,2,1,3,4,134,8,Ngủ đông,12458878245.0,34133913.0,219,80.41
KH-00538,HỘ KINH DOANH PHÚC AN,Cao Bằng,Miền Bắc,2026-01-28,2026-01-28,1,39.0,68250264.0,2,25,1.56,2730010.56,32,0,4,3,4,434,11,Loyal,24911346360.0,68250264.0,220,80.52
KH-00276,CÔNG TY TNHH VẠN LỢI,Hà Nội,Miền Bắc,2025-03-25,2025-03-31,2,58.0,68110000.0,2,27,1.7575757575757576,2063939.393939394,335,6,3,4,4,344,11,Có tiềm năng,4143358333.0,34055000.0,221,80.62
KH-00355,DOANH NGHIỆP TW PHÚC AN,Thanh Hóa,Miền Trung,2026-01-13,2026-02-05,3,45.0,67620537.0,2,7,3.2142857142857144,4830038.357142857,24,23,4,5,4,454,13,Loyal,1073108522.0,22540179.0,222,80.73
KH-00186,HỘ KINH DOANH XÂY DỰNG,Vĩnh Phúc,Miền Bắc,2025-03-17,2025-03-31,4,35.0,67567129.0,1,4,5.833333333333333,11261188.166666666,335,14,3,5,4,354,12,Có tiềm năng,1761571578.0,16891782.0,223,80.83
KH-00395,HỘ KINH DOANH TÂY BẮC,Bắc Ninh,Miền Bắc,2026-01-19,2026-02-09,2,42.0,67061276.0,3,19,2.0,3193394.095238095,20,21,4,4,4,444,12,Loyal,1165588845.0,33530638.0,224,80.94
KH-00577,CÔNG TY CỔ PHẦN THƯƠNG MẠI ĐẠI DƯƠNG,Hưng Yên,Miền Bắc,2026-01-31,2026-01-31,1,38.0,66969336.0,3,26,1.4615384615384615,2575743.6923076925,29,0,4,3,4,434,11,Loyal,24443807640.0,66969336.0,225,81.04
KH-00142,CÔNG TY TNHH THƯƠNG MẠI CHI THÀNH,Hà Nội,Miền Bắc,2025-02-22,2025-03-31,4,54.0,66548500.0,5,24,1.35,1663712.5,335,37,3,5,4,354,12,Có tiềm năng,656491959.0,16637125.0,226,81.14
KH-00149,CỬA HÀNG XE ĐẠP TÚ ANH,Hải Dương,Miền Bắc,2025-02-22,2025-03-21,2,51.0,66287929.0,5,22,2.3181818181818183,3013087.6818181816,345,27,2,3,4,234,9,Nguy cơ rời bỏ,896114596.0,33143964.0,227,81.25
KH-00260,CỬA HÀNG XE ĐẠP XUÂN MAI,Hà Nội,Miền Bắc,2025-03-24,2025-03-24,2,54.0,66020000.0,3,18,2.25,2750833.3333333335,342,0,2,4,4,244,10,Nguy cơ rời bỏ,24097300000.0,33010000.0,228,81.35
KH-00301,CÔNG TY TNHH THƯƠNG MẠI THUỶ TIÊN,Hải Phòng,Miền Bắc,2025-03-28,2025-03-28,1,56.0,64940000.0,1,14,4.0,4638571.428571428,338,0,2,2,4,224,8,Ngủ đông,23703100000.0,64940000.0,229,81.45
KH-00289,CÔNG TY CỔ PHẦN KHẢI HOÀN,Hưng Yên,Miền Bắc,2025-03-26,2025-03-29,3,54.0,64680000.0,3,18,2.0,2395555.5555555555,337,3,2,5,4,254,11,Nguy cơ rời bỏ,7869400000.0,21560000.0,230,81.55
KH-00262,CÔNG TY TNHH VIỆT ANH,Hà Nội,Miền Bắc,2025-03-24,2025-03-27,2,54.0,64270000.0,1,16,2.5714285714285716,3060476.1904761903,339,3,2,4,4,244,10,Nguy cơ rời bỏ,7819516667.0,32135000.0,231,81.65
KH-00199,CỬA HÀNG XE ĐẠP TÚ ANH,Thanh Hoá,Miền Trung,2025-03-19,2025-03-24,2,57.0,64070000.0,3,31,1.5833333333333333,1779722.2222222222,342,5,2,3,4,234,9,Nguy cơ rời bỏ,4677110000.0,32035000.0,232,81.75
KH-00371,CÔNG TY TNHH THƯƠNG MẠI LONG PHÚ,Bắc Ninh,Miền Bắc,2026-01-16,2026-02-09,3,40.0,63901840.0,2,19,2.0,3195092.0,20,24,4,5,4,454,13,Loyal,971840483.0,21300613.0,233,81.85
KH-00456,CÔNG TY TNHH THƯƠNG MẠI AN PHÁT,Hà Tĩnh,Miền Trung,2026-01-24,2026-01-24,1,45.0,63827764.0,2,12,3.0,4255184.266666667,36,0,3,2,4,324,9,Trung bình,23297133860.0,63827764.0,234,81.95
KH-00560,CÔNG TY CỔ PHẦN THƯƠNG MẠI NGỌC ANH,Hải Phòng,Miền Bắc,2026-01-30,2026-01-30,1,36.0,63440545.0,1,12,3.0,5286712.083333333,30,0,4,3,4,434,11,Loyal,23155798925.0,63440545.0,235,82.05
KH-00035,CỬA HÀNG XE ĐẠP TÂY BẮC,Đà Nẵng,Miền Trung,2025-01-18,2025-03-28,4,51.0,63200000.0,2,17,2.217391304347826,2747826.086956522,338,69,2,5,4,254,11,Nguy cơ rời bỏ,334318841.0,15800000.0,236,82.15
KH-00467,DOANH NGHIỆP TW TÂY BẮC,Quảng Trị,Miền Trung,2026-01-26,2026-02-13,2,31.0,63071655.0,2,21,1.2916666666666667,2627985.625,16,18,5,4,4,544,13,Champions,1278953004.0,31535828.0,237,82.24
KH-00073,CỬA HÀNG XE ĐẠP KHẢI HOÀN,Thanh Hoá,Miền Trung,2025-02-14,2025-03-31,2,47.0,62612500.0,2,20,2.1363636363636362,2846022.727272727,335,45,3,3,4,334,10,Trung bình,507856944.0,31306250.0,238,82.34
KH-00517,CỬA HÀNG XE ĐẠP PHÚ THỊNH,Hưng Yên,Miền Bắc,2026-01-28,2026-01-28,1,45.0,62083320.0,2,8,5.625,7760415.0,32,0,4,2,4,424,10,Trung bình,22660411800.0,62083320.0,239,82.44
KH-00164,HỘ KINH DOANH XÂY DỰNG,Thân Nhân Trung - TT Bích Động - Việt Yên - Bắc Giang,Miền Bắc,2025-02-26,2025-03-21,2,51.0,61750000.0,3,12,3.923076923076923,4750000.0,345,23,2,3,4,234,9,Nguy cơ rời bỏ,979945652.0,30875000.0,240,82.53
KH-00330,CÔNG TY TNHH THIÊN AN,Hà Giang,Miền Bắc,2025-03-31,2025-03-31,1,56.0,61560000.0,4,29,1.9310344827586208,2122758.620689655,335,0,3,2,4,324,9,Trung bình,22469400000.0,61560000.0,241,82.63
KH-00112,HỘ KINH DOANH TÚ ANH,Khu 2- thị trấn Kim Tân- Thạch Thành - Thanh Hóa,Miền Bắc,2025-02-19,2025-03-19,2,53.0,61441481.0,3,31,1.65625,1920046.28125,347,28,1,3,4,134,8,Ngủ đông,800933592.0,30720740.0,242,82.73
KH-00496,CÔNG TY CỔ PHẦN TOÀN THẮNG,Hà Nội,Miền Bắc,2026-01-27,2026-02-13,2,35.0,61434986.0,1,10,3.5,6143498.6,16,17,5,4,4,544,13,Champions,1319045288.0,30717493.0,243,82.82
KH-00216,HỘ KINH DOANH NGỌC ANH,Hà Nam,Miền Bắc,2025-03-20,2025-03-20,1,51.0,61070000.0,3,15,3.4,4071333.3333333335,346,0,1,1,4,114,6,Đã mất,22290550000.0,61070000.0,244,82.92
KH-00571,CỬA HÀNG XE ĐẠP THUỶ TIÊN,Tuyên Quang,Miền Bắc,2026-01-31,2026-02-13,2,40.0,60770529.0,3,10,3.6363636363636362,5524593.545454546,16,13,5,4,4,544,13,Champions,1706249468.0,30385264.0,245,83.01
KH-00129,CÔNG TY CỔ PHẦN LÊ ANH,Tĩnh Thanh Hoá,Miền Bắc,2025-02-20,2025-02-20,1,51.0,60307929.0,4,22,2.3181818181818183,2741269.5,374,0,1,1,4,114,6,Đã mất,22012394085.0,60307929.0,246,83.1
KH-00080,HỘ KINH DOANH VĨNH PHÁT,Hà Nội,Miền Bắc,2025-02-14,2025-02-14,1,50.0,60020000.0,1,19,2.6315789473684212,3158947.3684210526,380,0,1,1,4,114,6,Đã mất,21907300000.0,60020000.0,247,83.2
KH-00325,HỘ KINH DOANH THANH BÌNH,Hạ Long,Miền Bắc,2025-03-31,2025-03-31,1,38.0,59956468.0,1,7,5.428571428571429,8565209.714285715,335,0,3,2,4,324,9,Trung bình,21884110820.0,59956468.0,248,83.29
KH-00237,DOANH NGHIỆP TW LÊ ANH,Tuyên Quang,Miền Bắc,2025-03-21,2025-03-22,2,64.0,59932962.0,5,19,3.2,2996648.1,344,1,2,3,3,233,8,Nguy cơ rời bỏ,21875531130.0,29966481.0,249,83.38
KH-00432,CÔNG TY TNHH THƯƠNG MẠI THUỶ TIÊN,Hà Nội,Miền Bắc,2026-01-24,2026-02-12,2,43.0,59849515.0,3,27,1.5357142857142858,2137482.6785714286,17,19,5,4,3,543,12,Champions,1149740683.0,29924758.0,250,83.48
KH-00438,CỬA HÀNG XE ĐẠP ĐẠI LỢI,Hưng Yên,Miền Bắc,2026-01-24,2026-02-05,2,35.0,59563322.0,2,9,3.888888888888889,6618146.888888889,24,12,4,4,3,443,11,Loyal,1811717711.0,29781661.0,251,83.57
KH-00221,CÔNG TY CỔ PHẦN VĨNH PHÁT,Hưng Yên,Miền Bắc,2025-03-20,2025-03-27,2,51.0,59460000.0,2,17,2.4285714285714284,2831428.5714285714,339,7,2,3,3,233,8,Nguy cơ rời bỏ,3100414286.0,29730000.0,252,83.66
KH-00621,CÔNG TY TNHH SƠN HÀ,Hưng Yên,Miền Bắc,2026-02-07,2026-02-07,1,40.0,59162297.0,2,15,2.6666666666666665,3944153.1333333333,22,0,4,3,3,433,10,Loyal,21594238405.0,59162297.0,253,83.75
KH-00252,CÔNG TY TNHH TÂY BẮC,Hà Nội,Miền Bắc,2025-03-22,2025-03-22,1,44.0,59107574.0,4,25,1.76,2364302.96,344,0,2,1,3,213,6,Trung bình,21574264510.0,59107574.0,254,83.85
KH-00518,CÔNG TY TNHH THƯƠNG MẠI VĨNH PHÁT,Hưng Yên,Miền Bắc,2026-01-28,2026-02-24,2,42.0,58840357.0,3,22,1.826086956521739,2558276.3913043477,5,27,5,4,3,543,12,Champions,795434456.0,29420178.0,255,83.94
KH-00205,CỬA HÀNG XE ĐẠP QUANG VINH,Hạ Long,Miền Bắc,2025-03-20,2025-03-20,1,57.0,58740000.0,4,19,3.0,3091578.947368421,346,0,1,1,3,113,5,Đã mất,21440100000.0,58740000.0,256,84.03
KH-00268,CÔNG TY CỔ PHẦN THƯƠNG MẠI TRƯỜNG THỊNH,Hà Nội,Miền Bắc,2025-03-25,2025-03-25,1,50.0,58140000.0,2,17,2.9411764705882355,3420000.0,341,0,2,1,3,213,6,Trung bình,21221100000.0,58140000.0,257,84.12
KH-00255,CÔNG TY TNHH PHÚ THỊNH,Hải Dương,Miền Bắc,2025-03-24,2025-03-27,2,53.0,58060000.0,4,28,1.5588235294117647,1707647.0588235294,339,3,2,3,3,233,8,Nguy cơ rời bỏ,7063966667.0,29030000.0,258,84.21
KH-00384,CỬA HÀNG XE ĐẠP PHÚC AN,TP Hải Phòng,Miền Bắc,2026-01-16,2026-02-04,2,37.0,57944428.0,2,20,1.6818181818181819,2633837.6363636362,25,19,4,4,3,443,11,Loyal,1113142959.0,28972214.0,259,84.3
KH-00110,CỬA HÀNG XE ĐẠP TÂY BẮC,Hà Nội,Miền Bắc,2025-02-19,2025-03-24,2,49.0,57900000.0,3,24,1.4848484848484849,1754545.4545454546,342,33,2,3,3,233,8,Nguy cơ rời bỏ,640409091.0,28950000.0,260,84.39
KH-00202,CÔNG TY CỔ PHẦN XUÂN MAI,Hà Nội,Miền Bắc,2025-03-19,2025-03-21,2,50.0,57790000.0,3,17,2.272727272727273,2626818.1818181816,345,2,2,3,3,233,8,Nguy cơ rời bỏ,10546675000.0,28895000.0,261,84.48
KH-00284,HỘ KINH DOANH NGỌC ANH,Hưng Yên,Miền Bắc,2025-03-25,2026-01-24,2,44.0,57562772.0,2,18,2.0952380952380953,2741084.380952381,36,305,3,4,3,343,10,Có tiềm năng,68886596.0,28781386.0,262,84.57
KH-00270,DOANH NGHIỆP TW TÚ ANH,Phú Thọ,Miền Bắc,2025-03-25,2025-03-25,1,50.0,57290000.0,2,19,2.6315789473684212,3015263.1578947366,341,0,2,1,3,213,6,Trung bình,20910850000.0,57290000.0,263,84.66
KH-00575,CÔNG TY CỔ PHẦN THƯƠNG MẠI NAM TIẾN,Quảng Ninh,Miền Bắc,2026-01-31,2026-01-31,1,35.0,57141645.0,1,7,5.0,8163092.142857143,29,0,4,3,3,433,10,Loyal,20856700425.0,57141645.0,264,84.75
KH-00116,HỘ KINH DOANH TOÀN THẮNG,Hưng Yên,Miền Bắc,2025-02-19,2025-02-19,1,50.0,57090000.0,2,14,3.5714285714285716,4077857.1428571427,375,0,1,1,3,113,5,Đã mất,20837850000.0,57090000.0,265,84.84
KH-00200,CÔNG TY CỔ PHẦN TOÀN THẮNG,Hà Nội,Miền Bắc,2025-03-19,2025-03-27,2,44.0,56517000.0,3,19,2.2,2825850.0,339,8,2,3,3,233,8,Nguy cơ rời bỏ,2578588125.0,28258500.0,266,84.92
KH-00392,HỘ KINH DOANH SƠN HÀ,Hà Tĩnh,Miền Trung,2026-01-19,2026-02-24,2,36.0,56393317.0,2,12,2.4,3759554.466666667,5,36,5,4,3,543,12,Champions,571765575.0,28196658.0,267,85.01
KH-00389,CÔNG TY CỔ PHẦN TRƯỜNG THỊNH,Thanh Hoá,Miền Trung,2026-01-19,2026-02-26,2,35.0,56069708.0,3,19,1.75,2803485.4,3,38,5,4,3,543,12,Champions,538564301.0,28034854.0,268,85.1
KH-00327,CÔNG TY TNHH MẶT TRỜI,Vĩnh Phúc,Miền Bắc,2025-03-31,2025-03-31,1,47.0,55970000.0,1,14,3.357142857142857,3997857.1428571427,335,0,3,2,3,323,8,Trung bình,20429050000.0,55970000.0,269,85.19
KH-00471,CÔNG TY CỔ PHẦN TRÍ ĐỨC,Hà Tĩnh,Miền Trung,2026-01-26,2026-01-26,1,40.0,55482205.0,3,17,2.3529411764705883,3263659.117647059,34,0,3,2,3,323,8,Trung bình,20251004825.0,55482205.0,270,85.27
KH-00531,CÔNG TY TNHH THƯƠNG MẠI VẠN LỢI,Hà Nội,Miền Bắc,2026-01-28,2026-02-05,2,31.0,55249433.0,4,18,1.7222222222222223,3069412.9444444445,24,8,4,4,3,443,11,Loyal,2520755381.0,27624716.0,271,85.36
KH-00285,CÔNG TY TNHH ĐÔNG NAM,Hà Nội,Miền Bắc,2025-03-25,2025-03-26,2,43.0,55041000.0,4,17,2.5294117647058822,3237705.882352941,340,1,2,4,3,243,9,Nguy cơ rời bỏ,20089965000.0,27520500.0,272,85.44
KH-00190,HỘ KINH DOANH XÂY DỰNG,Hà Nội,Miền Bắc,2025-03-18,2025-03-20,3,47.0,54567000.0,4,21,2.0434782608695654,2372478.2608695654,346,2,1,4,3,143,8,Không thể mất,9958477500.0,18189000.0,273,85.53
KH-00283,CỬA HÀNG XE ĐẠP TRƯỜNG THỊNH,Hưng Yên,Miền Bắc,2025-03-25,2025-03-27,2,46.0,54240000.0,1,19,2.090909090909091,2465454.5454545454,339,2,2,4,3,243,9,Nguy cơ rời bỏ,9898800000.0,27120000.0,274,85.61
KH-00201,HỘ KINH DOANH XUÂN MAI,Hải Dương,Miền Bắc,2025-03-19,2025-03-19,1,40.0,54234212.0,5,28,1.4285714285714286,1936936.142857143,347,0,1,1,3,113,5,Đã mất,19795487380.0,54234212.0,275,85.7
KH-00597,CÔNG TY TNHH THƯƠNG MẠI PHÚ THỊNH,TP Hải Phòng,Miền Bắc,2026-02-04,2026-02-04,1,36.0,54138131.0,3,22,1.6363636363636365,2460824.1363636362,25,0,4,3,3,433,10,Loyal,19760417815.0,54138131.0,276,85.78
KH-00368,HỘ KINH DOANH HOÀ BÌNH,Hà Nội,Miền Bắc,2026-01-16,2026-01-16,1,32.0,54000819.0,3,16,2.0,3375051.1875,44,0,3,2,3,323,8,Trung bình,19710298935.0,54000819.0,277,85.86
KH-00119,DOANH NGHIỆP TW MẶT TRỜI,Hà Nội,Miền Bắc,2025-02-20,2025-03-25,2,45.0,53513597.0,4,31,1.2857142857142858,1528959.9142857143,341,33,2,3,3,233,8,Nguy cơ rời bỏ,591892815.0,26756798.0,278,85.95
KH-00588,CÔNG TY CỔ PHẦN TÂY BẮC,Hà Nội,Miền Bắc,2026-01-31,2026-02-12,2,33.0,53298878.0,2,14,2.357142857142857,3807062.714285714,17,12,5,4,3,543,12,Champions,1621174206.0,26649439.0,279,86.03
KH-00434,HỘ KINH DOANH TRƯỜNG THỊNH,Hà Nội,Miền Bắc,2026-01-24,2026-02-10,2,35.0,53260355.0,3,25,1.25,1902155.5357142857,19,17,5,4,3,543,12,Champions,1143531151.0,26630178.0,280,86.11
KH-00138,CÔNG TY TNHH THƯƠNG MẠI VĨNH PHÁT,Thái Bình,Miền Bắc,2025-02-22,2025-02-22,1,50.0,52850000.0,3,26,1.9230769230769231,2032692.3076923077,372,0,1,1,3,113,5,Đã mất,19290250000.0,52850000.0,281,86.2
KH-00527,CÔNG TY CỔ PHẦN THƯƠNG MẠI HOÀ BÌNH,Hà Nội,Miền Bắc,2026-01-28,2026-02-27,2,34.0,52840355.0,2,21,1.36,2113614.2,2,30,5,4,3,543,12,Champions,642890986.0,26420178.0,282,86.28
KH-00269,HỘ KINH DOANH AN PHÁT,Phú Thọ,Miền Bắc,2025-03-25,2025-03-25,1,50.0,52678500.0,4,31,1.6129032258064515,1699306.4516129033,341,0,2,1,3,213,6,Trung bình,19227652500.0,52678500.0,283,86.36
KH-00543,CÔNG TY CỔ PHẦN SƠN HÀ,Hà Nội,Miền Bắc,2026-01-29,2026-02-24,2,31.0,52429986.0,3,21,1.1071428571428572,1872499.5,5,26,5,4,3,543,12,Champions,736036342.0,26214993.0,284,86.44
KH-00115,CÔNG TY CỔ PHẦN YÊN BÌNH,Thanh Hóa,Miền Trung,2025-02-19,2025-03-31,2,50.0,52250000.0,3,29,1.3157894736842106,1375000.0,335,40,3,3,3,333,9,Trung bình,476781250.0,26125000.0,285,86.52
KH-00096,CÔNG TY TNHH THƯƠNG MẠI SƠN HÀ,Hà Nội,Miền Bắc,2025-02-17,2025-03-18,2,42.0,52127000.0,3,20,1.6153846153846154,2004884.6153846155,348,29,1,3,3,133,7,Ngủ đông,656081207.0,26063500.0,286,86.6
KH-00612,DOANH NGHIỆP TW XÂY DỰNG,TP Hải Phòng,Miền Bắc,2026-02-05,2026-02-05,1,35.0,52107022.0,3,23,1.4,2084280.88,24,0,4,3,3,433,10,Loyal,19019063030.0,52107022.0,287,86.68
KH-00209,CÔNG TY TNHH THƯƠNG MẠI VIỆT ANH,TP Hải Phòng,Miền Bắc,2025-03-20,2025-03-28,2,46.0,52103683.0,4,23,2.0,2265377.5217391304,338,8,2,3,3,233,8,Nguy cơ rời bỏ,2377230537.0,26051842.0,288,86.77
KH-00365,CÔNG TY CỔ PHẦN THƯƠNG MẠI TRÍ ĐỨC,Hà Nội,Miền Bắc,2026-01-16,2026-02-24,2,35.0,52021369.0,4,21,1.4,2080854.76,5,39,5,4,3,543,12,Champions,486866659.0,26010684.0,289,86.85
KH-00196,CÔNG TY CỔ PHẦN NAM TIẾN,Bắc Ninh,Miền Bắc,2025-03-19,2025-03-27,3,46.0,51900000.0,2,21,2.090909090909091,2359090.909090909,339,8,2,5,3,253,10,Nguy cơ rời bỏ,2367937500.0,17300000.0,290,86.93
KH-00063,HỘ KINH DOANH VẠN LỢI,Bắc Giang,Miền Bắc,2025-02-10,2025-03-28,2,28.0,51715148.0,2,8,2.8,5171514.8,338,46,2,3,3,233,8,Nguy cơ rời bỏ,410348457.0,25857574.0,291,87.01
KH-00282,CÔNG TY TNHH THƯƠNG MẠI LONG PHÚ,Hà Nội,Miền Bắc,2025-03-25,2025-03-28,3,45.0,51690000.0,3,12,2.8125,3230625.0,338,3,2,5,3,253,10,Nguy cơ rời bỏ,6288950000.0,17230000.0,292,87.09
KH-00092,CÔNG TY CỔ PHẦN THƯƠNG MẠI XUÂN MAI,Hà Nội,Miền Bắc,2025-02-17,2025-03-31,3,40.0,51482643.0,2,9,2.5,3217665.1875,335,42,3,4,3,343,10,Có tiềm năng,447408683.0,17160881.0,293,87.17
KH-00459,CÔNG TY CỔ PHẦN TOÀN THẮNG,Hà Nội,Miền Bắc,2026-01-24,2026-01-31,2,31.0,51079989.0,3,12,2.2142857142857144,3648570.6428571427,29,7,4,4,3,443,11,Loyal,2663456569.0,25539994.0,294,87.25
KH-00028,DOANH NGHIỆP TW PHÚ THỊNH,Phú Thọ,Miền Bắc,2025-01-15,2025-03-28,2,43.0,51050000.0,4,18,1.7916666666666667,2127083.3333333335,338,72,2,3,3,233,8,Nguy cơ rời bỏ,258795139.0,25525000.0,295,87.33
KH-00442,CÔNG TY TNHH HOÀ BÌNH,Phú Thọ,Miền Bắc,2026-01-24,2026-01-28,2,31.0,50945544.0,1,7,3.4444444444444446,5660616.0,32,4,4,4,3,443,11,Loyal,4648780890.0,25472772.0,296,87.41
KH-00344,CÔNG TY TNHH PHÚC AN,Phú Thọ,Miền Bắc,2026-01-12,2026-01-12,1,17.0,50565548.0,0,7,2.4285714285714284,7223649.714285715,48,0,3,2,3,323,8,Trung bình,18456425020.0,50565548.0,297,87.48
KH-00472,CÔNG TY CỔ PHẦN TRÍ ĐỨC,Hà Nội,Miền Bắc,2026-01-26,2026-01-28,2,30.0,50409246.0,4,23,1.25,2100385.25,32,2,4,4,3,443,11,Loyal,9199687395.0,25204623.0,298,87.56
KH-00433,CÔNG TY CỔ PHẦN THƯƠNG MẠI TRƯỜNG THỊNH,Hà Nội,Miền Bắc,2026-01-24,2026-01-24,1,30.0,49297210.0,1,21,1.4285714285714286,2347486.1904761903,36,0,3,2,3,323,8,Trung bình,17993481650.0,49297210.0,299,87.64
KH-00261,CÔNG TY TNHH THƯƠNG MẠI VẠN LỢI,Hà Nội,Miền Bắc,2025-03-24,2025-03-24,1,42.0,49160000.0,2,20,2.1,2458000.0,342,0,2,1,3,213,6,Trung bình,17943400000.0,49160000.0,300,87.72
KH-00502,CỬA HÀNG XE ĐẠP BÌNH MINH,Hà Nội,Miền Bắc,2026-01-28,2026-02-26,3,30.0,48760915.0,3,16,1.3043478260869565,2120039.782608696,3,29,5,5,3,553,13,Champions,613714965.0,16253638.0,301,87.79
KH-00059,CÔNG TY TNHH TRÍ ĐỨC,Hải Dương,Miền Bắc,2025-02-10,2025-02-10,1,42.0,48680000.0,2,15,2.8,3245333.3333333335,384,0,1,1,3,113,5,Đã mất,17768200000.0,48680000.0,302,87.87
KH-00117,HỘ KINH DOANH YÊN BÌNH,Hưng yên,Miền Bắc,2025-02-19,2025-03-31,2,42.0,48490000.0,2,11,2.8,3232666.6666666665,335,40,3,3,3,333,9,Trung bình,442471250.0,24245000.0,303,87.94
KH-00127,CỬA HÀNG XE ĐẠP TÂN TIẾN,Hà Nam,Miền Bắc,2025-02-20,2025-02-20,1,40.0,48240000.0,1,6,6.666666666666667,8040000.0,374,0,1,1,3,113,5,Đã mất,17607600000.0,48240000.0,304,88.02
KH-00614,CỬA HÀNG XE ĐẠP NAM TIẾN,Quảng Ninh,Miền Bắc,2026-02-05,2026-02-05,1,30.0,48134990.0,3,23,1.3043478260869565,2092825.652173913,24,0,4,3,3,433,10,Loyal,17569271350.0,48134990.0,305,88.09
KH-00068,CÔNG TY CỔ PHẦN SÁN LẠP,Vĩnh Phúc,Miền Bắc,2025-02-10,2025-03-18,3,56.0,48010000.0,2,14,3.111111111111111,2667222.222222222,348,36,1,4,3,143,8,Không thể mất,486768056.0,16003333.0,306,88.17
KH-00609,DOANH NGHIỆP TW NGỌC ANH,Hưng Yên,Miền Bắc,2026-02-05,2026-02-12,2,35.0,47958781.0,3,16,2.1875,2997423.8125,17,7,5,4,3,543,12,Champions,2500707866.0,23979390.0,307,88.24
KH-00561,CÔNG TY TNHH THƯƠNG MẠI VĨNH PHÁT,Bắc Ninh,Miền Bắc,2026-01-30,2026-01-30,1,29.0,47910731.0,2,23,1.2083333333333333,1996280.4583333333,30,0,4,3,3,433,10,Loyal,17487416815.0,47910731.0,308,88.32
KH-00192,HỘ KINH DOANH KHẢI HOÀN,Hà Nội,Miền Bắc,2025-03-19,2025-03-31,3,42.0,47910000.0,4,28,1.2352941176470589,1409117.6470588236,335,12,3,4,3,343,10,Có tiềm năng,1457262500.0,15970000.0,309,88.39
KH-00278,CÔNG TY TNHH QUANG VINH,Hà Nội,Miền Bắc,2025-03-25,2025-03-25,1,40.0,47790000.0,1,11,3.6363636363636362,4344545.454545454,341,0,2,2,3,223,7,Ngủ đông,17443350000.0,47790000.0,310,88.46
KH-00512,CÔNG TY TNHH ĐẠI DƯƠNG,Phú Thọ,Miền Bắc,2026-01-28,2026-02-26,2,25.0,47577767.0,2,17,1.3157894736842106,2504093.0,3,29,5,4,3,543,12,Champions,598823619.0,23788884.0,311,88.54
KH-00435,DOANH NGHIỆP TW NGỌC ANH,Hà Nội,Miền Bắc,2026-01-24,2026-02-13,3,31.0,47539618.0,4,19,1.4090909090909092,2160891.727272727,16,20,5,5,3,553,13,Champions,867598028.0,15846539.0,312,88.61
KH-00373,DOANH NGHIỆP TW THIÊN AN,Hưng Yên,Miền Bắc,2026-01-16,2026-01-16,2,29.0,47111094.0,2,4,7.25,11777773.5,44,0,3,4,3,343,10,Có tiềm năng,17195549310.0,23555547.0,313,88.69
KH-00085,CÔNG TY CỔ PHẦN THƯƠNG MẠI NGỌC ANH,Hà Nội,Miền Bắc,2025-02-14,2025-03-27,2,40.0,46780000.0,2,12,2.857142857142857,3341428.5714285714,339,41,2,3,3,233,8,Nguy cơ rời bỏ,416456098.0,23390000.0,314,88.76
KH-00312,DOANH NGHIỆP TW HOÀ BÌNH,Quảng Ninh,Miền Bắc,2025-03-28,2025-03-28,1,40.0,46750000.0,2,9,4.444444444444445,5194444.444444444,338,0,2,2,3,223,7,Ngủ đông,17063750000.0,46750000.0,315,88.83
KH-00128,HỘ KINH DOANH TÂY BẮC,Thanh Hóa,Miền Trung,2025-02-20,2025-02-20,1,40.0,46560000.0,2,12,3.3333333333333335,3880000.0,374,0,1,1,3,113,5,Đã mất,16994400000.0,46560000.0,316,88.9
KH-00036,CÔNG TY TNHH THƯƠNG MẠI PHÚC AN,Hà Nội,Miền Bắc,2025-01-20,2025-02-07,3,7.0,46324073.0,1,2,2.3333333333333335,15441357.666666666,387,18,1,4,3,143,8,Không thể mất,939349258.0,15441358.0,317,88.98
KH-00570,HỘ KINH DOANH TOÀN THẮNG,Hải Phòng,Miền Bắc,2026-01-30,2026-02-04,3,30.0,45885445.0,3,11,2.5,3823787.0833333335,25,5,4,5,3,453,12,Loyal,3349637485.0,15295148.0,318,89.05
KH-00615,CÔNG TY CỔ PHẦN THƯƠNG MẠI QUANG VINH,Hải Phòng,Miền Bắc,2026-02-05,2026-02-05,1,25.0,45789063.0,3,19,1.3157894736842106,2409950.6842105263,24,0,4,3,3,433,10,Loyal,16713007995.0,45789063.0,319,89.12
KH-00569,CÔNG TY TNHH VẠN LỢI,TP Huế,Miền Bắc,2026-01-30,2026-02-13,2,33.0,45522665.0,3,18,1.736842105263158,2395929.736842105,16,14,5,4,3,543,12,Champions,1186840909.0,22761332.0,320,89.19
KH-00358,CÔNG TY TNHH SƠN HÀ,Thanh Hóa,Miền Trung,2026-01-13,2026-02-26,2,31.0,45427487.0,2,19,1.4761904761904763,2163213.6666666665,3,44,5,4,3,543,12,Champions,376841654.0,22713744.0,321,89.26
KH-00081,CÔNG TY TNHH THƯƠNG MẠI KHẢI HOÀN,Hưng Yên,Miền Bắc,2025-02-14,2025-02-14,1,40.0,45220000.0,4,20,2.0,2261000.0,380,0,1,1,3,113,5,Đã mất,16505300000.0,45220000.0,322,89.33
KH-00482,CỬA HÀNG XE ĐẠP KHẢI HOÀN,Hà Nội,Miền Bắc,2026-01-27,2026-01-27,1,23.0,44872212.0,1,16,1.3529411764705883,2639541.882352941,33,0,3,2,3,323,8,Trung bình,16378357380.0,44872212.0,323,89.4
KH-00273,CÔNG TY TNHH THƯƠNG MẠI PHÚ THỊNH,Vĩnh Phúc,Miền Bắc,2025-03-25,2025-03-25,1,40.0,44730000.0,3,17,2.3529411764705883,2631176.470588235,341,0,2,2,3,223,7,Ngủ đông,16326450000.0,44730000.0,324,89.47
KH-00525,CỬA HÀNG XE ĐẠP SÁN LẠP,Hưng Yên,Miền Bắc,2026-01-28,2026-01-28,1,25.0,44550175.0,1,11,1.9230769230769231,3426936.5384615385,32,0,4,2,3,423,9,Trung bình,16260813875.0,44550175.0,325,89.54
KH-00430,CÔNG TY CỔ PHẦN BÌNH MINH,Hà Nội,Miền Bắc,2026-01-24,2026-01-26,2,29.0,44446658.0,2,13,2.230769230769231,3418973.6923076925,34,2,3,4,3,343,10,Có tiềm năng,8111515085.0,22223329.0,326,89.61
KH-00566,DOANH NGHIỆP TW PHÚ THỊNH,Hải Phòng,Miền Bắc,2026-01-30,2026-01-30,1,25.0,44172215.0,1,8,3.125,5521526.875,30,0,4,3,3,433,10,Loyal,16122858475.0,44172215.0,327,89.68
KH-00585,CÔNG TY TNHH TÂY BẮC,Tuyên Quang,Miền Bắc,2026-01-31,2026-01-31,1,30.0,44041190.0,2,10,3.0,4404119.0,29,0,4,3,3,433,10,Loyal,16075034350.0,44041190.0,328,89.74
KH-00254,CỬA HÀNG XE ĐẠP ĐÔNG NAM,Hà Nam,Miền Bắc,2025-03-24,2025-03-25,2,29.0,43942860.0,3,20,1.380952380952381,2092517.142857143,341,1,2,3,3,233,8,Nguy cơ rời bỏ,16039143900.0,21971430.0,329,89.81
KH-00272,CÔNG TY TNHH THƯƠNG MẠI VĨNH PHÁT,Vĩnh Phúc,Miền Bắc,2025-03-25,2025-03-31,2,38.0,43920000.0,2,21,1.52,1756800.0,335,6,3,4,3,343,10,Có tiềm năng,2671800000.0,21960000.0,330,89.88
KH-00099,CÔNG TY TNHH NGỌC ANH,Hà Nội,Miền Bắc,2025-02-17,2025-02-17,1,39.0,43710000.0,4,24,1.625,1821250.0,377,0,1,1,3,113,5,Đã mất,15954150000.0,43710000.0,331,89.95
KH-00082,CÔNG TY TNHH THƯƠNG MẠI PHÚC AN,Vĩnh Phúc,Miền Bắc,2025-02-14,2025-02-14,1,31.0,43600000.0,2,11,2.8181818181818183,3963636.3636363638,380,0,1,1,3,113,5,Đã mất,15914000000.0,43600000.0,332,90.02
KH-00559,CÔNG TY TNHH THƯƠNG MẠI TÂY BẮC,Thanh Hóa,Miền Trung,2026-01-30,2026-01-30,1,21.0,43414990.0,2,10,2.1,4341499.0,30,0,4,3,3,433,10,Loyal,15846471350.0,43414990.0,333,90.08
KH-00454,HỘ KINH DOANH LONG PHÚ,Phú Thọ,Miền Bắc,2026-01-24,2026-01-24,1,20.0,42573326.0,2,14,1.4285714285714286,3040951.8571428573,36,0,3,2,3,323,8,Trung bình,15539263990.0,42573326.0,334,90.15
KH-00316,CÔNG TY CỔ PHẦN THƯƠNG MẠI THUỶ TIÊN,Hà Nội,Miền Bắc,2025-03-28,2025-03-28,1,30.0,42392500.0,3,16,1.875,2649531.25,338,0,2,2,3,223,7,Ngủ đông,15473262500.0,42392500.0,335,90.22
KH-00136,CÔNG TY CỔ PHẦN NGỌC ANH,Tây Bình Cách - Xã Đông Xá - Huyện Đông Hưng - Thái Bình.,Miền Bắc,2025-02-22,2025-02-22,1,38.0,42370000.0,4,25,1.52,1694800.0,372,0,1,1,3,113,5,Đã mất,15465050000.0,42370000.0,336,90.28
KH-00222,CÔNG TY CỔ PHẦN TÂN TIẾN,Hà Nội,Miền Bắc,2025-03-20,2025-03-31,2,35.0,42161481.0,4,18,1.75,2108074.05,335,11,3,3,3,333,9,Trung bình,1398994597.0,21080740.0,337,90.35
KH-00281,CỬA HÀNG XE ĐẠP PHÚC AN,Thanh Hoá,Miền Trung,2025-03-25,2025-03-25,1,32.0,42075286.0,4,17,1.8823529411764706,2475016.8235294116,341,0,2,2,3,223,7,Ngủ đông,15357479390.0,42075286.0,338,90.41
KH-00094,HỘ KINH DOANH SÁN LẠP,Phú Thọ,Miền Bắc,2025-02-17,2025-03-31,2,36.0,41790000.0,3,15,1.894736842105263,2199473.6842105263,335,42,3,3,3,333,9,Trung bình,363175000.0,20895000.0,339,90.48
KH-00170,CỬA HÀNG XE ĐẠP TRƯỜNG THỊNH,Ninh Bình,Miền Bắc,2025-02-26,2025-02-26,1,36.0,41700000.0,2,24,1.5,1737500.0,368,0,1,1,3,113,5,Đã mất,15220500000.0,41700000.0,340,90.54
KH-00113,DOANH NGHIỆP TW XÂY DỰNG,Thanh Hoá,Miền Trung,2025-02-19,2026-01-24,2,30.0,41439439.0,1,14,2.142857142857143,2959959.9285714286,36,339,3,3,3,333,9,Trung bình,44617685.0,20719720.0,341,90.61
KH-00227,CÔNG TY TNHH THƯƠNG MẠI TRÍ ĐỨC,Bắc Ninh,Miền Bắc,2025-03-21,2025-03-21,1,35.0,40920000.0,2,16,2.1875,2557500.0,345,0,2,1,3,213,6,Trung bình,14935800000.0,40920000.0,342,90.67
KH-00162,CÔNG TY CỔ PHẦN THƯƠNG MẠI CHI THÀNH,Hà Nội,Miền Bắc,2025-02-26,2026-02-12,3,30.0,40881103.0,2,21,1.3636363636363635,1858231.9545454546,17,351,5,4,3,543,12,Champions,42511688.0,13627034.0,343,90.73
KH-00546,CÔNG TY CỔ PHẦN SÁN LẠP,Quảng Trị,Miền Trung,2026-01-29,2026-01-29,1,23.0,40747215.0,1,15,1.5333333333333334,2716481.0,31,0,4,3,3,433,10,Loyal,14872733475.0,40747215.0,344,90.8
KH-00603,CÔNG TY CỔ PHẦN QUANG VINH,Đà Nẵng,Miền Trung,2026-02-04,2026-02-04,1,25.0,40402775.0,1,2,12.5,20201387.5,25,0,4,3,3,433,10,Loyal,14747012875.0,40402775.0,345,90.86
KH-00498,CỬA HÀNG XE ĐẠP MINH PHƯƠNG,Hưng Yên,Miền Bắc,2026-01-27,2026-02-12,2,25.0,40158694.0,3,14,1.6666666666666667,2677246.2666666666,17,16,5,4,3,543,12,Champions,916120207.0,20079347.0,346,90.92
KH-00311,CÔNG TY TNHH THƯƠNG MẠI QUANG VINH,Quảng Ninh,Miền Bắc,2025-03-28,2025-03-28,1,30.0,39960000.0,2,14,2.142857142857143,2854285.714285714,338,0,2,2,3,223,7,Ngủ đông,14585400000.0,39960000.0,347,90.99
KH-00437,DOANH NGHIỆP TW HÙNG CƯỜNG,Hưng Yên,Miền Bắc,2026-01-24,2026-02-27,2,25.0,39942769.0,2,16,1.1904761904761905,1902036.619047619,2,34,5,4,3,543,12,Champions,428797373.0,19971384.0,348,91.05
KH-00474,HỘ KINH DOANH MẶT TRỜI,Hưng Yên,Miền Bắc,2026-01-26,2026-01-26,1,24.0,39804429.0,1,10,2.4,3980442.9,34,0,3,2,3,323,8,Trung bình,14528616585.0,39804429.0,349,91.11
KH-00257,HỘ KINH DOANH PHÚC AN,Hà Nội,Miền Bắc,2025-03-24,2025-03-28,2,36.0,39541481.0,3,13,2.0,2196748.9444444445,338,4,2,3,3,233,8,Nguy cơ rời bỏ,3608160141.0,19770740.0,350,91.17
KH-00351,CÔNG TY TNHH AN PHÁT,Bắc Ninh,Miền Bắc,2026-01-12,2026-01-12,1,25.0,39405545.0,2,14,1.7857142857142858,2814681.785714286,48,0,3,2,3,323,8,Trung bình,14383023925.0,39405545.0,351,91.23
KH-00258,CỬA HÀNG XE ĐẠP HOÀ BÌNH,Hà Nội,Miền Bắc,2025-03-24,2025-03-28,2,36.0,39361481.0,3,13,2.25,2460092.5625,338,4,2,4,3,243,9,Nguy cơ rời bỏ,3591735141.0,19680740.0,352,91.29
KH-00240,CÔNG TY CỔ PHẦN TRÍ ĐỨC,Sơn La,Miền Bắc,2025-03-21,2025-03-21,1,35.0,39050000.0,1,11,3.1818181818181817,3550000.0,345,0,2,1,3,213,6,Trung bình,14253250000.0,39050000.0,353,91.35
KH-00074,CÔNG TY TNHH THƯƠNG MẠI HOÀ BÌNH,Hòa Bình,Miền Bắc,2025-02-14,2026-01-27,3,35.0,39028607.0,3,28,1.0606060606060606,1182685.0606060605,33,347,3,4,3,343,10,Có tiềm năng,41053146.0,13009536.0,354,91.41
KH-00510,CỬA HÀNG XE ĐẠP NGỌC ANH,Bắc Ninh,Miền Bắc,2026-01-28,2026-02-12,2,24.0,38976104.0,1,8,1.8461538461538463,2998161.846153846,17,15,5,4,3,543,12,Champions,948418531.0,19488052.0,355,91.48
KH-00308,CÔNG TY TNHH THIÊN AN,Cường Tráng - An Thịnh - Lương Tài - Bắc Ninh,Miền Bắc,2025-03-28,2025-03-28,1,31.0,38840000.0,4,20,1.55,1942000.0,338,0,2,2,3,223,7,Ngủ đông,14176600000.0,38840000.0,356,91.54
KH-00195,CỬA HÀNG XE ĐẠP BÌNH MINH,Hà Nội,Miền Bắc,2025-03-19,2025-03-25,2,34.0,38790000.0,4,24,1.36,1551600.0,341,6,2,3,3,233,8,Nguy cơ rời bỏ,2359725000.0,19395000.0,357,91.6
KH-00429,CỬA HÀNG XE ĐẠP XUÂN MAI,Quảng Ninh,Miền Bắc,2026-01-24,2026-01-24,1,26.0,38662392.0,4,23,1.1304347826086956,1680973.5652173914,36,0,3,2,3,323,8,Trung bình,14111773080.0,38662392.0,358,91.66
KH-00547,DOANH NGHIỆP TW THANH BÌNH,Quảng Ngãi,Miền Trung,2026-01-29,2026-02-13,2,24.0,38227772.0,1,9,1.8461538461538463,2940597.846153846,16,15,5,4,3,543,12,Champions,930209119.0,19113886.0,359,91.72
KH-00246,CỬA HÀNG XE ĐẠP TRƯỜNG THỊNH,Hà Nội,Miền Bắc,2025-03-22,2025-03-25,2,30.0,38184000.0,4,23,1.3043478260869565,1660173.9130434783,341,3,2,3,3,233,8,Nguy cơ rời bỏ,4645720000.0,19092000.0,360,91.77
KH-00376,CÔNG TY TNHH THƯƠNG MẠI AN PHÁT,Hà Nội,Miền Bắc,2026-01-16,2026-02-13,2,25.0,38117024.0,3,17,1.1904761904761905,1815096.380952381,16,28,5,4,3,543,12,Champions,496882634.0,19058512.0,361,91.83
KH-00328,CÔNG TY CỔ PHẦN PHÚC AN,Vĩnh Phúc,Miền Bắc,2025-03-31,2025-03-31,1,30.0,37780000.0,3,21,1.4285714285714286,1799047.619047619,335,0,3,2,3,323,8,Trung bình,13789700000.0,37780000.0,362,91.89
KH-00249,HỘ KINH DOANH PHÚC AN,Thanh Hóa,Miền Trung,2025-03-22,2025-03-22,1,30.0,37560000.0,2,11,2.727272727272727,3414545.4545454546,344,0,2,1,3,213,6,Trung bình,13709400000.0,37560000.0,363,91.95
KH-00439,DOANH NGHIỆP TW THUỶ TIÊN,Nghệ An,Miền Trung,2026-01-24,2026-01-24,1,22.0,37204436.0,3,11,1.6923076923076923,2861879.6923076925,36,0,3,2,3,323,8,Trung bình,13579619140.0,37204436.0,364,92.01
KH-00215,DOANH NGHIỆP TW LÊ ANH,Hà Tĩnh,Miền Trung,2025-03-20,2025-03-31,2,36.0,37160000.0,5,24,1.5,1548333.3333333333,335,11,3,3,3,333,9,Trung bình,1233036364.0,18580000.0,365,92.07
KH-00440,CÔNG TY TNHH THƯƠNG MẠI ĐÔNG NAM,Hà Nội,Miền Bắc,2026-01-24,2026-02-26,3,23.0,37106379.0,3,20,1.15,1855318.95,3,33,5,5,3,553,13,Champions,410419040.0,12368793.0,366,92.12
KH-00302,CÔNG TY TNHH XÂY DỰNG,Hà Giang,Miền Bắc,2025-03-28,2025-03-28,1,30.0,36910000.0,4,15,2.0,2460666.6666666665,338,0,2,2,3,223,7,Ngủ đông,13472150000.0,36910000.0,367,92.18
KH-00137,CÔNG TY TNHH THƯƠNG MẠI QUANG VINH,Hà Nam,Miền Bắc,2025-02-22,2025-02-22,1,29.0,36580000.0,3,11,2.6363636363636362,3325454.5454545454,372,0,1,1,3,113,5,Đã mất,13351700000.0,36580000.0,368,92.24
KH-00242,CÔNG TY CỔ PHẦN THƯƠNG MẠI HÙNG CƯỜNG,Bắc Kạn,Miền Bắc,2025-03-21,2025-03-25,2,51.0,36320000.0,3,12,2.8333333333333335,2017777.7777777778,341,4,2,3,3,233,8,Nguy cơ rời bỏ,3314200000.0,18160000.0,369,92.3
KH-00501,CÔNG TY CỔ PHẦN VĨNH PHÁT,Thanh Hóa,Miền Trung,2026-01-28,2026-02-07,2,21.0,36233323.0,2,10,2.1,3623332.3,22,10,4,4,3,443,11,Loyal,1322516290.0,18116662.0,370,92.35
KH-00124,CÔNG TY CỔ PHẦN THƯƠNG MẠI AN PHÁT,Thanh Hoá,Miền Trung,2025-02-20,2025-02-20,1,30.0,36220000.0,2,14,2.142857142857143,2587142.8571428573,374,0,1,1,3,113,5,Đã mất,13220300000.0,36220000.0,371,92.41
KH-00047,CÔNG TY CỔ PHẦN THƯƠNG MẠI TÚ ANH,Vĩnh Phúc,Miền Bắc,2025-02-04,2025-02-04,1,30.0,36180000.0,1,10,3.0,3618000.0,390,0,1,1,3,113,5,Đã mất,13205700000.0,36180000.0,372,92.46
KH-00224,DOANH NGHIỆP TW ĐÔNG NAM,Ninh Bình,Miền Bắc,2025-03-21,2025-03-21,1,30.0,36150000.0,2,12,2.5,3012500.0,345,0,2,1,2,212,5,Trung bình,13194750000.0,36150000.0,373,92.52
KH-00572,CÔNG TY CỔ PHẦN THƯƠNG MẠI VIỆT ANH,Quảng Ninh,Miền Bắc,2026-01-31,2026-01-31,1,21.0,36044992.0,2,13,1.6153846153846154,2772691.6923076925,29,0,4,3,2,432,9,Loyal,13156422080.0,36044992.0,374,92.58
KH-00507,CỬA HÀNG XE ĐẠP BÌNH MINH,Phú Thọ,Miền Bắc,2026-01-28,2026-01-28,1,22.0,35994437.0,1,11,2.0,3272221.5454545454,32,0,4,2,2,422,8,Trung bình,13137969505.0,35994437.0,375,92.63
KH-00108,HỘ KINH DOANH LÊ ANH,Hà Nội,Miền Bắc,2025-02-19,2025-02-19,1,30.0,35900000.0,3,14,2.142857142857143,2564285.714285714,375,0,1,1,2,112,4,Đã mất,13103500000.0,35900000.0,376,92.69
KH-00275,CÔNG TY CỔ PHẦN THƯƠNG MẠI QUANG VINH,Thái Nguyên,Miền Bắc,2025-03-25,2025-03-25,1,30.0,35890000.0,3,18,1.6666666666666667,1993888.888888889,341,0,2,2,2,222,6,Ngủ đông,13099850000.0,35890000.0,377,92.74
KH-00236,CỬA HÀNG XE ĐẠP ĐÔNG NAM,Hà Nội,Miền Bắc,2025-03-21,2025-03-22,2,30.0,35880000.0,1,17,1.4285714285714286,1708571.4285714286,344,1,2,3,2,232,7,Nguy cơ rời bỏ,13096200000.0,17940000.0,378,92.8
KH-00263,DOANH NGHIỆP TW TRƯỜNG THỊNH,Thanh Hoá,Miền Trung,2025-03-24,2025-03-24,1,30.0,35790000.0,2,13,2.3076923076923075,2753076.923076923,342,0,2,1,2,212,5,Trung bình,13063350000.0,35790000.0,379,92.86
KH-00450,HỘ KINH DOANH QUANG VINH,Thanh Hoá,Miền Trung,2026-01-24,2026-01-24,1,27.0,35684616.0,3,11,2.4545454545454546,3244056.0,36,0,3,2,2,322,7,Trung bình,13024884840.0,35684616.0,380,92.91
KH-00101,CÔNG TY CỔ PHẦN THƯƠNG MẠI QUANG VINH,Hà Nội,Miền Bắc,2025-02-17,2025-03-24,3,29.0,35420000.0,3,11,2.230769230769231,2724615.3846153845,342,35,2,4,2,242,8,Nguy cơ rời bỏ,369380000.0,11806667.0,381,92.97
KH-00243,HỘ KINH DOANH VĨNH PHÁT,Hà Nam,Miền Bắc,2025-03-21,2025-03-21,1,30.0,35150000.0,3,21,1.4285714285714286,1673809.5238095238,345,0,2,1,2,212,5,Trung bình,12829750000.0,35150000.0,382,93.02
KH-00398,CÔNG TY TNHH PHÚC AN,TP Đà Nẵng,Miền Bắc,2026-01-20,2026-01-20,1,20.0,35105550.0,1,5,4.0,7021110.0,40,0,3,2,2,322,7,Trung bình,12813525750.0,35105550.0,383,93.08
KH-00131,CÔNG TY TNHH QUANG VINH,Hà Nam,Miền Bắc,2025-02-20,2025-02-20,1,30.0,35090000.0,2,14,2.142857142857143,2506428.5714285714,374,0,1,1,2,112,4,Đã mất,12807850000.0,35090000.0,384,93.13
KH-00259,DOANH NGHIỆP TW MINH PHƯƠNG,Hà Nội,Miền Bắc,2025-03-24,2025-03-24,1,31.0,35050000.0,4,20,1.55,1752500.0,342,0,2,1,2,212,5,Trung bình,12793250000.0,35050000.0,385,93.18
KH-00077,CÔNG TY CỔ PHẦN THƯƠNG MẠI NGỌC ANH,Hà Nội,Miền Bắc,2025-02-14,2025-02-14,1,30.0,35020000.0,2,18,1.6666666666666667,1945555.5555555555,380,0,1,1,2,112,4,Đã mất,12782300000.0,35020000.0,386,93.24
KH-00515,CÔNG TY CỔ PHẦN THƯƠNG MẠI SƠN HÀ,TP Hải Phòng,Miền Bắc,2026-01-28,2026-01-28,1,22.0,34973416.0,3,7,3.142857142857143,4996202.285714285,32,0,4,2,2,422,8,Trung bình,12765296840.0,34973416.0,387,93.29
KH-00494,HỘ KINH DOANH AN PHÁT,Hà Nội,Miền Bắc,2026-01-27,2026-01-27,1,21.0,34963325.0,1,9,2.3333333333333335,3884813.888888889,33,0,3,2,2,322,7,Trung bình,12761613625.0,34963325.0,388,93.35
KH-00105,CỬA HÀNG XE ĐẠP PHÚC AN,Bắc Ninh,Miền Bắc,2025-02-19,2025-02-19,1,30.0,34910000.0,2,11,2.727272727272727,3173636.3636363638,375,0,1,1,2,112,4,Đã mất,12742150000.0,34910000.0,389,93.4
KH-00465,CÔNG TY CỔ PHẦN KHẢI HOÀN,Quảng Ninh,Miền Bắc,2026-01-26,2026-01-26,1,22.0,34894436.0,2,11,2.0,3172221.4545454546,34,0,3,2,2,322,7,Trung bình,12736469140.0,34894436.0,390,93.46
KH-00310,HỘ KINH DOANH VẠN LỢI,Quảng Ninh,Miền Bắc,2025-03-28,2025-03-28,1,30.0,34770000.0,2,16,1.875,2173125.0,338,0,2,2,2,222,6,Ngủ đông,12691050000.0,34770000.0,391,93.51
KH-00095,CÔNG TY CỔ PHẦN THƯƠNG MẠI KHẢI HOÀN,Hà Nội,Miền Bắc,2025-02-17,2025-02-17,1,30.0,34730000.0,3,18,1.6666666666666667,1929444.4444444445,377,0,1,1,2,112,4,Đã mất,12676450000.0,34730000.0,392,93.56
KH-00378,CỬA HÀNG XE ĐẠP VĨNH PHÁT,Hà Nội,Miền Bắc,2026-01-16,2026-01-28,2,21.0,34553883.0,1,9,1.9090909090909092,3141262.090909091,32,12,4,4,2,442,10,Loyal,1051013941.0,17276942.0,393,93.62
KH-00595,CÔNG TY CỔ PHẦN THƯƠNG MẠI YÊN BÌNH,Tuyên Quang,Miền Bắc,2026-02-04,2026-02-04,1,25.0,34527950.0,3,11,2.272727272727273,3138904.5454545454,25,0,4,3,2,432,9,Loyal,12602701750.0,34527950.0,394,93.67
KH-00295,DOANH NGHIỆP TW XÂY DỰNG,Hà Nội,Miền Bắc,2025-03-27,2025-03-27,1,29.0,34400000.0,1,11,2.6363636363636362,3127272.727272727,339,0,2,2,2,222,6,Ngủ đông,12556000000.0,34400000.0,395,93.72
KH-00066,CÔNG TY CỔ PHẦN NGỌC ANH,Hà Nộ,Miền Bắc,2025-02-10,2025-02-10,1,30.0,34390000.0,2,19,1.5789473684210527,1810000.0,384,0,1,1,2,112,4,Đã mất,12552350000.0,34390000.0,396,93.78
KH-00239,HỘ KINH DOANH THANH BÌNH,Hội An,Miền Bắc,2025-03-21,2025-03-21,1,23.0,34357000.0,2,9,2.5555555555555554,3817444.4444444445,345,0,2,1,2,212,5,Trung bình,12540305000.0,34357000.0,397,93.83
KH-00574,CỬA HÀNG XE ĐẠP LONG PHÚ,Quảng Ninh,Miền Bắc,2026-01-31,2026-01-31,1,5.0,34270830.0,0,1,5.0,34270830.0,29,0,4,3,2,432,9,Loyal,12508852950.0,34270830.0,398,93.88
KH-00579,CÔNG TY TNHH THƯƠNG MẠI XÂY DỰNG,Quảng Ninh,Miền Bắc,2026-01-31,2026-01-31,1,5.0,34270830.0,0,1,5.0,34270830.0,29,0,4,3,2,432,9,Loyal,12508852950.0,34270830.0,398,93.94
KH-00324,CÔNG TY CỔ PHẦN ĐÔNG NAM,Quảng Ninh,Miền Bắc,2025-03-31,2025-03-31,1,28.0,34180000.0,3,15,1.8666666666666667,2278666.6666666665,335,0,3,2,2,322,7,Trung bình,12475700000.0,34180000.0,400,93.99
KH-00135,CỬA HÀNG XE ĐẠP XUÂN MAI,Ninh Bình,Miền Bắc,2025-02-22,2025-02-22,1,30.0,34180000.0,3,19,1.5789473684210527,1798947.3684210526,372,0,1,1,2,112,4,Đã mất,12475700000.0,34180000.0,400,94.04
KH-00229,DOANH NGHIỆP TW TRÍ ĐỨC,Bắc Giang,Miền Bắc,2025-03-21,2025-03-21,1,30.0,33980000.0,2,11,2.727272727272727,3089090.909090909,345,0,2,1,2,212,5,Trung bình,12402700000.0,33980000.0,402,94.1
KH-00153,CÔNG TY CỔ PHẦN THƯƠNG MẠI PHÚ THỊNH,Hà Tĩnh,Miền Trung,2025-02-22,2025-02-22,1,32.0,33900000.0,3,12,2.6666666666666665,2825000.0,372,0,1,1,2,112,4,Đã mất,12373500000.0,33900000.0,403,94.15
KH-00602,CÔNG TY TNHH THƯƠNG MẠI THIÊN AN,Hà Nội,Miền Bắc,2026-02-04,2026-02-04,1,22.0,33720915.0,3,17,1.2941176470588236,1983583.2352941176,25,0,4,3,2,432,9,Loyal,12308133975.0,33720915.0,404,94.2
KH-00223,CÔNG TY CỔ PHẦN THƯƠNG MẠI AN PHÁT,Hà Nội,Miền Bắc,2025-03-21,2025-03-21,1,32.0,33720000.0,3,14,2.2857142857142856,2408571.4285714286,345,0,2,1,2,212,5,Trung bình,12307800000.0,33720000.0,405,94.25
KH-00238,CÔNG TY CỔ PHẦN THƯƠNG MẠI TRƯỜNG THỊNH,Phú Thọ,Miền Bắc,2025-03-21,2025-03-21,1,26.0,33546143.0,4,16,1.625,2096633.9375,345,0,2,1,2,212,5,Trung bình,12244342195.0,33546143.0,406,94.31
KH-00244,CÔNG TY CỔ PHẦN THƯƠNG MẠI AN PHÁT,Phú Thọ,Miền Bắc,2025-03-21,2025-03-21,1,30.0,33400000.0,3,11,2.727272727272727,3036363.6363636362,345,0,2,1,2,212,5,Trung bình,12191000000.0,33400000.0,407,94.36
KH-00493,CÔNG TY CỔ PHẦN THƯƠNG MẠI QUANG VINH,TP Hải Phòng,Miền Bắc,2026-01-27,2026-02-24,2,24.0,33390543.0,4,12,1.7142857142857142,2385038.785714286,5,28,5,4,2,542,11,Champions,435269578.0,16695272.0,408,94.41
KH-00508,CÔNG TY CỔ PHẦN VĨNH PHÁT,TP Hải Phòng,Miền Bắc,2026-01-28,2026-01-28,2,22.0,33244157.0,2,12,1.5714285714285714,2374582.6428571427,32,0,4,4,2,442,10,Loyal,12134117305.0,16622078.0,409,94.46
KH-00056,DOANH NGHIỆP TW ĐÔNG NAM,Hà Nam,Miền Bắc,2025-02-10,2025-02-10,1,30.0,33090000.0,3,12,2.5,2757500.0,384,0,1,1,2,112,4,Đã mất,12077850000.0,33090000.0,410,94.51
KH-00034,CÔNG TY TNHH BÌNH MINH,Đà Nẵng,Miền Trung,2025-01-18,2025-02-20,2,28.0,32750000.0,3,21,1.3333333333333333,1559523.8095238095,374,33,1,3,2,132,6,Ngủ đông,362234848.0,16375000.0,411,94.56
KH-00578,DOANH NGHIỆP TW NGỌC ANH,Hà Nội,Miền Bắc,2026-01-31,2026-02-26,2,23.0,32402772.0,2,10,2.090909090909091,2945706.5454545454,3,26,5,4,2,542,11,Champions,454885068.0,16201386.0,412,94.62
KH-00416,DOANH NGHIỆP TW HOÀ BÌNH,Quảng Ninh,Miền Bắc,2026-01-23,2026-01-23,1,14.0,32353328.0,1,10,1.4,3235332.8,37,0,3,2,2,322,7,Trung bình,11808964720.0,32353328.0,413,94.67
KH-00305,CÔNG TY CỔ PHẦN TÂY BẮC,Hà Nội,Miền Bắc,2025-03-28,2025-03-31,2,26.0,32170000.0,3,10,1.8571428571428572,2297857.1428571427,335,3,3,4,2,342,9,Có tiềm năng,3914016667.0,16085000.0,414,94.72
KH-00598,DOANH NGHIỆP TW SƠN HÀ,Hải Phòng,Miền Bắc,2026-02-04,2026-02-04,1,20.0,31998692.0,3,12,1.5384615384615385,2461437.846153846,25,0,4,3,2,432,9,Loyal,11679522580.0,31998692.0,415,94.77
KH-00516,CÔNG TY TNHH SÁN LẠP,Hưng Yên,Miền Bắc,2026-01-28,2026-01-28,1,20.0,31988880.0,1,6,2.857142857142857,4569840.0,32,0,4,2,2,422,8,Trung bình,11675941200.0,31988880.0,416,94.81
KH-00210,DOANH NGHIỆP TW SÁN LẠP,Uông Bí,Miền Bắc,2025-03-20,2025-03-20,1,33.0,31677734.0,4,23,1.434782608695652,1377292.7826086956,346,0,1,1,2,112,4,Đã mất,11562372910.0,31677734.0,417,94.86
KH-00526,CÔNG TY CỔ PHẦN NAM TIẾN,Hưng Yên,Miền Bắc,2026-01-28,2026-01-28,1,20.0,31530549.0,2,11,1.8181818181818181,2866413.5454545454,32,0,4,2,2,422,8,Trung bình,11508650385.0,31530549.0,418,94.91
KH-00211,CỬA HÀNG XE ĐẠP NAM TIẾN,Hà Tĩnh,Miền Trung,2025-03-20,2025-03-20,1,28.0,31530000.0,2,12,2.3333333333333335,2627500.0,346,0,1,1,2,112,4,Đã mất,11508450000.0,31530000.0,419,94.96
KH-00532,CÔNG TY TNHH THƯƠNG MẠI MẶT TRỜI,Hà Nội,Miền Bắc,2026-01-28,2026-01-28,1,15.0,31324993.0,1,7,2.142857142857143,4474999.0,32,0,4,3,2,432,9,Loyal,11433622445.0,31324993.0,420,95.01
KH-00318,HỘ KINH DOANH BÌNH MINH,Hòa Bình,Miền Bắc,2025-03-29,2025-03-29,1,26.0,30680000.0,1,3,8.666666666666666,10226666.666666666,337,0,2,2,2,222,6,Ngủ đông,11198200000.0,30680000.0,421,95.06
KH-00043,CÔNG TY TNHH LONG PHÚ,TP Đà Nẵng,Miền Bắc,2025-01-22,2025-02-20,3,26.0,30650000.0,3,19,1.1818181818181819,1393181.8181818181,374,29,1,4,2,142,7,Không thể mất,385767241.0,10216667.0,422,95.11
KH-00206,CÔNG TY TNHH THƯƠNG MẠI MẶT TRỜI,Hà Nội,Miền Bắc,2025-03-20,2025-03-20,2,25.0,30030000.0,2,11,1.5625,1876875.0,346,0,1,3,2,132,6,Ngủ đông,10960950000.0,15015000.0,423,95.15
KH-00413,CÔNG TY CỔ PHẦN CHI THÀNH,TP Hải Phòng,Miền Bắc,2026-01-23,2026-01-23,1,19.0,29907408.0,1,1,19.0,29907408.0,37,0,3,2,2,322,7,Trung bình,10916203920.0,29907408.0,424,95.2
KH-00143,DOANH NGHIỆP TW TÂY BẮC,Vĩnh Phúc,Miền Bắc,2025-02-22,2025-02-22,1,20.0,29700000.0,2,12,1.6666666666666667,2475000.0,372,0,1,1,2,112,4,Đã mất,10840500000.0,29700000.0,425,95.25
KH-00533,CÔNG TY TNHH YÊN BÌNH,Phú Thọ,Miền Bắc,2026-01-28,2026-01-28,1,17.0,29689996.0,1,6,2.8333333333333335,4948332.666666667,32,0,4,3,2,432,9,Loyal,10836848540.0,29689996.0,426,95.29
KH-00307,DOANH NGHIỆP TW THIÊN AN,Quảng Ninh,Miền Bắc,2025-03-28,2025-03-28,1,20.0,29517574.0,4,10,2.0,2951757.4,338,0,2,2,2,222,6,Ngủ đông,10773914510.0,29517574.0,427,95.34
KH-00581,DOANH NGHIỆP TW SƠN HÀ,Điện Biên,Miền Bắc,2026-01-31,2026-01-31,1,14.0,29371102.0,1,7,2.0,4195871.714285715,29,0,4,3,2,432,9,Loyal,10720452230.0,29371102.0,428,95.38
KH-00554,CÔNG TY CỔ PHẦN THƯƠNG MẠI SÁN LẠP,Hà Nội,Miền Bắc,2026-01-29,2026-01-29,1,18.0,29284994.0,1,15,1.2,1952332.9333333333,31,0,4,3,2,432,9,Loyal,10689022810.0,29284994.0,429,95.43
KH-00582,HỘ KINH DOANH LONG PHÚ,Điện Biên,Miền Bắc,2026-01-31,2026-01-31,1,18.0,29156661.0,2,6,2.5714285714285716,4165237.285714286,29,0,4,3,2,432,9,Loyal,10642181265.0,29156661.0,430,95.47
KH-00468,CÔNG TY CỔ PHẦN KHẢI HOÀN,Nghệ An,Miền Trung,2026-01-26,2026-01-26,1,19.0,28953046.0,2,10,1.9,2895304.6,34,0,3,2,2,322,7,Trung bình,10567861790.0,28953046.0,431,95.52
KH-00563,HỘ KINH DOANH YÊN BÌNH,Hà Nội,Miền Bắc,2026-01-30,2026-01-30,1,17.0,28828328.0,2,10,1.7,2882832.8,30,0,4,3,2,432,9,Loyal,10522339720.0,28828328.0,432,95.56
KH-00122,CÔNG TY TNHH CHI THÀNH,Hưng Yên,Miền Bắc,2025-02-20,2025-02-20,1,30.0,28520000.0,3,16,1.875,1782500.0,374,0,1,1,2,112,4,Đã mất,10409800000.0,28520000.0,433,95.61
KH-00370,CÔNG TY CỔ PHẦN THƯƠNG MẠI PHÚ THỊNH,Bắc Ninh,Miền Bắc,2026-01-16,2026-01-16,1,13.0,28205550.0,2,10,1.3,2820555.0,44,0,3,2,2,322,7,Trung bình,10295025750.0,28205550.0,434,95.65
KH-00451,CÔNG TY CỔ PHẦN THƯƠNG MẠI TRƯỜNG THỊNH,Phú Thọ,Miền Bắc,2026-01-24,2026-01-24,1,17.0,28180365.0,2,8,2.125,3522545.625,36,0,3,2,2,322,7,Trung bình,10285833225.0,28180365.0,435,95.7
KH-00292,CÔNG TY TNHH VIỆT ANH,Hà Nội,Miền Bắc,2025-03-26,2025-03-26,1,30.0,28127001.0,3,26,1.1538461538461537,1081807.7307692308,340,0,2,2,2,222,6,Ngủ đông,10266355365.0,28127001.0,436,95.74
KH-00319,CỬA HÀNG XE ĐẠP QUANG VINH,TP Hưng Yên,Miền Bắc,2025-03-29,2025-03-29,1,22.0,27978500.0,4,17,1.2941176470588236,1645794.1176470588,337,0,2,2,2,222,6,Ngủ đông,10212152500.0,27978500.0,437,95.78
KH-00391,CÔNG TY TNHH THƯƠNG MẠI NAM TIẾN,Hà Tĩnh,Miền Trung,2026-01-19,2026-01-19,1,15.0,27965179.0,3,12,1.25,2330431.5833333335,41,0,3,2,2,322,7,Trung bình,10207290335.0,27965179.0,438,95.83
KH-00596,DOANH NGHIỆP TW THUỶ TIÊN,TP Hải Phòng,Miền Bắc,2026-02-04,2026-02-04,1,16.0,27434438.0,1,12,1.3333333333333333,2286203.1666666665,25,0,4,3,2,432,9,Loyal,10013569870.0,27434438.0,439,95.87
KH-00524,CÔNG TY CỔ PHẦN THƯƠNG MẠI TRÍ ĐỨC,Hưng Yên,Miền Bắc,2026-01-28,2026-01-28,1,15.0,27199995.0,1,4,3.75,6799998.75,32,0,4,2,2,422,8,Trung bình,9927998175.0,27199995.0,440,95.91
KH-00535,CỬA HÀNG XE ĐẠP QUANG VINH,Phú Thọ,Miền Bắc,2026-01-28,2026-02-12,2,20.0,27191100.0,3,18,1.1111111111111112,1510616.6666666667,17,15,5,4,2,542,11,Champions,661650100.0,13595550.0,441,95.95
KH-00544,DOANH NGHIỆP TW VIỆT ANH,Hà Nội,Miền Bắc,2026-01-29,2026-01-29,1,17.0,26793141.0,2,11,1.5454545454545454,2435740.090909091,31,0,4,3,2,432,9,Loyal,9779496465.0,26793141.0,442,96.0
KH-00573,DOANH NGHIỆP TW THANH BÌNH,Quảng Ninh,Miền Bắc,2026-01-31,2026-01-31,1,15.0,26717216.0,2,10,1.3636363636363635,2428837.8181818184,29,0,4,3,2,432,9,Loyal,9751783840.0,26717216.0,443,96.04
KH-00611,CÔNG TY TNHH VIỆT ANH,Thái Bình,Miền Bắc,2026-02-05,2026-02-05,1,16.0,26627771.0,1,10,1.6,2662777.1,24,0,4,3,2,432,9,Loyal,9719136415.0,26627771.0,444,96.08
KH-00618,HỘ KINH DOANH ĐÔNG NAM,Nghệ An,Miền Trung,2026-02-07,2026-02-07,1,15.0,26313330.0,1,7,2.142857142857143,3759047.1428571427,22,0,4,3,2,432,9,Loyal,9604365450.0,26313330.0,445,96.12
KH-00226,CÔNG TY CỔ PHẦN VĨNH PHÁT,Hà Nội,Miền Bắc,2025-03-21,2025-03-21,1,22.0,26040000.0,1,8,2.75,3255000.0,345,0,2,1,2,212,5,Trung bình,9504600000.0,26040000.0,446,96.16
KH-00464,CÔNG TY TNHH THƯƠNG MẠI KHẢI HOÀN,Phú Thọ,Miền Bắc,2026-01-26,2026-01-26,1,15.0,25797586.0,3,13,1.1538461538461537,1984429.6923076923,34,0,3,2,2,322,7,Trung bình,9416118890.0,25797586.0,447,96.2
KH-00060,CÔNG TY TNHH THƯƠNG MẠI VẠN LỢI,Hà Nam,Miền Bắc,2025-02-10,2025-02-10,1,21.0,25550000.0,1,3,7.0,8516666.666666666,384,0,1,1,2,112,4,Đã mất,9325750000.0,25550000.0,448,96.24
KH-00121,CÔNG TY TNHH CHI THÀNH,Hưng Yên,Miền Bắc,2025-02-20,2025-02-20,1,19.0,25527929.0,4,17,1.1176470588235294,1501642.8823529412,374,0,1,1,2,112,4,Đã mất,9317694085.0,25527929.0,449,96.28
KH-00470,CÔNG TY CỔ PHẦN VĨNH PHÁT,Nghệ An,Miền Trung,2026-01-26,2026-01-26,1,16.0,25285547.0,1,7,2.2857142857142856,3612221.0,34,0,3,2,2,322,7,Trung bình,9229224655.0,25285547.0,450,96.32
KH-00604,CÔNG TY CỔ PHẦN THƯƠNG MẠI PHÚC AN,Đà Nẵng,Miền Trung,2026-02-04,2026-02-04,1,15.0,25219441.0,1,12,1.1538461538461537,1939957.0,25,0,4,3,2,432,9,Loyal,9205095965.0,25219441.0,451,96.36
KH-00549,CỬA HÀNG XE ĐẠP TÚ ANH,Phú Thọ,Miền Bắc,2026-01-29,2026-01-29,1,15.0,24975551.0,2,9,1.5,2497555.1,31,0,4,3,2,432,9,Loyal,9116076115.0,24975551.0,452,96.4
KH-00600,CỬA HÀNG XE ĐẠP TOÀN THẮNG,Hưng Yên,Miền Bắc,2026-02-04,2026-02-04,1,15.0,24913880.0,1,6,2.5,4152313.3333333335,25,0,4,3,2,432,9,Loyal,9093566200.0,24913880.0,453,96.44
KH-00204,CÔNG TY CỔ PHẦN ĐẠI DƯƠNG,Nam Định,Miền Bắc,2025-03-20,2025-03-20,1,10.0,24907407.0,1,2,5.0,12453703.5,346,0,1,1,2,112,4,Đã mất,9091203555.0,24907407.0,454,96.47
KH-00580,CÔNG TY CỔ PHẦN THƯƠNG MẠI LONG PHÚ,Đà Nẵng,Miền Trung,2026-01-31,2026-01-31,1,15.0,24779998.0,1,10,1.5,2477999.8,29,0,4,3,2,432,9,Loyal,9044699270.0,24779998.0,455,96.51
KH-00184,DOANH NGHIỆP TW ĐẠI LỢI,Hoà Bình,Miền Bắc,2025-03-17,2025-03-31,2,21.0,24742962.0,5,13,1.5,1767354.4285714286,335,14,3,3,2,332,8,Trung bình,645084366.0,12371481.0,456,96.55
KH-00567,CÔNG TY CỔ PHẦN THƯƠNG MẠI SƠN HÀ,TP Hải Phòng,Miền Bắc,2026-01-30,2026-01-30,1,16.0,24564438.0,2,9,1.7777777777777777,2729382.0,30,0,4,3,2,432,9,Loyal,8966019870.0,24564438.0,457,96.59
KH-00332,DOANH NGHIỆP TW TOÀN THẮNG,Hà Nội,Miền Bắc,2025-03-31,2025-03-31,1,21.0,24510000.0,1,8,2.625,3063750.0,335,0,3,2,2,322,7,Trung bình,8946150000.0,24510000.0,458,96.63
KH-00299,CỬA HÀNG XE ĐẠP VIỆT ANH,Hà Tĩnh,Miền Trung,2025-03-27,2025-03-27,1,21.0,24430000.0,3,15,1.4,1628666.6666666667,339,0,2,2,2,222,6,Ngủ đông,8916950000.0,24430000.0,459,96.67
KH-00610,DOANH NGHIỆP TW HÙNG CƯỜNG,Hưng Yên,Miền Bắc,2026-02-05,2026-02-05,1,15.0,24388144.0,2,11,1.3636363636363635,2217104.0,24,0,4,3,2,432,9,Loyal,8901672560.0,24388144.0,460,96.7
KH-00523,HỘ KINH DOANH KHẢI HOÀN,Hà Nội,Miền Bắc,2026-01-28,2026-01-28,1,15.0,24352217.0,2,7,1.6666666666666667,2705801.888888889,32,0,4,2,2,422,8,Trung bình,8888559205.0,24352217.0,461,96.74
KH-00171,CÔNG TY CỔ PHẦN QUANG VINH,Hà Nội,Miền Bắc,2025-02-27,2025-02-27,1,10.0,24259259.0,1,1,10.0,24259259.0,367,0,1,1,2,112,4,Đã mất,8854629535.0,24259259.0,462,96.78
KH-00234,CÔNG TY TNHH KHẢI HOÀN,Thái Bình,Miền Bắc,2025-03-21,2025-03-21,1,21.0,24220000.0,2,10,2.1,2422000.0,345,0,2,1,2,212,5,Trung bình,8840300000.0,24220000.0,463,96.82
KH-00087,CỬA HÀNG XE ĐẠP SÁN LẠP,Nghệ An,Miền Trung,2025-02-14,2025-02-14,1,20.0,24200000.0,1,3,6.666666666666667,8066666.666666667,380,0,1,1,2,112,4,Đã mất,8833000000.0,24200000.0,464,96.85
KH-00599,CÔNG TY CỔ PHẦN XÂY DỰNG,Ninh Bình,Miền Bắc,2026-02-04,2026-02-04,1,15.0,24137774.0,1,7,2.142857142857143,3448253.4285714286,25,0,4,3,2,432,9,Loyal,8810287510.0,24137774.0,465,96.89
KH-00528,CÔNG TY CỔ PHẦN VẠN LỢI,Bắc Ninh,Miền Bắc,2026-01-28,2026-01-28,1,15.0,24083328.0,1,6,2.5,4013888.0,32,0,4,2,2,422,8,Trung bình,8790414720.0,24083328.0,466,96.93
KH-00058,DOANH NGHIỆP TW SÁN LẠP,TP Hải Dương,Miền Bắc,2025-02-10,2025-02-10,1,20.0,24000000.0,1,4,5.0,6000000.0,384,0,1,1,2,112,4,Đã mất,8760000000.0,24000000.0,467,96.97
KH-00291,CÔNG TY TNHH VĨNH PHÁT,Hà Nam,Miền Bắc,2025-03-26,2025-03-26,1,20.0,24000000.0,1,3,6.666666666666667,8000000.0,340,0,2,2,2,222,6,Ngủ đông,8760000000.0,24000000.0,467,97.0
KH-00296,CÔNG TY TNHH THƯƠNG MẠI HOÀ BÌNH,Hà Nội,Miền Bắc,2025-03-27,2025-03-27,1,20.0,23580000.0,1,11,1.8181818181818181,2143636.3636363638,339,0,2,2,2,222,6,Ngủ đông,8606700000.0,23580000.0,469,97.04
KH-00017,CỬA HÀNG XE ĐẠP THUỶ TIÊN,TT Hương Sơn- Phú Bình- Thái Nguyên,Miền Bắc,2025-01-10,2025-01-10,1,20.0,23350000.0,1,6,3.3333333333333335,3891666.6666666665,415,0,1,1,2,112,4,Đã mất,8522750000.0,23350000.0,470,97.08
KH-00166,HỘ KINH DOANH QUANG VINH,Tổ 1 - Phường Mường Thanh - TP Điện Biên Phủ,Miền Bắc,2025-02-26,2025-02-26,1,18.0,23312643.0,3,10,1.8,2331264.3,368,0,1,1,2,112,4,Đã mất,8509114695.0,23312643.0,471,97.11
KH-00174,CÔNG TY CỔ PHẦN THƯƠNG MẠI LÊ ANH,Đà Nẵng,Miền Trung,2025-03-06,2025-03-06,1,20.0,23300000.0,1,8,2.5,2912500.0,360,0,1,1,2,112,4,Đã mất,8504500000.0,23300000.0,472,97.15
KH-00443,CÔNG TY TNHH HÙNG CƯỜNG,Hà Nội,Miền Bắc,2026-01-24,2026-01-24,1,10.0,23242219.0,1,5,2.0,4648443.8,36,0,3,2,2,322,7,Trung bình,8483409935.0,23242219.0,473,97.19
KH-00158,CÔNG TY TNHH THƯƠNG MẠI VIỆT ANH,Thái Bình,Miền Bắc,2025-02-25,2025-02-25,1,19.0,23040000.0,2,12,1.5833333333333333,1920000.0,369,0,1,1,2,112,4,Đã mất,8409600000.0,23040000.0,474,97.22
KH-00333,DOANH NGHIỆP TW ĐÔNG NAM,Thanh Hoá,Miền Trung,2025-03-31,2025-03-31,1,20.0,22970000.0,2,15,1.3333333333333333,1531333.3333333333,335,0,3,2,2,322,7,Trung bình,8384050000.0,22970000.0,475,97.26
KH-00145,HỘ KINH DOANH PHÚ THỊNH,Quảng Ngãi,Miền Trung,2025-02-22,2025-02-22,1,20.0,22940000.0,4,13,1.5384615384615385,1764615.3846153845,372,0,1,1,2,112,4,Đã mất,8373100000.0,22940000.0,476,97.29
KH-00606,CỬA HÀNG XE ĐẠP BÌNH MINH,Bắc Ninh,Miền Bắc,2026-02-05,2026-02-05,1,10.0,22931385.0,1,8,1.1111111111111112,2547931.6666666665,24,0,4,3,2,432,9,Loyal,8369955525.0,22931385.0,477,97.33
KH-00233,DOANH NGHIỆP TW CHI THÀNH,Thái Bình,Miền Bắc,2025-03-21,2025-03-21,1,20.0,22840000.0,1,9,2.2222222222222223,2537777.777777778,345,0,2,1,2,212,5,Trung bình,8336600000.0,22840000.0,478,97.36
KH-00504,CÔNG TY CỔ PHẦN THƯƠNG MẠI TÂY BẮC,Hà Nội,Miền Bắc,2026-01-28,2026-01-28,1,15.0,22818328.0,3,10,1.5,2281832.8,32,0,4,2,2,422,8,Trung bình,8328689720.0,22818328.0,479,97.4
KH-00446,CÔNG TY TNHH THƯƠNG MẠI MINH PHƯƠNG,Quảng Trị,Miền Trung,2026-01-24,2026-01-24,1,21.0,22567396.0,1,11,1.9090909090909092,2051581.4545454546,36,0,3,2,2,322,7,Trung bình,8237099540.0,22567396.0,480,97.43
KH-00114,CỬA HÀNG XE ĐẠP NGỌC ANH,Phố Kiểu - Yên Trường - Yên Định - Thanh Hoá,Miền Bắc,2025-02-19,2025-02-19,1,16.0,22550000.0,3,5,3.2,4510000.0,375,0,1,1,2,112,4,Đã mất,8230750000.0,22550000.0,481,97.47
KH-00280,CÔNG TY TNHH THƯƠNG MẠI MINH PHƯƠNG,Hà Nam,Miền Bắc,2025-03-25,2025-03-25,1,20.0,22480000.0,3,12,1.6666666666666667,1873333.3333333333,341,0,2,2,2,222,6,Ngủ đông,8205200000.0,22480000.0,482,97.5
KH-00144,CỬA HÀNG XE ĐẠP QUANG VINH,Vĩnh Yên,Miền Bắc,2025-02-22,2025-02-22,1,20.0,22418078.0,4,17,1.1764705882352942,1318710.4705882352,372,0,1,1,2,112,4,Đã mất,8182598470.0,22418078.0,483,97.54
KH-00480,DOANH NGHIỆP TW ĐẠI DƯƠNG,Hà Nội,Miền Bắc,2026-01-27,2026-01-27,1,10.0,22314816.0,1,4,2.5,5578704.0,33,0,3,2,2,322,7,Trung bình,8144907840.0,22314816.0,484,97.57
KH-00622,CÔNG TY CỔ PHẦN XUÂN MAI,Lào Cai,Miền Bắc,2026-02-07,2026-02-07,1,12.0,22282679.0,2,11,1.0909090909090908,2025698.0909090908,22,0,4,3,2,432,9,Loyal,8133177835.0,22282679.0,485,97.61
KH-00321,CỬA HÀNG XE ĐẠP VIỆT ANH,Hải Phòng,Miền Bắc,2025-03-31,2025-03-31,1,19.0,22250000.0,2,6,3.1666666666666665,3708333.3333333335,335,0,3,2,2,322,7,Trung bình,8121250000.0,22250000.0,486,97.64
KH-00401,HỘ KINH DOANH THUỶ TIÊN,Hà Nội,Miền Bắc,2026-01-22,2026-01-22,1,12.0,22144902.0,4,10,1.2,2214490.2,38,0,3,2,2,322,7,Trung bình,8082889230.0,22144902.0,487,97.68
KH-00548,CÔNG TY TNHH KHẢI HOÀN,Quảng Trị,Miền Trung,2026-01-29,2026-01-29,1,14.0,22080551.0,1,2,7.0,11040275.5,31,0,4,3,2,432,9,Loyal,8059401115.0,22080551.0,488,97.71
KH-00125,HỘ KINH DOANH BÌNH MINH,Thanh Hóa,Miền Trung,2025-02-20,2025-02-20,1,17.0,21860000.0,1,2,8.5,10930000.0,374,0,1,1,2,112,4,Đã mất,7978900000.0,21860000.0,489,97.75
KH-00329,HỘ KINH DOANH TRÍ ĐỨC,Hà Nội,Miền Bắc,2025-03-31,2025-03-31,1,10.0,21666667.0,1,6,1.6666666666666667,3611111.1666666665,335,0,3,2,2,322,7,Trung bình,7908333455.0,21666667.0,490,97.78
KH-00309,CÔNG TY CỔ PHẦN PHÚC AN,Hải Dương,Miền Bắc,2025-03-28,2025-03-28,1,21.0,21610000.0,3,9,2.3333333333333335,2401111.111111111,338,0,2,2,2,222,6,Ngủ đông,7887650000.0,21610000.0,491,97.81
KH-00530,DOANH NGHIỆP TW TÂY BẮC,Hà Nội,Miền Bắc,2026-01-28,2026-01-28,1,13.0,21605551.0,1,7,1.8571428571428572,3086507.285714286,32,0,4,3,2,432,9,Loyal,7886026115.0,21605551.0,492,97.85
KH-00576,DOANH NGHIỆP TW THIÊN AN,Quảng Ninh,Miền Bắc,2026-01-31,2026-01-31,1,16.0,21478325.0,2,6,2.0,2684790.625,29,0,4,3,2,432,9,Loyal,7839588625.0,21478325.0,493,97.88
KH-00552,CỬA HÀNG XE ĐẠP YÊN BÌNH,Phú Thọ,Miền Bắc,2026-01-29,2026-01-29,1,16.0,21451568.0,2,7,1.7777777777777777,2383507.5555555555,31,0,4,3,2,432,9,Loyal,7829822320.0,21451568.0,494,97.91
KH-00555,CỬA HÀNG XE ĐẠP TRƯỜNG THỊNH,Ninh Bình,Miền Bắc,2026-01-29,2026-01-29,1,15.0,21375919.0,2,9,1.5,2137591.9,31,0,4,3,2,432,9,Loyal,7802210435.0,21375919.0,495,97.95
KH-00156,DOANH NGHIỆP TW VIỆT ANH,Thanh Hoá,Miền Trung,2025-02-22,2025-02-22,1,18.0,21250000.0,3,13,1.3846153846153846,1634615.3846153845,372,0,1,1,2,112,4,Đã mất,7756250000.0,21250000.0,496,97.98
KH-00445,CÔNG TY CỔ PHẦN TÂN TIẾN,Quảng Ngãi,Miền Trung,2026-01-24,2026-01-24,1,17.0,20933330.0,2,5,3.4,4186666.0,36,0,3,2,1,321,6,Trung bình,7640665450.0,20933330.0,497,98.01
KH-00315,CÔNG TY CỔ PHẦN THƯƠNG MẠI THUỶ TIÊN,Vĩnh Yên,Miền Bắc,2025-03-28,2025-03-28,1,16.0,20889981.0,4,12,1.3333333333333333,1740831.75,338,0,2,2,1,221,5,Ngủ đông,7624843065.0,20889981.0,498,98.04
KH-00159,CÔNG TY TNHH THƯƠNG MẠI THANH BÌNH,Thủ Dầu Một,Miền Bắc,2025-02-25,2025-03-07,2,9.0,20750000.0,1,1,4.5,10375000.0,359,10,1,3,1,131,5,Ngủ đông,757375000.0,10375000.0,499,98.08
KH-00297,CỬA HÀNG XE ĐẠP TÂY BẮC,Hà Nội,Miền Bắc,2025-03-27,2025-03-27,1,17.0,20650000.0,1,5,3.4,4130000.0,339,0,2,2,1,221,5,Ngủ đông,7537250000.0,20650000.0,500,98.11
KH-00230,DOANH NGHIỆP TW ĐẠI LỢI,Hà Nội,Miền Bắc,2025-03-21,2025-03-21,1,18.0,20440000.0,2,11,1.6363636363636365,1858181.8181818181,345,0,2,1,1,211,4,Trung bình,7460600000.0,20440000.0,501,98.14
KH-00293,CÔNG TY TNHH THƯƠNG MẠI TÚ ANH,Hà Nội,Miền Bắc,2025-03-27,2025-03-27,1,10.0,20277778.0,1,2,5.0,10138889.0,339,0,2,2,1,221,5,Ngủ đông,7401388970.0,20277778.0,502,98.17
KH-00473,CÔNG TY TNHH TRÍ ĐỨC,Hà Nội,Miền Bắc,2026-01-26,2026-01-26,1,13.0,20212216.0,1,4,3.25,5053054.0,34,0,3,2,1,321,6,Trung bình,7377458840.0,20212216.0,503,98.2
KH-00537,CÔNG TY CỔ PHẦN ĐÔNG NAM,Bắc Kạn,Miền Bắc,2026-01-28,2026-01-28,1,15.0,20135548.0,1,6,1.6666666666666667,2237283.111111111,32,0,4,3,1,431,8,Loyal,7349475020.0,20135548.0,504,98.23
KH-00271,CÔNG TY CỔ PHẦN THƯƠNG MẠI HÙNG CƯỜNG,Hà Nội,Miền Bắc,2025-03-25,2025-03-25,1,18.0,20030000.0,3,15,1.2,1335333.3333333333,341,0,2,1,1,211,4,Trung bình,7310950000.0,20030000.0,505,98.27
KH-00183,DOANH NGHIỆP TW LONG PHÚ,Bắc Giang,Miền Bắc,2025-03-14,2025-03-14,1,17.0,20000000.0,2,13,1.3076923076923077,1538461.5384615385,352,0,1,1,1,111,3,Đã mất,7300000000.0,20000000.0,506,98.3
KH-00534,DOANH NGHIỆP TW AN PHÁT,Phú Thọ,Miền Bắc,2026-01-28,2026-01-28,1,11.0,19952588.0,2,11,1.0,1813871.6363636365,32,0,4,3,1,431,8,Loyal,7282694620.0,19952588.0,507,98.33
KH-00490,CÔNG TY TNHH TÂN TIẾN,Phú Thọ,Miền Bắc,2026-01-27,2026-01-27,1,10.0,19349256.0,2,4,2.0,3869851.2,33,0,3,2,1,321,6,Trung bình,7062478440.0,19349256.0,508,98.36
KH-00620,CỬA HÀNG XE ĐẠP ĐẠI DƯƠNG,Hà Tĩnh,Miền Trung,2026-02-07,2026-02-07,1,2.0,19236110.0,0,2,1.0,9618055.0,22,0,4,3,1,431,8,Loyal,7021180150.0,19236110.0,509,98.39
KH-00232,HỘ KINH DOANH HOÀ BÌNH,Hội An,Miền Bắc,2025-03-21,2025-03-21,1,8.0,19000000.0,1,2,4.0,9500000.0,345,0,2,1,1,211,4,Trung bình,6935000000.0,19000000.0,510,98.42
KH-00313,DOANH NGHIỆP TW BÌNH MINH,Hà Nội,Miền Bắc,2025-03-28,2025-03-28,1,16.0,18730000.0,1,6,2.6666666666666665,3121666.6666666665,338,0,2,2,1,221,5,Ngủ đông,6836450000.0,18730000.0,511,98.45
KH-00103,CÔNG TY CỔ PHẦN AN PHÁT,Bắc Giang,Miền Bắc,2025-02-19,2025-02-19,1,10.0,18680556.0,1,1,10.0,18680556.0,375,0,1,1,1,111,3,Đã mất,6818402940.0,18680556.0,512,98.48
KH-00146,HỘ KINH DOANH LONG PHÚ,Điện Biên,Miền Bắc,2025-02-22,2025-02-22,1,14.0,18640000.0,4,11,1.2727272727272727,1694545.4545454546,372,0,1,1,1,111,3,Đã mất,6803600000.0,18640000.0,513,98.5
KH-00274,CÔNG TY CỔ PHẦN THƯƠNG MẠI YÊN BÌNH,Vĩnh Phúc,Miền Bắc,2025-03-25,2025-03-25,1,15.0,18170000.0,2,7,2.142857142857143,2595714.285714286,341,0,2,2,1,221,5,Ngủ đông,6632050000.0,18170000.0,514,98.53
KH-00601,HỘ KINH DOANH PHÚ THỊNH,Hà Nội,Miền Bắc,2026-02-04,2026-02-04,1,12.0,18164071.0,2,9,1.3333333333333333,2018230.111111111,25,0,4,3,1,431,8,Loyal,6629885915.0,18164071.0,515,98.56
KH-00409,CÔNG TY CỔ PHẦN THƯƠNG MẠI BÌNH MINH,Thanh Hoá,Miền Trung,2026-01-22,2026-01-22,1,10.0,18133330.0,1,3,3.3333333333333335,6044443.333333333,38,0,3,2,1,321,6,Trung bình,6618665450.0,18133330.0,516,98.59
KH-00045,CÔNG TY TNHH AN PHÁT,Quảng Nam,Miền Trung,2025-01-23,2025-01-23,1,4.0,18111112.0,1,1,4.0,18111112.0,402,0,1,1,1,111,3,Đã mất,6610555880.0,18111112.0,517,98.62
KH-00320,HỘ KINH DOANH PHÚC AN,Hà Nội,Miền Bắc,2025-03-31,2025-03-31,1,15.0,18020000.0,2,15,1.0,1201333.3333333333,335,0,3,2,1,321,6,Trung bình,6577300000.0,18020000.0,518,98.65
KH-00228,CÔNG TY CỔ PHẦN THƯƠNG MẠI XUÂN MAI,Hà Nội,Miền Bắc,2025-03-21,2025-03-21,1,15.0,18000000.0,2,8,1.875,2250000.0,345,0,2,1,1,211,4,Trung bình,6570000000.0,18000000.0,519,98.67
KH-00431,CÔNG TY CỔ PHẦN THƯƠNG MẠI KHẢI HOÀN,Hà Nội,Miền Bắc,2026-01-24,2026-01-24,1,11.0,17887217.0,2,4,2.2,3577443.4,36,0,3,2,1,321,6,Trung bình,6528834205.0,17887217.0,520,98.7
KH-00084,CỬA HÀNG XE ĐẠP TOÀN THẮNG,Hưng Yên,Miền Bắc,2025-02-14,2025-02-14,1,15.0,17860000.0,2,11,1.3636363636363635,1623636.3636363635,380,0,1,1,1,111,3,Đã mất,6518900000.0,17860000.0,521,98.73
KH-00304,DOANH NGHIỆP TW TÚ ANH,Hà Nội,Miền Bắc,2025-03-28,2025-03-28,1,15.0,17710000.0,1,10,1.5,1771000.0,338,0,2,2,1,221,5,Ngủ đông,6464150000.0,17710000.0,522,98.76
KH-00587,DOANH NGHIỆP TW AN PHÁT,Hà Nội,Miền Bắc,2026-01-31,2026-01-31,1,10.0,17595552.0,1,4,2.0,3519110.4,29,0,4,3,1,431,8,Loyal,6422376480.0,17595552.0,523,98.78
KH-00317,CỬA HÀNG XE ĐẠP THIÊN AN,Hà Nội,Miền Bắc,2025-03-28,2025-03-28,1,15.0,17550000.0,2,7,2.142857142857143,2507142.8571428573,338,0,2,2,1,221,5,Ngủ đông,6405750000.0,17550000.0,524,98.81
KH-00123,CÔNG TY CỔ PHẦN THƯƠNG MẠI LONG PHÚ,Hà Nội,Miền Bắc,2025-02-20,2025-02-20,1,20.0,17390000.0,2,8,2.5,2173750.0,374,0,1,1,1,111,3,Đã mất,6347350000.0,17390000.0,525,98.84
KH-00539,CỬA HÀNG XE ĐẠP CHI THÀNH,Thái Nguyên,Miền Bắc,2026-01-28,2026-01-28,1,10.0,17192218.0,1,8,1.25,2149027.25,32,0,4,3,1,431,8,Loyal,6275159570.0,17192218.0,526,98.87
KH-00279,CỬA HÀNG XE ĐẠP CHI THÀNH,Hà Nam,Miền Bắc,2025-03-25,2025-03-25,1,20.0,17170000.0,2,11,1.8181818181818181,1560909.0909090908,341,0,2,2,1,221,5,Ngủ đông,6267050000.0,17170000.0,527,98.89
KH-00331,HỘ KINH DOANH ĐẠI DƯƠNG,Hà Giang,Miền Bắc,2025-03-31,2025-03-31,1,15.0,16960000.0,2,5,3.0,3392000.0,335,0,3,2,1,321,6,Trung bình,6190400000.0,16960000.0,528,98.92
KH-00449,CÔNG TY CỔ PHẦN THUỶ TIÊN,Phú Thọ,Miền Bắc,2026-01-24,2026-01-24,1,11.0,16652772.0,2,4,2.2,3330554.4,36,0,3,2,1,321,6,Trung bình,6078261780.0,16652772.0,529,98.94
KH-00069,CÔNG TY TNHH MINH PHƯƠNG,Hà Nội,Miền Bắc,2025-02-11,2026-01-07,3,6.0,16611111.0,1,2,2.0,5537037.0,53,330,3,4,1,341,8,Có tiềm năng,18372896.0,5537037.0,530,98.97
KH-00589,DOANH NGHIỆP TW KHẢI HOÀN,Hà Nội,Miền Bắc,2026-02-02,2026-02-02,1,7.0,16527777.0,1,1,7.0,16527777.0,27,0,4,3,1,431,8,Loyal,6032638605.0,16527777.0,531,99.0
KH-00583,CÔNG TY TNHH THƯƠNG MẠI THANH BÌNH,Đà Nẵng,Miền Trung,2026-01-31,2026-01-31,1,11.0,16494903.0,2,9,1.1,1649490.3,29,0,4,3,1,431,8,Loyal,6020639595.0,16494903.0,532,99.02
KH-00306,CÔNG TY TNHH HOÀ BÌNH,Vĩnh Phúc,Miền Bắc,2025-03-28,2025-03-28,1,14.0,16430000.0,1,5,2.8,3286000.0,338,0,2,2,1,221,5,Ngủ đông,5996950000.0,16430000.0,533,99.05
KH-00322,CÔNG TY TNHH THƯƠNG MẠI THANH BÌNH,Hải Phòng,Miền Bắc,2025-03-31,2025-03-31,1,14.0,16380000.0,2,6,2.3333333333333335,2730000.0,335,0,3,2,1,321,6,Trung bình,5978700000.0,16380000.0,534,99.07
KH-00460,DOANH NGHIỆP TW THUỶ TIÊN,Phú Thọ,Miền Bắc,2026-01-26,2026-01-26,1,10.0,16361110.0,0,2,3.3333333333333335,5453703.333333333,34,0,3,2,1,321,6,Trung bình,5971805150.0,16361110.0,535,99.1
KH-00613,DOANH NGHIỆP TW HÙNG CƯỜNG,Quảng Ninh,Miền Bắc,2026-02-05,2026-02-05,1,12.0,16197214.0,1,3,4.0,5399071.333333333,24,0,4,3,1,431,8,Loyal,5911983110.0,16197214.0,536,99.12
KH-00422,CÔNG TY CỔ PHẦN THƯƠNG MẠI SƠN HÀ,Hà Nội,Miền Bắc,2026-01-23,2026-01-23,1,12.0,15861474.0,1,5,2.4,3172294.8,37,0,3,2,1,321,6,Trung bình,5789438010.0,15861474.0,537,99.15
KH-00448,CÔNG TY TNHH THUỶ TIÊN,Hà Nội,Miền Bắc,2026-01-24,2026-01-24,1,12.0,15771104.0,2,5,2.4,3154220.8,36,0,3,2,1,321,6,Trung bình,5756452960.0,15771104.0,538,99.17
KH-00522,CÔNG TY TNHH HÙNG CƯỜNG,Ninh Bình,Miền Bắc,2026-01-28,2026-01-28,1,10.0,15749995.0,1,2,5.0,7874997.5,32,0,4,2,1,421,7,Trung bình,5748748175.0,15749995.0,539,99.2
KH-00592,CỬA HÀNG XE ĐẠP SÁN LẠP,TP Đà Nẵng,Miền Bắc,2026-02-03,2026-02-03,1,6.0,14944444.0,1,1,6.0,14944444.0,26,0,4,3,1,431,8,Loyal,5454722060.0,14944444.0,540,99.22
KH-00345,DOANH NGHIỆP TW PHÚ THỊNH,Phú Thọ,Miền Bắc,2026-01-12,2026-01-12,1,5.0,14872220.0,0,2,2.5,7436110.0,48,0,3,2,1,321,6,Trung bình,5428360300.0,14872220.0,541,99.24
KH-00290,CÔNG TY CỔ PHẦN THƯƠNG MẠI TÂY BẮC,Hưng Yên,Miền Bắc,2025-03-26,2025-03-26,1,11.0,14702643.0,3,6,1.8333333333333333,2450440.5,340,0,2,2,1,221,5,Ngủ đông,5366464695.0,14702643.0,542,99.27
KH-00150,HỘ KINH DOANH SÁN LẠP,Hải Dương,Miền Bắc,2025-02-22,2025-02-22,1,9.0,14582643.0,2,8,1.125,1822830.375,372,0,1,1,1,111,3,Đã mất,5322664695.0,14582643.0,543,99.29
KH-00511,CÔNG TY TNHH BÌNH MINH,Lào Cai,Miền Bắc,2026-01-28,2026-01-28,1,11.0,14207958.0,1,7,1.5714285714285714,2029708.2857142857,32,0,4,2,1,421,7,Trung bình,5185904670.0,14207958.0,544,99.31
KH-00326,CỬA HÀNG XE ĐẠP VĨNH PHÁT,Quảng NinhSố,Miền Bắc,2025-03-31,2025-03-31,1,13.0,13870000.0,3,7,1.8571428571428572,1981428.5714285714,335,0,3,2,1,321,6,Trung bình,5062550000.0,13870000.0,545,99.33
KH-00061,HỘ KINH DOANH THUỶ TIÊN,Hòa Bình,Miền Bắc,2025-02-10,2025-02-10,1,10.0,13730000.0,3,7,1.4285714285714286,1961428.5714285714,384,0,1,1,1,111,3,Đã mất,5011450000.0,13730000.0,546,99.35
KH-00008,CÔNG TY CỔ PHẦN YÊN BÌNH,Hưng Yên,Miền Bắc,2025-01-09,2026-01-17,2,4.0,13685186.0,1,2,2.0,6842593.0,43,373,3,3,1,331,7,Trung bình,13391670.0,6842593.0,547,99.37
KH-00025,DOANH NGHIỆP TW SƠN HÀ,Thanh Hoá,Miền Trung,2025-01-13,2025-01-13,1,6.0,13277778.0,1,1,6.0,13277778.0,412,0,1,1,1,111,3,Đã mất,4846388970.0,13277778.0,548,99.4
KH-00048,CÔNG TY TNHH THUỶ TIÊN,Hà Nội,Miền Bắc,2025-02-05,2025-02-20,3,6.0,13277778.0,1,1,2.0,4425926.0,374,15,1,4,1,141,6,Không thể mất,323092598.0,4425926.0,548,99.42
KH-00182,CÔNG TY CỔ PHẦN PHÚ THỊNH,Sơn La,Miền Bắc,2025-03-14,2025-03-14,1,10.0,13140000.0,3,5,2.0,2628000.0,352,0,1,1,1,111,3,Đã mất,4796100000.0,13140000.0,550,99.44
KH-00303,CÔNG TY CỔ PHẦN BÌNH MINH,Hà Nội,Miền Bắc,2025-03-28,2025-03-28,1,11.0,12980000.0,2,9,1.2222222222222223,1442222.2222222222,338,0,2,2,1,221,5,Ngủ đông,4737700000.0,12980000.0,551,99.46
KH-00500,CÔNG TY CỔ PHẦN THƯƠNG MẠI VĨNH PHÁT,Hà Nội,Miền Bắc,2026-01-28,2026-01-28,1,5.0,12458333.0,1,1,5.0,12458333.0,32,0,4,2,1,421,7,Trung bình,4547291545.0,12458333.0,552,99.48
KH-00001,HỘ KINH DOANH TÚ ANH,Hà Nội,Miền Bắc,2025-01-02,2025-03-26,3,5.0,11527779.0,1,1,1.6666666666666667,3842593.0,340,83,2,4,1,241,7,Nguy cơ rời bỏ,50694450.0,3842593.0,553,99.49
KH-00041,CỬA HÀNG XE ĐẠP ĐÔNG NAM,Thanh Hóa,Miền Trung,2025-01-22,2025-01-22,1,5.0,11064815.0,1,1,5.0,11064815.0,403,0,1,1,1,111,3,Đã mất,4038657475.0,11064815.0,554,99.51
KH-00033,CỬA HÀNG XE ĐẠP HÙNG CƯỜNG,Hà Nội,Miền Bắc,2025-01-17,2025-01-17,1,5.0,11064815.0,1,1,5.0,11064815.0,408,0,1,1,1,111,3,Đã mất,4038657475.0,11064815.0,554,99.53
KH-00165,CÔNG TY CỔ PHẦN THƯƠNG MẠI TRƯỜNG THỊNH,Bắc Giang,Miền Bắc,2025-02-26,2025-02-26,1,8.0,10890000.0,3,7,1.1428571428571428,1555714.2857142857,368,0,1,1,1,111,3,Đã mất,3974850000.0,10890000.0,556,99.55
KH-00323,CÔNG TY CỔ PHẦN PHÚ THỊNH,Nghệ An,Miền Trung,2025-03-31,2025-03-31,1,9.0,10850000.0,1,5,1.8,2170000.0,335,0,3,2,1,321,6,Trung bình,3960250000.0,10850000.0,557,99.56
KH-00375,CÔNG TY TNHH ĐẠI DƯƠNG,Hà Nội,Miền Bắc,2026-01-16,2026-01-16,1,5.0,10716664.0,1,4,1.25,2679166.0,44,0,3,2,1,321,6,Trung bình,3911582360.0,10716664.0,558,99.58
KH-00617,CÔNG TY CỔ PHẦN ĐẠI LỢI,Hà Nội,Miền Bắc,2026-02-06,2026-02-06,1,6.0,10000000.0,0,1,6.0,10000000.0,23,0,4,3,1,431,8,Loyal,3650000000.0,10000000.0,559,99.59
KH-00591,CÔNG TY TNHH THƯƠNG MẠI KHẢI HOÀN,Hà Nội,Miền Bắc,2026-02-03,2026-02-03,1,1.0,9157407.0,0,1,1.0,9157407.0,26,0,4,3,1,431,8,Loyal,3342453555.0,9157407.0,560,99.61
KH-00337,DOANH NGHIỆP TW VĨNH PHÁT,Hà Nội,Miền Bắc,2026-01-12,2026-01-12,1,1.0,9157407.0,0,1,1.0,9157407.0,48,0,3,2,1,321,6,Trung bình,3342453555.0,9157407.0,560,99.62
KH-00070,CÔNG TY TNHH THƯƠNG MẠI CHI THÀNH,TP. Hồ Chí Minh,Miền Nam,2025-02-13,2025-02-13,1,4.0,8851852.0,1,1,4.0,8851852.0,381,0,1,1,1,111,3,Đã mất,3230925980.0,8851852.0,562,99.64
KH-00090,CÔNG TY TNHH THƯƠNG MẠI TÂY BẮC,Thanh Hoá,Miền Trung,2025-02-15,2025-02-15,1,4.0,8518519.0,1,1,4.0,8518519.0,379,0,1,1,1,111,3,Đã mất,3109259435.0,8518519.0,563,99.65
KH-00361,CÔNG TY CỔ PHẦN THƯƠNG MẠI TÂY BẮC,Hà Nội,Miền Bắc,2026-01-14,2026-02-03,2,3.0,8055557.0,1,2,1.5,4027778.5,26,20,4,4,1,441,9,Loyal,147013915.0,4027778.0,564,99.66
KH-00550,CÔNG TY TNHH ĐÔNG NAM,Phú Thọ,Miền Bắc,2026-01-29,2026-01-29,1,6.0,7799812.0,1,3,2.0,2599937.3333333335,31,0,4,3,1,431,8,Loyal,2846931380.0,7799812.0,565,99.67
KH-00026,CÔNG TY CỔ PHẦN LÊ ANH,Thanh Hóa,Miền Trung,2025-01-13,2025-01-13,1,3.0,7777778.0,1,1,3.0,7777778.0,412,0,1,1,1,111,3,Đã mất,2838888970.0,7777778.0,566,99.69
KH-00175,CÔNG TY CỔ PHẦN THƯƠNG MẠI TÂN TIẾN,Hà Nội,Miền Bắc,2025-03-06,2025-03-06,1,1.0,7490741.0,1,1,1.0,7490741.0,360,0,1,1,1,111,3,Đã mất,2734120465.0,7490741.0,567,99.7
KH-00253,CÔNG TY TNHH YÊN BÌNH,Hà Nội,Miền Bắc,2025-03-24,2025-03-24,1,1.0,7490741.0,1,1,1.0,7490741.0,342,0,2,1,1,211,4,Trung bình,2734120465.0,7490741.0,567,99.71
KH-00177,CÔNG TY CỔ PHẦN TRƯỜNG THỊNH,Hưng Yên,Miền Bắc,2025-03-10,2025-03-10,1,3.0,7388889.0,1,2,1.5,3694444.5,356,0,1,1,1,111,3,Đã mất,2696944485.0,7388889.0,569,99.72
KH-00418,CÔNG TY CỔ PHẦN PHÚ THỊNH,Hà Nội,Miền Bắc,2026-01-23,2026-01-23,1,3.0,7361112.0,1,2,1.5,3680556.0,37,0,3,2,1,321,6,Trung bình,2686805880.0,7361112.0,570,99.73
KH-00118,HỘ KINH DOANH HÙNG CƯỜNG,Nam Định,Miền Bắc,2025-02-20,2025-02-20,1,3.0,7361111.0,1,1,3.0,7361111.0,374,0,1,1,1,111,3,Đã mất,2686805515.0,7361111.0,571,99.74
KH-00412,CÔNG TY TNHH TRÍ ĐỨC,Hưng Yên,Miền Bắc,2026-01-23,2026-01-23,1,3.0,6805556.0,1,2,1.5,3402778.0,37,0,3,2,1,321,6,Trung bình,2484027940.0,6805556.0,572,99.75
KH-00593,CÔNG TY CỔ PHẦN NGỌC ANH,Hà Nội,Miền Bắc,2026-02-04,2026-02-09,2,2.0,5185186.0,1,1,1.0,2592593.0,20,5,4,4,1,441,9,Loyal,378518578.0,2592593.0,573,99.76
KH-00012,HỘ KINH DOANH THIÊN AN,Hà Nội,Miền Bắc,2025-01-10,2025-03-10,2,2.0,5185186.0,1,1,1.0,2592593.0,356,59,1,3,1,131,5,Ngủ đông,32077846.0,2592593.0,573,99.77
KH-00055,CÔNG TY TNHH THƯƠNG MẠI TÂY BẮC,Đắk Lắk,Miền Trung,2025-02-10,2025-02-10,1,2.0,4983333.0,1,1,2.0,4983333.0,384,0,1,1,1,111,3,Đã mất,1818916545.0,4983333.0,575,99.78
KH-00462,HỘ KINH DOANH TRƯỜNG THỊNH,Hưng Yên,Miền Bắc,2026-01-26,2026-01-29,2,2.0,4981482.0,1,2,1.0,2490741.0,31,3,4,4,1,441,9,Loyal,606080310.0,2490741.0,576,99.79
KH-00031,CÔNG TY CỔ PHẦN THƯƠNG MẠI ĐẠI DƯƠNG,Hà Nội,Miền Bắc,2025-01-16,2025-01-16,1,2.0,4907408.0,1,2,1.0,2453704.0,409,0,1,1,1,111,3,Đã mất,1791203920.0,4907408.0,577,99.79
KH-00399,CÔNG TY TNHH ĐẠI LỢI,Hà Nội,Miền Bắc,2026-01-20,2026-01-20,1,2.0,4611112.0,1,2,1.0,2305556.0,40,0,3,2,1,321,6,Trung bình,1683055880.0,4611112.0,578,99.8
KH-00011,DOANH NGHIỆP TW NAM TIẾN,Hà Nội,Miền Bắc,2025-01-09,2025-03-06,2,2.0,4611112.0,1,1,1.0,2305556.0,360,56,1,3,1,131,5,Ngủ đông,30054569.0,2305556.0,578,99.81
KH-00051,CÔNG TY CỔ PHẦN KHẢI HOÀN,Hưng Yên,Miền Bắc,2025-02-07,2025-02-07,1,2.0,4611111.0,1,1,2.0,4611111.0,387,0,1,1,1,111,3,Đã mất,1683055515.0,4611111.0,580,99.82
KH-00287,CÔNG TY TNHH THƯƠNG MẠI THUỶ TIÊN,Vĩnh Phúc,Miền Bắc,2025-03-26,2025-03-26,1,2.0,4611111.0,1,1,2.0,4611111.0,340,0,2,2,1,221,5,Ngủ đông,1683055515.0,4611111.0,580,99.82
KH-00336,CÔNG TY CỔ PHẦN LONG PHÚ,Bắc Ninh,Miền Bắc,2026-01-08,2026-01-19,2,2.0,4537038.0,1,1,1.0,2268519.0,41,11,3,4,1,341,8,Có tiềm năng,150547170.0,2268519.0,582,99.83
KH-00478,CÔNG TY TNHH BÌNH MINH,Hà Nội,Miền Bắc,2026-01-27,2026-01-27,1,1.0,4527778.0,0,1,1.0,4527778.0,33,0,3,2,1,321,6,Trung bình,1652638970.0,4527778.0,583,99.84
KH-00400,CÔNG TY TNHH XÂY DỰNG,Đồng Nai,Miền Nam,2026-01-21,2026-01-21,1,1.0,4527778.0,0,1,1.0,4527778.0,39,0,3,2,1,321,6,Trung bình,1652638970.0,4527778.0,583,99.84
KH-00005,CÔNG TY TNHH ĐẠI LỢI,Hà Nội,Miền Bắc,2025-01-07,2025-01-07,1,2.0,4425926.0,1,1,2.0,4425926.0,418,0,1,1,1,111,3,Đã mất,1615462990.0,4425926.0,585,99.85
KH-00179,CÔNG TY CỔ PHẦN TÂN TIẾN,Hà Nội,Miền Bắc,2025-03-10,2025-03-10,1,2.0,4240741.0,2,2,1.0,2120370.5,356,0,1,1,1,111,3,Đã mất,1547870465.0,4240741.0,586,99.86
KH-00029,CÔNG TY TNHH THƯƠNG MẠI THANH BÌNH,Phan Thiết,Miền Bắc,2025-01-16,2025-01-16,1,2.0,4055556.0,0,1,2.0,4055556.0,409,0,1,1,1,111,3,Đã mất,1480277940.0,4055556.0,587,99.86
KH-00037,CÔNG TY TNHH THƯƠNG MẠI THANH BÌNH,Hà Nội,Miền Bắc,2025-01-20,2025-01-20,1,1.0,3879630.0,1,1,1.0,3879630.0,405,0,1,1,1,111,3,Đã mất,1416064950.0,3879630.0,588,99.87
KH-00335,CÔNG TY CỔ PHẦN THUỶ TIÊN,Hà Nội,Miền Bắc,2026-01-06,2026-01-06,1,2.0,3870371.0,1,2,1.0,1935185.5,54,0,3,2,1,321,6,Trung bình,1412685415.0,3870371.0,589,99.88
KH-00053,CÔNG TY TNHH TRƯỜNG THỊNH,Hà Nội,Miền Bắc,2025-02-07,2025-02-07,1,1.0,3694444.0,1,1,1.0,3694444.0,387,0,1,1,1,111,3,Đã mất,1348472060.0,3694444.0,590,99.88
KH-00002,CÔNG TY TNHH THƯƠNG MẠI VIỆT ANH,Hà Nội,Miền Bắc,2025-01-06,2025-01-06,1,1.0,3509259.0,1,1,1.0,3509259.0,419,0,1,1,1,111,3,Đã mất,1280879535.0,3509259.0,591,99.89
KH-00071,CỬA HÀNG XE ĐẠP BÌNH MINH,Hà Nội,Miền Bắc,2025-02-14,2025-02-14,1,1.0,3509259.0,1,1,1.0,3509259.0,380,0,1,1,1,111,3,Đã mất,1280879535.0,3509259.0,591,99.89
KH-00072,DOANH NGHIỆP TW PHÚC AN,Hà Tĩnh,Miền Trung,2025-02-14,2025-02-14,1,3.0,3450000.0,1,1,3.0,3450000.0,380,0,1,1,1,111,3,Đã mất,1259250000.0,3450000.0,593,99.9
KH-00479,DOANH NGHIỆP TW NGỌC ANH,Hà Nội,Miền Bắc,2026-01-27,2026-01-27,1,1.0,3333333.0,0,1,1.0,3333333.0,33,0,3,2,1,321,6,Trung bình,1216666545.0,3333333.0,594,99.9
KH-00619,CỬA HÀNG XE ĐẠP VĨNH PHÁT,TP Đà Nẵng,Miền Bắc,2026-02-07,2026-02-07,1,1.0,3231481.0,1,1,1.0,3231481.0,22,0,4,3,1,431,8,Loyal,1179490565.0,3231481.0,595,99.91
KH-00616,CÔNG TY CỔ PHẦN TRÍ ĐỨC,Hà Nội,Miền Bắc,2026-02-06,2026-02-06,1,1.0,2768519.0,1,1,1.0,2768519.0,23,0,4,3,1,431,8,Loyal,1010509435.0,2768519.0,598,99.91
KH-00191,CÔNG TY CỔ PHẦN THƯƠNG MẠI XUÂN MAI,Hưng Yên,Miền Bắc,2025-03-19,2025-03-19,1,1.0,2768519.0,1,1,1.0,2768519.0,347,0,1,1,1,111,3,Đã mất,1010509435.0,2768519.0,598,99.92
KH-00388,CÔNG TY CỔ PHẦN MẶT TRỜI,Hà Nội,Miền Bắc,2026-01-19,2026-01-19,1,1.0,2768519.0,1,1,1.0,2768519.0,41,0,3,2,1,321,6,Trung bình,1010509435.0,2768519.0,598,99.92
KH-00187,HỘ KINH DOANH NGỌC ANH,Hà Nội,Miền Bắc,2025-03-18,2025-03-18,1,1.0,2768519.0,1,1,1.0,2768519.0,348,0,1,1,1,111,3,Đã mất,1010509435.0,2768519.0,598,99.92
KH-00540,CÔNG TY TNHH NGỌC ANH,Hà Nội,Miền Bắc,2026-01-29,2026-01-29,1,1.0,2768519.0,1,1,1.0,2768519.0,31,0,4,3,1,431,8,Loyal,1010509435.0,2768519.0,598,99.93
KH-00160,CÔNG TY TNHH THƯƠNG MẠI TRÍ ĐỨC,Hà Nội,Miền Bắc,2025-02-26,2025-02-26,1,1.0,2768519.0,1,1,1.0,2768519.0,368,0,1,1,1,111,3,Đã mất,1010509435.0,2768519.0,598,99.93
KH-00185,CÔNG TY TNHH THƯƠNG MẠI VĨNH PHÁT,Tỉnh Hòa Bình.,Miền Bắc,2025-03-17,2025-03-17,1,1.0,2546296.0,1,1,1.0,2546296.0,349,0,1,1,1,111,3,Đã mất,929398040.0,2546296.0,602,99.94
KH-00013,DOANH NGHIỆP TW THANH BÌNH,Hưng Yên,Miền Bắc,2025-01-10,2025-01-10,1,1.0,2490741.0,0,1,1.0,2490741.0,415,0,1,1,1,111,3,Đã mất,909120465.0,2490741.0,603,99.94
KH-00286,DOANH NGHIỆP TW VIỆT ANH,Hà Nội,Miền Bắc,2025-03-26,2025-03-26,1,1.0,2398148.0,1,1,1.0,2398148.0,340,0,2,2,1,221,5,Ngủ đông,875324020.0,2398148.0,605,99.95
KH-00054,HỘ KINH DOANH TRÍ ĐỨC,Hà Nội,Miền Bắc,2025-02-10,2025-02-10,1,1.0,2398148.0,1,1,1.0,2398148.0,384,0,1,1,1,111,3,Đã mất,875324020.0,2398148.0,605,99.95
KH-00003,CÔNG TY CỔ PHẦN THƯƠNG MẠI NAM TIẾN,Hà Nội,Miền Bắc,2025-01-06,2025-01-06,1,1.0,2398148.0,1,1,1.0,2398148.0,419,0,1,1,1,111,3,Đã mất,875324020.0,2398148.0,605,99.95
KH-00541,HỘ KINH DOANH SÁN LẠP,TP Đà Nẵng,Miền Bắc,2026-01-29,2026-01-29,1,1.0,2361111.0,1,1,1.0,2361111.0,31,0,4,3,1,431,8,Loyal,861805515.0,2361111.0,608,99.96
KH-00542,CÔNG TY TNHH THƯƠNG MẠI NAM TIẾN,Lạng Sơn,Miền Bắc,2026-01-29,2026-01-29,1,1.0,2361111.0,1,1,1.0,2361111.0,31,0,4,3,1,431,8,Loyal,861805515.0,2361111.0,608,99.96
KH-00411,CỬA HÀNG XE ĐẠP MẶT TRỜI,Hà Nội,Miền Bắc,2026-01-22,2026-01-22,1,1.0,2361111.0,1,1,1.0,2361111.0,38,0,3,2,1,321,6,Trung bình,861805515.0,2361111.0,608,99.96
KH-00203,CÔNG TY CỔ PHẦN THƯƠNG MẠI HOÀ BÌNH,Phú Thọ,Miền Bắc,2025-03-19,2025-03-19,1,1.0,2305556.0,1,1,1.0,2305556.0,347,0,1,1,1,111,3,Đã mất,841527940.0,2305556.0,611,99.97
KH-00294,HỘ KINH DOANH SÁN LẠP,Hải Phòng,Miền Bắc,2025-03-27,2025-03-27,1,1.0,2305556.0,1,1,1.0,2305556.0,339,0,2,2,1,221,5,Ngủ đông,841527940.0,2305556.0,611,99.97
KH-00213,CÔNG TY CỔ PHẦN HOÀ BÌNH,Hà Nội,Miền Bắc,2025-03-20,2025-03-20,1,1.0,2305556.0,1,1,1.0,2305556.0,346,0,1,1,1,111,3,Đã mất,841527940.0,2305556.0,611,99.97
KH-00050,CÔNG TY TNHH AN PHÁT,Hải Dương,Miền Bắc,2025-02-07,2025-02-07,1,1.0,2305556.0,1,1,1.0,2305556.0,387,0,1,1,1,111,3,Đã mất,841527940.0,2305556.0,611,99.98
KH-00590,CÔNG TY TNHH TOÀN THẮNG,Thanh Hóa,Miền Trung,2026-02-02,2026-02-02,1,1.0,2268519.0,1,1,1.0,2268519.0,27,0,4,3,1,431,8,Loyal,828009435.0,2268519.0,614,99.98
KH-00052,DOANH NGHIỆP TW TÂN TIẾN,Chí Linh,Miền Bắc,2025-02-07,2025-02-07,1,1.0,2212963.0,1,1,1.0,2212963.0,387,0,1,1,1,111,3,Đã mất,807731495.0,2212963.0,615,99.98
KH-00178,CÔNG TY CỔ PHẦN QUANG VINH,Hà Nội,Miền Bắc,2025-03-10,2025-03-10,1,1.0,2212963.0,1,1,1.0,2212963.0,356,0,1,1,1,111,3,Đã mất,807731495.0,2212963.0,615,99.99
KH-00245,CỬA HÀNG XE ĐẠP TÂN TIẾN,Hà Nội,Miền Bắc,2025-03-22,2025-03-22,1,1.0,2120370.0,1,1,1.0,2120370.0,344,0,2,1,1,211,4,Trung bình,773935050.0,2120370.0,617,99.99
KH-00362,HỘ KINH DOANH MẶT TRỜI,Hà Nội,Miền Bắc,2026-01-14,2026-01-14,1,1.0,2027778.0,1,1,1.0,2027778.0,46,0,3,2,1,321,6,Trung bình,740138970.0,2027778.0,618,99.99
KH-00032,HỘ KINH DOANH CHI THÀNH,Hà Nội,Miền Bắc,2025-01-16,2025-01-16,1,1.0,1935185.0,0,1,1.0,1935185.0,409,0,1,1,1,111,3,Đã mất,706342525.0,1935185.0,619,100.0
KH-00176,CÔNG TY TNHH THUỶ TIÊN,Hà Nội,Miền Bắc,2025-03-07,2025-03-07,1,1.0,1472222.0,1,1,1.0,1472222.0,359,0,1,1,1,111,3,Đã mất,537361030.0,1472222.0,620,100.0
