customer_code,customer_name,group_code,group_name,tong_sl,tong_dt,so_don,ty_trong_kh_pct
KH-00001,HỘ KINH DOANH TÚ ANH,CITYBIKE_P,Xe phổ thông,5.0,11527779.0,3,100.0
KH-00002,CÔNG TY TNHH THƯƠNG MẠI VIỆT ANH,SPORTBIKE_S,Xe thể thao thép,1.0,3509259.0,1,100.0
KH-00003,CÔNG TY CỔ PHẦN THƯƠNG MẠI NAM TIẾN,CITYBIKE_P,Xe phổ thông,1.0,2398148.0,1,100.0
KH-00004,DOANH NGHIỆP TW KHẢI HOÀN,CITYBIKE_P,Xe phổ thông,158.0,213280917.0,9,80.9
KH-00004,DOANH NGHIỆP TW KHẢI HOÀN,KIDBIKE_1,Xe trẻ em nhóm 1,26.0,29321110.0,6,11.12
KH-00004,DOANH NGHIỆP TW KHẢI HOÀN,KIDBIKE_2,Xe trẻ em nhóm 2,13.0,10633325.0,2,4.03
KH-00004,DOANH NGHIỆP TW KHẢI HOÀN,SPORTBIKE_A,Xe thể thao nhôm,3.0,6700000.0,1,2.54
KH-00004,DOANH NGHIỆP TW KHẢI HOÀN,SPORTBIKE_S,Xe thể thao thép,3.0,3700000.0,1,1.4
KH-00005,CÔNG TY TNHH ĐẠI LỢI,CITYBIKE_P,Xe phổ thông,2.0,4425926.0,1,100.0
KH-00006,CÔNG TY TNHH CHI THÀNH,CITYBIKE_P,Xe phổ thông,281.0,553001698.0,51,55.94
KH-00006,CÔNG TY TNHH CHI THÀNH,KIDBIKE_1,Xe trẻ em nhóm 1,140.0,211464810.0,32,21.39
KH-00006,CÔNG TY TNHH CHI THÀNH,KIDBIKE_2,Xe trẻ em nhóm 2,184.0,209504214.0,39,21.19
KH-00006,CÔNG TY TNHH CHI THÀNH,SPORTBIKE_S,Xe thể thao thép,5.0,14548610.0,3,1.47
KH-00007,CÔNG TY TNHH THƯƠNG MẠI ĐẠI LỢI,CITYBIKE_P,Xe phổ thông,257.0,404761994.0,5,77.75
KH-00007,CÔNG TY TNHH THƯƠNG MẠI ĐẠI LỢI,KIDBIKE_1,Xe trẻ em nhóm 1,52.0,60007124.0,3,11.53
KH-00007,CÔNG TY TNHH THƯƠNG MẠI ĐẠI LỢI,SPORTBIKE_A,Xe thể thao nhôm,16.0,47088889.0,1,9.05
KH-00007,CÔNG TY TNHH THƯƠNG MẠI ĐẠI LỢI,SPORTBIKE_S,Xe thể thao thép,3.0,6356664.0,1,1.22
KH-00007,CÔNG TY TNHH THƯƠNG MẠI ĐẠI LỢI,KIDBIKE_2,Xe trẻ em nhóm 2,3.0,2361111.0,1,0.45
KH-00008,CÔNG TY CỔ PHẦN YÊN BÌNH,SPORTBIKE_S,Xe thể thao thép,2.0,6648148.0,1,100.0
KH-00009,CỬA HÀNG XE ĐẠP THIÊN AN,CITYBIKE_P,Xe phổ thông,40.0,88888888.0,2,100.0
KH-00010,CỬA HÀNG XE ĐẠP QUANG VINH,CITYBIKE_P,Xe phổ thông,129.0,174899707.0,6,61.52
KH-00010,CỬA HÀNG XE ĐẠP QUANG VINH,KIDBIKE_2,Xe trẻ em nhóm 2,72.0,51947662.0,4,18.27
KH-00010,CỬA HÀNG XE ĐẠP QUANG VINH,KIDBIKE_1,Xe trẻ em nhóm 1,35.0,38250000.0,3,13.45
KH-00010,CỬA HÀNG XE ĐẠP QUANG VINH,SPORTBIKE_A,Xe thể thao nhôm,7.0,19215148.0,3,6.76
KH-00011,DOANH NGHIỆP TW NAM TIẾN,CITYBIKE_P,Xe phổ thông,2.0,4611112.0,2,100.0
KH-00012,HỘ KINH DOANH THIÊN AN,CITYBIKE_P,Xe phổ thông,2.0,5185186.0,2,100.0
KH-00014,HỘ KINH DOANH LONG PHÚ,CITYBIKE_P,Xe phổ thông,88.0,108139992.0,4,78.2
KH-00014,HỘ KINH DOANH LONG PHÚ,KIDBIKE_2,Xe trẻ em nhóm 2,28.0,13640000.0,3,9.86
KH-00014,HỘ KINH DOANH LONG PHÚ,KIDBIKE_1,Xe trẻ em nhóm 1,12.0,12600000.0,3,9.11
KH-00014,HỘ KINH DOANH LONG PHÚ,SPORTBIKE_S,Xe thể thao thép,3.0,3900000.0,1,2.82
KH-00015,DOANH NGHIỆP TW MINH PHƯƠNG,CITYBIKE_P,Xe phổ thông,36.0,43180000.0,2,55.41
KH-00015,DOANH NGHIỆP TW MINH PHƯƠNG,SPORTBIKE_A,Xe thể thao nhôm,13.0,27950000.0,2,35.87
KH-00015,DOANH NGHIỆP TW MINH PHƯƠNG,KIDBIKE_1,Xe trẻ em nhóm 1,4.0,4200000.0,1,5.39
KH-00015,DOANH NGHIỆP TW MINH PHƯƠNG,SPORTBIKE_S,Xe thể thao thép,2.0,2600000.0,1,3.34
KH-00016,DOANH NGHIỆP TW VIỆT ANH,CITYBIKE_P,Xe phổ thông,61.0,73560000.0,4,90.92
KH-00016,DOANH NGHIỆP TW VIỆT ANH,KIDBIKE_1,Xe trẻ em nhóm 1,7.0,7350000.0,2,9.08
KH-00017,CỬA HÀNG XE ĐẠP THUỶ TIÊN,CITYBIKE_P,Xe phổ thông,20.0,23350000.0,1,100.0
KH-00018,CÔNG TY TNHH THƯƠNG MẠI PHÚ THỊNH,SPORTBIKE_S,Xe thể thao thép,75.0,90200000.0,3,41.06
KH-00018,CÔNG TY TNHH THƯƠNG MẠI PHÚ THỊNH,CITYBIKE_P,Xe phổ thông,54.0,81252765.0,5,36.99
KH-00018,CÔNG TY TNHH THƯƠNG MẠI PHÚ THỊNH,KIDBIKE_2,Xe trẻ em nhóm 2,32.0,24935538.0,3,11.35
KH-00018,CÔNG TY TNHH THƯƠNG MẠI PHÚ THỊNH,KIDBIKE_1,Xe trẻ em nhóm 1,19.0,23282124.0,5,10.6
KH-00019,CÔNG TY CỔ PHẦN THƯƠNG MẠI LÊ ANH,CITYBIKE_P,Xe phổ thông,439.0,844989432.0,40,37.63
KH-00019,CÔNG TY CỔ PHẦN THƯƠNG MẠI LÊ ANH,KIDBIKE_2,Xe trẻ em nhóm 2,434.0,481506651.0,35,21.44
KH-00019,CÔNG TY CỔ PHẦN THƯƠNG MẠI LÊ ANH,SPORTBIKE_S,Xe thể thao thép,164.0,420191859.0,29,18.71
KH-00019,CÔNG TY CỔ PHẦN THƯƠNG MẠI LÊ ANH,KIDBIKE_1,Xe trẻ em nhóm 1,198.0,352474622.0,32,15.7
KH-00019,CÔNG TY CỔ PHẦN THƯƠNG MẠI LÊ ANH,SPORTBIKE_A,Xe thể thao nhôm,42.0,146428334.0,2,6.52
KH-00020,DOANH NGHIỆP TW TRƯỜNG THỊNH,CITYBIKE_P,Xe phổ thông,60.0,124583332.0,1,100.0
KH-00021,HỘ KINH DOANH XÂY DỰNG,CITYBIKE_P,Xe phổ thông,40.0,87037037.0,1,100.0
KH-00022,CÔNG TY CỔ PHẦN VIỆT ANH,CITYBIKE_P,Xe phổ thông,66.0,85467218.0,10,49.99
KH-00022,CÔNG TY CỔ PHẦN VIỆT ANH,SPORTBIKE_S,Xe thể thao thép,33.0,40950000.0,4,23.95
KH-00022,CÔNG TY CỔ PHẦN VIỆT ANH,SPORTBIKE_A,Xe thể thao nhôm,7.0,19756647.0,4,11.56
KH-00022,CÔNG TY CỔ PHẦN VIỆT ANH,KIDBIKE_1,Xe trẻ em nhóm 1,12.0,12900000.0,3,7.55
KH-00022,CÔNG TY CỔ PHẦN VIỆT ANH,KIDBIKE_2,Xe trẻ em nhóm 2,25.0,11900000.0,6,6.96
KH-00023,CÔNG TY TNHH THANH BÌNH,CITYBIKE_P,Xe phổ thông,448.0,679434256.0,6,85.75
KH-00023,CÔNG TY TNHH THANH BÌNH,KIDBIKE_1,Xe trẻ em nhóm 1,84.0,112881481.0,1,14.25
KH-00024,CÔNG TY TNHH MINH PHƯƠNG,CITYBIKE_P,Xe phổ thông,288.0,395031631.0,11,91.62
KH-00024,CÔNG TY TNHH MINH PHƯƠNG,KIDBIKE_1,Xe trẻ em nhóm 1,29.0,31824998.0,7,7.38
KH-00024,CÔNG TY TNHH MINH PHƯƠNG,SPORTBIKE_S,Xe thể thao thép,2.0,2400000.0,1,0.56
KH-00024,CÔNG TY TNHH MINH PHƯƠNG,KIDBIKE_2,Xe trẻ em nhóm 2,2.0,1915554.0,1,0.44
KH-00025,DOANH NGHIỆP TW SƠN HÀ,CITYBIKE_P,Xe phổ thông,6.0,13277778.0,1,100.0
KH-00026,CÔNG TY CỔ PHẦN LÊ ANH,CITYBIKE_P,Xe phổ thông,3.0,7777778.0,1,100.0
KH-00027,HỘ KINH DOANH ĐẠI DƯƠNG,CITYBIKE_P,Xe phổ thông,61.0,87846647.0,9,61.72
KH-00027,HỘ KINH DOANH ĐẠI DƯƠNG,KIDBIKE_1,Xe trẻ em nhóm 1,20.0,24596662.0,6,17.28
KH-00027,HỘ KINH DOANH ĐẠI DƯƠNG,SPORTBIKE_A,Xe thể thao nhôm,5.0,16113215.0,1,11.32
KH-00027,HỘ KINH DOANH ĐẠI DƯƠNG,SPORTBIKE_S,Xe thể thao thép,7.0,9150000.0,3,6.43
KH-00027,HỘ KINH DOANH ĐẠI DƯƠNG,KIDBIKE_2,Xe trẻ em nhóm 2,6.0,4623330.0,3,3.25
KH-00028,DOANH NGHIỆP TW PHÚ THỊNH,CITYBIKE_P,Xe phổ thông,27.0,32150000.0,2,62.98
KH-00028,DOANH NGHIỆP TW PHÚ THỊNH,SPORTBIKE_S,Xe thể thao thép,12.0,15500000.0,1,30.36
KH-00028,DOANH NGHIỆP TW PHÚ THỊNH,KIDBIKE_1,Xe trẻ em nhóm 1,2.0,2400000.0,1,4.7
KH-00028,DOANH NGHIỆP TW PHÚ THỊNH,KIDBIKE_2,Xe trẻ em nhóm 2,2.0,1000000.0,1,1.96
KH-00030,CỬA HÀNG XE ĐẠP BÌNH MINH,CITYBIKE_P,Xe phổ thông,265.0,478472221.0,2,53.85
KH-00030,CỬA HÀNG XE ĐẠP BÌNH MINH,SPORTBIKE_S,Xe thể thao thép,155.0,401851851.0,1,45.23
KH-00030,CỬA HÀNG XE ĐẠP BÌNH MINH,SPORTBIKE_A,Xe thể thao nhôm,2.0,8133334.0,1,0.92
KH-00031,CÔNG TY CỔ PHẦN THƯƠNG MẠI ĐẠI DƯƠNG,CITYBIKE_P,Xe phổ thông,2.0,4907408.0,1,100.0
KH-00033,CỬA HÀNG XE ĐẠP HÙNG CƯỜNG,CITYBIKE_P,Xe phổ thông,5.0,11064815.0,1,100.0
KH-00034,CÔNG TY TNHH BÌNH MINH,CITYBIKE_P,Xe phổ thông,21.0,24750000.0,2,75.57
KH-00034,CÔNG TY TNHH BÌNH MINH,KIDBIKE_1,Xe trẻ em nhóm 1,4.0,4200000.0,1,12.82
KH-00034,CÔNG TY TNHH BÌNH MINH,SPORTBIKE_S,Xe thể thao thép,3.0,3800000.0,1,11.6
KH-00035,CỬA HÀNG XE ĐẠP TÂY BẮC,CITYBIKE_P,Xe phổ thông,47.0,57960000.0,4,91.71
KH-00035,CỬA HÀNG XE ĐẠP TÂY BẮC,SPORTBIKE_S,Xe thể thao thép,4.0,5240000.0,1,8.29
KH-00036,CÔNG TY TNHH THƯƠNG MẠI PHÚC AN,SPORTBIKE_A,Xe thể thao nhôm,7.0,46324073.0,3,100.0
KH-00037,CÔNG TY TNHH THƯƠNG MẠI THANH BÌNH,SPORTBIKE_S,Xe thể thao thép,1.0,3879630.0,1,100.0
KH-00038,DOANH NGHIỆP TW TÂN TIẾN,CITYBIKE_P,Xe phổ thông,80.0,94150000.0,2,91.26
KH-00038,DOANH NGHIỆP TW TÂN TIẾN,SPORTBIKE_A,Xe thể thao nhôm,3.0,9011361.0,1,8.74
KH-00039,CÔNG TY CỔ PHẦN ĐÔNG NAM,SPORTBIKE_S,Xe thể thao thép,25.0,84722220.0,1,39.41
KH-00039,CÔNG TY CỔ PHẦN ĐÔNG NAM,CITYBIKE_P,Xe phổ thông,30.0,61250010.0,1,28.49
KH-00039,CÔNG TY CỔ PHẦN ĐÔNG NAM,KIDBIKE_1,Xe trẻ em nhóm 1,20.0,48148140.0,1,22.4
KH-00039,CÔNG TY CỔ PHẦN ĐÔNG NAM,KIDBIKE_2,Xe trẻ em nhóm 2,15.0,20833335.0,1,9.69
KH-00040,CÔNG TY TNHH VẠN LỢI,KIDBIKE_1,Xe trẻ em nhóm 1,163.0,293400000.0,3,100.0
KH-00041,CỬA HÀNG XE ĐẠP ĐÔNG NAM,CITYBIKE_P,Xe phổ thông,5.0,11064815.0,1,100.0
KH-00042,HỘ KINH DOANH MẶT TRỜI,CITYBIKE_P,Xe phổ thông,89.0,143781079.0,8,78.99
KH-00042,HỘ KINH DOANH MẶT TRỜI,KIDBIKE_1,Xe trẻ em nhóm 1,15.0,19387957.0,5,10.65
KH-00042,HỘ KINH DOANH MẶT TRỜI,SPORTBIKE_S,Xe thể thao thép,4.0,9485182.0,2,5.21
KH-00042,HỘ KINH DOANH MẶT TRỜI,KIDBIKE_2,Xe trẻ em nhóm 2,10.0,9372214.0,2,5.15
KH-00043,CÔNG TY TNHH LONG PHÚ,CITYBIKE_P,Xe phổ thông,17.0,20550000.0,3,67.05
KH-00043,CÔNG TY TNHH LONG PHÚ,KIDBIKE_1,Xe trẻ em nhóm 1,6.0,6300000.0,2,20.55
KH-00043,CÔNG TY TNHH LONG PHÚ,SPORTBIKE_S,Xe thể thao thép,3.0,3800000.0,1,12.4
KH-00044,CÔNG TY TNHH THƯƠNG MẠI NGỌC ANH,CITYBIKE_P,Xe phổ thông,37.0,55725542.0,2,72.35
KH-00044,CÔNG TY TNHH THƯƠNG MẠI NGỌC ANH,KIDBIKE_1,Xe trẻ em nhóm 1,19.0,21300000.0,1,27.65
KH-00045,CÔNG TY TNHH AN PHÁT,SPORTBIKE_A,Xe thể thao nhôm,4.0,18111112.0,1,100.0
KH-00046,CÔNG TY CỔ PHẦN THƯƠNG MẠI MẶT TRỜI,CITYBIKE_P,Xe phổ thông,157.0,256201047.0,3,92.73
KH-00046,CÔNG TY CỔ PHẦN THƯƠNG MẠI MẶT TRỜI,KIDBIKE_1,Xe trẻ em nhóm 1,15.0,20071753.0,2,7.27
KH-00047,CÔNG TY CỔ PHẦN THƯƠNG MẠI TÚ ANH,CITYBIKE_P,Xe phổ thông,30.0,36180000.0,1,100.0
KH-00048,CÔNG TY TNHH THUỶ TIÊN,CITYBIKE_P,Xe phổ thông,6.0,13277778.0,3,100.0
KH-00049,CÔNG TY CỔ PHẦN THUỶ TIÊN,CITYBIKE_P,Xe phổ thông,31.0,49545359.0,4,48.5
KH-00049,CÔNG TY CỔ PHẦN THUỶ TIÊN,SPORTBIKE_A,Xe thể thao nhôm,9.0,44747221.0,2,43.81
KH-00049,CÔNG TY CỔ PHẦN THUỶ TIÊN,KIDBIKE_1,Xe trẻ em nhóm 1,4.0,5151850.0,1,5.04
KH-00049,CÔNG TY CỔ PHẦN THUỶ TIÊN,SPORTBIKE_S,Xe thể thao thép,1.0,2702314.0,1,2.65
KH-00050,CÔNG TY TNHH AN PHÁT,CITYBIKE_P,Xe phổ thông,1.0,2305556.0,1,100.0
KH-00051,CÔNG TY CỔ PHẦN KHẢI HOÀN,CITYBIKE_P,Xe phổ thông,2.0,4611111.0,1,100.0
KH-00052,DOANH NGHIỆP TW TÂN TIẾN,CITYBIKE_P,Xe phổ thông,1.0,2212963.0,1,100.0
KH-00053,CÔNG TY TNHH TRƯỜNG THỊNH,SPORTBIKE_S,Xe thể thao thép,1.0,3694444.0,1,100.0
KH-00054,HỘ KINH DOANH TRÍ ĐỨC,CITYBIKE_P,Xe phổ thông,1.0,2398148.0,1,100.0
KH-00055,CÔNG TY TNHH THƯƠNG MẠI TÂY BẮC,CITYBIKE_P,Xe phổ thông,2.0,4983333.0,1,100.0
KH-00056,DOANH NGHIỆP TW ĐÔNG NAM,CITYBIKE_P,Xe phổ thông,20.0,23050000.0,1,69.66
KH-00056,DOANH NGHIỆP TW ĐÔNG NAM,KIDBIKE_1,Xe trẻ em nhóm 1,8.0,9040000.0,1,27.32
KH-00056,DOANH NGHIỆP TW ĐÔNG NAM,KIDBIKE_2,Xe trẻ em nhóm 2,2.0,1000000.0,1,3.02
KH-00057,CÔNG TY CỔ PHẦN THƯƠNG MẠI TOÀN THẮNG,CITYBIKE_P,Xe phổ thông,391.0,467420000.0,5,82.94
KH-00057,CÔNG TY CỔ PHẦN THƯƠNG MẠI TOÀN THẮNG,KIDBIKE_1,Xe trẻ em nhóm 1,58.0,61350000.0,4,10.89
KH-00057,CÔNG TY CỔ PHẦN THƯƠNG MẠI TOÀN THẮNG,KIDBIKE_2,Xe trẻ em nhóm 2,46.0,22790000.0,1,4.04
KH-00057,CÔNG TY CỔ PHẦN THƯƠNG MẠI TOÀN THẮNG,SPORTBIKE_A,Xe thể thao nhôm,4.0,12015152.0,1,2.13
KH-00058,DOANH NGHIỆP TW SÁN LẠP,CITYBIKE_P,Xe phổ thông,20.0,24000000.0,1,100.0
KH-00059,CÔNG TY TNHH TRÍ ĐỨC,CITYBIKE_P,Xe phổ thông,35.0,41330000.0,1,84.9
KH-00059,CÔNG TY TNHH TRÍ ĐỨC,KIDBIKE_1,Xe trẻ em nhóm 1,7.0,7350000.0,1,15.1
KH-00060,CÔNG TY TNHH THƯƠNG MẠI VẠN LỢI,CITYBIKE_P,Xe phổ thông,21.0,25550000.0,1,100.0
KH-00061,HỘ KINH DOANH THUỶ TIÊN,CITYBIKE_P,Xe phổ thông,6.0,7030000.0,1,51.2
KH-00061,HỘ KINH DOANH THUỶ TIÊN,SPORTBIKE_A,Xe thể thao nhôm,2.0,4300000.0,1,31.32
KH-00061,HỘ KINH DOANH THUỶ TIÊN,SPORTBIKE_S,Xe thể thao thép,2.0,2400000.0,1,17.48
KH-00062,CÔNG TY CỔ PHẦN YÊN BÌNH,CITYBIKE_P,Xe phổ thông,54.0,64410000.0,2,53.88
KH-00062,CÔNG TY CỔ PHẦN YÊN BÌNH,KIDBIKE_1,Xe trẻ em nhóm 1,20.0,22500000.0,2,18.82
KH-00062,CÔNG TY CỔ PHẦN YÊN BÌNH,SPORTBIKE_A,Xe thể thao nhôm,6.0,12900000.0,2,10.79
KH-00062,CÔNG TY CỔ PHẦN YÊN BÌNH,SPORTBIKE_S,Xe thể thao thép,9.0,11850000.0,1,9.91
KH-00062,CÔNG TY CỔ PHẦN YÊN BÌNH,KIDBIKE_2,Xe trẻ em nhóm 2,16.0,7880000.0,1,6.59
KH-00063,HỘ KINH DOANH VẠN LỢI,SPORTBIKE_A,Xe thể thao nhôm,14.0,33515148.0,2,64.81
KH-00063,HỘ KINH DOANH VẠN LỢI,SPORTBIKE_S,Xe thể thao thép,14.0,18200000.0,1,35.19
KH-00064,CÔNG TY TNHH SƠN HÀ,CITYBIKE_P,Xe phổ thông,239.0,283620000.0,6,78.12
KH-00064,CÔNG TY TNHH SƠN HÀ,SPORTBIKE_A,Xe thể thao nhôm,17.0,38607000.0,2,10.63
KH-00064,CÔNG TY TNHH SƠN HÀ,KIDBIKE_1,Xe trẻ em nhóm 1,20.0,21050000.0,3,5.8
KH-00064,CÔNG TY TNHH SƠN HÀ,SPORTBIKE_S,Xe thể thao thép,11.0,18375500.0,3,5.06
KH-00064,CÔNG TY TNHH SƠN HÀ,KIDBIKE_2,Xe trẻ em nhóm 2,3.0,1410000.0,1,0.39
KH-00065,CÔNG TY CỔ PHẦN QUANG VINH,CITYBIKE_P,Xe phổ thông,358.0,423080000.0,8,76.84
KH-00065,CÔNG TY CỔ PHẦN QUANG VINH,KIDBIKE_1,Xe trẻ em nhóm 1,62.0,66450000.0,8,12.07
KH-00065,CÔNG TY CỔ PHẦN QUANG VINH,SPORTBIKE_A,Xe thể thao nhôm,16.0,34400000.0,4,6.25
KH-00065,CÔNG TY CỔ PHẦN QUANG VINH,SPORTBIKE_S,Xe thể thao thép,16.0,19700000.0,3,3.58
KH-00065,CÔNG TY CỔ PHẦN QUANG VINH,KIDBIKE_2,Xe trẻ em nhóm 2,14.0,7000000.0,2,1.27
KH-00066,CÔNG TY CỔ PHẦN NGỌC ANH,CITYBIKE_P,Xe phổ thông,21.0,24640000.0,1,71.65
KH-00066,CÔNG TY CỔ PHẦN NGỌC ANH,KIDBIKE_1,Xe trẻ em nhóm 1,9.0,9750000.0,1,28.35
KH-00067,DOANH NGHIỆP TW NGỌC ANH,CITYBIKE_P,Xe phổ thông,110.0,132740000.0,9,63.13
KH-00067,DOANH NGHIỆP TW NGỌC ANH,SPORTBIKE_S,Xe thể thao thép,17.0,28067500.0,7,13.35
KH-00067,DOANH NGHIỆP TW NGỌC ANH,SPORTBIKE_A,Xe thể thao nhôm,8.0,22844359.0,4,10.87
KH-00067,DOANH NGHIỆP TW NGỌC ANH,KIDBIKE_1,Xe trẻ em nhóm 1,17.0,19220000.0,6,9.14
KH-00067,DOANH NGHIỆP TW NGỌC ANH,KIDBIKE_2,Xe trẻ em nhóm 2,15.0,7380000.0,5,3.51
KH-00068,CÔNG TY CỔ PHẦN SÁN LẠP,CITYBIKE_P,Xe phổ thông,28.0,34490000.0,3,71.84
KH-00068,CÔNG TY CỔ PHẦN SÁN LẠP,KIDBIKE_2,Xe trẻ em nhóm 2,28.0,13520000.0,2,28.16
KH-00069,CÔNG TY TNHH MINH PHƯƠNG,CITYBIKE_P,Xe phổ thông,4.0,11074074.0,2,100.0
KH-00070,CÔNG TY TNHH THƯƠNG MẠI CHI THÀNH,CITYBIKE_P,Xe phổ thông,4.0,8851852.0,1,100.0
KH-00071,CỬA HÀNG XE ĐẠP BÌNH MINH,SPORTBIKE_S,Xe thể thao thép,1.0,3509259.0,1,100.0
KH-00072,DOANH NGHIỆP TW PHÚC AN,CITYBIKE_P,Xe phổ thông,3.0,3450000.0,1,100.0
KH-00073,CỬA HÀNG XE ĐẠP KHẢI HOÀN,CITYBIKE_P,Xe phổ thông,42.0,49320000.0,2,78.77
KH-00073,CỬA HÀNG XE ĐẠP KHẢI HOÀN,SPORTBIKE_S,Xe thể thao thép,5.0,13292500.0,1,21.23
KH-00074,CÔNG TY TNHH THƯƠNG MẠI HOÀ BÌNH,CITYBIKE_P,Xe phổ thông,15.0,21116664.0,3,55.87
KH-00074,CÔNG TY TNHH THƯƠNG MẠI HOÀ BÌNH,KIDBIKE_1,Xe trẻ em nhóm 1,11.0,12283796.0,2,32.5
KH-00074,CÔNG TY TNHH THƯƠNG MẠI HOÀ BÌNH,KIDBIKE_2,Xe trẻ em nhóm 2,8.0,4396666.0,3,11.63
KH-00075,CÔNG TY CỔ PHẦN ĐÔNG NAM,CITYBIKE_P,Xe phổ thông,190.0,237625548.0,7,69.26
KH-00075,CÔNG TY CỔ PHẦN ĐÔNG NAM,SPORTBIKE_S,Xe thể thao thép,39.0,61568000.0,5,17.95
KH-00075,CÔNG TY CỔ PHẦN ĐÔNG NAM,SPORTBIKE_A,Xe thể thao nhôm,14.0,30100000.0,4,8.77
KH-00075,CÔNG TY CỔ PHẦN ĐÔNG NAM,KIDBIKE_1,Xe trẻ em nhóm 1,10.0,10200000.0,3,2.97
KH-00075,CÔNG TY CỔ PHẦN ĐÔNG NAM,KIDBIKE_2,Xe trẻ em nhóm 2,4.0,3586664.0,1,1.05
KH-00076,CỬA HÀNG XE ĐẠP ĐẠI LỢI,CITYBIKE_P,Xe phổ thông,227.0,343933299.0,7,77.5
KH-00076,CỬA HÀNG XE ĐẠP ĐẠI LỢI,KIDBIKE_2,Xe trẻ em nhóm 2,73.0,54924962.0,4,12.38
KH-00076,CỬA HÀNG XE ĐẠP ĐẠI LỢI,KIDBIKE_1,Xe trẻ em nhóm 1,22.0,25830736.0,4,5.82
KH-00076,CỬA HÀNG XE ĐẠP ĐẠI LỢI,SPORTBIKE_A,Xe thể thao nhôm,7.0,19077573.0,2,4.3
KH-00077,CÔNG TY CỔ PHẦN THƯƠNG MẠI NGỌC ANH,CITYBIKE_P,Xe phổ thông,19.0,22720000.0,1,64.88
KH-00077,CÔNG TY CỔ PHẦN THƯƠNG MẠI NGỌC ANH,KIDBIKE_1,Xe trẻ em nhóm 1,11.0,12300000.0,1,35.12
KH-00078,HỘ KINH DOANH VĨNH PHÁT,CITYBIKE_P,Xe phổ thông,152.0,192872772.0,15,70.37
KH-00078,HỘ KINH DOANH VĨNH PHÁT,KIDBIKE_1,Xe trẻ em nhóm 1,29.0,30858240.0,9,11.26
KH-00078,HỘ KINH DOANH VĨNH PHÁT,KIDBIKE_2,Xe trẻ em nhóm 2,49.0,28019993.0,6,10.22
KH-00078,HỘ KINH DOANH VĨNH PHÁT,SPORTBIKE_S,Xe thể thao thép,12.0,14800000.0,6,5.4
KH-00078,HỘ KINH DOANH VĨNH PHÁT,SPORTBIKE_A,Xe thể thao nhôm,3.0,7522643.0,2,2.74
KH-00079,CÔNG TY TNHH ĐÔNG NAM,CITYBIKE_P,Xe phổ thông,85.0,114828883.0,5,72.41
KH-00079,CÔNG TY TNHH ĐÔNG NAM,KIDBIKE_2,Xe trẻ em nhóm 2,18.0,14752026.0,3,9.3
KH-00079,CÔNG TY TNHH ĐÔNG NAM,KIDBIKE_1,Xe trẻ em nhóm 1,12.0,14452220.0,2,9.11
KH-00079,CÔNG TY TNHH ĐÔNG NAM,SPORTBIKE_S,Xe thể thao thép,4.0,8332222.0,2,5.25
KH-00079,CÔNG TY TNHH ĐÔNG NAM,SPORTBIKE_A,Xe thể thao nhôm,2.0,6226430.0,1,3.93
KH-00080,HỘ KINH DOANH VĨNH PHÁT,CITYBIKE_P,Xe phổ thông,50.0,60020000.0,1,100.0
KH-00081,CÔNG TY TNHH THƯƠNG MẠI KHẢI HOÀN,CITYBIKE_P,Xe phổ thông,28.0,33280000.0,1,73.6
KH-00081,CÔNG TY TNHH THƯƠNG MẠI KHẢI HOÀN,SPORTBIKE_S,Xe thể thao thép,4.0,5200000.0,1,11.5
KH-00081,CÔNG TY TNHH THƯƠNG MẠI KHẢI HOÀN,KIDBIKE_1,Xe trẻ em nhóm 1,4.0,4800000.0,1,10.61
KH-00081,CÔNG TY TNHH THƯƠNG MẠI KHẢI HOÀN,KIDBIKE_2,Xe trẻ em nhóm 2,4.0,1940000.0,1,4.29
KH-00082,CÔNG TY TNHH THƯƠNG MẠI PHÚC AN,CITYBIKE_P,Xe phổ thông,25.0,30700000.0,1,70.41
KH-00082,CÔNG TY TNHH THƯƠNG MẠI PHÚC AN,SPORTBIKE_A,Xe thể thao nhôm,6.0,12900000.0,1,29.59
KH-00083,CÔNG TY CỔ PHẦN THƯƠNG MẠI THANH BÌNH,CITYBIKE_P,Xe phổ thông,75.0,89350000.0,2,63.19
KH-00083,CÔNG TY CỔ PHẦN THƯƠNG MẠI THANH BÌNH,KIDBIKE_1,Xe trẻ em nhóm 1,37.0,40850000.0,2,28.89
KH-00083,CÔNG TY CỔ PHẦN THƯƠNG MẠI THANH BÌNH,SPORTBIKE_S,Xe thể thao thép,9.0,11200000.0,1,7.92
KH-00084,CỬA HÀNG XE ĐẠP TOÀN THẮNG,CITYBIKE_P,Xe phổ thông,9.0,10660000.0,1,59.69
KH-00084,CỬA HÀNG XE ĐẠP TOÀN THẮNG,KIDBIKE_1,Xe trẻ em nhóm 1,6.0,7200000.0,1,40.31
KH-00085,CÔNG TY CỔ PHẦN THƯƠNG MẠI NGỌC ANH,CITYBIKE_P,Xe phổ thông,38.0,44380000.0,2,94.87
KH-00085,CÔNG TY CỔ PHẦN THƯƠNG MẠI NGỌC ANH,SPORTBIKE_S,Xe thể thao thép,2.0,2400000.0,1,5.13
KH-00086,CÔNG TY TNHH NGỌC ANH,CITYBIKE_P,Xe phổ thông,40.0,51048000.0,3,46.4
KH-00086,CÔNG TY TNHH NGỌC ANH,SPORTBIKE_A,Xe thể thao nhôm,11.0,26461361.0,2,24.05
KH-00086,CÔNG TY TNHH NGỌC ANH,KIDBIKE_1,Xe trẻ em nhóm 1,17.0,19340000.0,3,17.58
KH-00086,CÔNG TY TNHH NGỌC ANH,KIDBIKE_2,Xe trẻ em nhóm 2,27.0,13170000.0,2,11.97
KH-00087,CỬA HÀNG XE ĐẠP SÁN LẠP,KIDBIKE_1,Xe trẻ em nhóm 1,20.0,24200000.0,1,100.0
KH-00088,CỬA HÀNG XE ĐẠP SÁN LẠP,CITYBIKE_P,Xe phổ thông,161.0,226863860.0,7,70.16
KH-00088,CỬA HÀNG XE ĐẠP SÁN LẠP,KIDBIKE_1,Xe trẻ em nhóm 1,68.0,74787491.0,5,23.13
KH-00088,CỬA HÀNG XE ĐẠP SÁN LẠP,SPORTBIKE_A,Xe thể thao nhôm,7.0,19208197.0,2,5.94
KH-00088,CỬA HÀNG XE ĐẠP SÁN LẠP,KIDBIKE_2,Xe trẻ em nhóm 2,5.0,2500000.0,1,0.77
KH-00089,HỘ KINH DOANH TOÀN THẮNG,CITYBIKE_P,Xe phổ thông,63.0,75770000.0,1,54.75
KH-00089,HỘ KINH DOANH TOÀN THẮNG,KIDBIKE_1,Xe trẻ em nhóm 1,51.0,59400000.0,1,42.92
KH-00089,HỘ KINH DOANH TOÀN THẮNG,SPORTBIKE_A,Xe thể thao nhôm,1.0,3222643.0,1,2.33
KH-00090,CÔNG TY TNHH THƯƠNG MẠI TÂY BẮC,CITYBIKE_P,Xe phổ thông,4.0,8518519.0,1,100.0
KH-00091,CÔNG TY TNHH BÌNH MINH,CITYBIKE_P,Xe phổ thông,1305.0,1565720000.0,26,41.26
KH-00091,CÔNG TY TNHH BÌNH MINH,KIDBIKE_1,Xe trẻ em nhóm 1,1143.0,1231470000.0,25,32.45
KH-00091,CÔNG TY TNHH BÌNH MINH,SPORTBIKE_S,Xe thể thao thép,353.0,461450000.0,12,12.16
KH-00091,CÔNG TY TNHH BÌNH MINH,SPORTBIKE_A,Xe thể thao nhôm,147.0,350319866.0,5,9.23
KH-00091,CÔNG TY TNHH BÌNH MINH,KIDBIKE_2,Xe trẻ em nhóm 2,375.0,185700000.0,16,4.89
KH-00092,CÔNG TY CỔ PHẦN THƯƠNG MẠI XUÂN MAI,CITYBIKE_P,Xe phổ thông,37.0,43960000.0,3,85.39
KH-00092,CÔNG TY CỔ PHẦN THƯƠNG MẠI XUÂN MAI,SPORTBIKE_A,Xe thể thao nhôm,3.0,7522643.0,1,14.61
KH-00093,CÔNG TY CỔ PHẦN PHÚC AN,CITYBIKE_P,Xe phổ thông,62.0,74960000.0,4,66.67
KH-00093,CÔNG TY CỔ PHẦN PHÚC AN,KIDBIKE_1,Xe trẻ em nhóm 1,29.0,29860000.0,4,26.56
KH-00093,CÔNG TY CỔ PHẦN PHÚC AN,KIDBIKE_2,Xe trẻ em nhóm 2,8.0,3910000.0,3,3.48
KH-00093,CÔNG TY CỔ PHẦN PHÚC AN,SPORTBIKE_S,Xe thể thao thép,3.0,3700000.0,1,3.29
KH-00094,HỘ KINH DOANH SÁN LẠP,CITYBIKE_P,Xe phổ thông,28.0,32490000.0,2,77.75
KH-00094,HỘ KINH DOANH SÁN LẠP,SPORTBIKE_S,Xe thể thao thép,4.0,4800000.0,1,11.49
KH-00094,HỘ KINH DOANH SÁN LẠP,KIDBIKE_1,Xe trẻ em nhóm 1,4.0,4500000.0,1,10.77
KH-00095,CÔNG TY CỔ PHẦN THƯƠNG MẠI KHẢI HOÀN,KIDBIKE_1,Xe trẻ em nhóm 1,15.0,16800000.0,1,48.37
KH-00095,CÔNG TY CỔ PHẦN THƯƠNG MẠI KHẢI HOÀN,CITYBIKE_P,Xe phổ thông,13.0,15530000.0,1,44.72
KH-00095,CÔNG TY CỔ PHẦN THƯƠNG MẠI KHẢI HOÀN,SPORTBIKE_S,Xe thể thao thép,2.0,2400000.0,1,6.91
KH-00096,CÔNG TY TNHH THƯƠNG MẠI SƠN HÀ,CITYBIKE_P,Xe phổ thông,30.0,35460000.0,2,68.03
KH-00096,CÔNG TY TNHH THƯƠNG MẠI SƠN HÀ,SPORTBIKE_S,Xe thể thao thép,7.0,11417000.0,2,21.9
KH-00096,CÔNG TY TNHH THƯƠNG MẠI SƠN HÀ,KIDBIKE_1,Xe trẻ em nhóm 1,5.0,5250000.0,1,10.07
KH-00097,CÔNG TY TNHH XUÂN MAI,CITYBIKE_P,Xe phổ thông,119.0,142220000.0,7,74.04
KH-00097,CÔNG TY TNHH XUÂN MAI,KIDBIKE_1,Xe trẻ em nhóm 1,21.0,24000000.0,5,12.49
KH-00097,CÔNG TY TNHH XUÂN MAI,SPORTBIKE_A,Xe thể thao nhôm,5.0,13999073.0,4,7.29
KH-00097,CÔNG TY TNHH XUÂN MAI,SPORTBIKE_S,Xe thể thao thép,5.0,6450000.0,1,3.36
KH-00097,CÔNG TY TNHH XUÂN MAI,KIDBIKE_2,Xe trẻ em nhóm 2,11.0,5410000.0,5,2.82
KH-00098,HỘ KINH DOANH MẶT TRỜI,CITYBIKE_P,Xe phổ thông,241.0,282080000.0,3,93.26
KH-00098,HỘ KINH DOANH MẶT TRỜI,KIDBIKE_1,Xe trẻ em nhóm 1,19.0,20400000.0,2,6.74
KH-00099,CÔNG TY TNHH NGỌC ANH,CITYBIKE_P,Xe phổ thông,28.0,33140000.0,1,75.82
KH-00099,CÔNG TY TNHH NGỌC ANH,SPORTBIKE_S,Xe thể thao thép,4.0,5000000.0,1,11.44
KH-00099,CÔNG TY TNHH NGỌC ANH,KIDBIKE_1,Xe trẻ em nhóm 1,3.0,3600000.0,1,8.24
KH-00099,CÔNG TY TNHH NGỌC ANH,KIDBIKE_2,Xe trẻ em nhóm 2,4.0,1970000.0,1,4.51
KH-00100,CỬA HÀNG XE ĐẠP ĐẠI LỢI,CITYBIKE_P,Xe phổ thông,38.0,46430000.0,2,74.65
KH-00100,CỬA HÀNG XE ĐẠP ĐẠI LỢI,KIDBIKE_2,Xe trẻ em nhóm 2,19.0,9170000.0,1,14.74
KH-00100,CỬA HÀNG XE ĐẠP ĐẠI LỢI,KIDBIKE_1,Xe trẻ em nhóm 1,4.0,4200000.0,1,6.75
KH-00100,CỬA HÀNG XE ĐẠP ĐẠI LỢI,SPORTBIKE_A,Xe thể thao nhôm,1.0,2400000.0,1,3.86
KH-00101,CÔNG TY CỔ PHẦN THƯƠNG MẠI QUANG VINH,CITYBIKE_P,Xe phổ thông,27.0,31700000.0,3,89.5
KH-00101,CÔNG TY CỔ PHẦN THƯƠNG MẠI QUANG VINH,SPORTBIKE_A,Xe thể thao nhôm,1.0,2400000.0,1,6.78
KH-00101,CÔNG TY CỔ PHẦN THƯƠNG MẠI QUANG VINH,SPORTBIKE_S,Xe thể thao thép,1.0,1320000.0,1,3.73
KH-00102,CỬA HÀNG XE ĐẠP AN PHÁT,CITYBIKE_P,Xe phổ thông,60.0,69700000.0,1,100.0
KH-00103,CÔNG TY CỔ PHẦN AN PHÁT,CITYBIKE_P,Xe phổ thông,10.0,18680556.0,1,100.0
KH-00104,DOANH NGHIỆP TW THUỶ TIÊN,CITYBIKE_P,Xe phổ thông,176.0,211170000.0,3,93.35
KH-00104,DOANH NGHIỆP TW THUỶ TIÊN,SPORTBIKE_S,Xe thể thao thép,7.0,8600000.0,2,3.8
KH-00104,DOANH NGHIỆP TW THUỶ TIÊN,SPORTBIKE_A,Xe thể thao nhôm,2.0,6445286.0,1,2.85
KH-00105,CỬA HÀNG XE ĐẠP PHÚC AN,CITYBIKE_P,Xe phổ thông,25.0,29660000.0,1,84.96
KH-00105,CỬA HÀNG XE ĐẠP PHÚC AN,KIDBIKE_1,Xe trẻ em nhóm 1,5.0,5250000.0,1,15.04
KH-00106,CÔNG TY TNHH THƯƠNG MẠI TOÀN THẮNG,CITYBIKE_P,Xe phổ thông,68.0,85760000.0,1,97.06
KH-00106,CÔNG TY TNHH THƯƠNG MẠI TOÀN THẮNG,SPORTBIKE_S,Xe thể thao thép,2.0,2600000.0,1,2.94
KH-00107,CÔNG TY TNHH LONG PHÚ,CITYBIKE_P,Xe phổ thông,55.0,67080000.0,3,80.99
KH-00107,CÔNG TY TNHH LONG PHÚ,KIDBIKE_1,Xe trẻ em nhóm 1,15.0,15750000.0,2,19.01
KH-00108,HỘ KINH DOANH LÊ ANH,SPORTBIKE_S,Xe thể thao thép,11.0,13800000.0,1,38.44
KH-00108,HỘ KINH DOANH LÊ ANH,KIDBIKE_1,Xe trẻ em nhóm 1,11.0,12450000.0,1,34.68
KH-00108,HỘ KINH DOANH LÊ ANH,CITYBIKE_P,Xe phổ thông,8.0,9650000.0,1,26.88
KH-00109,CÔNG TY CỔ PHẦN VẠN LỢI,CITYBIKE_P,Xe phổ thông,60.0,70540000.0,3,87.31
KH-00109,CÔNG TY CỔ PHẦN VẠN LỢI,KIDBIKE_1,Xe trẻ em nhóm 1,7.0,8100000.0,2,10.03
KH-00109,CÔNG TY CỔ PHẦN VẠN LỢI,SPORTBIKE_A,Xe thể thao nhôm,1.0,2150000.0,1,2.66
KH-00110,CỬA HÀNG XE ĐẠP TÂY BẮC,CITYBIKE_P,Xe phổ thông,32.0,38000000.0,2,65.63
KH-00110,CỬA HÀNG XE ĐẠP TÂY BẮC,KIDBIKE_1,Xe trẻ em nhóm 1,13.0,14700000.0,2,25.39
KH-00110,CỬA HÀNG XE ĐẠP TÂY BẮC,SPORTBIKE_S,Xe thể thao thép,4.0,5200000.0,2,8.98
KH-00111,DOANH NGHIỆP TW MẶT TRỜI,CITYBIKE_P,Xe phổ thông,41.0,48780000.0,2,67.16
KH-00111,DOANH NGHIỆP TW MẶT TRỜI,KIDBIKE_1,Xe trẻ em nhóm 1,12.0,13220000.0,2,18.2
KH-00111,DOANH NGHIỆP TW MẶT TRỜI,SPORTBIKE_A,Xe thể thao nhôm,4.0,9628500.0,1,13.26
KH-00111,DOANH NGHIỆP TW MẶT TRỜI,KIDBIKE_2,Xe trẻ em nhóm 2,2.0,1000000.0,1,1.38
KH-00112,HỘ KINH DOANH TÚ ANH,CITYBIKE_P,Xe phổ thông,42.0,50880000.0,2,84.5
KH-00112,HỘ KINH DOANH TÚ ANH,KIDBIKE_1,Xe trẻ em nhóm 1,7.0,7830000.0,1,13.0
KH-00112,HỘ KINH DOANH TÚ ANH,KIDBIKE_2,Xe trẻ em nhóm 2,3.0,1500000.0,1,2.49
KH-00113,DOANH NGHIỆP TW XÂY DỰNG,CITYBIKE_P,Xe phổ thông,29.0,39131106.0,2,100.0
KH-00114,CỬA HÀNG XE ĐẠP NGỌC ANH,CITYBIKE_P,Xe phổ thông,12.0,15600000.0,1,69.18
KH-00114,CỬA HÀNG XE ĐẠP NGỌC ANH,SPORTBIKE_A,Xe thể thao nhôm,3.0,6450000.0,1,28.6
KH-00114,CỬA HÀNG XE ĐẠP NGỌC ANH,KIDBIKE_2,Xe trẻ em nhóm 2,1.0,500000.0,1,2.22
KH-00115,CÔNG TY CỔ PHẦN YÊN BÌNH,CITYBIKE_P,Xe phổ thông,30.0,36240000.0,2,69.36
KH-00115,CÔNG TY CỔ PHẦN YÊN BÌNH,KIDBIKE_1,Xe trẻ em nhóm 1,10.0,11100000.0,2,21.24
KH-00115,CÔNG TY CỔ PHẦN YÊN BÌNH,KIDBIKE_2,Xe trẻ em nhóm 2,10.0,4910000.0,2,9.4
KH-00116,HỘ KINH DOANH TOÀN THẮNG,CITYBIKE_P,Xe phổ thông,29.0,33390000.0,1,58.49
KH-00116,HỘ KINH DOANH TOÀN THẮNG,KIDBIKE_1,Xe trẻ em nhóm 1,21.0,23700000.0,1,41.51
KH-00117,HỘ KINH DOANH YÊN BÌNH,CITYBIKE_P,Xe phổ thông,26.0,30340000.0,2,62.57
KH-00117,HỘ KINH DOANH YÊN BÌNH,KIDBIKE_1,Xe trẻ em nhóm 1,16.0,18150000.0,2,37.43
KH-00118,HỘ KINH DOANH HÙNG CƯỜNG,CITYBIKE_P,Xe phổ thông,3.0,7361111.0,1,100.0
KH-00119,DOANH NGHIỆP TW MẶT TRỜI,CITYBIKE_P,Xe phổ thông,22.0,26090000.0,2,52.25
KH-00119,DOANH NGHIỆP TW MẶT TRỜI,KIDBIKE_1,Xe trẻ em nhóm 1,12.0,14110000.0,2,28.26
KH-00119,DOANH NGHIỆP TW MẶT TRỜI,SPORTBIKE_S,Xe thể thao thép,5.0,8267000.0,2,16.55
KH-00119,DOANH NGHIỆP TW MẶT TRỜI,KIDBIKE_2,Xe trẻ em nhóm 2,3.0,1470000.0,1,2.94
KH-00120,CÔNG TY TNHH THANH BÌNH,CITYBIKE_P,Xe phổ thông,36.0,42690000.0,2,54.79
KH-00120,CÔNG TY TNHH THANH BÌNH,SPORTBIKE_S,Xe thể thao thép,5.0,12967500.0,1,16.64
KH-00120,CÔNG TY TNHH THANH BÌNH,KIDBIKE_1,Xe trẻ em nhóm 1,12.0,12600000.0,2,16.17
KH-00120,CÔNG TY TNHH THANH BÌNH,KIDBIKE_2,Xe trẻ em nhóm 2,13.0,6440000.0,2,8.26
KH-00120,CÔNG TY TNHH THANH BÌNH,SPORTBIKE_A,Xe thể thao nhôm,1.0,3222643.0,1,4.14
KH-00121,CÔNG TY TNHH CHI THÀNH,CITYBIKE_P,Xe phổ thông,10.0,11790000.0,1,46.18
KH-00121,CÔNG TY TNHH CHI THÀNH,SPORTBIKE_A,Xe thể thao nhôm,3.0,9667929.0,1,37.87
KH-00121,CÔNG TY TNHH CHI THÀNH,KIDBIKE_1,Xe trẻ em nhóm 1,2.0,2100000.0,1,8.23
KH-00121,CÔNG TY TNHH CHI THÀNH,KIDBIKE_2,Xe trẻ em nhóm 2,4.0,1970000.0,1,7.72
KH-00122,CÔNG TY TNHH CHI THÀNH,CITYBIKE_P,Xe phổ thông,18.0,21540000.0,1,75.53
KH-00122,CÔNG TY TNHH CHI THÀNH,KIDBIKE_2,Xe trẻ em nhóm 2,10.0,4880000.0,1,17.11
KH-00122,CÔNG TY TNHH CHI THÀNH,KIDBIKE_1,Xe trẻ em nhóm 1,2.0,2100000.0,1,7.36
KH-00123,CÔNG TY CỔ PHẦN THƯƠNG MẠI LONG PHÚ,CITYBIKE_P,Xe phổ thông,11.0,13040000.0,1,74.99
KH-00123,CÔNG TY CỔ PHẦN THƯƠNG MẠI LONG PHÚ,KIDBIKE_2,Xe trẻ em nhóm 2,9.0,4350000.0,1,25.01
KH-00124,CÔNG TY CỔ PHẦN THƯƠNG MẠI AN PHÁT,CITYBIKE_P,Xe phổ thông,29.0,34920000.0,1,96.41
KH-00124,CÔNG TY CỔ PHẦN THƯƠNG MẠI AN PHÁT,SPORTBIKE_S,Xe thể thao thép,1.0,1300000.0,1,3.59
KH-00125,HỘ KINH DOANH BÌNH MINH,CITYBIKE_P,Xe phổ thông,17.0,21860000.0,1,100.0
KH-00126,HỘ KINH DOANH HOÀ BÌNH,CITYBIKE_P,Xe phổ thông,53.0,64210000.0,2,60.48
KH-00126,HỘ KINH DOANH HOÀ BÌNH,KIDBIKE_1,Xe trẻ em nhóm 1,22.0,25660000.0,2,24.17
KH-00126,HỘ KINH DOANH HOÀ BÌNH,SPORTBIKE_S,Xe thể thao thép,7.0,8800000.0,1,8.29
KH-00126,HỘ KINH DOANH HOÀ BÌNH,KIDBIKE_2,Xe trẻ em nhóm 2,15.0,7500000.0,1,7.06
KH-00127,CỬA HÀNG XE ĐẠP TÂN TIẾN,CITYBIKE_P,Xe phổ thông,40.0,48240000.0,1,100.0
KH-00128,HỘ KINH DOANH TÂY BẮC,CITYBIKE_P,Xe phổ thông,27.0,32160000.0,1,69.07
KH-00128,HỘ KINH DOANH TÂY BẮC,KIDBIKE_1,Xe trẻ em nhóm 1,13.0,14400000.0,1,30.93
KH-00129,CÔNG TY CỔ PHẦN LÊ ANH,CITYBIKE_P,Xe phổ thông,33.0,40230000.0,1,66.71
KH-00129,CÔNG TY CỔ PHẦN LÊ ANH,SPORTBIKE_A,Xe thể thao nhôm,3.0,9667929.0,1,16.03
KH-00129,CÔNG TY CỔ PHẦN LÊ ANH,KIDBIKE_1,Xe trẻ em nhóm 1,5.0,5410000.0,1,8.97
KH-00129,CÔNG TY CỔ PHẦN LÊ ANH,KIDBIKE_2,Xe trẻ em nhóm 2,10.0,5000000.0,1,8.29
KH-00130,CÔNG TY CỔ PHẦN THƯƠNG MẠI THUỶ TIÊN,CITYBIKE_P,Xe phổ thông,137.0,164460000.0,5,86.02
KH-00130,CÔNG TY CỔ PHẦN THƯƠNG MẠI THUỶ TIÊN,KIDBIKE_1,Xe trẻ em nhóm 1,15.0,16520000.0,4,8.64
KH-00130,CÔNG TY CỔ PHẦN THƯƠNG MẠI THUỶ TIÊN,SPORTBIKE_S,Xe thể thao thép,8.0,10200000.0,1,5.34
KH-00131,CÔNG TY TNHH QUANG VINH,CITYBIKE_P,Xe phổ thông,26.0,30890000.0,1,88.03
KH-00131,CÔNG TY TNHH QUANG VINH,KIDBIKE_1,Xe trẻ em nhóm 1,4.0,4200000.0,1,11.97
KH-00132,CÔNG TY TNHH THƯƠNG MẠI HOÀ BÌNH,CITYBIKE_P,Xe phổ thông,276.0,327150000.0,4,95.76
KH-00132,CÔNG TY TNHH THƯƠNG MẠI HOÀ BÌNH,SPORTBIKE_A,Xe thể thao nhôm,3.0,6700000.0,2,1.96
KH-00132,CÔNG TY TNHH THƯƠNG MẠI HOÀ BÌNH,SPORTBIKE_S,Xe thể thao thép,5.0,6300000.0,2,1.84
KH-00132,CÔNG TY TNHH THƯƠNG MẠI HOÀ BÌNH,KIDBIKE_2,Xe trẻ em nhóm 2,3.0,1500000.0,1,0.44
KH-00133,DOANH NGHIỆP TW YÊN BÌNH,CITYBIKE_P,Xe phổ thông,79.0,112008320.0,5,74.0
KH-00133,DOANH NGHIỆP TW YÊN BÌNH,KIDBIKE_2,Xe trẻ em nhóm 2,49.0,36620533.0,4,24.19
KH-00133,DOANH NGHIỆP TW YÊN BÌNH,SPORTBIKE_S,Xe thể thao thép,1.0,2730000.0,1,1.8
KH-00134,DOANH NGHIỆP TW PHÚ THỊNH,CITYBIKE_P,Xe phổ thông,353.0,567748037.0,8,95.54
KH-00134,DOANH NGHIỆP TW PHÚ THỊNH,KIDBIKE_1,Xe trẻ em nhóm 1,12.0,15893328.0,1,2.67
KH-00134,DOANH NGHIỆP TW PHÚ THỊNH,SPORTBIKE_A,Xe thể thao nhôm,3.0,10634721.0,1,1.79
KH-00135,CỬA HÀNG XE ĐẠP XUÂN MAI,CITYBIKE_P,Xe phổ thông,19.0,22580000.0,1,66.06
KH-00135,CỬA HÀNG XE ĐẠP XUÂN MAI,SPORTBIKE_S,Xe thể thao thép,8.0,10100000.0,1,29.55
KH-00135,CỬA HÀNG XE ĐẠP XUÂN MAI,KIDBIKE_2,Xe trẻ em nhóm 2,3.0,1500000.0,1,4.39
KH-00136,CÔNG TY CỔ PHẦN NGỌC ANH,CITYBIKE_P,Xe phổ thông,15.0,17840000.0,1,42.11
KH-00136,CÔNG TY CỔ PHẦN NGỌC ANH,SPORTBIKE_S,Xe thể thao thép,10.0,12400000.0,1,29.27
KH-00136,CÔNG TY CỔ PHẦN NGỌC ANH,KIDBIKE_1,Xe trẻ em nhóm 1,10.0,10660000.0,1,25.16
KH-00136,CÔNG TY CỔ PHẦN NGỌC ANH,KIDBIKE_2,Xe trẻ em nhóm 2,3.0,1470000.0,1,3.47
KH-00137,CÔNG TY TNHH THƯƠNG MẠI QUANG VINH,CITYBIKE_P,Xe phổ thông,26.0,31080000.0,1,84.96
KH-00137,CÔNG TY TNHH THƯƠNG MẠI QUANG VINH,SPORTBIKE_A,Xe thể thao nhôm,2.0,4300000.0,1,11.76
KH-00137,CÔNG TY TNHH THƯƠNG MẠI QUANG VINH,SPORTBIKE_S,Xe thể thao thép,1.0,1200000.0,1,3.28
KH-00138,CÔNG TY TNHH THƯƠNG MẠI VĨNH PHÁT,CITYBIKE_P,Xe phổ thông,31.0,37300000.0,1,70.58
KH-00138,CÔNG TY TNHH THƯƠNG MẠI VĨNH PHÁT,KIDBIKE_1,Xe trẻ em nhóm 1,11.0,11550000.0,1,21.85
KH-00138,CÔNG TY TNHH THƯƠNG MẠI VĨNH PHÁT,KIDBIKE_2,Xe trẻ em nhóm 2,8.0,4000000.0,1,7.57
KH-00139,HỘ KINH DOANH YÊN BÌNH,CITYBIKE_P,Xe phổ thông,44.0,52550000.0,3,42.28
KH-00139,HỘ KINH DOANH YÊN BÌNH,SPORTBIKE_A,Xe thể thao nhôm,19.0,46848146.0,2,37.69
KH-00139,HỘ KINH DOANH YÊN BÌNH,SPORTBIKE_S,Xe thể thao thép,20.0,24900000.0,3,20.03
KH-00140,CÔNG TY TNHH XÂY DỰNG,CITYBIKE_P,Xe phổ thông,57.0,68450000.0,3,69.2
KH-00140,CÔNG TY TNHH XÂY DỰNG,SPORTBIKE_A,Xe thể thao nhôm,8.0,17200000.0,2,17.39
KH-00140,CÔNG TY TNHH XÂY DỰNG,KIDBIKE_1,Xe trẻ em nhóm 1,5.0,5250000.0,1,5.31
KH-00140,CÔNG TY TNHH XÂY DỰNG,KIDBIKE_2,Xe trẻ em nhóm 2,9.0,4410000.0,2,4.46
KH-00140,CÔNG TY TNHH XÂY DỰNG,SPORTBIKE_S,Xe thể thao thép,3.0,3600000.0,1,3.64
KH-00141,CÔNG TY CỔ PHẦN THƯƠNG MẠI TÂN TIẾN,CITYBIKE_P,Xe phổ thông,69.0,82160000.0,1,75.5
KH-00141,CÔNG TY CỔ PHẦN THƯƠNG MẠI TÂN TIẾN,KIDBIKE_2,Xe trẻ em nhóm 2,49.0,24260000.0,1,22.29
KH-00141,CÔNG TY CỔ PHẦN THƯƠNG MẠI TÂN TIẾN,KIDBIKE_1,Xe trẻ em nhóm 1,2.0,2400000.0,1,2.21
KH-00142,CÔNG TY TNHH THƯƠNG MẠI CHI THÀNH,CITYBIKE_P,Xe phổ thông,39.0,46560000.0,4,69.96
KH-00142,CÔNG TY TNHH THƯƠNG MẠI CHI THÀNH,SPORTBIKE_S,Xe thể thao thép,11.0,14858500.0,3,22.33
KH-00142,CÔNG TY TNHH THƯƠNG MẠI CHI THÀNH,SPORTBIKE_A,Xe thể thao nhôm,1.0,2400000.0,1,3.61
KH-00142,CÔNG TY TNHH THƯƠNG MẠI CHI THÀNH,KIDBIKE_1,Xe trẻ em nhóm 1,2.0,2260000.0,1,3.4
KH-00142,CÔNG TY TNHH THƯƠNG MẠI CHI THÀNH,KIDBIKE_2,Xe trẻ em nhóm 2,1.0,470000.0,1,0.71
KH-00143,DOANH NGHIỆP TW TÂY BẮC,CITYBIKE_P,Xe phổ thông,14.0,16800000.0,1,56.57
KH-00143,DOANH NGHIỆP TW TÂY BẮC,SPORTBIKE_A,Xe thể thao nhôm,6.0,12900000.0,1,43.43
KH-00144,CỬA HÀNG XE ĐẠP QUANG VINH,KIDBIKE_1,Xe trẻ em nhóm 1,7.0,7350000.0,1,41.74
KH-00144,CỬA HÀNG XE ĐẠP QUANG VINH,CITYBIKE_P,Xe phổ thông,5.0,5840000.0,1,33.16
KH-00144,CỬA HÀNG XE ĐẠP QUANG VINH,SPORTBIKE_S,Xe thể thao thép,3.0,3920000.0,1,22.26
KH-00144,CỬA HÀNG XE ĐẠP QUANG VINH,KIDBIKE_2,Xe trẻ em nhóm 2,1.0,500000.0,1,2.84
KH-00145,HỘ KINH DOANH PHÚ THỊNH,SPORTBIKE_A,Xe thể thao nhôm,4.0,8600000.0,1,37.49
KH-00145,HỘ KINH DOANH PHÚ THỊNH,CITYBIKE_P,Xe phổ thông,6.0,7300000.0,1,31.82
KH-00145,HỘ KINH DOANH PHÚ THỊNH,KIDBIKE_1,Xe trẻ em nhóm 1,3.0,3600000.0,1,15.69
KH-00145,HỘ KINH DOANH PHÚ THỊNH,KIDBIKE_2,Xe trẻ em nhóm 2,7.0,3440000.0,1,15.0
KH-00146,HỘ KINH DOANH LONG PHÚ,SPORTBIKE_S,Xe thể thao thép,5.0,6700000.0,1,35.94
KH-00146,HỘ KINH DOANH LONG PHÚ,SPORTBIKE_A,Xe thể thao nhôm,2.0,4300000.0,1,23.07
KH-00146,HỘ KINH DOANH LONG PHÚ,KIDBIKE_1,Xe trẻ em nhóm 1,4.0,4200000.0,1,22.53
KH-00146,HỘ KINH DOANH LONG PHÚ,CITYBIKE_P,Xe phổ thông,3.0,3440000.0,1,18.45
KH-00147,CÔNG TY TNHH PHÚ THỊNH,CITYBIKE_P,Xe phổ thông,217.0,306096052.0,8,76.09
KH-00147,CÔNG TY TNHH PHÚ THỊNH,KIDBIKE_1,Xe trẻ em nhóm 1,63.0,72605637.0,6,18.05
KH-00147,CÔNG TY TNHH PHÚ THỊNH,SPORTBIKE_S,Xe thể thao thép,8.0,16017500.0,1,3.98
KH-00147,CÔNG TY TNHH PHÚ THỊNH,SPORTBIKE_A,Xe thể thao nhôm,2.0,4550000.0,1,1.13
KH-00147,CÔNG TY TNHH PHÚ THỊNH,KIDBIKE_2,Xe trẻ em nhóm 2,6.0,3000000.0,1,0.75
KH-00148,HỘ KINH DOANH THUỶ TIÊN,CITYBIKE_P,Xe phổ thông,58.0,68710000.0,4,83.0
KH-00148,HỘ KINH DOANH THUỶ TIÊN,KIDBIKE_1,Xe trẻ em nhóm 1,7.0,8100000.0,2,9.78
KH-00148,HỘ KINH DOANH THUỶ TIÊN,SPORTBIKE_A,Xe thể thao nhôm,1.0,3222643.0,1,3.89
KH-00148,HỘ KINH DOANH THUỶ TIÊN,SPORTBIKE_S,Xe thể thao thép,2.0,2750000.0,2,3.32
KH-00149,CỬA HÀNG XE ĐẠP TÚ ANH,SPORTBIKE_A,Xe thể thao nhôm,9.0,22567929.0,1,34.05
KH-00149,CỬA HÀNG XE ĐẠP TÚ ANH,CITYBIKE_P,Xe phổ thông,16.0,19420000.0,2,29.3
KH-00149,CỬA HÀNG XE ĐẠP TÚ ANH,KIDBIKE_1,Xe trẻ em nhóm 1,10.0,10500000.0,2,15.84
KH-00149,CỬA HÀNG XE ĐẠP TÚ ANH,SPORTBIKE_S,Xe thể thao thép,7.0,9300000.0,2,14.03
KH-00149,CỬA HÀNG XE ĐẠP TÚ ANH,KIDBIKE_2,Xe trẻ em nhóm 2,9.0,4500000.0,2,6.79
KH-00150,HỘ KINH DOANH SÁN LẠP,SPORTBIKE_A,Xe thể thao nhôm,3.0,7522643.0,1,51.59
KH-00150,HỘ KINH DOANH SÁN LẠP,CITYBIKE_P,Xe phổ thông,6.0,7060000.0,1,48.41
KH-00151,CÔNG TY TNHH LÊ ANH,CITYBIKE_P,Xe phổ thông,60.0,69900000.0,2,55.77
KH-00151,CÔNG TY TNHH LÊ ANH,SPORTBIKE_S,Xe thể thao thép,23.0,51236000.0,2,40.88
KH-00151,CÔNG TY TNHH LÊ ANH,KIDBIKE_1,Xe trẻ em nhóm 1,4.0,4200000.0,2,3.35
KH-00152,HỘ KINH DOANH TRÍ ĐỨC,CITYBIKE_P,Xe phổ thông,66.0,76250000.0,3,87.95
KH-00152,HỘ KINH DOANH TRÍ ĐỨC,KIDBIKE_1,Xe trẻ em nhóm 1,9.0,9450000.0,2,10.9
KH-00152,HỘ KINH DOANH TRÍ ĐỨC,KIDBIKE_2,Xe trẻ em nhóm 2,2.0,1000000.0,1,1.15
KH-00153,CÔNG TY CỔ PHẦN THƯƠNG MẠI PHÚ THỊNH,CITYBIKE_P,Xe phổ thông,21.0,25100000.0,1,74.04
KH-00153,CÔNG TY CỔ PHẦN THƯƠNG MẠI PHÚ THỊNH,KIDBIKE_1,Xe trẻ em nhóm 1,6.0,6300000.0,1,18.58
KH-00153,CÔNG TY CỔ PHẦN THƯƠNG MẠI PHÚ THỊNH,KIDBIKE_2,Xe trẻ em nhóm 2,5.0,2500000.0,1,7.37
KH-00154,DOANH NGHIỆP TW VĨNH PHÁT,CITYBIKE_P,Xe phổ thông,70.0,80000000.0,3,100.0
KH-00155,DOANH NGHIỆP TW HÙNG CƯỜNG,CITYBIKE_P,Xe phổ thông,51.0,61410000.0,4,48.9
KH-00155,DOANH NGHIỆP TW HÙNG CƯỜNG,KIDBIKE_1,Xe trẻ em nhóm 1,38.0,42820000.0,3,34.1
KH-00155,DOANH NGHIỆP TW HÙNG CƯỜNG,KIDBIKE_2,Xe trẻ em nhóm 2,19.0,9110000.0,3,7.25
KH-00155,DOANH NGHIỆP TW HÙNG CƯỜNG,SPORTBIKE_A,Xe thể thao nhôm,2.0,6445286.0,1,5.13
KH-00155,DOANH NGHIỆP TW HÙNG CƯỜNG,SPORTBIKE_S,Xe thể thao thép,4.0,5800000.0,2,4.62
KH-00156,DOANH NGHIỆP TW VIỆT ANH,CITYBIKE_P,Xe phổ thông,14.0,16650000.0,1,78.35
KH-00156,DOANH NGHIỆP TW VIỆT ANH,SPORTBIKE_S,Xe thể thao thép,2.0,2500000.0,1,11.76
KH-00156,DOANH NGHIỆP TW VIỆT ANH,KIDBIKE_1,Xe trẻ em nhóm 1,2.0,2100000.0,1,9.88
KH-00157,CÔNG TY TNHH THƯƠNG MẠI LONG PHÚ,CITYBIKE_P,Xe phổ thông,14.0,33314817.0,10,51.96
KH-00157,CÔNG TY TNHH THƯƠNG MẠI LONG PHÚ,KIDBIKE_1,Xe trẻ em nhóm 1,7.0,13638891.0,7,21.27
KH-00157,CÔNG TY TNHH THƯƠNG MẠI LONG PHÚ,SPORTBIKE_S,Xe thể thao thép,2.0,8314814.0,2,12.97
KH-00157,CÔNG TY TNHH THƯƠNG MẠI LONG PHÚ,SPORTBIKE_A,Xe thể thao nhôm,1.0,4527778.0,1,7.06
KH-00157,CÔNG TY TNHH THƯƠNG MẠI LONG PHÚ,KIDBIKE_2,Xe trẻ em nhóm 2,3.0,4324074.0,3,6.74
KH-00158,CÔNG TY TNHH THƯƠNG MẠI VIỆT ANH,CITYBIKE_P,Xe phổ thông,16.0,19440000.0,1,84.38
KH-00158,CÔNG TY TNHH THƯƠNG MẠI VIỆT ANH,KIDBIKE_1,Xe trẻ em nhóm 1,3.0,3600000.0,1,15.62
KH-00159,CÔNG TY TNHH THƯƠNG MẠI THANH BÌNH,CITYBIKE_P,Xe phổ thông,9.0,20750000.0,2,100.0
KH-00160,CÔNG TY TNHH THƯƠNG MẠI TRÍ ĐỨC,CITYBIKE_P,Xe phổ thông,1.0,2768519.0,1,100.0
KH-00161,CÔNG TY TNHH THIÊN AN,CITYBIKE_P,Xe phổ thông,62.0,106729142.0,3,58.37
KH-00161,CÔNG TY TNHH THIÊN AN,SPORTBIKE_S,Xe thể thao thép,16.0,35954624.0,3,19.66
KH-00161,CÔNG TY TNHH THIÊN AN,KIDBIKE_1,Xe trẻ em nhóm 1,16.0,20655555.0,3,11.3
KH-00161,CÔNG TY TNHH THIÊN AN,SPORTBIKE_A,Xe thể thao nhôm,5.0,15798611.0,2,8.64
KH-00161,CÔNG TY TNHH THIÊN AN,KIDBIKE_2,Xe trẻ em nhóm 2,4.0,3707406.0,3,2.03
KH-00162,CÔNG TY CỔ PHẦN THƯƠNG MẠI CHI THÀNH,CITYBIKE_P,Xe phổ thông,20.0,26428887.0,3,96.18
KH-00162,CÔNG TY CỔ PHẦN THƯƠNG MẠI CHI THÀNH,KIDBIKE_1,Xe trẻ em nhóm 1,1.0,1050000.0,1,3.82
KH-00163,HỘ KINH DOANH XUÂN MAI,CITYBIKE_P,Xe phổ thông,38.0,45390000.0,4,63.28
KH-00163,HỘ KINH DOANH XUÂN MAI,SPORTBIKE_S,Xe thể thao thép,12.0,14800000.0,4,20.63
KH-00163,HỘ KINH DOANH XUÂN MAI,KIDBIKE_1,Xe trẻ em nhóm 1,9.0,10540000.0,3,14.69
KH-00163,HỘ KINH DOANH XUÂN MAI,KIDBIKE_2,Xe trẻ em nhóm 2,2.0,1000000.0,1,1.39
KH-00164,HỘ KINH DOANH XÂY DỰNG,CITYBIKE_P,Xe phổ thông,35.0,43000000.0,2,69.64
KH-00164,HỘ KINH DOANH XÂY DỰNG,KIDBIKE_1,Xe trẻ em nhóm 1,9.0,9750000.0,2,15.79
KH-00164,HỘ KINH DOANH XÂY DỰNG,SPORTBIKE_S,Xe thể thao thép,7.0,9000000.0,1,14.57
KH-00165,CÔNG TY CỔ PHẦN THƯƠNG MẠI TRƯỜNG THỊNH,CITYBIKE_P,Xe phổ thông,5.0,5890000.0,1,54.09
KH-00165,CÔNG TY CỔ PHẦN THƯƠNG MẠI TRƯỜNG THỊNH,SPORTBIKE_S,Xe thể thao thép,2.0,2600000.0,1,23.88
KH-00165,CÔNG TY CỔ PHẦN THƯƠNG MẠI TRƯỜNG THỊNH,SPORTBIKE_A,Xe thể thao nhôm,1.0,2400000.0,1,22.04
KH-00166,HỘ KINH DOANH QUANG VINH,CITYBIKE_P,Xe phổ thông,15.0,17690000.0,1,75.88
KH-00166,HỘ KINH DOANH QUANG VINH,SPORTBIKE_A,Xe thể thao nhôm,1.0,3222643.0,1,13.82
KH-00166,HỘ KINH DOANH QUANG VINH,SPORTBIKE_S,Xe thể thao thép,2.0,2400000.0,1,10.29
KH-00167,CÔNG TY CỔ PHẦN THƯƠNG MẠI LÊ ANH,CITYBIKE_P,Xe phổ thông,69.0,86887220.0,5,79.07
KH-00167,CÔNG TY CỔ PHẦN THƯƠNG MẠI LÊ ANH,SPORTBIKE_S,Xe thể thao thép,6.0,9210000.0,3,8.38
KH-00167,CÔNG TY CỔ PHẦN THƯƠNG MẠI LÊ ANH,KIDBIKE_1,Xe trẻ em nhóm 1,6.0,7342220.0,2,6.68
KH-00167,CÔNG TY CỔ PHẦN THƯƠNG MẠI LÊ ANH,SPORTBIKE_A,Xe thể thao nhôm,3.0,6450000.0,2,5.87
KH-00168,DOANH NGHIỆP TW ĐẠI LỢI,CITYBIKE_P,Xe phổ thông,66.0,88029994.0,4,70.32
KH-00168,DOANH NGHIỆP TW ĐẠI LỢI,KIDBIKE_2,Xe trẻ em nhóm 2,30.0,20161656.0,3,16.1
KH-00168,DOANH NGHIỆP TW ĐẠI LỢI,KIDBIKE_1,Xe trẻ em nhóm 1,8.0,8579628.0,3,6.85
KH-00168,DOANH NGHIỆP TW ĐẠI LỢI,SPORTBIKE_S,Xe thể thao thép,4.0,8420000.0,1,6.73
KH-00169,CÔNG TY TNHH THƯƠNG MẠI VĨNH PHÁT,CITYBIKE_P,Xe phổ thông,131.0,196289967.0,5,76.71
KH-00169,CÔNG TY TNHH THƯƠNG MẠI VĨNH PHÁT,KIDBIKE_1,Xe trẻ em nhóm 1,45.0,52708325.0,3,20.6
KH-00169,CÔNG TY TNHH THƯƠNG MẠI VĨNH PHÁT,SPORTBIKE_S,Xe thể thao thép,4.0,5000000.0,1,1.95
KH-00169,CÔNG TY TNHH THƯƠNG MẠI VĨNH PHÁT,KIDBIKE_2,Xe trẻ em nhóm 2,2.0,1887776.0,1,0.74
KH-00170,CỬA HÀNG XE ĐẠP TRƯỜNG THỊNH,CITYBIKE_P,Xe phổ thông,30.0,35400000.0,1,84.89
KH-00170,CỬA HÀNG XE ĐẠP TRƯỜNG THỊNH,KIDBIKE_1,Xe trẻ em nhóm 1,6.0,6300000.0,1,15.11
KH-00171,CÔNG TY CỔ PHẦN QUANG VINH,CITYBIKE_P,Xe phổ thông,10.0,24259259.0,1,100.0
KH-00172,CỬA HÀNG XE ĐẠP XÂY DỰNG,CITYBIKE_P,Xe phổ thông,208.0,352444443.0,3,100.0
KH-00173,DOANH NGHIỆP TW PHÚ THỊNH,SPORTBIKE_A,Xe thể thao nhôm,144.0,502040004.0,19,35.45
KH-00173,DOANH NGHIỆP TW PHÚ THỊNH,SPORTBIKE_S,Xe thể thao thép,124.0,319949256.0,19,22.59
KH-00173,DOANH NGHIỆP TW PHÚ THỊNH,KIDBIKE_1,Xe trẻ em nhóm 1,139.0,242856578.0,18,17.15
KH-00173,DOANH NGHIỆP TW PHÚ THỊNH,CITYBIKE_P,Xe phổ thông,121.0,231784256.0,11,16.37
KH-00173,DOANH NGHIỆP TW PHÚ THỊNH,KIDBIKE_2,Xe trẻ em nhóm 2,109.0,119642313.0,10,8.45
KH-00174,CÔNG TY CỔ PHẦN THƯƠNG MẠI LÊ ANH,CITYBIKE_P,Xe phổ thông,20.0,23300000.0,1,100.0
KH-00175,CÔNG TY CỔ PHẦN THƯƠNG MẠI TÂN TIẾN,SPORTBIKE_A,Xe thể thao nhôm,1.0,7490741.0,1,100.0
KH-00176,CÔNG TY TNHH THUỶ TIÊN,KIDBIKE_2,Xe trẻ em nhóm 2,1.0,1472222.0,1,100.0
KH-00177,CÔNG TY CỔ PHẦN TRƯỜNG THỊNH,CITYBIKE_P,Xe phổ thông,3.0,7388889.0,1,100.0
KH-00178,CÔNG TY CỔ PHẦN QUANG VINH,CITYBIKE_P,Xe phổ thông,1.0,2212963.0,1,100.0
KH-00179,CÔNG TY CỔ PHẦN TÂN TIẾN,CITYBIKE_P,Xe phổ thông,1.0,2768519.0,1,65.28
KH-00179,CÔNG TY CỔ PHẦN TÂN TIẾN,KIDBIKE_2,Xe trẻ em nhóm 2,1.0,1472222.0,1,34.72
KH-00180,CÔNG TY TNHH THƯƠNG MẠI VẠN LỢI,CITYBIKE_P,Xe phổ thông,110.0,159487192.0,4,100.0
KH-00181,CÔNG TY TNHH LONG PHÚ,CITYBIKE_P,Xe phổ thông,81.0,128130152.0,2,58.92
KH-00181,CÔNG TY TNHH LONG PHÚ,KIDBIKE_1,Xe trẻ em nhóm 1,62.0,79691638.0,2,36.65
KH-00181,CÔNG TY TNHH LONG PHÚ,SPORTBIKE_S,Xe thể thao thép,4.0,9631108.0,1,4.43
KH-00182,CÔNG TY CỔ PHẦN PHÚ THỊNH,KIDBIKE_1,Xe trẻ em nhóm 1,6.0,6300000.0,1,47.95
KH-00182,CÔNG TY CỔ PHẦN PHÚ THỊNH,SPORTBIKE_A,Xe thể thao nhôm,2.0,4300000.0,1,32.72
KH-00182,CÔNG TY CỔ PHẦN PHÚ THỊNH,CITYBIKE_P,Xe phổ thông,2.0,2540000.0,1,19.33
KH-00183,DOANH NGHIỆP TW LONG PHÚ,CITYBIKE_P,Xe phổ thông,11.0,13550000.0,1,67.75
KH-00183,DOANH NGHIỆP TW LONG PHÚ,KIDBIKE_1,Xe trẻ em nhóm 1,6.0,6450000.0,1,32.25
KH-00184,DOANH NGHIỆP TW ĐẠI LỢI,KIDBIKE_1,Xe trẻ em nhóm 1,8.0,8700000.0,2,39.05
KH-00184,DOANH NGHIỆP TW ĐẠI LỢI,SPORTBIKE_A,Xe thể thao nhôm,4.0,8600000.0,2,38.6
KH-00184,DOANH NGHIỆP TW ĐẠI LỢI,KIDBIKE_2,Xe trẻ em nhóm 2,5.0,2500000.0,2,11.22
KH-00184,DOANH NGHIỆP TW ĐẠI LỢI,SPORTBIKE_S,Xe thể thao thép,1.0,1300000.0,1,5.83
KH-00184,DOANH NGHIỆP TW ĐẠI LỢI,CITYBIKE_P,Xe phổ thông,1.0,1180000.0,1,5.3
KH-00185,CÔNG TY TNHH THƯƠNG MẠI VĨNH PHÁT,CITYBIKE_P,Xe phổ thông,1.0,2546296.0,1,100.0
KH-00186,HỘ KINH DOANH XÂY DỰNG,CITYBIKE_P,Xe phổ thông,35.0,67567129.0,4,100.0
KH-00187,HỘ KINH DOANH NGỌC ANH,CITYBIKE_P,Xe phổ thông,1.0,2768519.0,1,100.0
KH-00188,DOANH NGHIỆP TW XÂY DỰNG,SPORTBIKE_A,Xe thể thao nhôm,10.0,34863890.0,2,47.06
KH-00188,DOANH NGHIỆP TW XÂY DỰNG,KIDBIKE_1,Xe trẻ em nhóm 1,10.0,17610185.0,2,23.77
KH-00188,DOANH NGHIỆP TW XÂY DỰNG,SPORTBIKE_S,Xe thể thao thép,5.0,12441203.0,2,16.79
KH-00188,DOANH NGHIỆP TW XÂY DỰNG,CITYBIKE_P,Xe phổ thông,3.0,5910463.0,1,7.98
KH-00188,DOANH NGHIỆP TW XÂY DỰNG,KIDBIKE_2,Xe trẻ em nhóm 2,3.0,3258241.0,1,4.4
KH-00189,CÔNG TY CỔ PHẦN MẶT TRỜI,CITYBIKE_P,Xe phổ thông,28.0,33550000.0,2,50.94
KH-00189,CÔNG TY CỔ PHẦN MẶT TRỜI,SPORTBIKE_A,Xe thể thao nhôm,6.0,13753787.0,1,20.88
KH-00189,CÔNG TY CỔ PHẦN MẶT TRỜI,KIDBIKE_1,Xe trẻ em nhóm 1,11.0,12150000.0,2,18.45
KH-00189,CÔNG TY CỔ PHẦN MẶT TRỜI,KIDBIKE_2,Xe trẻ em nhóm 2,13.0,6410000.0,2,9.73
KH-00190,HỘ KINH DOANH XÂY DỰNG,CITYBIKE_P,Xe phổ thông,34.0,42727000.0,2,78.3
KH-00190,HỘ KINH DOANH XÂY DỰNG,KIDBIKE_1,Xe trẻ em nhóm 1,7.0,8100000.0,1,14.84
KH-00190,HỘ KINH DOANH XÂY DỰNG,KIDBIKE_2,Xe trẻ em nhóm 2,5.0,2440000.0,2,4.47
KH-00190,HỘ KINH DOANH XÂY DỰNG,SPORTBIKE_S,Xe thể thao thép,1.0,1300000.0,1,2.38
KH-00191,CÔNG TY CỔ PHẦN THƯƠNG MẠI XUÂN MAI,CITYBIKE_P,Xe phổ thông,1.0,2768519.0,1,100.0
KH-00192,HỘ KINH DOANH KHẢI HOÀN,CITYBIKE_P,Xe phổ thông,25.0,29890000.0,3,62.39
KH-00192,HỘ KINH DOANH KHẢI HOÀN,KIDBIKE_1,Xe trẻ em nhóm 1,13.0,14400000.0,3,30.06
KH-00192,HỘ KINH DOANH KHẢI HOÀN,SPORTBIKE_A,Xe thể thao nhôm,1.0,2150000.0,1,4.49
KH-00192,HỘ KINH DOANH KHẢI HOÀN,KIDBIKE_2,Xe trẻ em nhóm 2,3.0,1470000.0,2,3.07
KH-00193,CÔNG TY TNHH TÚ ANH,CITYBIKE_P,Xe phổ thông,161.0,195790500.0,4,83.47
KH-00193,CÔNG TY TNHH TÚ ANH,SPORTBIKE_S,Xe thể thao thép,24.0,30400000.0,2,12.96
KH-00193,CÔNG TY TNHH TÚ ANH,KIDBIKE_1,Xe trẻ em nhóm 1,6.0,6020000.0,2,2.57
KH-00193,CÔNG TY TNHH TÚ ANH,KIDBIKE_2,Xe trẻ em nhóm 2,5.0,2350000.0,1,1.0
KH-00194,CỬA HÀNG XE ĐẠP SÁN LẠP,KIDBIKE_1,Xe trẻ em nhóm 1,63.0,70150000.0,2,36.88
KH-00194,CỬA HÀNG XE ĐẠP SÁN LẠP,KIDBIKE_2,Xe trẻ em nhóm 2,48.0,41704595.0,2,21.93
KH-00194,CỬA HÀNG XE ĐẠP SÁN LẠP,SPORTBIKE_A,Xe thể thao nhôm,15.0,39057790.0,1,20.54
KH-00194,CỬA HÀNG XE ĐẠP SÁN LẠP,SPORTBIKE_S,Xe thể thao thép,26.0,35717000.0,2,18.78
KH-00194,CỬA HÀNG XE ĐẠP SÁN LẠP,CITYBIKE_P,Xe phổ thông,3.0,3560000.0,1,1.87
KH-00195,CỬA HÀNG XE ĐẠP BÌNH MINH,CITYBIKE_P,Xe phổ thông,19.0,23130000.0,2,59.63
KH-00195,CỬA HÀNG XE ĐẠP BÌNH MINH,KIDBIKE_1,Xe trẻ em nhóm 1,8.0,8860000.0,1,22.84
KH-00195,CỬA HÀNG XE ĐẠP BÌNH MINH,SPORTBIKE_A,Xe thể thao nhôm,2.0,4300000.0,1,11.09
KH-00195,CỬA HÀNG XE ĐẠP BÌNH MINH,KIDBIKE_2,Xe trẻ em nhóm 2,5.0,2500000.0,1,6.44
KH-00196,CÔNG TY CỔ PHẦN NAM TIẾN,KIDBIKE_1,Xe trẻ em nhóm 1,25.0,27600000.0,2,53.18
KH-00196,CÔNG TY CỔ PHẦN NAM TIẾN,CITYBIKE_P,Xe phổ thông,21.0,24300000.0,2,46.82
KH-00197,CÔNG TY TNHH THƯƠNG MẠI MINH PHƯƠNG,CITYBIKE_P,Xe phổ thông,88.0,104880000.0,2,74.13
KH-00197,CÔNG TY TNHH THƯƠNG MẠI MINH PHƯƠNG,KIDBIKE_1,Xe trẻ em nhóm 1,28.0,30600000.0,2,21.63
KH-00197,CÔNG TY TNHH THƯƠNG MẠI MINH PHƯƠNG,KIDBIKE_2,Xe trẻ em nhóm 2,7.0,3410000.0,1,2.41
KH-00197,CÔNG TY TNHH THƯƠNG MẠI MINH PHƯƠNG,SPORTBIKE_S,Xe thể thao thép,2.0,2600000.0,1,1.84
KH-00198,CÔNG TY TNHH TRÍ ĐỨC,CITYBIKE_P,Xe phổ thông,62.0,75430000.0,4,55.33
KH-00198,CÔNG TY TNHH TRÍ ĐỨC,SPORTBIKE_A,Xe thể thao nhôm,9.0,24275503.0,3,17.81
KH-00198,CÔNG TY TNHH TRÍ ĐỨC,KIDBIKE_1,Xe trẻ em nhóm 1,14.0,16070000.0,3,11.79
KH-00198,CÔNG TY TNHH TRÍ ĐỨC,KIDBIKE_2,Xe trẻ em nhóm 2,23.0,11350000.0,2,8.33
KH-00198,CÔNG TY TNHH TRÍ ĐỨC,SPORTBIKE_S,Xe thể thao thép,7.0,9190000.0,3,6.74
KH-00199,CỬA HÀNG XE ĐẠP TÚ ANH,CITYBIKE_P,Xe phổ thông,38.0,45270000.0,2,70.66
KH-00199,CỬA HÀNG XE ĐẠP TÚ ANH,KIDBIKE_1,Xe trẻ em nhóm 1,15.0,16800000.0,1,26.22
KH-00199,CỬA HÀNG XE ĐẠP TÚ ANH,KIDBIKE_2,Xe trẻ em nhóm 2,4.0,2000000.0,2,3.12
KH-00200,CÔNG TY CỔ PHẦN TOÀN THẮNG,CITYBIKE_P,Xe phổ thông,28.0,33840000.0,2,59.88
KH-00200,CÔNG TY CỔ PHẦN TOÀN THẮNG,KIDBIKE_1,Xe trẻ em nhóm 1,12.0,14460000.0,2,25.59
KH-00200,CÔNG TY CỔ PHẦN TOÀN THẮNG,SPORTBIKE_S,Xe thể thao thép,4.0,8217000.0,1,14.54
KH-00201,HỘ KINH DOANH XUÂN MAI,SPORTBIKE_S,Xe thể thao thép,8.0,12632000.0,1,32.79
KH-00201,HỘ KINH DOANH XUÂN MAI,SPORTBIKE_A,Xe thể thao nhôm,5.0,12457574.0,1,32.34
KH-00201,HỘ KINH DOANH XUÂN MAI,CITYBIKE_P,Xe phổ thông,8.0,9330000.0,1,24.22
KH-00201,HỘ KINH DOANH XUÂN MAI,KIDBIKE_1,Xe trẻ em nhóm 1,2.0,2100000.0,1,5.45
KH-00201,HỘ KINH DOANH XUÂN MAI,KIDBIKE_2,Xe trẻ em nhóm 2,4.0,2000000.0,1,5.19
KH-00202,CÔNG TY CỔ PHẦN XUÂN MAI,CITYBIKE_P,Xe phổ thông,38.0,45690000.0,2,79.06
KH-00202,CÔNG TY CỔ PHẦN XUÂN MAI,KIDBIKE_1,Xe trẻ em nhóm 1,10.0,11100000.0,1,19.21
KH-00202,CÔNG TY CỔ PHẦN XUÂN MAI,KIDBIKE_2,Xe trẻ em nhóm 2,2.0,1000000.0,1,1.73
KH-00203,CÔNG TY CỔ PHẦN THƯƠNG MẠI HOÀ BÌNH,CITYBIKE_P,Xe phổ thông,1.0,2305556.0,1,100.0
KH-00204,CÔNG TY CỔ PHẦN ĐẠI DƯƠNG,CITYBIKE_P,Xe phổ thông,4.0,9962963.0,1,100.0
KH-00205,CỬA HÀNG XE ĐẠP QUANG VINH,CITYBIKE_P,Xe phổ thông,29.0,33900000.0,1,57.71
KH-00205,CỬA HÀNG XE ĐẠP QUANG VINH,KIDBIKE_1,Xe trẻ em nhóm 1,13.0,14100000.0,1,24.0
KH-00205,CỬA HÀNG XE ĐẠP QUANG VINH,KIDBIKE_2,Xe trẻ em nhóm 2,11.0,5500000.0,1,9.36
KH-00205,CỬA HÀNG XE ĐẠP QUANG VINH,SPORTBIKE_S,Xe thể thao thép,4.0,5240000.0,1,8.92
KH-00206,CÔNG TY TNHH THƯƠNG MẠI MẶT TRỜI,KIDBIKE_1,Xe trẻ em nhóm 1,14.0,16350000.0,2,54.45
KH-00206,CÔNG TY TNHH THƯƠNG MẠI MẶT TRỜI,CITYBIKE_P,Xe phổ thông,11.0,13680000.0,2,45.55
KH-00207,CỬA HÀNG XE ĐẠP VẠN LỢI,CITYBIKE_P,Xe phổ thông,40.0,47640000.0,3,47.0
KH-00207,CỬA HÀNG XE ĐẠP VẠN LỢI,SPORTBIKE_A,Xe thể thao nhôm,15.0,39080296.0,3,38.56
KH-00207,CỬA HÀNG XE ĐẠP VẠN LỢI,KIDBIKE_1,Xe trẻ em nhóm 1,8.0,9320000.0,1,9.2
KH-00207,CỬA HÀNG XE ĐẠP VẠN LỢI,SPORTBIKE_S,Xe thể thao thép,2.0,5317000.0,1,5.25
KH-00208,CỬA HÀNG XE ĐẠP TÂY BẮC,CITYBIKE_P,Xe phổ thông,71.0,82320000.0,5,67.69
KH-00208,CỬA HÀNG XE ĐẠP TÂY BẮC,KIDBIKE_1,Xe trẻ em nhóm 1,15.0,16800000.0,3,13.81
KH-00208,CỬA HÀNG XE ĐẠP TÂY BẮC,SPORTBIKE_S,Xe thể thao thép,9.0,11750000.0,3,9.66
KH-00208,CỬA HÀNG XE ĐẠP TÂY BẮC,SPORTBIKE_A,Xe thể thao nhôm,4.0,10745286.0,2,8.84
KH-00209,CÔNG TY TNHH THƯƠNG MẠI VIỆT ANH,CITYBIKE_P,Xe phổ thông,24.0,28880000.0,2,64.42
KH-00209,CÔNG TY TNHH THƯƠNG MẠI VIỆT ANH,SPORTBIKE_A,Xe thể thao nhôm,3.0,7522643.0,1,16.78
KH-00209,CÔNG TY TNHH THƯƠNG MẠI VIỆT ANH,KIDBIKE_2,Xe trẻ em nhóm 2,9.0,4230000.0,2,9.44
KH-00209,CÔNG TY TNHH THƯƠNG MẠI VIỆT ANH,KIDBIKE_1,Xe trẻ em nhóm 1,4.0,4200000.0,2,9.37
KH-00210,DOANH NGHIỆP TW SÁN LẠP,KIDBIKE_2,Xe trẻ em nhóm 2,11.0,5410000.0,1,33.9
KH-00210,DOANH NGHIỆP TW SÁN LẠP,KIDBIKE_1,Xe trẻ em nhóm 1,4.0,4200000.0,1,26.32
KH-00210,DOANH NGHIỆP TW SÁN LẠP,CITYBIKE_P,Xe phổ thông,3.0,3600000.0,1,22.56
KH-00210,DOANH NGHIỆP TW SÁN LẠP,SPORTBIKE_S,Xe thể thao thép,2.0,2750000.0,1,17.23
KH-00211,CỬA HÀNG XE ĐẠP NAM TIẾN,CITYBIKE_P,Xe phổ thông,21.0,23880000.0,1,75.74
KH-00211,CỬA HÀNG XE ĐẠP NAM TIẾN,KIDBIKE_1,Xe trẻ em nhóm 1,7.0,7650000.0,1,24.26
KH-00212,CỬA HÀNG XE ĐẠP TÂY BẮC,CITYBIKE_P,Xe phổ thông,61.0,73400000.0,4,73.9
KH-00212,CỬA HÀNG XE ĐẠP TÂY BẮC,KIDBIKE_1,Xe trẻ em nhóm 1,10.0,10660000.0,2,10.73
KH-00212,CỬA HÀNG XE ĐẠP TÂY BẮC,SPORTBIKE_A,Xe thể thao nhôm,3.0,7522643.0,2,7.57
KH-00212,CỬA HÀNG XE ĐẠP TÂY BẮC,SPORTBIKE_S,Xe thể thao thép,4.0,4800000.0,3,4.83
KH-00212,CỬA HÀNG XE ĐẠP TÂY BẮC,KIDBIKE_2,Xe trẻ em nhóm 2,6.0,2940000.0,2,2.96
KH-00213,CÔNG TY CỔ PHẦN HOÀ BÌNH,CITYBIKE_P,Xe phổ thông,1.0,2305556.0,1,100.0
KH-00214,DOANH NGHIỆP TW QUANG VINH,CITYBIKE_P,Xe phổ thông,54.0,63900000.0,2,77.94
KH-00214,DOANH NGHIỆP TW QUANG VINH,KIDBIKE_1,Xe trẻ em nhóm 1,15.0,15750000.0,2,19.21
KH-00214,DOANH NGHIỆP TW QUANG VINH,SPORTBIKE_S,Xe thể thao thép,1.0,2333500.0,1,2.85
KH-00215,DOANH NGHIỆP TW LÊ ANH,CITYBIKE_P,Xe phổ thông,10.0,12050000.0,2,32.43
KH-00215,DOANH NGHIỆP TW LÊ ANH,KIDBIKE_1,Xe trẻ em nhóm 1,10.0,11570000.0,2,31.14
KH-00215,DOANH NGHIỆP TW LÊ ANH,SPORTBIKE_S,Xe thể thao thép,5.0,6200000.0,1,16.68
KH-00215,DOANH NGHIỆP TW LÊ ANH,KIDBIKE_2,Xe trẻ em nhóm 2,10.0,4940000.0,1,13.29
KH-00215,DOANH NGHIỆP TW LÊ ANH,SPORTBIKE_A,Xe thể thao nhôm,1.0,2400000.0,1,6.46
KH-00216,HỘ KINH DOANH NGỌC ANH,CITYBIKE_P,Xe phổ thông,45.0,53220000.0,1,87.15
KH-00216,HỘ KINH DOANH NGỌC ANH,KIDBIKE_1,Xe trẻ em nhóm 1,5.0,5700000.0,1,9.33
KH-00216,HỘ KINH DOANH NGỌC ANH,SPORTBIKE_A,Xe thể thao nhôm,1.0,2150000.0,1,3.52
KH-00217,DOANH NGHIỆP TW ĐẠI DƯƠNG,CITYBIKE_P,Xe phổ thông,296.0,398083849.0,8,98.28
KH-00217,DOANH NGHIỆP TW ĐẠI DƯƠNG,KIDBIKE_1,Xe trẻ em nhóm 1,5.0,6031665.0,2,1.49
KH-00217,DOANH NGHIỆP TW ĐẠI DƯƠNG,KIDBIKE_2,Xe trẻ em nhóm 2,1.0,943888.0,1,0.23
KH-00218,CÔNG TY TNHH THƯƠNG MẠI BÌNH MINH,CITYBIKE_P,Xe phổ thông,31.0,37197776.0,2,75.09
KH-00218,CÔNG TY TNHH THƯƠNG MẠI BÌNH MINH,KIDBIKE_1,Xe trẻ em nhóm 1,10.0,12340924.0,2,24.91
KH-00219,CÔNG TY CỔ PHẦN THƯƠNG MẠI PHÚ THỊNH,CITYBIKE_P,Xe phổ thông,106.0,159576089.0,5,84.26
KH-00219,CÔNG TY CỔ PHẦN THƯƠNG MẠI PHÚ THỊNH,SPORTBIKE_A,Xe thể thao nhôm,6.0,14400000.0,1,7.6
KH-00219,CÔNG TY CỔ PHẦN THƯƠNG MẠI PHÚ THỊNH,KIDBIKE_1,Xe trẻ em nhóm 1,6.0,7148888.0,2,3.78
KH-00219,CÔNG TY CỔ PHẦN THƯƠNG MẠI PHÚ THỊNH,KIDBIKE_2,Xe trẻ em nhóm 2,7.0,4649442.0,2,2.46
KH-00219,CÔNG TY CỔ PHẦN THƯƠNG MẠI PHÚ THỊNH,SPORTBIKE_S,Xe thể thao thép,3.0,3600000.0,1,1.9
KH-00220,CỬA HÀNG XE ĐẠP VIỆT ANH,CITYBIKE_P,Xe phổ thông,30.0,36100000.0,2,48.77
KH-00220,CỬA HÀNG XE ĐẠP VIỆT ANH,SPORTBIKE_A,Xe thể thao nhôm,8.0,20417929.0,2,27.59
KH-00220,CỬA HÀNG XE ĐẠP VIỆT ANH,KIDBIKE_1,Xe trẻ em nhóm 1,13.0,13950000.0,1,18.85
KH-00220,CỬA HÀNG XE ĐẠP VIỆT ANH,KIDBIKE_2,Xe trẻ em nhóm 2,5.0,2350000.0,1,3.17
KH-00220,CỬA HÀNG XE ĐẠP VIỆT ANH,SPORTBIKE_S,Xe thể thao thép,1.0,1200000.0,1,1.62
KH-00221,CÔNG TY CỔ PHẦN VĨNH PHÁT,CITYBIKE_P,Xe phổ thông,48.0,56310000.0,2,94.7
KH-00221,CÔNG TY CỔ PHẦN VĨNH PHÁT,KIDBIKE_1,Xe trẻ em nhóm 1,3.0,3150000.0,1,5.3
KH-00222,CÔNG TY CỔ PHẦN TÂN TIẾN,CITYBIKE_P,Xe phổ thông,21.0,25180000.0,2,61.52
KH-00222,CÔNG TY CỔ PHẦN TÂN TIẾN,KIDBIKE_1,Xe trẻ em nhóm 1,10.0,11100000.0,2,27.12
KH-00222,CÔNG TY CỔ PHẦN TÂN TIẾN,SPORTBIKE_S,Xe thể thao thép,2.0,2500000.0,1,6.11
KH-00222,CÔNG TY CỔ PHẦN TÂN TIẾN,SPORTBIKE_A,Xe thể thao nhôm,1.0,2150000.0,1,5.25
KH-00223,CÔNG TY CỔ PHẦN THƯƠNG MẠI AN PHÁT,CITYBIKE_P,Xe phổ thông,22.0,26520000.0,1,78.65
KH-00223,CÔNG TY CỔ PHẦN THƯƠNG MẠI AN PHÁT,KIDBIKE_1,Xe trẻ em nhóm 1,4.0,4200000.0,1,12.46
KH-00223,CÔNG TY CỔ PHẦN THƯƠNG MẠI AN PHÁT,KIDBIKE_2,Xe trẻ em nhóm 2,6.0,3000000.0,1,8.9
KH-00224,DOANH NGHIỆP TW ĐÔNG NAM,CITYBIKE_P,Xe phổ thông,28.0,34050000.0,1,94.19
KH-00224,DOANH NGHIỆP TW ĐÔNG NAM,KIDBIKE_1,Xe trẻ em nhóm 1,2.0,2100000.0,1,5.81
KH-00225,CÔNG TY TNHH TÂY BẮC,CITYBIKE_P,Xe phổ thông,60.0,70840000.0,2,84.17
KH-00225,CÔNG TY TNHH TÂY BẮC,KIDBIKE_1,Xe trẻ em nhóm 1,8.0,9020000.0,1,10.72
KH-00225,CÔNG TY TNHH TÂY BẮC,SPORTBIKE_A,Xe thể thao nhôm,2.0,4300000.0,2,5.11
KH-00226,CÔNG TY CỔ PHẦN VĨNH PHÁT,CITYBIKE_P,Xe phổ thông,22.0,26040000.0,1,100.0
KH-00227,CÔNG TY TNHH THƯƠNG MẠI TRÍ ĐỨC,CITYBIKE_P,Xe phổ thông,27.0,32520000.0,1,79.47
KH-00227,CÔNG TY TNHH THƯƠNG MẠI TRÍ ĐỨC,KIDBIKE_1,Xe trẻ em nhóm 1,8.0,8400000.0,1,20.53
KH-00228,CÔNG TY CỔ PHẦN THƯƠNG MẠI XUÂN MAI,CITYBIKE_P,Xe phổ thông,12.0,14100000.0,1,78.33
KH-00228,CÔNG TY CỔ PHẦN THƯƠNG MẠI XUÂN MAI,SPORTBIKE_S,Xe thể thao thép,3.0,3900000.0,1,21.67
KH-00229,DOANH NGHIỆP TW TRÍ ĐỨC,CITYBIKE_P,Xe phổ thông,16.0,19280000.0,1,56.74
KH-00229,DOANH NGHIỆP TW TRÍ ĐỨC,KIDBIKE_1,Xe trẻ em nhóm 1,14.0,14700000.0,1,43.26
KH-00230,DOANH NGHIỆP TW ĐẠI LỢI,KIDBIKE_1,Xe trẻ em nhóm 1,11.0,12000000.0,1,58.71
KH-00230,DOANH NGHIỆP TW ĐẠI LỢI,CITYBIKE_P,Xe phổ thông,7.0,8440000.0,1,41.29
KH-00231,CÔNG TY CỔ PHẦN THANH BÌNH,CITYBIKE_P,Xe phổ thông,51.0,60630000.0,3,56.26
KH-00231,CÔNG TY CỔ PHẦN THANH BÌNH,KIDBIKE_1,Xe trẻ em nhóm 1,16.0,17400000.0,3,16.15
KH-00231,CÔNG TY CỔ PHẦN THANH BÌNH,SPORTBIKE_S,Xe thể thao thép,5.0,13292500.0,1,12.33
KH-00231,CÔNG TY CỔ PHẦN THANH BÌNH,SPORTBIKE_A,Xe thể thao nhôm,4.0,8600000.0,2,7.98
KH-00231,CÔNG TY CỔ PHẦN THANH BÌNH,KIDBIKE_2,Xe trẻ em nhóm 2,16.0,7850000.0,1,7.28
KH-00232,HỘ KINH DOANH HOÀ BÌNH,CITYBIKE_P,Xe phổ thông,8.0,19000000.0,1,100.0
KH-00233,DOANH NGHIỆP TW CHI THÀNH,CITYBIKE_P,Xe phổ thông,20.0,22840000.0,1,100.0
KH-00234,CÔNG TY TNHH KHẢI HOÀN,CITYBIKE_P,Xe phổ thông,17.0,19420000.0,1,80.18
KH-00234,CÔNG TY TNHH KHẢI HOÀN,KIDBIKE_1,Xe trẻ em nhóm 1,4.0,4800000.0,1,19.82
KH-00235,CÔNG TY CỔ PHẦN THƯƠNG MẠI CHI THÀNH,CITYBIKE_P,Xe phổ thông,66.0,78820000.0,2,90.16
KH-00235,CÔNG TY CỔ PHẦN THƯƠNG MẠI CHI THÀNH,SPORTBIKE_A,Xe thể thao nhôm,4.0,8600000.0,2,9.84
KH-00236,CỬA HÀNG XE ĐẠP ĐÔNG NAM,CITYBIKE_P,Xe phổ thông,30.0,35880000.0,2,100.0
KH-00237,DOANH NGHIỆP TW LÊ ANH,KIDBIKE_2,Xe trẻ em nhóm 2,34.0,16850000.0,2,29.32
KH-00237,DOANH NGHIỆP TW LÊ ANH,SPORTBIKE_A,Xe thể thao nhôm,6.0,14400000.0,1,25.06
KH-00237,DOANH NGHIỆP TW LÊ ANH,CITYBIKE_P,Xe phổ thông,11.0,13140000.0,2,22.86
KH-00237,DOANH NGHIỆP TW LÊ ANH,KIDBIKE_1,Xe trẻ em nhóm 1,8.0,9180000.0,2,15.97
KH-00237,DOANH NGHIỆP TW LÊ ANH,SPORTBIKE_S,Xe thể thao thép,3.0,3900000.0,1,6.79
KH-00238,CÔNG TY CỔ PHẦN THƯƠNG MẠI TRƯỜNG THỊNH,CITYBIKE_P,Xe phổ thông,23.0,26940000.0,1,80.31
KH-00238,CÔNG TY CỔ PHẦN THƯƠNG MẠI TRƯỜNG THỊNH,SPORTBIKE_A,Xe thể thao nhôm,1.0,3222643.0,1,9.61
KH-00238,CÔNG TY CỔ PHẦN THƯƠNG MẠI TRƯỜNG THỊNH,SPORTBIKE_S,Xe thể thao thép,1.0,2333500.0,1,6.96
KH-00238,CÔNG TY CỔ PHẦN THƯƠNG MẠI TRƯỜNG THỊNH,KIDBIKE_1,Xe trẻ em nhóm 1,1.0,1050000.0,1,3.13
KH-00239,HỘ KINH DOANH THANH BÌNH,CITYBIKE_P,Xe phổ thông,18.0,21550000.0,1,62.72
KH-00239,HỘ KINH DOANH THANH BÌNH,SPORTBIKE_A,Xe thể thao nhôm,5.0,12807000.0,1,37.28
KH-00240,CÔNG TY CỔ PHẦN TRÍ ĐỨC,KIDBIKE_1,Xe trẻ em nhóm 1,35.0,39050000.0,1,100.0
KH-00241,HỘ KINH DOANH PHÚ THỊNH,CITYBIKE_P,Xe phổ thông,75.0,88600000.0,2,100.0
KH-00242,CÔNG TY CỔ PHẦN THƯƠNG MẠI HÙNG CƯỜNG,KIDBIKE_2,Xe trẻ em nhóm 2,35.0,16990000.0,2,46.78
KH-00242,CÔNG TY CỔ PHẦN THƯƠNG MẠI HÙNG CƯỜNG,KIDBIKE_1,Xe trẻ em nhóm 1,13.0,15730000.0,2,43.31
KH-00242,CÔNG TY CỔ PHẦN THƯƠNG MẠI HÙNG CƯỜNG,CITYBIKE_P,Xe phổ thông,3.0,3600000.0,1,9.91
KH-00243,HỘ KINH DOANH VĨNH PHÁT,CITYBIKE_P,Xe phổ thông,19.0,22900000.0,1,65.15
KH-00243,HỘ KINH DOANH VĨNH PHÁT,KIDBIKE_1,Xe trẻ em nhóm 1,7.0,7350000.0,1,20.91
KH-00243,HỘ KINH DOANH VĨNH PHÁT,SPORTBIKE_S,Xe thể thao thép,4.0,4900000.0,1,13.94
KH-00244,CÔNG TY CỔ PHẦN THƯƠNG MẠI AN PHÁT,KIDBIKE_1,Xe trẻ em nhóm 1,16.0,16800000.0,1,50.3
KH-00244,CÔNG TY CỔ PHẦN THƯƠNG MẠI AN PHÁT,CITYBIKE_P,Xe phổ thông,11.0,12700000.0,1,38.02
KH-00244,CÔNG TY CỔ PHẦN THƯƠNG MẠI AN PHÁT,SPORTBIKE_S,Xe thể thao thép,3.0,3900000.0,1,11.68
KH-00245,CỬA HÀNG XE ĐẠP TÂN TIẾN,CITYBIKE_P,Xe phổ thông,1.0,2120370.0,1,100.0
KH-00246,CỬA HÀNG XE ĐẠP TRƯỜNG THỊNH,SPORTBIKE_S,Xe thể thao thép,10.0,18334000.0,1,48.01
KH-00246,CỬA HÀNG XE ĐẠP TRƯỜNG THỊNH,CITYBIKE_P,Xe phổ thông,12.0,14200000.0,1,37.19
KH-00246,CỬA HÀNG XE ĐẠP TRƯỜNG THỊNH,KIDBIKE_1,Xe trẻ em nhóm 1,3.0,3150000.0,1,8.25
KH-00246,CỬA HÀNG XE ĐẠP TRƯỜNG THỊNH,KIDBIKE_2,Xe trẻ em nhóm 2,5.0,2500000.0,1,6.55
KH-00247,HỘ KINH DOANH NGỌC ANH,CITYBIKE_P,Xe phổ thông,65.0,77140000.0,1,60.79
KH-00247,HỘ KINH DOANH NGỌC ANH,KIDBIKE_1,Xe trẻ em nhóm 1,33.0,36750000.0,1,28.96
KH-00247,HỘ KINH DOANH NGỌC ANH,SPORTBIKE_S,Xe thể thao thép,10.0,13000000.0,1,10.25
KH-00248,CÔNG TY CỔ PHẦN THƯƠNG MẠI ĐẠI DƯƠNG,CITYBIKE_P,Xe phổ thông,45.0,53910000.0,2,53.65
KH-00248,CÔNG TY CỔ PHẦN THƯƠNG MẠI ĐẠI DƯƠNG,SPORTBIKE_A,Xe thể thao nhôm,13.0,34122859.0,2,33.96
KH-00248,CÔNG TY CỔ PHẦN THƯƠNG MẠI ĐẠI DƯƠNG,KIDBIKE_1,Xe trẻ em nhóm 1,9.0,9450000.0,1,9.4
KH-00248,CÔNG TY CỔ PHẦN THƯƠNG MẠI ĐẠI DƯƠNG,KIDBIKE_2,Xe trẻ em nhóm 2,6.0,3000000.0,1,2.99
KH-00249,HỘ KINH DOANH PHÚC AN,CITYBIKE_P,Xe phổ thông,26.0,33360000.0,1,88.82
KH-00249,HỘ KINH DOANH PHÚC AN,KIDBIKE_1,Xe trẻ em nhóm 1,4.0,4200000.0,1,11.18
KH-00250,DOANH NGHIỆP TW XUÂN MAI,CITYBIKE_P,Xe phổ thông,49.0,57820000.0,4,61.03
KH-00250,DOANH NGHIỆP TW XUÂN MAI,KIDBIKE_1,Xe trẻ em nhóm 1,14.0,15330000.0,4,16.18
KH-00250,DOANH NGHIỆP TW XUÂN MAI,SPORTBIKE_A,Xe thể thao nhôm,4.0,8600000.0,3,9.08
KH-00250,DOANH NGHIỆP TW XUÂN MAI,KIDBIKE_2,Xe trẻ em nhóm 2,14.0,6790000.0,2,7.17
KH-00250,DOANH NGHIỆP TW XUÂN MAI,SPORTBIKE_S,Xe thể thao thép,5.0,6200000.0,2,6.54
KH-00251,HỘ KINH DOANH KHẢI HOÀN,CITYBIKE_P,Xe phổ thông,68.0,81510000.0,3,68.48
KH-00251,HỘ KINH DOANH KHẢI HOÀN,KIDBIKE_1,Xe trẻ em nhóm 1,27.0,30750000.0,3,25.84
KH-00251,HỘ KINH DOANH KHẢI HOÀN,KIDBIKE_2,Xe trẻ em nhóm 2,14.0,6760000.0,2,5.68
KH-00252,CÔNG TY TNHH TÂY BẮC,CITYBIKE_P,Xe phổ thông,15.0,18500000.0,1,31.3
KH-00252,CÔNG TY TNHH TÂY BẮC,KIDBIKE_1,Xe trẻ em nhóm 1,15.0,17300000.0,1,29.27
KH-00252,CÔNG TY TNHH TÂY BẮC,SPORTBIKE_S,Xe thể thao thép,10.0,12500000.0,1,21.15
KH-00252,CÔNG TY TNHH TÂY BẮC,SPORTBIKE_A,Xe thể thao nhôm,4.0,10807574.0,1,18.28
KH-00253,CÔNG TY TNHH YÊN BÌNH,SPORTBIKE_A,Xe thể thao nhôm,1.0,7490741.0,1,100.0
KH-00254,CỬA HÀNG XE ĐẠP ĐÔNG NAM,CITYBIKE_P,Xe phổ thông,21.0,24790000.0,2,56.41
KH-00254,CỬA HÀNG XE ĐẠP ĐÔNG NAM,SPORTBIKE_A,Xe thể thao nhôm,6.0,16752860.0,2,38.12
KH-00254,CỬA HÀNG XE ĐẠP ĐÔNG NAM,KIDBIKE_1,Xe trẻ em nhóm 1,2.0,2400000.0,1,5.46
KH-00255,CÔNG TY TNHH PHÚ THỊNH,CITYBIKE_P,Xe phổ thông,39.0,46420000.0,2,79.95
KH-00255,CÔNG TY TNHH PHÚ THỊNH,KIDBIKE_1,Xe trẻ em nhóm 1,7.0,7500000.0,2,12.92
KH-00255,CÔNG TY TNHH PHÚ THỊNH,KIDBIKE_2,Xe trẻ em nhóm 2,6.0,2940000.0,1,5.06
KH-00255,CÔNG TY TNHH PHÚ THỊNH,SPORTBIKE_S,Xe thể thao thép,1.0,1200000.0,1,2.07
KH-00256,CÔNG TY TNHH XUÂN MAI,CITYBIKE_P,Xe phổ thông,68.0,80920000.0,5,53.36
KH-00256,CÔNG TY TNHH XUÂN MAI,KIDBIKE_1,Xe trẻ em nhóm 1,25.0,28350000.0,5,18.69
KH-00256,CÔNG TY TNHH XUÂN MAI,KIDBIKE_2,Xe trẻ em nhóm 2,47.0,22840000.0,4,15.06
KH-00256,CÔNG TY TNHH XUÂN MAI,SPORTBIKE_S,Xe thể thao thép,14.0,17400000.0,4,11.47
KH-00256,CÔNG TY TNHH XUÂN MAI,SPORTBIKE_A,Xe thể thao nhôm,1.0,2150000.0,1,1.42
KH-00257,HỘ KINH DOANH PHÚC AN,CITYBIKE_P,Xe phổ thông,25.0,29460000.0,2,76.9
KH-00257,HỘ KINH DOANH PHÚC AN,KIDBIKE_1,Xe trẻ em nhóm 1,7.0,7350000.0,2,19.19
KH-00257,HỘ KINH DOANH PHÚC AN,KIDBIKE_2,Xe trẻ em nhóm 2,3.0,1500000.0,1,3.92
KH-00258,CỬA HÀNG XE ĐẠP HOÀ BÌNH,CITYBIKE_P,Xe phổ thông,25.0,29280000.0,2,76.79
KH-00258,CỬA HÀNG XE ĐẠP HOÀ BÌNH,KIDBIKE_1,Xe trẻ em nhóm 1,7.0,7350000.0,2,19.28
KH-00258,CỬA HÀNG XE ĐẠP HOÀ BÌNH,KIDBIKE_2,Xe trẻ em nhóm 2,3.0,1500000.0,1,3.93
KH-00259,DOANH NGHIỆP TW MINH PHƯƠNG,CITYBIKE_P,Xe phổ thông,17.0,19950000.0,1,56.92
KH-00259,DOANH NGHIỆP TW MINH PHƯƠNG,KIDBIKE_1,Xe trẻ em nhóm 1,11.0,11950000.0,1,34.09
KH-00259,DOANH NGHIỆP TW MINH PHƯƠNG,SPORTBIKE_A,Xe thể thao nhôm,1.0,2150000.0,1,6.13
KH-00259,DOANH NGHIỆP TW MINH PHƯƠNG,KIDBIKE_2,Xe trẻ em nhóm 2,2.0,1000000.0,1,2.85
KH-00260,CỬA HÀNG XE ĐẠP XUÂN MAI,CITYBIKE_P,Xe phổ thông,43.0,50420000.0,2,76.37
KH-00260,CỬA HÀNG XE ĐẠP XUÂN MAI,KIDBIKE_1,Xe trẻ em nhóm 1,8.0,9150000.0,2,13.86
KH-00260,CỬA HÀNG XE ĐẠP XUÂN MAI,SPORTBIKE_A,Xe thể thao nhôm,3.0,6450000.0,1,9.77
KH-00261,CÔNG TY TNHH THƯƠNG MẠI VẠN LỢI,CITYBIKE_P,Xe phổ thông,31.0,36540000.0,1,74.33
KH-00261,CÔNG TY TNHH THƯƠNG MẠI VẠN LỢI,KIDBIKE_1,Xe trẻ em nhóm 1,11.0,12620000.0,1,25.67
KH-00262,CÔNG TY TNHH VIỆT ANH,CITYBIKE_P,Xe phổ thông,54.0,64270000.0,2,100.0
KH-00263,DOANH NGHIỆP TW TRƯỜNG THỊNH,CITYBIKE_P,Xe phổ thông,27.0,31890000.0,1,89.1
KH-00263,DOANH NGHIỆP TW TRƯỜNG THỊNH,SPORTBIKE_S,Xe thể thao thép,3.0,3900000.0,1,10.9
KH-00264,DOANH NGHIỆP TW NGỌC ANH,CITYBIKE_P,Xe phổ thông,78.0,92650000.0,3,78.11
KH-00264,DOANH NGHIỆP TW NGỌC ANH,KIDBIKE_1,Xe trẻ em nhóm 1,15.0,18030000.0,2,15.2
KH-00264,DOANH NGHIỆP TW NGỌC ANH,SPORTBIKE_S,Xe thể thao thép,5.0,6000000.0,1,5.06
KH-00264,DOANH NGHIỆP TW NGỌC ANH,KIDBIKE_2,Xe trẻ em nhóm 2,4.0,1940000.0,1,1.64
KH-00265,CÔNG TY TNHH THƯƠNG MẠI PHÚC AN,CITYBIKE_P,Xe phổ thông,77.0,91550000.0,2,79.35
KH-00265,CÔNG TY TNHH THƯƠNG MẠI PHÚC AN,KIDBIKE_1,Xe trẻ em nhóm 1,11.0,12300000.0,2,10.66
KH-00265,CÔNG TY TNHH THƯƠNG MẠI PHÚC AN,SPORTBIKE_A,Xe thể thao nhôm,4.0,10526430.0,2,9.12
KH-00265,CÔNG TY TNHH THƯƠNG MẠI PHÚC AN,KIDBIKE_2,Xe trẻ em nhóm 2,2.0,1000000.0,1,0.87
KH-00266,CỬA HÀNG XE ĐẠP TÂN TIẾN,CITYBIKE_P,Xe phổ thông,55.0,66340000.0,1,79.36
KH-00266,CỬA HÀNG XE ĐẠP TÂN TIẾN,KIDBIKE_1,Xe trẻ em nhóm 1,15.0,17250000.0,1,20.64
KH-00267,CÔNG TY CỔ PHẦN HÙNG CƯỜNG,CITYBIKE_P,Xe phổ thông,67.0,79010000.0,2,92.45
KH-00267,CÔNG TY CỔ PHẦN HÙNG CƯỜNG,SPORTBIKE_A,Xe thể thao nhôm,3.0,6450000.0,1,7.55
KH-00268,CÔNG TY CỔ PHẦN THƯƠNG MẠI TRƯỜNG THỊNH,CITYBIKE_P,Xe phổ thông,38.0,45540000.0,1,78.33
KH-00268,CÔNG TY CỔ PHẦN THƯƠNG MẠI TRƯỜNG THỊNH,KIDBIKE_1,Xe trẻ em nhóm 1,12.0,12600000.0,1,21.67
KH-00269,HỘ KINH DOANH AN PHÁT,CITYBIKE_P,Xe phổ thông,21.0,24670000.0,1,46.83
KH-00269,HỘ KINH DOANH AN PHÁT,KIDBIKE_1,Xe trẻ em nhóm 1,15.0,16800000.0,1,31.89
KH-00269,HỘ KINH DOANH AN PHÁT,KIDBIKE_2,Xe trẻ em nhóm 2,12.0,5880000.0,1,11.16
KH-00269,HỘ KINH DOANH AN PHÁT,SPORTBIKE_A,Xe thể thao nhôm,2.0,5328500.0,1,10.12
KH-00270,DOANH NGHIỆP TW TÚ ANH,CITYBIKE_P,Xe phổ thông,42.0,48590000.0,1,84.81
KH-00270,DOANH NGHIỆP TW TÚ ANH,KIDBIKE_1,Xe trẻ em nhóm 1,8.0,8700000.0,1,15.19
KH-00271,CÔNG TY CỔ PHẦN THƯƠNG MẠI HÙNG CƯỜNG,CITYBIKE_P,Xe phổ thông,15.0,18010000.0,1,89.92
KH-00271,CÔNG TY CỔ PHẦN THƯƠNG MẠI HÙNG CƯỜNG,KIDBIKE_1,Xe trẻ em nhóm 1,1.0,1050000.0,1,5.24
KH-00271,CÔNG TY CỔ PHẦN THƯƠNG MẠI HÙNG CƯỜNG,KIDBIKE_2,Xe trẻ em nhóm 2,2.0,970000.0,1,4.84
KH-00272,CÔNG TY TNHH THƯƠNG MẠI VĨNH PHÁT,CITYBIKE_P,Xe phổ thông,26.0,31620000.0,2,71.99
KH-00272,CÔNG TY TNHH THƯƠNG MẠI VĨNH PHÁT,KIDBIKE_1,Xe trẻ em nhóm 1,12.0,12300000.0,2,28.01
KH-00273,CÔNG TY TNHH THƯƠNG MẠI PHÚ THỊNH,CITYBIKE_P,Xe phổ thông,30.0,36430000.0,1,81.44
KH-00273,CÔNG TY TNHH THƯƠNG MẠI PHÚ THỊNH,KIDBIKE_1,Xe trẻ em nhóm 1,6.0,6300000.0,1,14.08
KH-00273,CÔNG TY TNHH THƯƠNG MẠI PHÚ THỊNH,KIDBIKE_2,Xe trẻ em nhóm 2,4.0,2000000.0,1,4.47
KH-00274,CÔNG TY CỔ PHẦN THƯƠNG MẠI YÊN BÌNH,CITYBIKE_P,Xe phổ thông,12.0,14270000.0,1,78.54
KH-00274,CÔNG TY CỔ PHẦN THƯƠNG MẠI YÊN BÌNH,SPORTBIKE_S,Xe thể thao thép,3.0,3900000.0,1,21.46
KH-00275,CÔNG TY CỔ PHẦN THƯƠNG MẠI QUANG VINH,CITYBIKE_P,Xe phổ thông,15.0,17940000.0,1,49.99
KH-00275,CÔNG TY CỔ PHẦN THƯƠNG MẠI QUANG VINH,KIDBIKE_1,Xe trẻ em nhóm 1,11.0,12750000.0,1,35.53
KH-00275,CÔNG TY CỔ PHẦN THƯƠNG MẠI QUANG VINH,SPORTBIKE_S,Xe thể thao thép,4.0,5200000.0,1,14.49
KH-00276,CÔNG TY TNHH VẠN LỢI,CITYBIKE_P,Xe phổ thông,56.0,66010000.0,2,96.92
KH-00276,CÔNG TY TNHH VẠN LỢI,KIDBIKE_1,Xe trẻ em nhóm 1,2.0,2100000.0,1,3.08
KH-00277,CÔNG TY CỔ PHẦN THƯƠNG MẠI VĨNH PHÁT,CITYBIKE_P,Xe phổ thông,180.0,211490000.0,2,90.97
KH-00277,CÔNG TY CỔ PHẦN THƯƠNG MẠI VĨNH PHÁT,KIDBIKE_1,Xe trẻ em nhóm 1,20.0,21000000.0,2,9.03
KH-00278,CÔNG TY TNHH QUANG VINH,CITYBIKE_P,Xe phổ thông,40.0,47790000.0,1,100.0
KH-00279,CỬA HÀNG XE ĐẠP CHI THÀNH,CITYBIKE_P,Xe phổ thông,11.0,12670000.0,1,73.79
KH-00279,CỬA HÀNG XE ĐẠP CHI THÀNH,KIDBIKE_2,Xe trẻ em nhóm 2,9.0,4500000.0,1,26.21
KH-00280,CÔNG TY TNHH THƯƠNG MẠI MINH PHƯƠNG,CITYBIKE_P,Xe phổ thông,15.0,17780000.0,1,79.09
KH-00280,CÔNG TY TNHH THƯƠNG MẠI MINH PHƯƠNG,KIDBIKE_1,Xe trẻ em nhóm 1,4.0,4200000.0,1,18.68
KH-00280,CÔNG TY TNHH THƯƠNG MẠI MINH PHƯƠNG,KIDBIKE_2,Xe trẻ em nhóm 2,1.0,500000.0,1,2.22
KH-00281,CỬA HÀNG XE ĐẠP PHÚC AN,CITYBIKE_P,Xe phổ thông,16.0,19350000.0,1,45.99
KH-00281,CỬA HÀNG XE ĐẠP PHÚC AN,KIDBIKE_1,Xe trẻ em nhóm 1,8.0,8880000.0,1,21.11
KH-00281,CỬA HÀNG XE ĐẠP PHÚC AN,SPORTBIKE_S,Xe thể thao thép,6.0,7400000.0,1,17.59
KH-00281,CỬA HÀNG XE ĐẠP PHÚC AN,SPORTBIKE_A,Xe thể thao nhôm,2.0,6445286.0,1,15.32
KH-00282,CÔNG TY TNHH THƯƠNG MẠI LONG PHÚ,CITYBIKE_P,Xe phổ thông,38.0,45440000.0,3,87.91
KH-00282,CÔNG TY TNHH THƯƠNG MẠI LONG PHÚ,KIDBIKE_1,Xe trẻ em nhóm 1,5.0,5250000.0,2,10.16
KH-00282,CÔNG TY TNHH THƯƠNG MẠI LONG PHÚ,KIDBIKE_2,Xe trẻ em nhóm 2,2.0,1000000.0,1,1.93
KH-00283,CỬA HÀNG XE ĐẠP TRƯỜNG THỊNH,CITYBIKE_P,Xe phổ thông,46.0,54240000.0,2,100.0
KH-00284,HỘ KINH DOANH NGỌC ANH,CITYBIKE_P,Xe phổ thông,39.0,51671106.0,2,91.99
KH-00284,HỘ KINH DOANH NGỌC ANH,KIDBIKE_1,Xe trẻ em nhóm 1,4.0,4500000.0,1,8.01
KH-00285,CÔNG TY TNHH ĐÔNG NAM,CITYBIKE_P,Xe phổ thông,21.0,25080000.0,1,45.57
KH-00285,CÔNG TY TNHH ĐÔNG NAM,SPORTBIKE_S,Xe thể thao thép,6.0,15951000.0,1,28.98
KH-00285,CÔNG TY TNHH ĐÔNG NAM,KIDBIKE_1,Xe trẻ em nhóm 1,10.0,11100000.0,1,20.17
KH-00285,CÔNG TY TNHH ĐÔNG NAM,KIDBIKE_2,Xe trẻ em nhóm 2,6.0,2910000.0,1,5.29
KH-00286,DOANH NGHIỆP TW VIỆT ANH,CITYBIKE_P,Xe phổ thông,1.0,2398148.0,1,100.0
KH-00287,CÔNG TY TNHH THƯƠNG MẠI THUỶ TIÊN,CITYBIKE_P,Xe phổ thông,2.0,4611111.0,1,100.0
KH-00288,CÔNG TY TNHH THƯƠNG MẠI TOÀN THẮNG,CITYBIKE_P,Xe phổ thông,45.0,56936660.0,4,85.0
KH-00288,CÔNG TY TNHH THƯƠNG MẠI TOÀN THẮNG,KIDBIKE_1,Xe trẻ em nhóm 1,9.0,10050000.0,2,15.0
KH-00289,CÔNG TY CỔ PHẦN KHẢI HOÀN,CITYBIKE_P,Xe phổ thông,44.0,52680000.0,3,81.45
KH-00289,CÔNG TY CỔ PHẦN KHẢI HOÀN,SPORTBIKE_S,Xe thể thao thép,6.0,7800000.0,3,12.06
KH-00289,CÔNG TY CỔ PHẦN KHẢI HOÀN,KIDBIKE_1,Xe trẻ em nhóm 1,4.0,4200000.0,2,6.49
KH-00290,CÔNG TY CỔ PHẦN THƯƠNG MẠI TÂY BẮC,CITYBIKE_P,Xe phổ thông,8.0,9380000.0,1,63.8
KH-00290,CÔNG TY CỔ PHẦN THƯƠNG MẠI TÂY BẮC,SPORTBIKE_A,Xe thể thao nhôm,1.0,3222643.0,1,21.92
KH-00290,CÔNG TY CỔ PHẦN THƯƠNG MẠI TÂY BẮC,KIDBIKE_1,Xe trẻ em nhóm 1,2.0,2100000.0,1,14.28
KH-00291,CÔNG TY TNHH VĨNH PHÁT,CITYBIKE_P,Xe phổ thông,20.0,24000000.0,1,100.0
KH-00292,CÔNG TY TNHH VIỆT ANH,CITYBIKE_P,Xe phổ thông,13.0,15200000.0,1,65.35
KH-00292,CÔNG TY TNHH VIỆT ANH,KIDBIKE_2,Xe trẻ em nhóm 2,10.0,4910000.0,1,21.11
KH-00292,CÔNG TY TNHH VIỆT ANH,KIDBIKE_1,Xe trẻ em nhóm 1,3.0,3150000.0,1,13.54
KH-00293,CÔNG TY TNHH THƯƠNG MẠI TÚ ANH,CITYBIKE_P,Xe phổ thông,10.0,20277778.0,1,100.0
KH-00294,HỘ KINH DOANH SÁN LẠP,CITYBIKE_P,Xe phổ thông,1.0,2305556.0,1,100.0
KH-00295,DOANH NGHIỆP TW XÂY DỰNG,CITYBIKE_P,Xe phổ thông,29.0,34400000.0,1,100.0
KH-00296,CÔNG TY TNHH THƯƠNG MẠI HOÀ BÌNH,CITYBIKE_P,Xe phổ thông,20.0,23580000.0,1,100.0
KH-00297,CỬA HÀNG XE ĐẠP TÂY BẮC,CITYBIKE_P,Xe phổ thông,17.0,20650000.0,1,100.0
KH-00298,CÔNG TY CỔ PHẦN THƯƠNG MẠI ĐÔNG NAM,CITYBIKE_P,Xe phổ thông,44.0,53300000.0,2,55.34
KH-00298,CÔNG TY CỔ PHẦN THƯƠNG MẠI ĐÔNG NAM,SPORTBIKE_A,Xe thể thao nhôm,10.0,23707574.0,2,24.62
KH-00298,CÔNG TY CỔ PHẦN THƯƠNG MẠI ĐÔNG NAM,KIDBIKE_1,Xe trẻ em nhóm 1,16.0,18000000.0,2,18.69
KH-00298,CÔNG TY CỔ PHẦN THƯƠNG MẠI ĐÔNG NAM,SPORTBIKE_S,Xe thể thao thép,1.0,1300000.0,1,1.35
KH-00299,CỬA HÀNG XE ĐẠP VIỆT ANH,CITYBIKE_P,Xe phổ thông,14.0,15990000.0,1,65.45
KH-00299,CỬA HÀNG XE ĐẠP VIỆT ANH,KIDBIKE_1,Xe trẻ em nhóm 1,4.0,4840000.0,1,19.81
KH-00299,CỬA HÀNG XE ĐẠP VIỆT ANH,SPORTBIKE_S,Xe thể thao thép,3.0,3600000.0,1,14.74
KH-00300,CÔNG TY TNHH THƯƠNG MẠI QUANG VINH,CITYBIKE_P,Xe phổ thông,15.0,17490000.0,1,100.0
KH-00301,CÔNG TY TNHH THƯƠNG MẠI THUỶ TIÊN,CITYBIKE_P,Xe phổ thông,56.0,64940000.0,1,100.0
KH-00302,CÔNG TY TNHH XÂY DỰNG,CITYBIKE_P,Xe phổ thông,13.0,15400000.0,1,41.72
KH-00302,CÔNG TY TNHH XÂY DỰNG,KIDBIKE_1,Xe trẻ em nhóm 1,13.0,14610000.0,1,39.58
KH-00302,CÔNG TY TNHH XÂY DỰNG,SPORTBIKE_A,Xe thể thao nhôm,2.0,4300000.0,1,11.65
KH-00302,CÔNG TY TNHH XÂY DỰNG,SPORTBIKE_S,Xe thể thao thép,2.0,2600000.0,1,7.04
KH-00303,CÔNG TY CỔ PHẦN BÌNH MINH,CITYBIKE_P,Xe phổ thông,6.0,7280000.0,1,56.09
KH-00303,CÔNG TY CỔ PHẦN BÌNH MINH,KIDBIKE_1,Xe trẻ em nhóm 1,5.0,5700000.0,1,43.91
KH-00304,DOANH NGHIỆP TW TÚ ANH,CITYBIKE_P,Xe phổ thông,15.0,17710000.0,1,100.0
KH-00305,CÔNG TY CỔ PHẦN TÂY BẮC,CITYBIKE_P,Xe phổ thông,23.0,26820000.0,2,83.37
KH-00305,CÔNG TY CỔ PHẦN TÂY BẮC,SPORTBIKE_A,Xe thể thao nhôm,2.0,4300000.0,1,13.37
KH-00305,CÔNG TY CỔ PHẦN TÂY BẮC,KIDBIKE_1,Xe trẻ em nhóm 1,1.0,1050000.0,1,3.26
KH-00306,CÔNG TY TNHH HOÀ BÌNH,CITYBIKE_P,Xe phổ thông,14.0,16430000.0,1,100.0
KH-00307,DOANH NGHIỆP TW THIÊN AN,CITYBIKE_P,Xe phổ thông,12.0,14160000.0,1,47.97
KH-00307,DOANH NGHIỆP TW THIÊN AN,SPORTBIKE_A,Xe thể thao nhôm,5.0,12457574.0,1,42.2
KH-00307,DOANH NGHIỆP TW THIÊN AN,SPORTBIKE_S,Xe thể thao thép,2.0,2400000.0,1,8.13
KH-00307,DOANH NGHIỆP TW THIÊN AN,KIDBIKE_2,Xe trẻ em nhóm 2,1.0,500000.0,1,1.69
KH-00308,CÔNG TY TNHH THIÊN AN,CITYBIKE_P,Xe phổ thông,19.0,23040000.0,1,59.32
KH-00308,CÔNG TY TNHH THIÊN AN,KIDBIKE_1,Xe trẻ em nhóm 1,9.0,10200000.0,1,26.26
KH-00308,CÔNG TY TNHH THIÊN AN,SPORTBIKE_A,Xe thể thao nhôm,2.0,4300000.0,1,11.07
KH-00308,CÔNG TY TNHH THIÊN AN,SPORTBIKE_S,Xe thể thao thép,1.0,1300000.0,1,3.35
KH-00309,CÔNG TY CỔ PHẦN PHÚC AN,CITYBIKE_P,Xe phổ thông,11.0,13510000.0,1,62.52
KH-00309,CÔNG TY CỔ PHẦN PHÚC AN,SPORTBIKE_S,Xe thể thao thép,4.0,5100000.0,1,23.6
KH-00309,CÔNG TY CỔ PHẦN PHÚC AN,KIDBIKE_2,Xe trẻ em nhóm 2,6.0,3000000.0,1,13.88
KH-00310,HỘ KINH DOANH VẠN LỢI,CITYBIKE_P,Xe phổ thông,24.0,27870000.0,1,80.16
KH-00310,HỘ KINH DOANH VẠN LỢI,KIDBIKE_1,Xe trẻ em nhóm 1,6.0,6900000.0,1,19.84
KH-00311,CÔNG TY TNHH THƯƠNG MẠI QUANG VINH,CITYBIKE_P,Xe phổ thông,25.0,29210000.0,1,73.1
KH-00311,CÔNG TY TNHH THƯƠNG MẠI QUANG VINH,SPORTBIKE_A,Xe thể thao nhôm,5.0,10750000.0,1,26.9
KH-00312,DOANH NGHIỆP TW HOÀ BÌNH,CITYBIKE_P,Xe phổ thông,38.0,44350000.0,1,94.87
KH-00312,DOANH NGHIỆP TW HOÀ BÌNH,SPORTBIKE_S,Xe thể thao thép,2.0,2400000.0,1,5.13
KH-00313,DOANH NGHIỆP TW BÌNH MINH,CITYBIKE_P,Xe phổ thông,16.0,18730000.0,1,100.0
KH-00314,CÔNG TY TNHH THƯƠNG MẠI YÊN BÌNH,CITYBIKE_P,Xe phổ thông,51.0,58640000.0,1,83.01
KH-00314,CÔNG TY TNHH THƯƠNG MẠI YÊN BÌNH,KIDBIKE_1,Xe trẻ em nhóm 1,10.0,12000000.0,1,16.99
KH-00315,CÔNG TY CỔ PHẦN THƯƠNG MẠI THUỶ TIÊN,CITYBIKE_P,Xe phổ thông,7.0,8550000.0,1,43.49
KH-00315,CÔNG TY CỔ PHẦN THƯƠNG MẠI THUỶ TIÊN,KIDBIKE_1,Xe trẻ em nhóm 1,6.0,6300000.0,1,32.05
KH-00315,CÔNG TY CỔ PHẦN THƯƠNG MẠI THUỶ TIÊN,SPORTBIKE_S,Xe thể thao thép,1.0,2658500.0,1,13.52
KH-00315,CÔNG TY CỔ PHẦN THƯƠNG MẠI THUỶ TIÊN,SPORTBIKE_A,Xe thể thao nhôm,1.0,2150000.0,1,10.94
KH-00316,CÔNG TY CỔ PHẦN THƯƠNG MẠI THUỶ TIÊN,CITYBIKE_P,Xe phổ thông,21.0,24300000.0,1,57.32
KH-00316,CÔNG TY CỔ PHẦN THƯƠNG MẠI THUỶ TIÊN,SPORTBIKE_S,Xe thể thao thép,5.0,13292500.0,1,31.36
KH-00316,CÔNG TY CỔ PHẦN THƯƠNG MẠI THUỶ TIÊN,KIDBIKE_1,Xe trẻ em nhóm 1,4.0,4800000.0,1,11.32
KH-00317,CỬA HÀNG XE ĐẠP THIÊN AN,CITYBIKE_P,Xe phổ thông,14.0,16500000.0,1,94.02
KH-00317,CỬA HÀNG XE ĐẠP THIÊN AN,KIDBIKE_1,Xe trẻ em nhóm 1,1.0,1050000.0,1,5.98
KH-00318,HỘ KINH DOANH BÌNH MINH,CITYBIKE_P,Xe phổ thông,26.0,30680000.0,1,100.0
KH-00319,CỬA HÀNG XE ĐẠP QUANG VINH,CITYBIKE_P,Xe phổ thông,14.0,16470000.0,1,58.87
KH-00319,CỬA HÀNG XE ĐẠP QUANG VINH,SPORTBIKE_S,Xe thể thao thép,3.0,5158500.0,1,18.44
KH-00319,CỬA HÀNG XE ĐẠP QUANG VINH,KIDBIKE_1,Xe trẻ em nhóm 1,4.0,4200000.0,1,15.01
KH-00319,CỬA HÀNG XE ĐẠP QUANG VINH,SPORTBIKE_A,Xe thể thao nhôm,1.0,2150000.0,1,7.68
KH-00320,HỘ KINH DOANH PHÚC AN,CITYBIKE_P,Xe phổ thông,13.0,15620000.0,1,86.68
KH-00320,HỘ KINH DOANH PHÚC AN,KIDBIKE_1,Xe trẻ em nhóm 1,2.0,2400000.0,1,13.32
KH-00321,CỬA HÀNG XE ĐẠP VIỆT ANH,CITYBIKE_P,Xe phổ thông,17.0,20150000.0,1,90.56
KH-00321,CỬA HÀNG XE ĐẠP VIỆT ANH,KIDBIKE_1,Xe trẻ em nhóm 1,2.0,2100000.0,1,9.44
KH-00322,CÔNG TY TNHH THƯƠNG MẠI THANH BÌNH,CITYBIKE_P,Xe phổ thông,9.0,10830000.0,1,66.12
KH-00322,CÔNG TY TNHH THƯƠNG MẠI THANH BÌNH,KIDBIKE_1,Xe trẻ em nhóm 1,5.0,5550000.0,1,33.88
KH-00323,CÔNG TY CỔ PHẦN PHÚ THỊNH,CITYBIKE_P,Xe phổ thông,9.0,10850000.0,1,100.0
KH-00324,CÔNG TY CỔ PHẦN ĐÔNG NAM,CITYBIKE_P,Xe phổ thông,22.0,25730000.0,1,75.28
KH-00324,CÔNG TY CỔ PHẦN ĐÔNG NAM,SPORTBIKE_S,Xe thể thao thép,5.0,6300000.0,1,18.43
KH-00324,CÔNG TY CỔ PHẦN ĐÔNG NAM,SPORTBIKE_A,Xe thể thao nhôm,1.0,2150000.0,1,6.29
KH-00325,HỘ KINH DOANH THANH BÌNH,CITYBIKE_P,Xe phổ thông,38.0,59956468.0,1,100.0
KH-00326,CỬA HÀNG XE ĐẠP VĨNH PHÁT,CITYBIKE_P,Xe phổ thông,7.0,8070000.0,1,58.18
KH-00326,CỬA HÀNG XE ĐẠP VĨNH PHÁT,KIDBIKE_1,Xe trẻ em nhóm 1,4.0,4800000.0,1,34.61
KH-00326,CỬA HÀNG XE ĐẠP VĨNH PHÁT,KIDBIKE_2,Xe trẻ em nhóm 2,2.0,1000000.0,1,7.21
KH-00327,CÔNG TY TNHH MẶT TRỜI,CITYBIKE_P,Xe phổ thông,47.0,55970000.0,1,100.0
KH-00328,CÔNG TY CỔ PHẦN PHÚC AN,CITYBIKE_P,Xe phổ thông,22.0,25780000.0,1,68.24
KH-00328,CÔNG TY CỔ PHẦN PHÚC AN,SPORTBIKE_A,Xe thể thao nhôm,3.0,6450000.0,1,17.07
KH-00328,CÔNG TY CỔ PHẦN PHÚC AN,KIDBIKE_1,Xe trẻ em nhóm 1,5.0,5550000.0,1,14.69
KH-00329,HỘ KINH DOANH TRÍ ĐỨC,CITYBIKE_P,Xe phổ thông,10.0,21666667.0,1,100.0
KH-00330,CÔNG TY TNHH THIÊN AN,CITYBIKE_P,Xe phổ thông,30.0,35410000.0,1,57.52
KH-00330,CÔNG TY TNHH THIÊN AN,KIDBIKE_1,Xe trẻ em nhóm 1,15.0,16950000.0,1,27.53
KH-00330,CÔNG TY TNHH THIÊN AN,SPORTBIKE_S,Xe thể thao thép,5.0,6200000.0,1,10.07
KH-00330,CÔNG TY TNHH THIÊN AN,KIDBIKE_2,Xe trẻ em nhóm 2,6.0,3000000.0,1,4.87
KH-00331,HỘ KINH DOANH ĐẠI DƯƠNG,CITYBIKE_P,Xe phổ thông,10.0,11710000.0,1,69.04
KH-00331,HỘ KINH DOANH ĐẠI DƯƠNG,KIDBIKE_1,Xe trẻ em nhóm 1,5.0,5250000.0,1,30.96
KH-00332,DOANH NGHIỆP TW TOÀN THẮNG,CITYBIKE_P,Xe phổ thông,21.0,24510000.0,1,100.0
KH-00333,DOANH NGHIỆP TW ĐÔNG NAM,CITYBIKE_P,Xe phổ thông,18.0,20870000.0,1,90.86
KH-00333,DOANH NGHIỆP TW ĐÔNG NAM,KIDBIKE_1,Xe trẻ em nhóm 1,2.0,2100000.0,1,9.14
KH-00334,HỘ KINH DOANH YÊN BÌNH,CITYBIKE_P,Xe phổ thông,90.0,137083331.0,2,56.0
KH-00334,HỘ KINH DOANH YÊN BÌNH,KIDBIKE_1,Xe trẻ em nhóm 1,80.0,107722223.0,2,44.0
KH-00335,CÔNG TY CỔ PHẦN THUỶ TIÊN,KIDBIKE_1,Xe trẻ em nhóm 1,1.0,2027778.0,1,100.0
KH-00336,CÔNG TY CỔ PHẦN LONG PHÚ,CITYBIKE_P,Xe phổ thông,2.0,4537038.0,2,100.0
KH-00338,CÔNG TY TNHH THƯƠNG MẠI ĐẠI LỢI,CITYBIKE_P,Xe phổ thông,198.0,322931036.0,12,74.9
KH-00338,CÔNG TY TNHH THƯƠNG MẠI ĐẠI LỢI,KIDBIKE_2,Xe trẻ em nhóm 2,56.0,52068843.0,11,12.08
KH-00338,CÔNG TY TNHH THƯƠNG MẠI ĐẠI LỢI,KIDBIKE_1,Xe trẻ em nhóm 1,39.0,49186557.0,9,11.41
KH-00338,CÔNG TY TNHH THƯƠNG MẠI ĐẠI LỢI,SPORTBIKE_S,Xe thể thao thép,3.0,6940000.0,2,1.61
KH-00339,CỬA HÀNG XE ĐẠP ĐẠI LỢI,CITYBIKE_P,Xe phổ thông,22.0,34233882.0,2,87.88
KH-00339,CỬA HÀNG XE ĐẠP ĐẠI LỢI,KIDBIKE_2,Xe trẻ em nhóm 2,5.0,4719440.0,1,12.12
KH-00340,CÔNG TY TNHH THANH BÌNH,CITYBIKE_P,Xe phổ thông,31.0,48336102.0,3,89.09
KH-00340,CÔNG TY TNHH THANH BÌNH,KIDBIKE_1,Xe trẻ em nhóm 1,5.0,5918980.0,1,10.91
KH-00341,CỬA HÀNG XE ĐẠP VIỆT ANH,CITYBIKE_P,Xe phổ thông,524.0,826413713.0,5,92.68
KH-00341,CỬA HÀNG XE ĐẠP VIỆT ANH,KIDBIKE_1,Xe trẻ em nhóm 1,48.0,60793404.0,3,6.82
KH-00341,CỬA HÀNG XE ĐẠP VIỆT ANH,KIDBIKE_2,Xe trẻ em nhóm 2,5.0,4483330.0,1,0.5
KH-00342,HỘ KINH DOANH VĨNH PHÁT,CITYBIKE_P,Xe phổ thông,127.0,208378852.0,5,80.95
KH-00342,HỘ KINH DOANH VĨNH PHÁT,KIDBIKE_1,Xe trẻ em nhóm 1,30.0,37825078.0,4,14.69
KH-00342,HỘ KINH DOANH VĨNH PHÁT,KIDBIKE_2,Xe trẻ em nhóm 2,12.0,11204434.0,2,4.35
KH-00343,CÔNG TY CỔ PHẦN THƯƠNG MẠI THUỶ TIÊN,CITYBIKE_P,Xe phổ thông,48.0,76758311.0,2,100.0
KH-00346,DOANH NGHIỆP TW TRƯỜNG THỊNH,CITYBIKE_P,Xe phổ thông,11.0,17549439.0,2,55.96
KH-00346,DOANH NGHIỆP TW TRƯỜNG THỊNH,KIDBIKE_2,Xe trẻ em nhóm 2,10.0,9133325.0,2,29.12
KH-00346,DOANH NGHIỆP TW TRƯỜNG THỊNH,KIDBIKE_1,Xe trẻ em nhóm 1,4.0,4679628.0,1,14.92
KH-00347,CÔNG TY TNHH THƯƠNG MẠI VẠN LỢI,CITYBIKE_P,Xe phổ thông,42.0,67850543.0,3,78.86
KH-00347,CÔNG TY TNHH THƯƠNG MẠI VẠN LỢI,KIDBIKE_1,Xe trẻ em nhóm 1,14.0,18191475.0,3,21.14
KH-00348,CÔNG TY TNHH THƯƠNG MẠI YÊN BÌNH,CITYBIKE_P,Xe phổ thông,30.0,46892216.0,3,77.41
KH-00348,CÔNG TY TNHH THƯƠNG MẠI YÊN BÌNH,SPORTBIKE_A,Xe thể thao nhôm,3.0,7992777.0,1,13.19
KH-00348,CÔNG TY TNHH THƯƠNG MẠI YÊN BÌNH,KIDBIKE_1,Xe trẻ em nhóm 1,3.0,3333333.0,1,5.5
KH-00348,CÔNG TY TNHH THƯƠNG MẠI YÊN BÌNH,KIDBIKE_2,Xe trẻ em nhóm 2,3.0,2361111.0,1,3.9
KH-00349,HỘ KINH DOANH TRƯỜNG THỊNH,CITYBIKE_P,Xe phổ thông,91.0,152387189.0,5,78.18
KH-00349,HỘ KINH DOANH TRƯỜNG THỊNH,KIDBIKE_2,Xe trẻ em nhóm 2,23.0,21159425.0,1,10.86
KH-00349,HỘ KINH DOANH TRƯỜNG THỊNH,SPORTBIKE_S,Xe thể thao thép,8.0,18715000.0,2,9.6
KH-00349,HỘ KINH DOANH TRƯỜNG THỊNH,KIDBIKE_1,Xe trẻ em nhóm 1,2.0,2648888.0,1,1.36
KH-00350,CÔNG TY TNHH BÌNH MINH,CITYBIKE_P,Xe phổ thông,84.0,135387748.0,3,94.51
KH-00350,CÔNG TY TNHH BÌNH MINH,KIDBIKE_1,Xe trẻ em nhóm 1,6.0,7863330.0,1,5.49
KH-00351,CÔNG TY TNHH AN PHÁT,CITYBIKE_P,Xe phổ thông,13.0,21086106.0,1,88.84
KH-00351,CÔNG TY TNHH AN PHÁT,KIDBIKE_1,Xe trẻ em nhóm 1,2.0,2648888.0,1,11.16
KH-00352,CỬA HÀNG XE ĐẠP LONG PHÚ,CITYBIKE_P,Xe phổ thông,10.0,18133330.0,1,100.0
KH-00353,CỬA HÀNG XE ĐẠP THANH BÌNH,CITYBIKE_P,Xe phổ thông,53.0,87304059.0,4,91.45
KH-00353,CỬA HÀNG XE ĐẠP THANH BÌNH,KIDBIKE_1,Xe trẻ em nhóm 1,4.0,5283887.0,2,5.54
KH-00353,CỬA HÀNG XE ĐẠP THANH BÌNH,KIDBIKE_2,Xe trẻ em nhóm 2,3.0,2873331.0,1,3.01
KH-00354,CÔNG TY TNHH THƯƠNG MẠI NAM TIẾN,CITYBIKE_P,Xe phổ thông,20.0,31927771.0,1,68.05
KH-00354,CÔNG TY TNHH THƯƠNG MẠI NAM TIẾN,KIDBIKE_1,Xe trẻ em nhóm 1,8.0,10173608.0,1,21.68
KH-00354,CÔNG TY TNHH THƯƠNG MẠI NAM TIẾN,SPORTBIKE_S,Xe thể thao thép,2.0,4815554.0,1,10.26
KH-00355,DOANH NGHIỆP TW PHÚC AN,CITYBIKE_P,Xe phổ thông,33.0,51768876.0,3,76.56
KH-00355,DOANH NGHIỆP TW PHÚC AN,KIDBIKE_1,Xe trẻ em nhóm 1,12.0,15851661.0,3,23.44
KH-00356,CÔNG TY TNHH THƯƠNG MẠI QUANG VINH,CITYBIKE_P,Xe phổ thông,30.0,46871099.0,2,71.27
KH-00356,CÔNG TY TNHH THƯƠNG MẠI QUANG VINH,KIDBIKE_1,Xe trẻ em nhóm 1,10.0,12541200.0,2,19.07
KH-00356,CÔNG TY TNHH THƯƠNG MẠI QUANG VINH,SPORTBIKE_S,Xe thể thao thép,3.0,6356664.0,1,9.67
KH-00357,CÔNG TY TNHH THƯƠNG MẠI THANH BÌNH,CITYBIKE_P,Xe phổ thông,26.0,42623881.0,2,58.32
KH-00357,CÔNG TY TNHH THƯƠNG MẠI THANH BÌNH,KIDBIKE_1,Xe trẻ em nhóm 1,14.0,17557680.0,1,24.02
KH-00357,CÔNG TY TNHH THƯƠNG MẠI THANH BÌNH,KIDBIKE_2,Xe trẻ em nhóm 2,14.0,12908877.0,1,17.66
KH-00358,CÔNG TY TNHH SƠN HÀ,CITYBIKE_P,Xe phổ thông,14.0,22076661.0,2,68.45
KH-00358,CÔNG TY TNHH SƠN HÀ,KIDBIKE_1,Xe trẻ em nhóm 1,8.0,10173608.0,1,31.55
KH-00359,CÔNG TY CỔ PHẦN VẠN LỢI,CITYBIKE_P,Xe phổ thông,114.0,183383288.0,8,81.69
KH-00359,CÔNG TY CỔ PHẦN VẠN LỢI,SPORTBIKE_S,Xe thể thao thép,7.0,18115553.0,3,8.07
KH-00359,CÔNG TY CỔ PHẦN VẠN LỢI,KIDBIKE_1,Xe trẻ em nhóm 1,13.0,16366383.0,5,7.29
KH-00359,CÔNG TY CỔ PHẦN VẠN LỢI,KIDBIKE_2,Xe trẻ em nhóm 2,7.0,6621105.0,2,2.95
KH-00360,CÔNG TY TNHH THƯƠNG MẠI LONG PHÚ,CITYBIKE_P,Xe phổ thông,82.0,131728848.0,2,75.65
KH-00360,CÔNG TY TNHH THƯƠNG MẠI LONG PHÚ,KIDBIKE_1,Xe trẻ em nhóm 1,15.0,17306664.0,1,9.94
KH-00360,CÔNG TY TNHH THƯƠNG MẠI LONG PHÚ,KIDBIKE_2,Xe trẻ em nhóm 2,16.0,14445546.0,1,8.3
KH-00360,CÔNG TY TNHH THƯƠNG MẠI LONG PHÚ,SPORTBIKE_A,Xe thể thao nhôm,4.0,10657036.0,1,6.12
KH-00361,CÔNG TY CỔ PHẦN THƯƠNG MẠI TÂY BẮC,CITYBIKE_P,Xe phổ thông,2.0,4537038.0,1,100.0
KH-00362,HỘ KINH DOANH MẶT TRỜI,KIDBIKE_1,Xe trẻ em nhóm 1,1.0,2027778.0,1,100.0
KH-00363,HỘ KINH DOANH ĐẠI LỢI,CITYBIKE_P,Xe phổ thông,15.0,24633327.0,2,42.83
KH-00363,HỘ KINH DOANH ĐẠI LỢI,SPORTBIKE_S,Xe thể thao thép,6.0,13935552.0,2,24.23
KH-00363,HỘ KINH DOANH ĐẠI LỢI,KIDBIKE_1,Xe trẻ em nhóm 1,10.0,12541200.0,2,21.81
KH-00363,HỘ KINH DOANH ĐẠI LỢI,KIDBIKE_2,Xe trẻ em nhóm 2,7.0,6398884.0,1,11.13
KH-00364,DOANH NGHIỆP TW XUÂN MAI,CITYBIKE_P,Xe phổ thông,149.0,244029953.0,4,93.66
KH-00364,DOANH NGHIỆP TW XUÂN MAI,KIDBIKE_1,Xe trẻ em nhóm 1,13.0,16516290.0,3,6.34
KH-00365,CÔNG TY CỔ PHẦN THƯƠNG MẠI TRÍ ĐỨC,CITYBIKE_P,Xe phổ thông,14.0,22754992.0,2,67.11
KH-00365,CÔNG TY CỔ PHẦN THƯƠNG MẠI TRÍ ĐỨC,KIDBIKE_2,Xe trẻ em nhóm 2,7.0,6540550.0,2,19.29
KH-00365,CÔNG TY CỔ PHẦN THƯƠNG MẠI TRÍ ĐỨC,KIDBIKE_1,Xe trẻ em nhóm 1,2.0,2508240.0,1,7.4
KH-00365,CÔNG TY CỔ PHẦN THƯƠNG MẠI TRÍ ĐỨC,SPORTBIKE_S,Xe thể thao thép,1.0,2105000.0,1,6.21
KH-00366,HỘ KINH DOANH THIÊN AN,CITYBIKE_P,Xe phổ thông,317.0,507156569.0,5,95.2
KH-00366,HỘ KINH DOANH THIÊN AN,KIDBIKE_1,Xe trẻ em nhóm 1,17.0,20758327.0,4,3.9
KH-00366,HỘ KINH DOANH THIÊN AN,SPORTBIKE_S,Xe thể thao thép,2.0,4815554.0,1,0.9
KH-00367,CÔNG TY CỔ PHẦN ĐÔNG NAM,CITYBIKE_P,Xe phổ thông,10.0,15444440.0,1,61.72
KH-00367,CÔNG TY CỔ PHẦN ĐÔNG NAM,KIDBIKE_2,Xe trẻ em nhóm 2,10.0,9577770.0,1,38.28
KH-00368,HỘ KINH DOANH HOÀ BÌNH,CITYBIKE_P,Xe phổ thông,9.0,14535551.0,1,51.54
KH-00368,HỘ KINH DOANH HOÀ BÌNH,KIDBIKE_1,Xe trẻ em nhóm 1,9.0,10935460.0,1,38.78
KH-00368,HỘ KINH DOANH HOÀ BÌNH,SPORTBIKE_S,Xe thể thao thép,1.0,2730000.0,1,9.68
KH-00369,CÔNG TY TNHH VẠN LỢI,CITYBIKE_P,Xe phổ thông,15.0,24313883.0,3,41.59
KH-00369,CÔNG TY TNHH VẠN LỢI,KIDBIKE_1,Xe trẻ em nhóm 1,12.0,15471384.0,1,26.47
KH-00369,CÔNG TY TNHH VẠN LỢI,KIDBIKE_2,Xe trẻ em nhóm 2,13.0,12353878.0,2,21.13
KH-00369,CÔNG TY TNHH VẠN LỢI,SPORTBIKE_S,Xe thể thao thép,3.0,6315000.0,1,10.8
KH-00370,CÔNG TY CỔ PHẦN THƯƠNG MẠI PHÚ THỊNH,CITYBIKE_P,Xe phổ thông,2.0,3510555.0,1,51.29
KH-00370,CÔNG TY CỔ PHẦN THƯƠNG MẠI PHÚ THỊNH,KIDBIKE_1,Xe trẻ em nhóm 1,2.0,3333332.0,1,48.71
KH-00371,CÔNG TY TNHH THƯƠNG MẠI LONG PHÚ,CITYBIKE_P,Xe phổ thông,17.0,27163883.0,3,85.16
KH-00371,CÔNG TY TNHH THƯƠNG MẠI LONG PHÚ,KIDBIKE_1,Xe trẻ em nhóm 1,4.0,4735184.0,1,14.84
KH-00372,CÔNG TY CỔ PHẦN THƯƠNG MẠI MẶT TRỜI,CITYBIKE_P,Xe phổ thông,302.0,477582664.0,4,100.0
KH-00373,DOANH NGHIỆP TW THIÊN AN,CITYBIKE_P,Xe phổ thông,20.0,32111100.0,1,68.16
KH-00373,DOANH NGHIỆP TW THIÊN AN,KIDBIKE_1,Xe trẻ em nhóm 1,9.0,14999994.0,1,31.84
KH-00374,CÔNG TY CỔ PHẦN XÂY DỰNG,CITYBIKE_P,Xe phổ thông,68.0,108404968.0,4,53.33
KH-00374,CÔNG TY CỔ PHẦN XÂY DỰNG,KIDBIKE_1,Xe trẻ em nhóm 1,39.0,50546743.0,5,24.87
KH-00374,CÔNG TY CỔ PHẦN XÂY DỰNG,KIDBIKE_2,Xe trẻ em nhóm 2,32.0,28322204.0,4,13.93
KH-00374,CÔNG TY CỔ PHẦN XÂY DỰNG,SPORTBIKE_A,Xe thể thao nhôm,6.0,15985554.0,2,7.86
KH-00375,CÔNG TY TNHH ĐẠI DƯƠNG,CITYBIKE_P,Xe phổ thông,3.0,4767776.0,1,100.0
KH-00376,CÔNG TY TNHH THƯƠNG MẠI AN PHÁT,CITYBIKE_P,Xe phổ thông,7.0,11929998.0,1,45.96
KH-00376,CÔNG TY TNHH THƯƠNG MẠI AN PHÁT,KIDBIKE_1,Xe trẻ em nhóm 1,6.0,8349812.0,1,32.17
KH-00376,CÔNG TY TNHH THƯƠNG MẠI AN PHÁT,KIDBIKE_2,Xe trẻ em nhóm 2,6.0,5677217.0,2,21.87
KH-00377,DOANH NGHIỆP TW PHÚ THỊNH,CITYBIKE_P,Xe phổ thông,64.0,106498311.0,3,81.28
KH-00377,DOANH NGHIỆP TW PHÚ THỊNH,KIDBIKE_1,Xe trẻ em nhóm 1,11.0,15539994.0,3,11.86
KH-00377,DOANH NGHIỆP TW PHÚ THỊNH,KIDBIKE_2,Xe trẻ em nhóm 2,5.0,4747218.0,2,3.62
KH-00377,DOANH NGHIỆP TW PHÚ THỊNH,SPORTBIKE_S,Xe thể thao thép,2.0,4237776.0,1,3.23
KH-00378,CỬA HÀNG XE ĐẠP VĨNH PHÁT,CITYBIKE_P,Xe phổ thông,17.0,27465549.0,2,100.0
KH-00379,CÔNG TY TNHH MINH PHƯƠNG,CITYBIKE_P,Xe phổ thông,324.0,512805422.0,3,85.73
KH-00379,CÔNG TY TNHH MINH PHƯƠNG,KIDBIKE_1,Xe trẻ em nhóm 1,35.0,51488870.0,2,8.61
KH-00379,CÔNG TY TNHH MINH PHƯƠNG,KIDBIKE_2,Xe trẻ em nhóm 2,37.0,33884969.0,1,5.66
KH-00380,DOANH NGHIỆP TW HÙNG CƯỜNG,CITYBIKE_P,Xe phổ thông,48.0,77127205.0,5,66.99
KH-00380,DOANH NGHIỆP TW HÙNG CƯỜNG,KIDBIKE_1,Xe trẻ em nhóm 1,13.0,16957493.0,3,14.73
KH-00380,DOANH NGHIỆP TW HÙNG CƯỜNG,KIDBIKE_2,Xe trẻ em nhóm 2,16.0,14735542.0,2,12.8
KH-00380,DOANH NGHIỆP TW HÙNG CƯỜNG,SPORTBIKE_S,Xe thể thao thép,3.0,6315000.0,1,5.48
KH-00381,DOANH NGHIỆP TW TÚ ANH,CITYBIKE_P,Xe phổ thông,33.0,52567211.0,3,90.6
KH-00381,DOANH NGHIỆP TW TÚ ANH,KIDBIKE_2,Xe trẻ em nhóm 2,3.0,2831664.0,1,4.88
KH-00381,DOANH NGHIỆP TW TÚ ANH,KIDBIKE_1,Xe trẻ em nhóm 1,2.0,2621110.0,1,4.52
KH-00382,CÔNG TY TNHH LÊ ANH,CITYBIKE_P,Xe phổ thông,65.0,100827200.0,4,100.0
KH-00383,HỘ KINH DOANH VẠN LỢI,CITYBIKE_P,Xe phổ thông,91.0,143861627.0,3,100.0
KH-00384,CỬA HÀNG XE ĐẠP PHÚC AN,CITYBIKE_P,Xe phổ thông,24.0,37853322.0,2,90.5
KH-00384,CỬA HÀNG XE ĐẠP PHÚC AN,KIDBIKE_1,Xe trẻ em nhóm 1,3.0,3973332.0,1,9.5
KH-00385,CÔNG TY CỔ PHẦN THƯƠNG MẠI THIÊN AN,CITYBIKE_P,Xe phổ thông,64.0,103994412.0,3,90.22
KH-00385,CÔNG TY CỔ PHẦN THƯƠNG MẠI THIÊN AN,KIDBIKE_1,Xe trẻ em nhóm 1,5.0,6552775.0,1,5.68
KH-00385,CÔNG TY CỔ PHẦN THƯƠNG MẠI THIÊN AN,KIDBIKE_2,Xe trẻ em nhóm 2,5.0,4719440.0,1,4.09
KH-00386,CÔNG TY TNHH THƯƠNG MẠI KHẢI HOÀN,CITYBIKE_P,Xe phổ thông,132.0,210762171.0,4,88.87
KH-00386,CÔNG TY TNHH THƯƠNG MẠI KHẢI HOÀN,KIDBIKE_1,Xe trẻ em nhóm 1,14.0,18233142.0,2,7.69
KH-00386,CÔNG TY TNHH THƯƠNG MẠI KHẢI HOÀN,SPORTBIKE_S,Xe thể thao thép,2.0,5460000.0,1,2.3
KH-00386,CÔNG TY TNHH THƯƠNG MẠI KHẢI HOÀN,KIDBIKE_2,Xe trẻ em nhóm 2,3.0,2702591.0,2,1.14
KH-00387,CÔNG TY CỔ PHẦN THANH BÌNH,CITYBIKE_P,Xe phổ thông,117.0,187798846.0,2,75.1
KH-00387,CÔNG TY CỔ PHẦN THANH BÌNH,KIDBIKE_1,Xe trẻ em nhóm 1,38.0,48083778.0,2,19.23
KH-00387,CÔNG TY CỔ PHẦN THANH BÌNH,KIDBIKE_2,Xe trẻ em nhóm 2,15.0,14180543.0,2,5.67
KH-00388,CÔNG TY CỔ PHẦN MẶT TRỜI,CITYBIKE_P,Xe phổ thông,1.0,2768519.0,1,100.0
KH-00389,CÔNG TY CỔ PHẦN TRƯỜNG THỊNH,CITYBIKE_P,Xe phổ thông,18.0,29023327.0,2,80.94
KH-00389,CÔNG TY CỔ PHẦN TRƯỜNG THỊNH,KIDBIKE_1,Xe trẻ em nhóm 1,5.0,5877313.0,2,16.39
KH-00389,CÔNG TY CỔ PHẦN TRƯỜNG THỊNH,KIDBIKE_2,Xe trẻ em nhóm 2,1.0,957777.0,1,2.67
KH-00390,HỘ KINH DOANH ĐẠI LỢI,CITYBIKE_P,Xe phổ thông,55.0,86907756.0,2,91.24
KH-00390,HỘ KINH DOANH ĐẠI LỢI,KIDBIKE_1,Xe trẻ em nhóm 1,5.0,6439905.0,2,6.76
KH-00390,HỘ KINH DOANH ĐẠI LỢI,KIDBIKE_2,Xe trẻ em nhóm 2,2.0,1901665.0,2,2.0
KH-00391,CÔNG TY TNHH THƯƠNG MẠI NAM TIẾN,CITYBIKE_P,Xe phổ thông,7.0,11226664.0,1,69.05
KH-00391,CÔNG TY TNHH THƯƠNG MẠI NAM TIẾN,SPORTBIKE_A,Xe thể thao nhôm,1.0,2664259.0,1,16.39
KH-00391,CÔNG TY TNHH THƯƠNG MẠI NAM TIẾN,KIDBIKE_1,Xe trẻ em nhóm 1,2.0,2367592.0,1,14.56
KH-00392,HỘ KINH DOANH SƠN HÀ,CITYBIKE_P,Xe phổ thông,24.0,37715545.0,2,90.56
KH-00392,HỘ KINH DOANH SƠN HÀ,KIDBIKE_1,Xe trẻ em nhóm 1,3.0,3931665.0,1,9.44
KH-00393,CÔNG TY TNHH THƯƠNG MẠI SƠN HÀ,CITYBIKE_P,Xe phổ thông,41.0,63028865.0,2,89.61
KH-00393,CÔNG TY TNHH THƯƠNG MẠI SƠN HÀ,KIDBIKE_1,Xe trẻ em nhóm 1,6.0,7306665.0,1,10.39
KH-00394,CÔNG TY TNHH THƯƠNG MẠI NAM TIẾN,CITYBIKE_P,Xe phổ thông,43.0,68549982.0,1,100.0
KH-00395,HỘ KINH DOANH TÂY BẮC,CITYBIKE_P,Xe phổ thông,7.0,11807220.0,1,45.13
KH-00395,HỘ KINH DOANH TÂY BẮC,KIDBIKE_1,Xe trẻ em nhóm 1,7.0,8694627.0,2,33.23
KH-00395,HỘ KINH DOANH TÂY BẮC,KIDBIKE_2,Xe trẻ em nhóm 2,6.0,5663328.0,1,21.64
KH-00396,CÔNG TY CỔ PHẦN VIỆT ANH,KIDBIKE_2,Xe trẻ em nhóm 2,36.0,33557749.0,2,43.1
KH-00396,CÔNG TY CỔ PHẦN VIỆT ANH,CITYBIKE_P,Xe phổ thông,18.0,29205548.0,1,37.51
KH-00396,CÔNG TY CỔ PHẦN VIỆT ANH,KIDBIKE_1,Xe trẻ em nhóm 1,12.0,15092865.0,2,19.39
KH-00397,CÔNG TY CỔ PHẦN THUỶ TIÊN,KIDBIKE_1,Xe trẻ em nhóm 1,17.0,23262676.0,3,40.54
KH-00397,CÔNG TY CỔ PHẦN THUỶ TIÊN,KIDBIKE_2,Xe trẻ em nhóm 2,23.0,21153870.0,3,36.86
KH-00397,CÔNG TY CỔ PHẦN THUỶ TIÊN,CITYBIKE_P,Xe phổ thông,8.0,12967220.0,3,22.6
KH-00398,CÔNG TY TNHH PHÚC AN,CITYBIKE_P,Xe phổ thông,20.0,35105550.0,1,100.0
KH-00399,CÔNG TY TNHH ĐẠI LỢI,CITYBIKE_P,Xe phổ thông,1.0,2768519.0,1,100.0
KH-00401,HỘ KINH DOANH THUỶ TIÊN,CITYBIKE_P,Xe phổ thông,3.0,4951109.0,1,54.11
KH-00401,HỘ KINH DOANH THUỶ TIÊN,SPORTBIKE_S,Xe thể thao thép,1.0,2118888.0,1,23.16
KH-00401,HỘ KINH DOANH THUỶ TIÊN,KIDBIKE_1,Xe trẻ em nhóm 1,1.0,1183796.0,1,12.94
KH-00401,HỘ KINH DOANH THUỶ TIÊN,KIDBIKE_2,Xe trẻ em nhóm 2,1.0,896666.0,1,9.8
KH-00402,CÔNG TY CỔ PHẦN ĐẠI LỢI,CITYBIKE_P,Xe phổ thông,101.0,161243293.0,6,63.8
KH-00402,CÔNG TY CỔ PHẦN ĐẠI LỢI,KIDBIKE_2,Xe trẻ em nhóm 2,73.0,67181606.0,2,26.58
KH-00402,CÔNG TY CỔ PHẦN ĐẠI LỢI,KIDBIKE_1,Xe trẻ em nhóm 1,18.0,24323325.0,4,9.62
KH-00403,CÔNG TY CỔ PHẦN THƯƠNG MẠI LONG PHÚ,CITYBIKE_P,Xe phổ thông,51.0,83289990.0,2,74.1
KH-00403,CÔNG TY CỔ PHẦN THƯƠNG MẠI LONG PHÚ,KIDBIKE_1,Xe trẻ em nhóm 1,23.0,29113046.0,2,25.9
KH-00404,HỘ KINH DOANH PHÚ THỊNH,CITYBIKE_P,Xe phổ thông,87.0,141397199.0,5,88.75
KH-00404,HỘ KINH DOANH PHÚ THỊNH,SPORTBIKE_S,Xe thể thao thép,4.0,8420000.0,1,5.29
KH-00404,HỘ KINH DOANH PHÚ THỊNH,KIDBIKE_1,Xe trẻ em nhóm 1,5.0,6622220.0,1,4.16
KH-00404,HỘ KINH DOANH PHÚ THỊNH,KIDBIKE_2,Xe trẻ em nhóm 2,3.0,2873331.0,1,1.8
KH-00405,CÔNG TY CỔ PHẦN THƯƠNG MẠI QUANG VINH,CITYBIKE_P,Xe phổ thông,17.0,27343326.0,1,49.68
KH-00405,CÔNG TY CỔ PHẦN THƯƠNG MẠI QUANG VINH,SPORTBIKE_S,Xe thể thao thép,6.0,14446662.0,1,26.25
KH-00405,CÔNG TY CỔ PHẦN THƯƠNG MẠI QUANG VINH,KIDBIKE_1,Xe trẻ em nhóm 1,10.0,13244440.0,1,24.07
KH-00406,CÔNG TY CỔ PHẦN THƯƠNG MẠI LONG PHÚ,CITYBIKE_P,Xe phổ thông,30.0,50238334.0,1,88.35
KH-00406,CÔNG TY CỔ PHẦN THƯƠNG MẠI LONG PHÚ,KIDBIKE_1,Xe trẻ em nhóm 1,5.0,6622222.0,1,11.65
KH-00407,DOANH NGHIỆP TW LONG PHÚ,CITYBIKE_P,Xe phổ thông,26.0,41893319.0,3,65.61
KH-00407,DOANH NGHIỆP TW LONG PHÚ,KIDBIKE_1,Xe trẻ em nhóm 1,10.0,12396478.0,3,19.41
KH-00407,DOANH NGHIỆP TW LONG PHÚ,SPORTBIKE_A,Xe thể thao nhôm,2.0,5328518.0,2,8.34
KH-00407,DOANH NGHIỆP TW LONG PHÚ,SPORTBIKE_S,Xe thể thao thép,2.0,4237776.0,2,6.64
KH-00408,CÔNG TY CỔ PHẦN MINH PHƯƠNG,CITYBIKE_P,Xe phổ thông,35.0,55358325.0,3,63.66
KH-00408,CÔNG TY CỔ PHẦN MINH PHƯƠNG,SPORTBIKE_A,Xe thể thao nhôm,9.0,26644995.0,1,30.64
KH-00408,CÔNG TY CỔ PHẦN MINH PHƯƠNG,KIDBIKE_1,Xe trẻ em nhóm 1,4.0,4960924.0,1,5.7
KH-00409,CÔNG TY CỔ PHẦN THƯƠNG MẠI BÌNH MINH,CITYBIKE_P,Xe phổ thông,3.0,5439999.0,1,100.0
KH-00410,CỬA HÀNG XE ĐẠP NAM TIẾN,CITYBIKE_P,Xe phổ thông,58.0,82488876.0,2,72.19
KH-00410,CỬA HÀNG XE ĐẠP NAM TIẾN,SPORTBIKE_S,Xe thể thao thép,15.0,31783320.0,1,27.81
KH-00411,CỬA HÀNG XE ĐẠP MẶT TRỜI,CITYBIKE_P,Xe phổ thông,1.0,2361111.0,1,100.0
KH-00412,CÔNG TY TNHH TRÍ ĐỨC,CITYBIKE_P,Xe phổ thông,3.0,6805556.0,1,100.0
KH-00413,CÔNG TY CỔ PHẦN CHI THÀNH,CITYBIKE_P,Xe phổ thông,19.0,29907408.0,1,100.0
KH-00414,HỘ KINH DOANH ĐẠI LỢI,CITYBIKE_P,Xe phổ thông,73.0,120768856.0,4,89.97
KH-00414,HỘ KINH DOANH ĐẠI LỢI,KIDBIKE_1,Xe trẻ em nhóm 1,11.0,13459347.0,2,10.03
KH-00415,DOANH NGHIỆP TW KHẢI HOÀN,CITYBIKE_P,Xe phổ thông,101.0,162938853.0,5,70.56
KH-00415,DOANH NGHIỆP TW KHẢI HOÀN,KIDBIKE_1,Xe trẻ em nhóm 1,42.0,54939424.0,3,23.79
KH-00415,DOANH NGHIỆP TW KHẢI HOÀN,KIDBIKE_2,Xe trẻ em nhóm 2,14.0,13031099.0,2,5.64
KH-00416,DOANH NGHIỆP TW HOÀ BÌNH,CITYBIKE_P,Xe phổ thông,4.0,7253332.0,1,100.0
KH-00417,CÔNG TY CỔ PHẦN THƯƠNG MẠI VIỆT ANH,CITYBIKE_P,Xe phổ thông,39.0,61466100.0,2,92.1
KH-00417,CÔNG TY CỔ PHẦN THƯƠNG MẠI VIỆT ANH,KIDBIKE_1,Xe trẻ em nhóm 1,4.0,5269998.0,2,7.9
KH-00418,CÔNG TY CỔ PHẦN PHÚ THỊNH,CITYBIKE_P,Xe phổ thông,3.0,7361112.0,1,100.0
KH-00419,DOANH NGHIỆP TW ĐẠI DƯƠNG,CITYBIKE_P,Xe phổ thông,48.0,78746649.0,3,86.6
KH-00419,DOANH NGHIỆP TW ĐẠI DƯƠNG,KIDBIKE_2,Xe trẻ em nhóm 2,6.0,5324440.0,2,5.86
KH-00419,DOANH NGHIỆP TW ĐẠI DƯƠNG,SPORTBIKE_S,Xe thể thao thép,2.0,4237776.0,1,4.66
KH-00419,DOANH NGHIỆP TW ĐẠI DƯƠNG,KIDBIKE_1,Xe trẻ em nhóm 1,2.0,2621110.0,1,2.88
KH-00420,CÔNG TY CỔ PHẦN QUANG VINH,CITYBIKE_P,Xe phổ thông,47.0,77689994.0,3,79.26
KH-00420,CÔNG TY CỔ PHẦN QUANG VINH,KIDBIKE_1,Xe trẻ em nhóm 1,12.0,15143699.0,3,15.45
KH-00420,CÔNG TY CỔ PHẦN QUANG VINH,SPORTBIKE_S,Xe thể thao thép,2.0,4237776.0,1,4.32
KH-00420,CÔNG TY CỔ PHẦN QUANG VINH,KIDBIKE_2,Xe trẻ em nhóm 2,1.0,943888.0,1,0.96
KH-00421,DOANH NGHIỆP TW YÊN BÌNH,CITYBIKE_P,Xe phổ thông,18.0,28594439.0,1,67.1
KH-00421,DOANH NGHIỆP TW YÊN BÌNH,KIDBIKE_1,Xe trẻ em nhóm 1,9.0,11357404.0,1,26.65
KH-00421,DOANH NGHIỆP TW YÊN BÌNH,SPORTBIKE_A,Xe thể thao nhôm,1.0,2664259.0,1,6.25
KH-00422,CÔNG TY CỔ PHẦN THƯƠNG MẠI SƠN HÀ,KIDBIKE_1,Xe trẻ em nhóm 1,6.0,7946664.0,1,100.0
KH-00423,DOANH NGHIỆP TW THIÊN AN,CITYBIKE_P,Xe phổ thông,70.0,117476638.0,5,84.83
KH-00423,DOANH NGHIỆP TW THIÊN AN,SPORTBIKE_S,Xe thể thao thép,5.0,12038885.0,1,8.69
KH-00423,DOANH NGHIỆP TW THIÊN AN,KIDBIKE_1,Xe trẻ em nhóm 1,7.0,8962034.0,2,6.47
KH-00424,CÔNG TY TNHH TRÍ ĐỨC,CITYBIKE_P,Xe phổ thông,2.0,3366666.0,1,71.98
KH-00424,CÔNG TY TNHH TRÍ ĐỨC,KIDBIKE_1,Xe trẻ em nhóm 1,1.0,1310555.0,1,28.02
KH-00425,CỬA HÀNG XE ĐẠP MINH PHƯƠNG,CITYBIKE_P,Xe phổ thông,51.0,83566088.0,2,84.01
KH-00425,CỬA HÀNG XE ĐẠP MINH PHƯƠNG,SPORTBIKE_A,Xe thể thao nhôm,3.0,7992777.0,1,8.03
KH-00425,CỬA HÀNG XE ĐẠP MINH PHƯƠNG,KIDBIKE_1,Xe trẻ em nhóm 1,5.0,5555555.0,1,5.58
KH-00425,CỬA HÀNG XE ĐẠP MINH PHƯƠNG,KIDBIKE_2,Xe trẻ em nhóm 2,3.0,2361111.0,1,2.37
KH-00426,CÔNG TY CỔ PHẦN THƯƠNG MẠI THIÊN AN,CITYBIKE_P,Xe phổ thông,115.0,183745537.0,3,96.18
KH-00426,CÔNG TY CỔ PHẦN THƯƠNG MẠI THIÊN AN,KIDBIKE_1,Xe trẻ em nhóm 1,6.0,7300738.0,2,3.82
KH-00427,CÔNG TY CỔ PHẦN THƯƠNG MẠI TÚ ANH,CITYBIKE_P,Xe phổ thông,50.0,110648148.0,1,100.0
KH-00428,CỬA HÀNG XE ĐẠP NAM TIẾN,KIDBIKE_1,Xe trẻ em nhóm 1,22.0,29137768.0,1,37.64
KH-00428,CỬA HÀNG XE ĐẠP NAM TIẾN,CITYBIKE_P,Xe phổ thông,11.0,19946663.0,1,25.77
KH-00428,CỬA HÀNG XE ĐẠP NAM TIẾN,KIDBIKE_2,Xe trẻ em nhóm 2,19.0,17725540.0,2,22.9
KH-00428,CỬA HÀNG XE ĐẠP NAM TIẾN,SPORTBIKE_S,Xe thể thao thép,5.0,10594440.0,1,13.69
KH-00429,CỬA HÀNG XE ĐẠP XUÂN MAI,SPORTBIKE_S,Xe thể thao thép,3.0,6356664.0,1,27.24
KH-00429,CỬA HÀNG XE ĐẠP XUÂN MAI,KIDBIKE_2,Xe trẻ em nhóm 2,7.0,6289255.0,1,26.95
KH-00429,CỬA HÀNG XE ĐẠP XUÂN MAI,KIDBIKE_1,Xe trẻ em nhóm 1,4.0,5982220.0,1,25.64
KH-00429,CỬA HÀNG XE ĐẠP XUÂN MAI,CITYBIKE_P,Xe phổ thông,3.0,4706664.0,1,20.17
KH-00430,CÔNG TY CỔ PHẦN BÌNH MINH,CITYBIKE_P,Xe phổ thông,14.0,22685553.0,2,77.4
KH-00430,CÔNG TY CỔ PHẦN BÌNH MINH,KIDBIKE_1,Xe trẻ em nhóm 1,5.0,6622220.0,1,22.6
KH-00431,CÔNG TY CỔ PHẦN THƯƠNG MẠI KHẢI HOÀN,CITYBIKE_P,Xe phổ thông,6.0,9798330.0,1,78.72
KH-00431,CÔNG TY CỔ PHẦN THƯƠNG MẠI KHẢI HOÀN,KIDBIKE_1,Xe trẻ em nhóm 1,2.0,2648888.0,1,21.28
KH-00432,CÔNG TY TNHH THƯƠNG MẠI THUỶ TIÊN,CITYBIKE_P,Xe phổ thông,9.0,15094441.0,2,40.31
KH-00432,CÔNG TY TNHH THƯƠNG MẠI THUỶ TIÊN,KIDBIKE_2,Xe trẻ em nhóm 2,13.0,12189989.0,2,32.56
KH-00432,CÔNG TY TNHH THƯƠNG MẠI THUỶ TIÊN,KIDBIKE_1,Xe trẻ em nhóm 1,8.0,10159719.0,2,27.13
KH-00433,CÔNG TY CỔ PHẦN THƯƠNG MẠI TRƯỜNG THỊNH,CITYBIKE_P,Xe phổ thông,28.0,45670544.0,1,100.0
KH-00434,HỘ KINH DOANH TRƯỜNG THỊNH,CITYBIKE_P,Xe phổ thông,16.0,25362771.0,2,73.69
KH-00434,HỘ KINH DOANH TRƯỜNG THỊNH,KIDBIKE_1,Xe trẻ em nhóm 1,5.0,6285368.0,2,18.26
KH-00434,HỘ KINH DOANH TRƯỜNG THỊNH,KIDBIKE_2,Xe trẻ em nhóm 2,3.0,2770553.0,1,8.05
KH-00435,DOANH NGHIỆP TW NGỌC ANH,CITYBIKE_P,Xe phổ thông,14.0,23523884.0,3,73.89
KH-00435,DOANH NGHIỆP TW NGỌC ANH,KIDBIKE_2,Xe trẻ em nhóm 2,4.0,3694997.0,2,11.61
KH-00435,DOANH NGHIỆP TW NGỌC ANH,SPORTBIKE_S,Xe thể thao thép,1.0,2393888.0,1,7.52
KH-00435,DOANH NGHIỆP TW NGỌC ANH,KIDBIKE_1,Xe trẻ em nhóm 1,2.0,2222222.0,1,6.98
KH-00436,CÔNG TY TNHH XÂY DỰNG,CITYBIKE_P,Xe phổ thông,37.0,58681092.0,2,71.1
KH-00436,CÔNG TY TNHH XÂY DỰNG,KIDBIKE_1,Xe trẻ em nhóm 1,19.0,23856937.0,2,28.9
KH-00437,DOANH NGHIỆP TW HÙNG CƯỜNG,CITYBIKE_P,Xe phổ thông,19.0,30464438.0,2,92.08
KH-00437,DOANH NGHIỆP TW HÙNG CƯỜNG,KIDBIKE_1,Xe trẻ em nhóm 1,2.0,2621110.0,1,7.92
KH-00438,CỬA HÀNG XE ĐẠP ĐẠI LỢI,CITYBIKE_P,Xe phổ thông,23.0,37045549.0,2,81.64
KH-00438,CỬA HÀNG XE ĐẠP ĐẠI LỢI,KIDBIKE_1,Xe trẻ em nhóm 1,5.0,8333330.0,1,18.36
KH-00439,DOANH NGHIỆP TW THUỶ TIÊN,CITYBIKE_P,Xe phổ thông,11.0,17111107.0,1,73.74
KH-00439,DOANH NGHIỆP TW THUỶ TIÊN,KIDBIKE_1,Xe trẻ em nhóm 1,3.0,3973332.0,1,17.12
KH-00439,DOANH NGHIỆP TW THUỶ TIÊN,SPORTBIKE_S,Xe thể thao thép,1.0,2118888.0,1,9.13
KH-00440,CÔNG TY TNHH THƯƠNG MẠI ĐÔNG NAM,CITYBIKE_P,Xe phổ thông,11.0,17572774.0,3,67.86
KH-00440,CÔNG TY TNHH THƯƠNG MẠI ĐÔNG NAM,KIDBIKE_1,Xe trẻ em nhóm 1,6.0,7441386.0,2,28.73
KH-00440,CÔNG TY TNHH THƯƠNG MẠI ĐÔNG NAM,KIDBIKE_2,Xe trẻ em nhóm 2,1.0,882777.0,1,3.41
KH-00441,CỬA HÀNG XE ĐẠP NGỌC ANH,CITYBIKE_P,Xe phổ thông,63.0,98852199.0,3,85.34
KH-00441,CỬA HÀNG XE ĐẠP NGỌC ANH,KIDBIKE_1,Xe trẻ em nhóm 1,13.0,16983513.0,3,14.66
KH-00442,CÔNG TY TNHH HOÀ BÌNH,CITYBIKE_P,Xe phổ thông,21.0,33142214.0,2,100.0
KH-00443,CÔNG TY TNHH HÙNG CƯỜNG,CITYBIKE_P,Xe phổ thông,2.0,3626666.0,1,100.0
KH-00444,CÔNG TY TNHH THƯƠNG MẠI SÁN LẠP,CITYBIKE_P,Xe phổ thông,28.0,45922770.0,2,76.93
KH-00444,CÔNG TY TNHH THƯƠNG MẠI SÁN LẠP,KIDBIKE_2,Xe trẻ em nhóm 2,9.0,8475548.0,2,14.2
KH-00444,CÔNG TY TNHH THƯƠNG MẠI SÁN LẠP,KIDBIKE_1,Xe trẻ em nhóm 1,4.0,5297776.0,1,8.87
KH-00445,CÔNG TY CỔ PHẦN TÂN TIẾN,KIDBIKE_1,Xe trẻ em nhóm 1,12.0,13333332.0,1,63.69
KH-00445,CÔNG TY CỔ PHẦN TÂN TIẾN,CITYBIKE_P,Xe phổ thông,5.0,7599998.0,1,36.31
KH-00446,CÔNG TY TNHH THƯƠNG MẠI MINH PHƯƠNG,KIDBIKE_2,Xe trẻ em nhóm 2,9.0,8034069.0,1,100.0
KH-00447,CÔNG TY TNHH THƯƠNG MẠI KHẢI HOÀN,CITYBIKE_P,Xe phổ thông,34.0,55853324.0,3,89.69
KH-00447,CÔNG TY TNHH THƯƠNG MẠI KHẢI HOÀN,KIDBIKE_1,Xe trẻ em nhóm 1,3.0,3650369.0,2,5.86
KH-00447,CÔNG TY TNHH THƯƠNG MẠI KHẢI HOÀN,KIDBIKE_2,Xe trẻ em nhóm 2,3.0,2770553.0,2,4.45
KH-00448,CÔNG TY TNHH THUỶ TIÊN,KIDBIKE_2,Xe trẻ em nhóm 2,7.0,6704439.0,1,55.21
KH-00448,CÔNG TY TNHH THUỶ TIÊN,CITYBIKE_P,Xe phổ thông,3.0,5439999.0,1,44.79
KH-00449,CÔNG TY CỔ PHẦN THUỶ TIÊN,CITYBIKE_P,Xe phổ thông,7.0,10811108.0,1,86.64
KH-00449,CÔNG TY CỔ PHẦN THUỶ TIÊN,KIDBIKE_1,Xe trẻ em nhóm 1,1.0,1666666.0,1,13.36
KH-00450,HỘ KINH DOANH QUANG VINH,KIDBIKE_1,Xe trẻ em nhóm 1,11.0,14568884.0,1,54.51
KH-00450,HỘ KINH DOANH QUANG VINH,CITYBIKE_P,Xe phổ thông,6.0,9798330.0,1,36.66
KH-00450,HỘ KINH DOANH QUANG VINH,KIDBIKE_2,Xe trẻ em nhóm 2,3.0,2361111.0,1,8.83
KH-00451,CÔNG TY CỔ PHẦN THƯƠNG MẠI TRƯỜNG THỊNH,CITYBIKE_P,Xe phổ thông,6.0,9657776.0,1,65.81
KH-00451,CÔNG TY CỔ PHẦN THƯƠNG MẠI TRƯỜNG THỊNH,KIDBIKE_1,Xe trẻ em nhóm 1,4.0,5016480.0,1,34.19
KH-00452,CÔNG TY CỔ PHẦN THƯƠNG MẠI BÌNH MINH,CITYBIKE_P,Xe phổ thông,47.0,74621100.0,2,91.85
KH-00452,CÔNG TY CỔ PHẦN THƯƠNG MẠI BÌNH MINH,KIDBIKE_1,Xe trẻ em nhóm 1,5.0,6622220.0,1,8.15
KH-00453,CÔNG TY TNHH YÊN BÌNH,CITYBIKE_P,Xe phổ thông,137.0,215495511.0,4,100.0
KH-00454,HỘ KINH DOANH LONG PHÚ,CITYBIKE_P,Xe phổ thông,5.0,8247777.0,1,56.47
KH-00454,HỘ KINH DOANH LONG PHÚ,SPORTBIKE_S,Xe thể thao thép,3.0,6356664.0,1,43.53
KH-00455,CÔNG TY TNHH THƯƠNG MẠI ĐẠI LỢI,CITYBIKE_P,Xe phổ thông,28.0,48053879.0,1,92.36
KH-00455,CÔNG TY TNHH THƯƠNG MẠI ĐẠI LỢI,KIDBIKE_1,Xe trẻ em nhóm 1,3.0,3973332.0,1,7.64
KH-00456,CÔNG TY TNHH THƯƠNG MẠI AN PHÁT,CITYBIKE_P,Xe phổ thông,20.0,32404440.0,1,50.77
KH-00456,CÔNG TY TNHH THƯƠNG MẠI AN PHÁT,KIDBIKE_1,Xe trẻ em nhóm 1,25.0,31423324.0,1,49.23
KH-00457,CÔNG TY TNHH THƯƠNG MẠI VIỆT ANH,CITYBIKE_P,Xe phổ thông,47.0,71784976.0,2,93.88
KH-00457,CÔNG TY TNHH THƯƠNG MẠI VIỆT ANH,KIDBIKE_1,Xe trẻ em nhóm 1,4.0,4679628.0,1,6.12
KH-00458,HỘ KINH DOANH VẠN LỢI,CITYBIKE_P,Xe phổ thông,73.0,119274416.0,3,87.89
KH-00458,HỘ KINH DOANH VẠN LỢI,KIDBIKE_1,Xe trẻ em nhóm 1,9.0,11715273.0,1,8.63
KH-00458,HỘ KINH DOANH VẠN LỢI,KIDBIKE_2,Xe trẻ em nhóm 2,5.0,4719440.0,1,3.48
KH-00459,CÔNG TY CỔ PHẦN TOÀN THẮNG,CITYBIKE_P,Xe phổ thông,20.0,33822217.0,2,78.08
KH-00459,CÔNG TY CỔ PHẦN TOÀN THẮNG,KIDBIKE_1,Xe trẻ em nhóm 1,5.0,6622220.0,1,15.29
KH-00459,CÔNG TY CỔ PHẦN TOÀN THẮNG,KIDBIKE_2,Xe trẻ em nhóm 2,3.0,2873331.0,2,6.63
KH-00461,CÔNG TY TNHH THUỶ TIÊN,CITYBIKE_P,Xe phổ thông,40.0,90740740.0,2,100.0
KH-00462,HỘ KINH DOANH TRƯỜNG THỊNH,CITYBIKE_P,Xe phổ thông,2.0,4981482.0,2,100.0
KH-00463,CÔNG TY TNHH THƯƠNG MẠI YÊN BÌNH,CITYBIKE_P,Xe phổ thông,134.0,219659407.0,5,92.25
KH-00463,CÔNG TY TNHH THƯƠNG MẠI YÊN BÌNH,KIDBIKE_1,Xe trẻ em nhóm 1,14.0,18444993.0,2,7.75
KH-00464,CÔNG TY TNHH THƯƠNG MẠI KHẢI HOÀN,CITYBIKE_P,Xe phổ thông,9.0,14492774.0,1,66.86
KH-00464,CÔNG TY TNHH THƯƠNG MẠI KHẢI HOÀN,SPORTBIKE_S,Xe thể thao thép,2.0,4815554.0,1,22.22
KH-00464,CÔNG TY TNHH THƯƠNG MẠI KHẢI HOÀN,KIDBIKE_1,Xe trẻ em nhóm 1,2.0,2367592.0,1,10.92
KH-00465,CÔNG TY CỔ PHẦN KHẢI HOÀN,CITYBIKE_P,Xe phổ thông,15.0,24645550.0,1,78.82
KH-00465,CÔNG TY CỔ PHẦN KHẢI HOÀN,KIDBIKE_1,Xe trẻ em nhóm 1,5.0,6622220.0,1,21.18
KH-00466,HỘ KINH DOANH HÙNG CƯỜNG,CITYBIKE_P,Xe phổ thông,51.0,81284421.0,2,77.56
KH-00466,HỘ KINH DOANH HÙNG CƯỜNG,KIDBIKE_1,Xe trẻ em nhóm 1,17.0,21392122.0,2,20.41
KH-00466,HỘ KINH DOANH HÙNG CƯỜNG,SPORTBIKE_S,Xe thể thao thép,1.0,2118888.0,1,2.02
KH-00467,DOANH NGHIỆP TW TÂY BẮC,KIDBIKE_1,Xe trẻ em nhóm 1,6.0,7946664.0,1,62.62
KH-00467,DOANH NGHIỆP TW TÂY BẮC,CITYBIKE_P,Xe phổ thông,3.0,4744443.0,1,37.38
KH-00468,CÔNG TY CỔ PHẦN KHẢI HOÀN,CITYBIKE_P,Xe phổ thông,9.0,14327772.0,1,80.14
KH-00468,CÔNG TY CỔ PHẦN KHẢI HOÀN,KIDBIKE_1,Xe trẻ em nhóm 1,3.0,3551388.0,1,19.86
KH-00469,CỬA HÀNG XE ĐẠP HOÀ BÌNH,CITYBIKE_P,Xe phổ thông,27.0,43412770.0,2,53.16
KH-00469,CỬA HÀNG XE ĐẠP HOÀ BÌNH,KIDBIKE_1,Xe trẻ em nhóm 1,16.0,21281104.0,2,26.06
KH-00469,CỬA HÀNG XE ĐẠP HOÀ BÌNH,SPORTBIKE_A,Xe thể thao nhôm,4.0,10657036.0,1,13.05
KH-00469,CỬA HÀNG XE ĐẠP HOÀ BÌNH,SPORTBIKE_S,Xe thể thao thép,3.0,6315000.0,1,7.73
KH-00470,CÔNG TY CỔ PHẦN VĨNH PHÁT,CITYBIKE_P,Xe phổ thông,16.0,25285547.0,1,100.0
KH-00471,CÔNG TY CỔ PHẦN TRÍ ĐỨC,KIDBIKE_1,Xe trẻ em nhóm 1,18.0,22152216.0,1,47.65
KH-00471,CÔNG TY CỔ PHẦN TRÍ ĐỨC,CITYBIKE_P,Xe phổ thông,12.0,18594439.0,1,39.99
KH-00471,CÔNG TY CỔ PHẦN TRÍ ĐỨC,KIDBIKE_2,Xe trẻ em nhóm 2,6.0,5746662.0,1,12.36
KH-00472,CÔNG TY CỔ PHẦN TRÍ ĐỨC,CITYBIKE_P,Xe phổ thông,9.0,14914441.0,2,59.03
KH-00472,CÔNG TY CỔ PHẦN TRÍ ĐỨC,KIDBIKE_1,Xe trẻ em nhóm 1,4.0,5358702.0,2,21.21
KH-00472,CÔNG TY CỔ PHẦN TRÍ ĐỨC,KIDBIKE_2,Xe trẻ em nhóm 2,3.0,2873331.0,1,11.37
KH-00472,CÔNG TY CỔ PHẦN TRÍ ĐỨC,SPORTBIKE_S,Xe thể thao thép,1.0,2118888.0,1,8.39
KH-00473,CÔNG TY TNHH TRÍ ĐỨC,CITYBIKE_P,Xe phổ thông,13.0,20212216.0,1,100.0
KH-00474,HỘ KINH DOANH MẶT TRỜI,CITYBIKE_P,Xe phổ thông,22.0,36177763.0,1,100.0
KH-00475,CỬA HÀNG XE ĐẠP THIÊN AN,CITYBIKE_P,Xe phổ thông,33.0,53142769.0,2,88.54
KH-00475,CỬA HÀNG XE ĐẠP THIÊN AN,KIDBIKE_1,Xe trẻ em nhóm 1,4.0,4988702.0,2,8.31
KH-00475,CỬA HÀNG XE ĐẠP THIÊN AN,KIDBIKE_2,Xe trẻ em nhóm 2,2.0,1887776.0,1,3.15
KH-00476,CÔNG TY CỔ PHẦN THƯƠNG MẠI MẶT TRỜI,CITYBIKE_P,Xe phổ thông,56.0,87397757.0,3,82.68
KH-00476,CÔNG TY CỔ PHẦN THƯƠNG MẠI MẶT TRỜI,KIDBIKE_2,Xe trẻ em nhóm 2,13.0,12298322.0,3,11.64
KH-00476,CÔNG TY CỔ PHẦN THƯƠNG MẠI MẶT TRỜI,KIDBIKE_1,Xe trẻ em nhóm 1,5.0,6004072.0,2,5.68
KH-00477,CỬA HÀNG XE ĐẠP ĐẠI LỢI,CITYBIKE_P,Xe phổ thông,33.0,54378326.0,2,83.06
KH-00477,CỬA HÀNG XE ĐẠP ĐẠI LỢI,KIDBIKE_2,Xe trẻ em nhóm 2,8.0,7578882.0,2,11.58
KH-00477,CỬA HÀNG XE ĐẠP ĐẠI LỢI,KIDBIKE_1,Xe trẻ em nhóm 1,3.0,3509721.0,1,5.36
KH-00480,DOANH NGHIỆP TW ĐẠI DƯƠNG,CITYBIKE_P,Xe phổ thông,10.0,22314816.0,1,100.0
KH-00481,CÔNG TY CỔ PHẦN HOÀ BÌNH,CITYBIKE_P,Xe phổ thông,32.0,52232765.0,2,97.55
KH-00481,CÔNG TY CỔ PHẦN HOÀ BÌNH,KIDBIKE_1,Xe trẻ em nhóm 1,1.0,1310555.0,1,2.45
KH-00482,CỬA HÀNG XE ĐẠP KHẢI HOÀN,CITYBIKE_P,Xe phổ thông,13.0,21703327.0,1,100.0
KH-00483,HỘ KINH DOANH VẠN LỢI,CITYBIKE_P,Xe phổ thông,36.0,58997764.0,1,93.69
KH-00483,HỘ KINH DOANH VẠN LỢI,KIDBIKE_1,Xe trẻ em nhóm 1,3.0,3973332.0,1,6.31
KH-00484,CÔNG TY CỔ PHẦN THƯƠNG MẠI HOÀ BÌNH,CITYBIKE_P,Xe phổ thông,50.0,81172204.0,2,79.23
KH-00484,CÔNG TY CỔ PHẦN THƯƠNG MẠI HOÀ BÌNH,KIDBIKE_1,Xe trẻ em nhóm 1,14.0,16489810.0,2,16.1
KH-00484,CÔNG TY CỔ PHẦN THƯƠNG MẠI HOÀ BÌNH,KIDBIKE_2,Xe trẻ em nhóm 2,5.0,4788885.0,1,4.67
KH-00485,CÔNG TY CỔ PHẦN SÁN LẠP,CITYBIKE_P,Xe phổ thông,16.0,26663882.0,2,81.68
KH-00485,CÔNG TY CỔ PHẦN SÁN LẠP,KIDBIKE_1,Xe trẻ em nhóm 1,5.0,5982221.0,1,18.32
KH-00486,CÔNG TY TNHH VẠN LỢI,CITYBIKE_P,Xe phổ thông,19.0,32322213.0,2,93.17
KH-00486,CÔNG TY TNHH VẠN LỢI,KIDBIKE_1,Xe trẻ em nhóm 1,2.0,2367592.0,1,6.83
KH-00487,DOANH NGHIỆP TW TRƯỜNG THỊNH,CITYBIKE_P,Xe phổ thông,70.0,113928317.0,3,87.12
KH-00487,DOANH NGHIỆP TW TRƯỜNG THỊNH,KIDBIKE_1,Xe trẻ em nhóm 1,10.0,13188884.0,2,10.08
KH-00487,DOANH NGHIỆP TW TRƯỜNG THỊNH,KIDBIKE_2,Xe trẻ em nhóm 2,4.0,3660368.0,1,2.8
KH-00488,CÔNG TY TNHH TRƯỜNG THỊNH,CITYBIKE_P,Xe phổ thông,76.0,120003870.0,4,64.36
KH-00488,CÔNG TY TNHH TRƯỜNG THỊNH,KIDBIKE_1,Xe trẻ em nhóm 1,50.0,56109252.0,4,30.09
KH-00488,CÔNG TY TNHH TRƯỜNG THỊNH,SPORTBIKE_A,Xe thể thao nhôm,3.0,7992777.0,1,4.29
KH-00488,CÔNG TY TNHH TRƯỜNG THỊNH,KIDBIKE_2,Xe trẻ em nhóm 2,3.0,2361111.0,1,1.27
KH-00489,CÔNG TY CỔ PHẦN ĐÔNG NAM,CITYBIKE_P,Xe phổ thông,43.0,67874427.0,3,100.0
KH-00490,CÔNG TY TNHH TÂN TIẾN,CITYBIKE_P,Xe phổ thông,3.0,5439999.0,1,69.68
KH-00490,CÔNG TY TNHH TÂN TIẾN,KIDBIKE_1,Xe trẻ em nhóm 1,2.0,2367592.0,1,30.32
KH-00491,CÔNG TY TNHH PHÚC AN,CITYBIKE_P,Xe phổ thông,157.0,247721053.0,2,97.4
KH-00491,CÔNG TY TNHH PHÚC AN,KIDBIKE_1,Xe trẻ em nhóm 1,5.0,6622220.0,1,2.6
KH-00492,HỘ KINH DOANH ĐÔNG NAM,CITYBIKE_P,Xe phổ thông,42.0,64597210.0,2,95.89
KH-00492,HỘ KINH DOANH ĐÔNG NAM,KIDBIKE_2,Xe trẻ em nhóm 2,3.0,2770553.0,1,4.11
KH-00493,CÔNG TY CỔ PHẦN THƯƠNG MẠI QUANG VINH,CITYBIKE_P,Xe phổ thông,9.0,14029441.0,2,53.56
KH-00493,CÔNG TY CỔ PHẦN THƯƠNG MẠI QUANG VINH,KIDBIKE_2,Xe trẻ em nhóm 2,8.0,7437216.0,2,28.39
KH-00493,CÔNG TY CỔ PHẦN THƯƠNG MẠI QUANG VINH,KIDBIKE_1,Xe trẻ em nhóm 1,2.0,2621110.0,1,10.01
KH-00493,CÔNG TY CỔ PHẦN THƯƠNG MẠI QUANG VINH,SPORTBIKE_S,Xe thể thao thép,1.0,2105000.0,1,8.04
KH-00494,HỘ KINH DOANH AN PHÁT,CITYBIKE_P,Xe phổ thông,18.0,29688326.0,1,100.0
KH-00495,CÔNG TY CỔ PHẦN THƯƠNG MẠI HOÀ BÌNH,CITYBIKE_P,Xe phổ thông,34.0,57516656.0,3,95.64
KH-00495,CÔNG TY CỔ PHẦN THƯƠNG MẠI HOÀ BÌNH,KIDBIKE_1,Xe trẻ em nhóm 1,2.0,2621110.0,1,4.36
KH-00496,CÔNG TY CỔ PHẦN TOÀN THẮNG,CITYBIKE_P,Xe phổ thông,20.0,31829436.0,2,100.0
KH-00497,CÔNG TY TNHH THƯƠNG MẠI QUANG VINH,CITYBIKE_P,Xe phổ thông,42.0,66933875.0,3,91.05
KH-00497,CÔNG TY TNHH THƯƠNG MẠI QUANG VINH,KIDBIKE_2,Xe trẻ em nhóm 2,7.0,6582217.0,2,8.95
KH-00498,CỬA HÀNG XE ĐẠP MINH PHƯƠNG,CITYBIKE_P,Xe phổ thông,10.0,16207773.0,2,73.27
KH-00498,CỬA HÀNG XE ĐẠP MINH PHƯƠNG,KIDBIKE_1,Xe trẻ em nhóm 1,4.0,5016480.0,1,22.68
KH-00498,CỬA HÀNG XE ĐẠP MINH PHƯƠNG,KIDBIKE_2,Xe trẻ em nhóm 2,1.0,896666.0,1,4.05
KH-00499,CÔNG TY CỔ PHẦN THƯƠNG MẠI TÚ ANH,CITYBIKE_P,Xe phổ thông,29.0,47936099.0,1,90.05
KH-00499,CÔNG TY CỔ PHẦN THƯƠNG MẠI TÚ ANH,KIDBIKE_1,Xe trẻ em nhóm 1,4.0,5297776.0,1,9.95
KH-00500,CÔNG TY CỔ PHẦN THƯƠNG MẠI VĨNH PHÁT,CITYBIKE_P,Xe phổ thông,5.0,12458333.0,1,100.0
KH-00501,CÔNG TY CỔ PHẦN VĨNH PHÁT,CITYBIKE_P,Xe phổ thông,10.0,15902774.0,1,84.89
KH-00501,CÔNG TY CỔ PHẦN VĨNH PHÁT,KIDBIKE_2,Xe trẻ em nhóm 2,3.0,2831664.0,1,15.11
KH-00502,CỬA HÀNG XE ĐẠP BÌNH MINH,CITYBIKE_P,Xe phổ thông,14.0,24357773.0,3,71.09
KH-00502,CỬA HÀNG XE ĐẠP BÌNH MINH,KIDBIKE_1,Xe trẻ em nhóm 1,7.0,8948145.0,3,26.12
KH-00502,CỬA HÀNG XE ĐẠP BÌNH MINH,KIDBIKE_2,Xe trẻ em nhóm 2,1.0,957777.0,1,2.8
KH-00503,DOANH NGHIỆP TW PHÚ THỊNH,CITYBIKE_P,Xe phổ thông,33.0,53616663.0,2,73.03
KH-00503,DOANH NGHIỆP TW PHÚ THỊNH,KIDBIKE_1,Xe trẻ em nhóm 1,15.0,19797215.0,2,26.97
KH-00504,CÔNG TY CỔ PHẦN THƯƠNG MẠI TÂY BẮC,CITYBIKE_P,Xe phổ thông,3.0,4633332.0,1,50.37
KH-00504,CÔNG TY CỔ PHẦN THƯƠNG MẠI TÂY BẮC,KIDBIKE_1,Xe trẻ em nhóm 1,2.0,2648888.0,1,28.8
KH-00504,CÔNG TY CỔ PHẦN THƯƠNG MẠI TÂY BẮC,KIDBIKE_2,Xe trẻ em nhóm 2,2.0,1915554.0,1,20.83
KH-00505,CÔNG TY CỔ PHẦN TÚ ANH,CITYBIKE_P,Xe phổ thông,36.0,57131101.0,3,80.25
KH-00505,CÔNG TY CỔ PHẦN TÚ ANH,KIDBIKE_2,Xe trẻ em nhóm 2,12.0,11396101.0,3,16.01
KH-00505,CÔNG TY CỔ PHẦN TÚ ANH,SPORTBIKE_A,Xe thể thao nhôm,1.0,2664259.0,1,3.74
KH-00506,CÔNG TY TNHH THANH BÌNH,CITYBIKE_P,Xe phổ thông,11.0,17718884.0,2,44.0
KH-00506,CÔNG TY TNHH THANH BÌNH,KIDBIKE_1,Xe trẻ em nhóm 1,8.0,10595552.0,1,26.31
KH-00506,CÔNG TY TNHH THANH BÌNH,SPORTBIKE_S,Xe thể thao thép,3.0,6356664.0,1,15.79
KH-00506,CÔNG TY TNHH THANH BÌNH,KIDBIKE_2,Xe trẻ em nhóm 2,6.0,5596662.0,2,13.9
KH-00507,CỬA HÀNG XE ĐẠP BÌNH MINH,CITYBIKE_P,Xe phổ thông,11.0,18198885.0,1,100.0
KH-00508,CÔNG TY CỔ PHẦN VĨNH PHÁT,CITYBIKE_P,Xe phổ thông,17.0,26121103.0,2,88.03
KH-00508,CÔNG TY CỔ PHẦN VĨNH PHÁT,KIDBIKE_1,Xe trẻ em nhóm 1,3.0,3551388.0,1,11.97
KH-00509,CÔNG TY TNHH THƯƠNG MẠI BÌNH MINH,CITYBIKE_P,Xe phổ thông,15.0,23680550.0,2,53.37
KH-00509,CÔNG TY TNHH THƯƠNG MẠI BÌNH MINH,KIDBIKE_1,Xe trẻ em nhóm 1,16.0,20685826.0,2,46.63
KH-00510,CỬA HÀNG XE ĐẠP NGỌC ANH,CITYBIKE_P,Xe phổ thông,21.0,34379439.0,2,100.0
KH-00511,CÔNG TY TNHH BÌNH MINH,KIDBIKE_1,Xe trẻ em nhóm 1,4.0,4735184.0,1,100.0
KH-00512,CÔNG TY TNHH ĐẠI DƯƠNG,CITYBIKE_P,Xe phổ thông,9.0,14114998.0,2,58.64
KH-00512,CÔNG TY TNHH ĐẠI DƯƠNG,KIDBIKE_1,Xe trẻ em nhóm 1,7.0,9955552.0,1,41.36
KH-00513,CÔNG TY CỔ PHẦN THƯƠNG MẠI ĐÔNG NAM,CITYBIKE_P,Xe phổ thông,18.0,30158885.0,2,53.58
KH-00513,CÔNG TY CỔ PHẦN THƯƠNG MẠI ĐÔNG NAM,KIDBIKE_1,Xe trẻ em nhóm 1,15.0,17631939.0,2,31.32
KH-00513,CÔNG TY CỔ PHẦN THƯƠNG MẠI ĐÔNG NAM,KIDBIKE_2,Xe trẻ em nhóm 2,9.0,8497771.0,1,15.1
KH-00514,CỬA HÀNG XE ĐẠP HÙNG CƯỜNG,CITYBIKE_P,Xe phổ thông,34.0,52276099.0,2,84.47
KH-00514,CỬA HÀNG XE ĐẠP HÙNG CƯỜNG,KIDBIKE_1,Xe trẻ em nhóm 1,6.0,7722682.0,1,12.48
KH-00514,CỬA HÀNG XE ĐẠP HÙNG CƯỜNG,KIDBIKE_2,Xe trẻ em nhóm 2,2.0,1887776.0,1,3.05
KH-00515,CÔNG TY CỔ PHẦN THƯƠNG MẠI SƠN HÀ,KIDBIKE_1,Xe trẻ em nhóm 1,11.0,13865644.0,1,50.02
KH-00515,CÔNG TY CỔ PHẦN THƯƠNG MẠI SƠN HÀ,SPORTBIKE_S,Xe thể thao thép,5.0,10594440.0,1,38.22
KH-00515,CÔNG TY CỔ PHẦN THƯƠNG MẠI SƠN HÀ,CITYBIKE_P,Xe phổ thông,2.0,3260000.0,1,11.76
KH-00516,CÔNG TY TNHH SÁN LẠP,CITYBIKE_P,Xe phổ thông,20.0,31988880.0,1,100.0
KH-00517,CỬA HÀNG XE ĐẠP PHÚ THỊNH,CITYBIKE_P,Xe phổ thông,30.0,45416655.0,1,73.15
KH-00517,CỬA HÀNG XE ĐẠP PHÚ THỊNH,KIDBIKE_1,Xe trẻ em nhóm 1,15.0,16666665.0,1,26.85
KH-00518,CÔNG TY TNHH THƯƠNG MẠI VĨNH PHÁT,CITYBIKE_P,Xe phổ thông,14.0,23699442.0,2,62.88
KH-00518,CÔNG TY TNHH THƯƠNG MẠI VĨNH PHÁT,KIDBIKE_1,Xe trẻ em nhóm 1,6.0,7384072.0,1,19.59
KH-00518,CÔNG TY TNHH THƯƠNG MẠI VĨNH PHÁT,KIDBIKE_2,Xe trẻ em nhóm 2,7.0,6607216.0,1,17.53
KH-00519,CÔNG TY CỔ PHẦN XUÂN MAI,CITYBIKE_P,Xe phổ thông,91.0,146465535.0,3,100.0
KH-00520,CÔNG TY TNHH TÂY BẮC,CITYBIKE_P,Xe phổ thông,39.0,61247765.0,1,92.43
KH-00520,CÔNG TY TNHH TÂY BẮC,KIDBIKE_1,Xe trẻ em nhóm 1,4.0,5016480.0,1,7.57
KH-00521,CỬA HÀNG XE ĐẠP KHẢI HOÀN,CITYBIKE_P,Xe phổ thông,35.0,56062207.0,2,95.49
KH-00521,CỬA HÀNG XE ĐẠP KHẢI HOÀN,KIDBIKE_1,Xe trẻ em nhóm 1,2.0,2648888.0,1,4.51
KH-00522,CÔNG TY TNHH HÙNG CƯỜNG,CITYBIKE_P,Xe phổ thông,10.0,15749995.0,1,100.0
KH-00523,HỘ KINH DOANH KHẢI HOÀN,CITYBIKE_P,Xe phổ thông,7.0,12344998.0,1,65.09
KH-00523,HỘ KINH DOANH KHẢI HOÀN,KIDBIKE_1,Xe trẻ em nhóm 1,5.0,6622220.0,1,34.91
KH-00524,CÔNG TY CỔ PHẦN THƯƠNG MẠI TRÍ ĐỨC,CITYBIKE_P,Xe phổ thông,10.0,18133330.0,1,100.0
KH-00525,CỬA HÀNG XE ĐẠP SÁN LẠP,CITYBIKE_P,Xe phổ thông,14.0,23828327.0,1,100.0
KH-00526,CÔNG TY CỔ PHẦN NAM TIẾN,CITYBIKE_P,Xe phổ thông,13.0,20303885.0,1,83.63
KH-00526,CÔNG TY CỔ PHẦN NAM TIẾN,KIDBIKE_1,Xe trẻ em nhóm 1,3.0,3973332.0,1,16.37
KH-00527,CÔNG TY CỔ PHẦN THƯƠNG MẠI HOÀ BÌNH,CITYBIKE_P,Xe phổ thông,17.0,27307214.0,2,81.16
KH-00527,CÔNG TY CỔ PHẦN THƯƠNG MẠI HOÀ BÌNH,KIDBIKE_1,Xe trẻ em nhóm 1,5.0,6340924.0,1,18.84
KH-00528,CÔNG TY CỔ PHẦN VẠN LỢI,CITYBIKE_P,Xe phổ thông,15.0,24083328.0,1,100.0
KH-00529,CÔNG TY CỔ PHẦN THƯƠNG MẠI THIÊN AN,CITYBIKE_P,Xe phổ thông,48.0,78973323.0,1,88.73
KH-00529,CÔNG TY CỔ PHẦN THƯƠNG MẠI THIÊN AN,KIDBIKE_1,Xe trẻ em nhóm 1,8.0,10032960.0,1,11.27
KH-00530,DOANH NGHIỆP TW TÂY BẮC,CITYBIKE_P,Xe phổ thông,10.0,16165552.0,1,100.0
KH-00531,CÔNG TY TNHH THƯƠNG MẠI VẠN LỢI,CITYBIKE_P,Xe phổ thông,16.0,26006661.0,1,65.64
KH-00531,CÔNG TY TNHH THƯƠNG MẠI VẠN LỢI,SPORTBIKE_S,Xe thể thao thép,4.0,8420000.0,1,21.25
KH-00531,CÔNG TY TNHH THƯƠNG MẠI VẠN LỢI,KIDBIKE_1,Xe trẻ em nhóm 1,2.0,3305554.0,1,8.34
KH-00531,CÔNG TY TNHH THƯƠNG MẠI VẠN LỢI,KIDBIKE_2,Xe trẻ em nhóm 2,2.0,1887776.0,1,4.76
KH-00532,CÔNG TY TNHH THƯƠNG MẠI MẶT TRỜI,CITYBIKE_P,Xe phổ thông,7.0,10859996.0,1,100.0
KH-00533,CÔNG TY TNHH YÊN BÌNH,CITYBIKE_P,Xe phổ thông,9.0,15403332.0,1,100.0
KH-00534,DOANH NGHIỆP TW AN PHÁT,CITYBIKE_P,Xe phổ thông,4.0,6684998.0,1,64.42
KH-00534,DOANH NGHIỆP TW AN PHÁT,KIDBIKE_1,Xe trẻ em nhóm 1,3.0,3692036.0,1,35.58
KH-00535,CỬA HÀNG XE ĐẠP QUANG VINH,CITYBIKE_P,Xe phổ thông,6.0,9909442.0,2,47.26
KH-00535,CỬA HÀNG XE ĐẠP QUANG VINH,KIDBIKE_1,Xe trẻ em nhóm 1,5.0,6340924.0,1,30.24
KH-00535,CỬA HÀNG XE ĐẠP QUANG VINH,KIDBIKE_2,Xe trẻ em nhóm 2,5.0,4719440.0,1,22.51
KH-00536,CỬA HÀNG XE ĐẠP LONG PHÚ,CITYBIKE_P,Xe phổ thông,46.0,77326653.0,1,82.91
KH-00536,CỬA HÀNG XE ĐẠP LONG PHÚ,KIDBIKE_1,Xe trẻ em nhóm 1,11.0,15937772.0,1,17.09
KH-00537,CÔNG TY CỔ PHẦN ĐÔNG NAM,KIDBIKE_1,Xe trẻ em nhóm 1,8.0,10595552.0,1,100.0
KH-00538,HỘ KINH DOANH PHÚC AN,KIDBIKE_1,Xe trẻ em nhóm 1,15.0,19627494.0,1,74.3
KH-00538,HỘ KINH DOANH PHÚC AN,CITYBIKE_P,Xe phổ thông,4.0,6788888.0,1,25.7
KH-00539,CỬA HÀNG XE ĐẠP CHI THÀNH,CITYBIKE_P,Xe phổ thông,7.0,11862219.0,1,100.0
KH-00540,CÔNG TY TNHH NGỌC ANH,CITYBIKE_P,Xe phổ thông,1.0,2768519.0,1,100.0
KH-00541,HỘ KINH DOANH SÁN LẠP,CITYBIKE_P,Xe phổ thông,1.0,2361111.0,1,100.0
KH-00542,CÔNG TY TNHH THƯƠNG MẠI NAM TIẾN,CITYBIKE_P,Xe phổ thông,1.0,2361111.0,1,100.0
KH-00543,CÔNG TY CỔ PHẦN SƠN HÀ,CITYBIKE_P,Xe phổ thông,16.0,25298326.0,2,79.09
KH-00543,CÔNG TY CỔ PHẦN SƠN HÀ,SPORTBIKE_S,Xe thể thao thép,2.0,4848888.0,1,15.16
KH-00543,CÔNG TY CỔ PHẦN SƠN HÀ,KIDBIKE_2,Xe trẻ em nhóm 2,2.0,1840554.0,2,5.75
KH-00544,DOANH NGHIỆP TW VIỆT ANH,CITYBIKE_P,Xe phổ thông,8.0,13687774.0,1,64.1
KH-00544,DOANH NGHIỆP TW VIỆT ANH,KIDBIKE_1,Xe trẻ em nhóm 1,6.0,7665368.0,1,35.9
KH-00545,CÔNG TY CỔ PHẦN AN PHÁT,SPORTBIKE_S,Xe thể thao thép,11.0,23352222.0,2,38.92
KH-00545,CÔNG TY CỔ PHẦN AN PHÁT,KIDBIKE_1,Xe trẻ em nhóm 1,13.0,19243326.0,3,32.07
KH-00545,CÔNG TY CỔ PHẦN AN PHÁT,CITYBIKE_P,Xe phổ thông,11.0,17408330.0,2,29.01
KH-00546,CÔNG TY CỔ PHẦN SÁN LẠP,CITYBIKE_P,Xe phổ thông,5.0,9066665.0,1,100.0
KH-00547,DOANH NGHIỆP TW THANH BÌNH,CITYBIKE_P,Xe phổ thông,21.0,33319439.0,2,100.0
KH-00548,CÔNG TY TNHH KHẢI HOÀN,CITYBIKE_P,Xe phổ thông,9.0,13899996.0,1,100.0
KH-00549,CỬA HÀNG XE ĐẠP TÚ ANH,CITYBIKE_P,Xe phổ thông,12.0,20140552.0,1,88.38
KH-00549,CỬA HÀNG XE ĐẠP TÚ ANH,KIDBIKE_1,Xe trẻ em nhóm 1,2.0,2648888.0,1,11.62
KH-00550,CÔNG TY TNHH ĐÔNG NAM,KIDBIKE_1,Xe trẻ em nhóm 1,4.0,5016480.0,1,100.0
KH-00551,CÔNG TY CỔ PHẦN THƯƠNG MẠI SÁN LẠP,CITYBIKE_P,Xe phổ thông,23.0,36803881.0,1,78.91
KH-00551,CÔNG TY CỔ PHẦN THƯƠNG MẠI SÁN LẠP,KIDBIKE_1,Xe trẻ em nhóm 1,4.0,5598331.0,2,12.0
KH-00551,CÔNG TY CỔ PHẦN THƯƠNG MẠI SÁN LẠP,SPORTBIKE_S,Xe thể thao thép,2.0,4237776.0,1,9.09
KH-00552,CỬA HÀNG XE ĐẠP YÊN BÌNH,KIDBIKE_1,Xe trẻ em nhóm 1,3.0,3551388.0,1,52.99
KH-00552,CỬA HÀNG XE ĐẠP YÊN BÌNH,CITYBIKE_P,Xe phổ thông,2.0,3149999.0,1,47.01
KH-00553,CÔNG TY CỔ PHẦN SƠN HÀ,CITYBIKE_P,Xe phổ thông,88.0,148053304.0,7,71.85
KH-00553,CÔNG TY CỔ PHẦN SƠN HÀ,KIDBIKE_1,Xe trẻ em nhóm 1,20.0,27088971.0,3,13.15
KH-00553,CÔNG TY CỔ PHẦN SƠN HÀ,KIDBIKE_2,Xe trẻ em nhóm 2,23.0,21220536.0,3,10.3
KH-00553,CÔNG TY CỔ PHẦN SƠN HÀ,SPORTBIKE_S,Xe thể thao thép,4.0,9683887.0,3,4.7
KH-00554,CÔNG TY CỔ PHẦN THƯƠNG MẠI SÁN LẠP,CITYBIKE_P,Xe phổ thông,11.0,17410551.0,1,100.0
KH-00555,CỬA HÀNG XE ĐẠP TRƯỜNG THỊNH,CITYBIKE_P,Xe phổ thông,5.0,7844442.0,1,68.0
KH-00555,CỬA HÀNG XE ĐẠP TRƯỜNG THỊNH,KIDBIKE_1,Xe trẻ em nhóm 1,3.0,3692036.0,1,32.0
KH-00556,DOANH NGHIỆP TW THIÊN AN,CITYBIKE_P,Xe phổ thông,23.0,36464436.0,3,52.86
KH-00556,DOANH NGHIỆP TW THIÊN AN,KIDBIKE_1,Xe trẻ em nhóm 1,15.0,18321290.0,2,26.56
KH-00556,DOANH NGHIỆP TW THIÊN AN,KIDBIKE_2,Xe trẻ em nhóm 2,13.0,12087211.0,2,17.52
KH-00556,DOANH NGHIỆP TW THIÊN AN,SPORTBIKE_S,Xe thể thao thép,1.0,2105000.0,1,3.05
KH-00557,CÔNG TY TNHH THƯƠNG MẠI MINH PHƯƠNG,CITYBIKE_P,Xe phổ thông,41.0,61727209.0,4,80.34
KH-00557,CÔNG TY TNHH THƯƠNG MẠI MINH PHƯƠNG,SPORTBIKE_S,Xe thể thao thép,5.0,10594440.0,1,13.79
KH-00557,CÔNG TY TNHH THƯƠNG MẠI MINH PHƯƠNG,KIDBIKE_1,Xe trẻ em nhóm 1,2.0,2621110.0,1,3.41
KH-00557,CÔNG TY TNHH THƯƠNG MẠI MINH PHƯƠNG,KIDBIKE_2,Xe trẻ em nhóm 2,2.0,1887776.0,1,2.46
KH-00558,CÔNG TY CỔ PHẦN THƯƠNG MẠI SƠN HÀ,CITYBIKE_P,Xe phổ thông,37.0,61568876.0,3,83.45
KH-00558,CÔNG TY CỔ PHẦN THƯƠNG MẠI SƠN HÀ,KIDBIKE_2,Xe trẻ em nhóm 2,13.0,12206657.0,3,16.55
KH-00559,CÔNG TY TNHH THƯƠNG MẠI TÂY BẮC,CITYBIKE_P,Xe phổ thông,9.0,14663886.0,1,58.06
KH-00559,CÔNG TY TNHH THƯƠNG MẠI TÂY BẮC,SPORTBIKE_S,Xe thể thao thép,5.0,10594440.0,1,41.94
KH-00560,CÔNG TY CỔ PHẦN THƯƠNG MẠI NGỌC ANH,CITYBIKE_P,Xe phổ thông,20.0,34757217.0,1,100.0
KH-00561,CÔNG TY TNHH THƯƠNG MẠI VĨNH PHÁT,CITYBIKE_P,Xe phổ thông,20.0,32972771.0,1,92.56
KH-00561,CÔNG TY TNHH THƯƠNG MẠI VĨNH PHÁT,KIDBIKE_1,Xe trẻ em nhóm 1,2.0,2648888.0,1,7.44
KH-00562,CÔNG TY CỔ PHẦN THƯƠNG MẠI NAM TIẾN,CITYBIKE_P,Xe phổ thông,12.0,20476665.0,1,56.52
KH-00562,CÔNG TY CỔ PHẦN THƯƠNG MẠI NAM TIẾN,SPORTBIKE_S,Xe thể thao thép,4.0,10275554.0,1,28.36
KH-00562,CÔNG TY CỔ PHẦN THƯƠNG MẠI NAM TIẾN,KIDBIKE_2,Xe trẻ em nhóm 2,6.0,5479995.0,1,15.12
KH-00563,HỘ KINH DOANH YÊN BÌNH,CITYBIKE_P,Xe phổ thông,11.0,18791663.0,1,93.42
KH-00563,HỘ KINH DOANH YÊN BÌNH,KIDBIKE_1,Xe trẻ em nhóm 1,1.0,1324444.0,1,6.58
KH-00564,CỬA HÀNG XE ĐẠP SÁN LẠP,CITYBIKE_P,Xe phổ thông,31.0,52519989.0,3,87.06
KH-00564,CỬA HÀNG XE ĐẠP SÁN LẠP,KIDBIKE_1,Xe trẻ em nhóm 1,3.0,3973332.0,2,6.59
KH-00564,CỬA HÀNG XE ĐẠP SÁN LẠP,KIDBIKE_2,Xe trẻ em nhóm 2,4.0,3831108.0,1,6.35
KH-00565,CÔNG TY CỔ PHẦN THƯƠNG MẠI KHẢI HOÀN,CITYBIKE_P,Xe phổ thông,56.0,87882201.0,1,94.6
KH-00565,CÔNG TY CỔ PHẦN THƯƠNG MẠI KHẢI HOÀN,KIDBIKE_1,Xe trẻ em nhóm 1,4.0,5016480.0,1,5.4
KH-00566,DOANH NGHIỆP TW PHÚ THỊNH,CITYBIKE_P,Xe phổ thông,19.0,33292217.0,1,100.0
KH-00567,CÔNG TY CỔ PHẦN THƯƠNG MẠI SƠN HÀ,CITYBIKE_P,Xe phổ thông,15.0,23239994.0,1,94.61
KH-00567,CÔNG TY CỔ PHẦN THƯƠNG MẠI SƠN HÀ,KIDBIKE_1,Xe trẻ em nhóm 1,1.0,1324444.0,1,5.39
KH-00568,DOANH NGHIỆP TW NGỌC ANH,CITYBIKE_P,Xe phổ thông,40.0,68605540.0,2,78.46
KH-00568,DOANH NGHIỆP TW NGỌC ANH,KIDBIKE_1,Xe trẻ em nhóm 1,10.0,13174995.0,2,15.07
KH-00568,DOANH NGHIỆP TW NGỌC ANH,KIDBIKE_2,Xe trẻ em nhóm 2,6.0,5663328.0,1,6.48
KH-00569,CÔNG TY TNHH VẠN LỢI,CITYBIKE_P,Xe phổ thông,14.0,22709993.0,1,58.59
KH-00569,CÔNG TY TNHH VẠN LỢI,KIDBIKE_1,Xe trẻ em nhóm 1,8.0,10385459.0,2,26.8
KH-00569,CÔNG TY TNHH VẠN LỢI,KIDBIKE_2,Xe trẻ em nhóm 2,6.0,5663328.0,1,14.61
KH-00570,HỘ KINH DOANH TOÀN THẮNG,CITYBIKE_P,Xe phổ thông,23.0,37347764.0,3,89.54
KH-00570,HỘ KINH DOANH TOÀN THẮNG,KIDBIKE_1,Xe trẻ em nhóm 1,2.0,2508240.0,1,6.01
KH-00570,HỘ KINH DOANH TOÀN THẮNG,KIDBIKE_2,Xe trẻ em nhóm 2,2.0,1854443.0,1,4.45
KH-00571,CỬA HÀNG XE ĐẠP THUỶ TIÊN,CITYBIKE_P,Xe phổ thông,13.0,21433325.0,2,49.48
KH-00571,CỬA HÀNG XE ĐẠP THUỶ TIÊN,KIDBIKE_1,Xe trẻ em nhóm 1,9.0,11287959.0,2,26.06
KH-00571,CỬA HÀNG XE ĐẠP THUỶ TIÊN,SPORTBIKE_S,Xe thể thao thép,5.0,10594440.0,1,24.46
KH-00572,CÔNG TY CỔ PHẦN THƯƠNG MẠI VIỆT ANH,CITYBIKE_P,Xe phổ thông,15.0,24553884.0,1,85.28
KH-00572,CÔNG TY CỔ PHẦN THƯƠNG MẠI VIỆT ANH,SPORTBIKE_S,Xe thể thao thép,2.0,4237776.0,1,14.72
KH-00573,DOANH NGHIỆP TW THANH BÌNH,CITYBIKE_P,Xe phổ thông,8.0,13015552.0,1,79.61
KH-00573,DOANH NGHIỆP TW THANH BÌNH,KIDBIKE_1,Xe trẻ em nhóm 1,2.0,3333332.0,1,20.39
KH-00575,CÔNG TY CỔ PHẦN THƯƠNG MẠI NAM TIẾN,CITYBIKE_P,Xe phổ thông,30.0,48349980.0,1,100.0
KH-00576,DOANH NGHIỆP TW THIÊN AN,CITYBIKE_P,Xe phổ thông,6.0,9266664.0,1,76.33
KH-00576,DOANH NGHIỆP TW THIÊN AN,KIDBIKE_2,Xe trẻ em nhóm 2,3.0,2873331.0,1,23.67
KH-00577,CÔNG TY CỔ PHẦN THƯƠNG MẠI ĐẠI DƯƠNG,CITYBIKE_P,Xe phổ thông,13.0,20273329.0,1,54.83
KH-00577,CÔNG TY CỔ PHẦN THƯƠNG MẠI ĐẠI DƯƠNG,KIDBIKE_1,Xe trẻ em nhóm 1,9.0,12463792.0,1,33.71
KH-00577,CÔNG TY CỔ PHẦN THƯƠNG MẠI ĐẠI DƯƠNG,SPORTBIKE_S,Xe thể thao thép,2.0,4237776.0,1,11.46
KH-00578,DOANH NGHIỆP TW NGỌC ANH,CITYBIKE_P,Xe phổ thông,12.0,18761110.0,2,72.77
KH-00578,DOANH NGHIỆP TW NGỌC ANH,KIDBIKE_1,Xe trẻ em nhóm 1,6.0,7019442.0,1,27.23
KH-00580,CÔNG TY CỔ PHẦN THƯƠNG MẠI LONG PHÚ,CITYBIKE_P,Xe phổ thông,12.0,19694443.0,1,100.0
KH-00581,DOANH NGHIỆP TW SƠN HÀ,CITYBIKE_P,Xe phổ thông,7.0,10982216.0,1,100.0
KH-00582,HỘ KINH DOANH LONG PHÚ,CITYBIKE_P,Xe phổ thông,9.0,15769998.0,1,66.49
KH-00582,HỘ KINH DOANH LONG PHÚ,KIDBIKE_1,Xe trẻ em nhóm 1,6.0,7946664.0,1,33.51
KH-00583,CÔNG TY TNHH THƯƠNG MẠI THANH BÌNH,CITYBIKE_P,Xe phổ thông,5.0,8003330.0,1,70.15
KH-00583,CÔNG TY TNHH THƯƠNG MẠI THANH BÌNH,KIDBIKE_1,Xe trẻ em nhóm 1,3.0,3406018.0,1,29.85
KH-00584,CÔNG TY TNHH CHI THÀNH,CITYBIKE_P,Xe phổ thông,60.0,97522210.0,4,72.27
KH-00584,CÔNG TY TNHH CHI THÀNH,KIDBIKE_2,Xe trẻ em nhóm 2,21.0,19599427.0,4,14.52
KH-00584,CÔNG TY TNHH CHI THÀNH,KIDBIKE_1,Xe trẻ em nhóm 1,12.0,17821659.0,4,13.21
KH-00585,CÔNG TY TNHH TÂY BẮC,CITYBIKE_P,Xe phổ thông,20.0,31499990.0,1,71.52
KH-00585,CÔNG TY TNHH TÂY BẮC,KIDBIKE_1,Xe trẻ em nhóm 1,10.0,12541200.0,1,28.48
KH-00586,CÔNG TY CỔ PHẦN THƯƠNG MẠI MINH PHƯƠNG,CITYBIKE_P,Xe phổ thông,38.0,61499985.0,1,71.21
KH-00586,CÔNG TY CỔ PHẦN THƯƠNG MẠI MINH PHƯƠNG,SPORTBIKE_S,Xe thể thao thép,5.0,11816664.0,1,13.68
KH-00586,CÔNG TY CỔ PHẦN THƯƠNG MẠI MINH PHƯƠNG,KIDBIKE_1,Xe trẻ em nhóm 1,8.0,10173608.0,1,11.78
KH-00586,CÔNG TY CỔ PHẦN THƯƠNG MẠI MINH PHƯƠNG,KIDBIKE_2,Xe trẻ em nhóm 2,3.0,2873331.0,1,3.33
KH-00587,DOANH NGHIỆP TW AN PHÁT,CITYBIKE_P,Xe phổ thông,8.0,13968886.0,1,100.0
KH-00588,CÔNG TY CỔ PHẦN TÂY BẮC,CITYBIKE_P,Xe phổ thông,12.0,20476665.0,1,88.65
KH-00588,CÔNG TY CỔ PHẦN TÂY BẮC,KIDBIKE_1,Xe trẻ em nhóm 1,2.0,2621110.0,1,11.35
KH-00589,DOANH NGHIỆP TW KHẢI HOÀN,CITYBIKE_P,Xe phổ thông,7.0,16527777.0,1,100.0
KH-00590,CÔNG TY TNHH TOÀN THẮNG,CITYBIKE_P,Xe phổ thông,1.0,2268519.0,1,100.0
KH-00592,CỬA HÀNG XE ĐẠP SÁN LẠP,CITYBIKE_P,Xe phổ thông,6.0,14944444.0,1,100.0
KH-00593,CÔNG TY CỔ PHẦN NGỌC ANH,CITYBIKE_P,Xe phổ thông,2.0,5185186.0,2,100.0
KH-00594,DOANH NGHIỆP TW LONG PHÚ,CITYBIKE_P,Xe phổ thông,52.0,81874430.0,1,53.94
KH-00594,DOANH NGHIỆP TW LONG PHÚ,KIDBIKE_2,Xe trẻ em nhóm 2,69.0,63356053.0,2,41.74
KH-00594,DOANH NGHIỆP TW LONG PHÚ,KIDBIKE_1,Xe trẻ em nhóm 1,5.0,6552775.0,1,4.32
KH-00595,CÔNG TY CỔ PHẦN THƯƠNG MẠI YÊN BÌNH,CITYBIKE_P,Xe phổ thông,10.0,15659998.0,1,61.12
KH-00595,CÔNG TY CỔ PHẦN THƯƠNG MẠI YÊN BÌNH,KIDBIKE_1,Xe trẻ em nhóm 1,4.0,5242220.0,1,20.46
KH-00595,CÔNG TY CỔ PHẦN THƯƠNG MẠI YÊN BÌNH,KIDBIKE_2,Xe trẻ em nhóm 2,5.0,4719440.0,1,18.42
KH-00596,DOANH NGHIỆP TW THUỶ TIÊN,CITYBIKE_P,Xe phổ thông,11.0,18437218.0,1,100.0
KH-00597,CÔNG TY TNHH THƯƠNG MẠI PHÚ THỊNH,KIDBIKE_1,Xe trẻ em nhóm 1,5.0,6552775.0,1,41.76
KH-00597,CÔNG TY TNHH THƯƠNG MẠI PHÚ THỊNH,KIDBIKE_2,Xe trẻ em nhóm 2,6.0,5541106.0,1,35.31
KH-00597,CÔNG TY TNHH THƯƠNG MẠI PHÚ THỊNH,CITYBIKE_P,Xe phổ thông,2.0,3598888.0,1,22.93
KH-00598,DOANH NGHIỆP TW SƠN HÀ,CITYBIKE_P,Xe phổ thông,8.0,13442218.0,1,64.68
KH-00598,DOANH NGHIỆP TW SƠN HÀ,KIDBIKE_2,Xe trẻ em nhóm 2,5.0,4719440.0,1,22.71
KH-00598,DOANH NGHIỆP TW SƠN HÀ,KIDBIKE_1,Xe trẻ em nhóm 1,2.0,2621110.0,1,12.61
KH-00599,CÔNG TY CỔ PHẦN XÂY DỰNG,CITYBIKE_P,Xe phổ thông,14.0,22759997.0,1,100.0
KH-00600,CỬA HÀNG XE ĐẠP TOÀN THẮNG,CITYBIKE_P,Xe phổ thông,12.0,19515548.0,1,100.0
KH-00601,HỘ KINH DOANH PHÚ THỊNH,CITYBIKE_P,Xe phổ thông,4.0,6342222.0,1,82.87
KH-00601,HỘ KINH DOANH PHÚ THỊNH,KIDBIKE_1,Xe trẻ em nhóm 1,1.0,1310555.0,1,17.13
KH-00602,CÔNG TY TNHH THƯƠNG MẠI THIÊN AN,KIDBIKE_1,Xe trẻ em nhóm 1,3.0,3931665.0,1,37.94
KH-00602,CÔNG TY TNHH THƯƠNG MẠI THIÊN AN,CITYBIKE_P,Xe phổ thông,2.0,3598888.0,1,34.73
KH-00602,CÔNG TY TNHH THƯƠNG MẠI THIÊN AN,KIDBIKE_2,Xe trẻ em nhóm 2,3.0,2831664.0,1,27.33
KH-00603,CÔNG TY CỔ PHẦN QUANG VINH,CITYBIKE_P,Xe phổ thông,25.0,40402775.0,1,100.0
KH-00604,CÔNG TY CỔ PHẦN THƯƠNG MẠI PHÚC AN,CITYBIKE_P,Xe phổ thông,13.0,21620553.0,1,100.0
KH-00605,CÔNG TY CỔ PHẦN VĨNH PHÁT,CITYBIKE_P,Xe phổ thông,94.0,148027738.0,8,82.0
KH-00605,CÔNG TY CỔ PHẦN VĨNH PHÁT,KIDBIKE_1,Xe trẻ em nhóm 1,21.0,26396471.0,4,14.62
KH-00605,CÔNG TY CỔ PHẦN VĨNH PHÁT,SPORTBIKE_S,Xe thể thao thép,2.0,4210000.0,1,2.33
KH-00605,CÔNG TY CỔ PHẦN VĨNH PHÁT,KIDBIKE_2,Xe trẻ em nhóm 2,2.0,1887776.0,1,1.05
KH-00606,CỬA HÀNG XE ĐẠP BÌNH MINH,CITYBIKE_P,Xe phổ thông,4.0,6708888.0,1,100.0
KH-00607,CÔNG TY TNHH TÚ ANH,CITYBIKE_P,Xe phổ thông,30.0,46747774.0,3,83.6
KH-00607,CÔNG TY TNHH TÚ ANH,KIDBIKE_1,Xe trẻ em nhóm 1,7.0,9173885.0,1,16.4
KH-00608,CÔNG TY TNHH THƯƠNG MẠI TÚ ANH,CITYBIKE_P,Xe phổ thông,25.0,42572215.0,2,94.0
KH-00608,CÔNG TY TNHH THƯƠNG MẠI TÚ ANH,SPORTBIKE_S,Xe thể thao thép,1.0,2716111.0,1,6.0
KH-00609,DOANH NGHIỆP TW NGỌC ANH,KIDBIKE_1,Xe trẻ em nhóm 1,18.0,22605454.0,2,57.24
KH-00609,DOANH NGHIỆP TW NGỌC ANH,CITYBIKE_P,Xe phổ thông,8.0,13112221.0,2,33.2
KH-00609,DOANH NGHIỆP TW NGỌC ANH,KIDBIKE_2,Xe trẻ em nhóm 2,4.0,3775552.0,1,9.56
KH-00610,DOANH NGHIỆP TW HÙNG CƯỜNG,CITYBIKE_P,Xe phổ thông,10.0,16649998.0,1,87.68
KH-00610,DOANH NGHIỆP TW HÙNG CƯỜNG,KIDBIKE_1,Xe trẻ em nhóm 1,2.0,2339814.0,1,12.32
KH-00611,CÔNG TY TNHH VIỆT ANH,CITYBIKE_P,Xe phổ thông,11.0,17630551.0,1,100.0
KH-00612,DOANH NGHIỆP TW XÂY DỰNG,CITYBIKE_P,Xe phổ thông,12.0,19429998.0,1,55.71
KH-00612,DOANH NGHIỆP TW XÂY DỰNG,KIDBIKE_2,Xe trẻ em nhóm 2,10.0,9133325.0,1,26.19
KH-00612,DOANH NGHIỆP TW XÂY DỰNG,SPORTBIKE_S,Xe thể thao thép,3.0,6315000.0,1,18.11
KH-00613,DOANH NGHIỆP TW HÙNG CƯỜNG,KIDBIKE_1,Xe trẻ em nhóm 1,5.0,6552775.0,1,100.0
KH-00614,CỬA HÀNG XE ĐẠP NAM TIẾN,CITYBIKE_P,Xe phổ thông,15.0,24559441.0,1,73.32
KH-00614,CỬA HÀNG XE ĐẠP NAM TIẾN,SPORTBIKE_S,Xe thể thao thép,3.0,6315000.0,1,18.85
KH-00614,CỬA HÀNG XE ĐẠP NAM TIẾN,KIDBIKE_1,Xe trẻ em nhóm 1,2.0,2621110.0,1,7.83
KH-00615,CÔNG TY CỔ PHẦN THƯƠNG MẠI QUANG VINH,CITYBIKE_P,Xe phổ thông,14.0,21476662.0,1,78.03
KH-00615,CÔNG TY CỔ PHẦN THƯƠNG MẠI QUANG VINH,KIDBIKE_1,Xe trẻ em nhóm 1,4.0,5101572.0,1,18.54
KH-00615,CÔNG TY CỔ PHẦN THƯƠNG MẠI QUANG VINH,KIDBIKE_2,Xe trẻ em nhóm 2,1.0,943888.0,1,3.43
KH-00616,CÔNG TY CỔ PHẦN TRÍ ĐỨC,CITYBIKE_P,Xe phổ thông,1.0,2768519.0,1,100.0
KH-00618,HỘ KINH DOANH ĐÔNG NAM,SPORTBIKE_S,Xe thể thao thép,3.0,6315000.0,1,100.0
KH-00619,CỬA HÀNG XE ĐẠP VĨNH PHÁT,SPORTBIKE_S,Xe thể thao thép,1.0,3231481.0,1,100.0
KH-00621,CÔNG TY TNHH SƠN HÀ,CITYBIKE_P,Xe phổ thông,31.0,48070542.0,1,89.15
KH-00621,CÔNG TY TNHH SƠN HÀ,KIDBIKE_1,Xe trẻ em nhóm 1,5.0,5849535.0,1,10.85
KH-00622,CÔNG TY CỔ PHẦN XUÂN MAI,KIDBIKE_1,Xe trẻ em nhóm 1,8.0,10606292.0,1,86.95
KH-00622,CÔNG TY CỔ PHẦN XUÂN MAI,CITYBIKE_P,Xe phổ thông,1.0,1591666.0,1,13.05
