so_number,so_dong,so_sku_khac_nhau,so_nhom_sp,tong_sl,tong_tien,ngay_dat,ma_dai_ly,aov,ym,is_cross_sell
BH26.0394,10,10,1,309.0,685527778.0,2026-01-29,KH-00030,68552778.0,2026-01,0
BH25.0041,8,8,3,307.0,680818519.0,2025-01-16,KH-00030,85102315.0,2025-01,1
BH25.0471,34,34,4,491.0,643902862.0,2025-03-24,KH-00091,18938319.0,2025-03,1
BH25.0589,20,20,2,400.0,434000000.0,2025-03-27,KH-00091,21700000.0,2025-03,1
BH25.0639,21,21,3,475.0,414781314.0,2025-03-28,KH-00091,19751491.0,2025-03,1
BH26.0499,55,55,4,327.0,395720000.0,2026-02-04,KH-00091,7194909.0,2026-02,1
BH25.0566,25,25,4,302.0,371840000.0,2025-03-26,KH-00091,14873600.0,2025-03,1
BH25.0549,16,16,1,320.0,369600000.0,2025-03-25,KH-00091,23100000.0,2025-03,0
BH25.0442,33,33,4,226.0,312966432.0,2025-03-22,KH-00091,9483831.0,2025-03,1
BH25.0032,2,2,1,190.0,284648146.0,2025-01-13,KH-00023,142324073.0,2025-01,0
BH26.0645,30,23,2,189.0,270117118.0,2026-02-10,KH-00076,9003904.0,2026-02,1
BH26.0715,19,19,2,151.0,261758672.0,2026-02-13,KH-00658,13776772.0,2026-02,1
BH25.0124,4,4,2,184.0,261307407.0,2025-02-17,KH-00023,65326852.0,2025-02,1
BH26.0015,20,19,2,154.0,256653928.0,2026-01-12,KH-00341,12832696.0,2026-01,1
BH25.0490,20,20,5,131.0,256331573.0,2025-03-25,KH-00019,12816579.0,2025-03,1
BH25.0007,11,11,3,146.0,247541204.0,2025-01-08,KH-00007,22503746.0,2025-01,1
BH26.0339,31,30,2,156.0,247061617.0,2026-01-28,KH-00007,7969730.0,2026-01,1
BH26.0482,11,10,2,160.0,236854550.0,2026-01-31,KH-00379,21532232.0,2026-01,1
BH26.0641,20,20,2,143.0,225805050.0,2026-02-10,KH-00366,11290252.0,2026-02,1
BH26.0397,19,18,1,137.0,225626063.0,2026-01-29,KH-00341,11875056.0,2026-01,0
BH26.0085,21,20,1,130.0,220754936.0,2026-01-16,KH-00372,10512140.0,2026-01,0
BH26.0744,25,21,2,146.0,220593831.0,2026-02-13,KH-00341,8823753.0,2026-02,1
BH26.0093,13,13,2,129.0,218849952.0,2026-01-16,KH-00379,16834612.0,2026-01,1
BH26.0081,21,19,2,123.0,210780700.0,2026-01-16,KH-00076,10037176.0,2026-01,1
BH26.0122,39,39,4,172.0,207570000.0,2026-01-20,KH-00091,5322308.0,2026-01,1
BH26.0818,20,20,1,123.0,204911072.0,2026-02-25,KH-00134,10245554.0,2026-02,0
BH26.0707,21,15,1,128.0,204148849.0,2026-02-12,KH-00341,9721374.0,2026-02,0
BH26.0077,18,18,2,123.0,200177829.0,2026-01-16,KH-00366,11120990.0,2026-01,1
BH26.0560,1,1,1,130.0,198009258.0,2026-02-06,KH-00023,198009258.0,2026-02,0
BH26.0046,43,43,3,171.0,193600000.0,2026-01-14,KH-00091,4502326.0,2026-01,1
BH26.0327,2,1,1,125.0,193055500.0,2026-01-28,KH-00379,96527750.0,2026-01,0
BH25.0054,1,1,1,103.0,185400000.0,2025-01-21,KH-00040,185400000.0,2025-01,0
BH26.0363,22,21,2,117.0,184647739.0,2026-01-28,KH-00491,8393079.0,2026-01,1
BH26.0913,46,46,3,179.0,181120000.0,2026-02-27,KH-00091,3937391.0,2026-02,1
BH26.0626,62,55,3,124.0,176865506.0,2026-02-10,KH-00387,2852669.0,2026-02,1
BH25.0525,24,24,2,150.0,173910000.0,2025-03-25,KH-00277,7246250.0,2025-03,1
BH26.0891,18,18,1,105.0,173657752.0,2026-02-27,KH-00372,9647653.0,2026-02,0
BH25.0491,5,5,3,65.0,168779724.0,2025-03-25,KH-00019,33755945.0,2025-03,1
BH26.0586,19,17,2,108.0,167804584.0,2026-02-07,KH-00626,8831820.0,2026-02,1
BH25.0284,19,19,5,79.0,165763887.0,2025-03-17,KH-00173,8724415.0,2025-03,1
BH26.0508,31,30,3,103.0,165334944.0,2026-02-04,KH-00415,5333385.0,2026-02,1
BH26.0102,62,62,3,104.0,160507270.0,2026-01-17,KH-00387,2588827.0,2026-01,1
BH26.0496,26,23,3,128.0,159354372.0,2026-02-04,KH-00594,6129014.0,2026-02,1
BH26.0444,33,33,4,128.0,157190000.0,2026-01-31,KH-00091,4763333.0,2026-01,1
BH25.0053,6,6,3,60.0,153703695.0,2025-01-21,KH-00039,25617282.0,2025-01,1
BH25.0514,21,21,2,130.0,153560000.0,2025-03-25,KH-00057,7312381.0,2025-03,1
BH26.0478,82,82,4,83.0,152828578.0,2026-01-31,KH-00586,1863763.0,2026-01,1
BH25.0078,18,18,4,149.0,152555152.0,2025-02-10,KH-00057,8475286.0,2025-02,1
BH26.0873,37,37,2,80.0,150842751.0,2026-02-26,KH-00349,4076831.0,2026-02,1
BH25.0304,13,13,2,130.0,150700000.0,2025-03-18,KH-00098,11592308.0,2025-03,1
BH26.0617,11,11,1,95.0,149203855.0,2026-02-09,KH-00372,13563987.0,2026-02,0
BH25.0268,20,20,5,78.0,148823888.0,2025-03-13,KH-00173,7441194.0,2025-03,1
BH26.0665,53,53,3,134.0,147090000.0,2026-02-12,KH-00091,2775283.0,2026-02,1
BH25.0092,12,12,4,95.0,146970185.0,2025-02-11,KH-00019,12247515.0,2025-02,1
BH26.0736,8,6,2,103.0,146384126.0,2026-02-13,KH-00147,18298016.0,2026-02,1
BH25.0272,19,19,2,103.0,145317087.0,2025-03-14,KH-00181,7648268.0,2025-03,1
BH26.0003,4,4,2,100.0,145055555.0,2026-01-06,KH-00334,36263889.0,2026-01,1
BH25.0247,14,14,3,90.0,144824168.0,2025-03-01,KH-00019,10344583.0,2025-03,1
BH25.0125,9,9,1,77.0,141519023.0,2025-02-17,KH-00091,15724336.0,2025-02,0
BH25.0246,1,1,1,82.0,138944444.0,2025-02-28,KH-00172,138944444.0,2025-02,0
BH25.0339,32,32,4,118.0,138570000.0,2025-03-20,KH-00065,4330312.0,2025-03,1
BH25.0122,18,18,3,115.0,138392643.0,2025-02-14,KH-00089,7688480.0,2025-02,1
BH26.0039,37,35,4,94.0,136511444.0,2026-01-13,KH-00360,3689498.0,2026-01,1
BH26.0385,30,29,2,82.0,135639972.0,2026-01-28,KH-00536,4521332.0,2026-01,1
BH25.0025,19,19,4,80.0,133373979.0,2025-01-11,KH-00019,7019683.0,2025-01,1
BH26.0029,10,10,2,94.0,132760000.0,2026-01-12,KH-00091,13276000.0,2026-01,1
BH25.0652,1,1,1,76.0,128777777.0,2025-03-31,KH-00172,128777777.0,2025-03,0
BH25.0182,9,8,1,81.0,128609691.0,2025-02-21,KH-00134,14289966.0,2025-02,0
BH25.0429,19,19,3,108.0,126890000.0,2025-03-22,KH-00247,6678421.0,2025-03,1
BH25.0020,2,2,1,60.0,124583332.0,2025-01-11,KH-00020,62291666.0,2025-01,0
BH26.0694,22,18,2,78.0,123349417.0,2026-02-12,KH-00463,5606792.0,2026-02,1
BH26.0890,18,18,2,73.0,122039695.0,2026-02-27,KH-00364,6779983.0,2026-02,1
BH26.0571,16,16,3,113.0,121858724.0,2026-02-07,KH-00402,7616170.0,2026-02,1
BH26.0372,27,27,2,75.0,120795166.0,2026-01-28,KH-00529,4473895.0,2026-01,1
BH25.0636,44,44,5,85.0,119686001.0,2025-03-28,KH-00194,2720136.0,2025-03,1
BH25.0285,19,19,5,60.0,119613798.0,2025-03-17,KH-00173,6295463.0,2025-03,1
BH26.0203,18,16,4,68.0,119609411.0,2026-01-24,KH-00428,6644967.0,2026-01,1
BH26.0883,30,24,3,73.0,118223676.0,2026-02-27,KH-00698,3940789.0,2026-02,1
BH26.0368,32,32,3,69.0,116247012.0,2026-01-28,KH-00487,3632719.0,2026-01,1
BH26.0105,14,14,1,68.0,115930528.0,2026-01-19,KH-00134,8280752.0,2026-01,0
BH26.0758,19,19,1,72.0,115168308.0,2026-02-13,KH-00386,6061490.0,2026-02,0
BH25.0492,17,17,5,61.0,114730000.0,2025-03-25,KH-00173,6748824.0,2025-03,1
BH26.0159,13,13,3,72.0,112892751.0,2026-01-22,KH-00341,8684058.0,2026-01,1
BH25.0647,17,17,1,95.0,112130000.0,2025-03-29,KH-00057,6595882.0,2025-03,0
BH25.0488,13,13,5,48.0,111742683.0,2025-03-25,KH-00173,8595591.0,2025-03,1
BH25.0288,18,18,5,57.0,110651852.0,2025-03-17,KH-00173,6147325.0,2025-03,1
BH26.0193,1,1,1,50.0,110648148.0,2026-01-24,KH-00427,110648148.0,2026-01,0
BH26.0618,37,37,4,94.0,109880000.0,2026-02-09,KH-00091,2969730.0,2026-02,1
BH25.0198,40,40,3,120.0,108820000.0,2025-02-22,KH-00141,2720500.0,2025-02,1
BH25.0276,17,17,2,68.0,108164789.0,2025-03-17,KH-00046,6362635.0,2025-03,1
BH26.0893,10,7,2,69.0,107710180.0,2026-02-27,KH-00426,10771018.0,2026-02,1
BH26.0728,29,29,2,64.0,107085445.0,2026-02-13,KH-00364,3692602.0,2026-02,1
BH25.0364,16,16,1,89.0,106630000.0,2025-03-20,KH-00104,6664375.0,2025-03,0
BH25.0061,11,11,2,68.0,105677282.0,2025-01-24,KH-00046,9607026.0,2025-01,1
BH26.0887,30,30,3,63.0,105359230.0,2026-02-27,KH-00338,3511974.0,2026-02,1
BH26.0219,34,34,4,76.0,105260000.0,2026-01-24,KH-00091,3095882.0,2026-01,1
BH26.0070,26,26,4,82.0,105110000.0,2026-01-16,KH-00091,4042692.0,2026-01,1
BH25.0437,22,22,4,88.0,104730000.0,2025-03-22,KH-00132,4760455.0,2025-03,1
BH26.0018,27,23,1,64.0,103598860.0,2026-01-12,KH-00343,3836995.0,2026-01,0
BH26.0901,30,25,3,68.0,102714877.0,2026-02-27,KH-00374,3423829.0,2026-02,1
BH26.0606,11,11,0,39.0,102683313.0,2026-02-09,KH-00181,9334847.0,2026-02,0
BH26.0843,22,22,2,58.0,102644415.0,2026-02-26,KH-00658,4665655.0,2026-02,1
BH25.0330,34,34,3,87.0,101950000.0,2025-03-19,KH-00083,2998529.0,2025-03,1
BH26.0150,20,20,3,56.0,100248865.0,2026-01-22,KH-00405,5012443.0,2026-01,1
BH26.0002,4,4,2,70.0,99749999.0,2026-01-06,KH-00334,24937500.0,2026-01,1
BH26.0373,12,12,3,58.0,98625346.0,2026-01-28,KH-00366,8218779.0,2026-01,1
BH26.0144,27,25,3,59.0,98614425.0,2026-01-22,KH-00024,3652386.0,2026-01,1
BH26.0025,12,12,1,59.0,98596082.0,2026-01-12,KH-00350,8216340.0,2026-01,0
BH26.0298,9,7,1,61.0,98378862.0,2026-01-27,KH-00491,10930985.0,2026-01,0
BH26.0434,28,28,2,64.0,98196457.0,2026-01-30,KH-00565,3507016.0,2026-01,1
BH26.0713,31,24,3,60.0,97913309.0,2026-02-13,KH-00342,3158494.0,2026-02,1
BH26.0313,45,45,2,51.0,96427756.0,2026-01-27,KH-00499,2142839.0,2026-01,1
BH26.0583,29,18,1,56.0,95727208.0,2026-02-07,KH-00624,3300938.0,2026-02,0
BH26.0884,10,10,1,55.0,95455535.0,2026-02-27,KH-00553,9545554.0,2026-02,0
BH26.0823,18,16,3,60.0,95224982.0,2026-02-25,KH-00687,5290277.0,2026-02,1
BH25.0586,31,31,4,68.0,94268000.0,2025-03-27,KH-00075,3040903.0,2025-03,1
BH25.0365,18,18,2,79.0,93740000.0,2025-03-20,KH-00132,5207778.0,2025-03,1
BH25.0135,13,13,1,80.0,93690000.0,2025-02-17,KH-00098,7206923.0,2025-02,0
BH25.0248,12,12,3,54.0,93419538.0,2025-03-01,KH-00173,7784962.0,2025-03,1
BH26.0462,13,13,1,54.0,93409978.0,2026-01-31,KH-00169,7185383.0,2026-01,0
BH25.0643,28,28,4,78.0,93303006.0,2025-03-29,KH-00147,3332250.0,2025-03,1
BH26.0117,16,16,3,57.0,93184508.0,2026-01-19,KH-00396,5824032.0,2026-01,1
BH25.0510,6,6,2,56.0,92709244.0,2025-03-25,KH-00134,15451541.0,2025-03,1
BH26.0069,21,20,2,54.0,92652204.0,2026-01-16,KH-00364,4412010.0,2026-01,1
BH26.0838,26,26,2,59.0,92160534.0,2026-02-26,KH-00690,3544636.0,2026-02,1
BH26.0824,15,14,2,60.0,91918866.0,2026-02-25,KH-00624,6127924.0,2026-02,1
BH26.0158,9,9,2,55.0,91880535.0,2026-01-22,KH-00410,10208948.0,2026-01,1
BH25.0311,32,32,4,76.0,91470000.0,2025-03-19,KH-00065,2858438.0,2025-03,1
BH26.0852,27,24,3,60.0,90232015.0,2026-02-26,KH-00342,3341926.0,2026-02,1
BH25.0449,35,35,4,77.0,89710000.0,2025-03-24,KH-00065,2563143.0,2025-03,1
BH25.0241,24,24,3,77.0,89420000.0,2025-02-26,KH-00169,3725833.0,2025-02,1
BH25.0146,11,11,2,70.0,88360000.0,2025-02-19,KH-00106,8032727.0,2025-02,1
BH26.0523,16,16,2,50.0,88254980.0,2026-02-04,KH-00426,5515936.0,2026-02,1
BH26.0027,13,12,1,54.0,88007574.0,2026-01-12,KH-00352,6769813.0,2026-01,0
BH25.0350,20,20,3,55.0,87961924.0,2025-03-20,KH-00151,4398096.0,2025-03,1
BH25.0021,1,1,1,40.0,87037037.0,2025-01-11,KH-00021,87037037.0,2025-01,0
BH26.0502,20,20,2,46.0,86966648.0,2026-02-04,KH-00551,4348332.0,2026-02,1
BH26.0755,15,13,1,51.0,86467208.0,2026-02-13,KH-00463,5764481.0,2026-02,0
BH26.0737,32,32,3,63.0,86289695.0,2026-02-13,KH-00666,2696553.0,2026-02,1
BH25.0550,31,31,5,47.0,86224051.0,2025-03-26,KH-00161,2781421.0,2025-03,1
BH25.0417,30,29,4,77.0,85882962.0,2025-03-21,KH-00197,2862765.0,2025-03,1
BH26.0933,1,1,1,50.0,84722222.0,2026-02-28,KH-00172,84722222.0,2026-02,0
BH26.0318,8,7,2,47.0,84487214.0,2026-01-28,KH-00076,10560902.0,2026-01,1
BH26.0655,25,25,4,50.0,84404971.0,2026-02-11,KH-00646,3376199.0,2026-02,1
BH25.0289,17,17,5,41.0,84357777.0,2025-03-17,KH-00173,4962222.0,2025-03,1
BH26.0647,4,4,1,40.0,84074072.0,2026-02-11,KH-00641,21018518.0,2026-02,0
BH26.0285,24,24,2,52.0,83684423.0,2026-01-27,KH-00483,3486851.0,2026-01,1
BH26.0492,26,24,4,54.0,83676273.0,2026-02-04,KH-00168,3218318.0,2026-02,1
BH25.0479,31,31,2,70.0,83590000.0,2025-03-24,KH-00266,2696452.0,2025-03,1
BH26.0782,3,3,1,30.0,83274075.0,2026-02-24,KH-00019,27758025.0,2026-02,0
BH26.0259,12,11,1,51.0,83166655.0,2026-01-26,KH-00463,6930555.0,2026-01,0
BH26.0319,18,17,3,50.0,83015809.0,2026-01-28,KH-00181,4611989.0,2026-01,1
BH26.0300,19,16,1,50.0,83015536.0,2026-01-27,KH-00458,4369239.0,2026-01,0
BH26.0633,20,18,2,62.0,82732932.0,2026-02-10,KH-00349,4136647.0,2026-02,1
BH26.0152,21,21,2,50.0,82642778.0,2026-01-22,KH-00406,3935370.0,2026-01,1
BH26.0773,31,31,3,83.0,82540000.0,2026-02-23,KH-00091,2662581.0,2026-02,1
BH25.0029,14,14,3,48.0,82525463.0,2025-01-13,KH-00019,5894676.0,2025-01,1
BH25.0451,24,24,4,71.0,82460000.0,2025-03-24,KH-00193,3435833.0,2025-03,1
BH26.0724,17,13,2,53.0,82456644.0,2026-02-13,KH-00415,4850391.0,2026-02,1
BH26.0243,20,18,2,49.0,82253317.0,2026-01-24,KH-00455,4112666.0,2026-01,1
BH26.0780,3,3,2,42.0,81762592.0,2026-02-24,KH-00019,27254197.0,2026-02,1
BH26.0667,27,22,3,55.0,81484230.0,2026-02-12,KH-00018,3017934.0,2026-02,1
BH26.0675,21,20,2,50.0,81344610.0,2026-02-12,KH-00024,3873553.0,2026-02,1
BH26.0569,15,15,2,62.0,81211454.0,2026-02-07,KH-00010,5414097.0,2026-02,1
BH26.0495,4,4,0,26.0,80999999.0,2026-02-04,KH-00157,20250000.0,2026-02,0
BH25.0309,32,32,3,68.0,80740000.0,2025-03-19,KH-00065,2523125.0,2025-03,1
BH26.0825,35,35,3,76.0,80570000.0,2026-02-25,KH-00091,2302000.0,2026-02,1
BH25.0313,26,26,2,68.0,80386498.0,2025-03-19,KH-00193,3091788.0,2025-03,1
BH26.0474,16,15,2,51.0,80300542.0,2026-01-31,KH-00134,5018784.0,2026-01,1
BH26.0328,22,22,2,42.0,80052762.0,2026-01-28,KH-00349,3638762.0,2026-01,1
BH26.0735,27,27,2,46.0,79700538.0,2026-02-13,KH-00665,2951872.0,2026-02,1
BH25.0371,13,13,2,68.0,78680000.0,2025-03-20,KH-00057,6052308.0,2025-03,1
BH26.0666,11,11,1,45.0,78322761.0,2026-02-12,KH-00046,7120251.0,2026-02,0
BH26.0191,29,29,4,49.0,78216095.0,2026-01-23,KH-00425,2697107.0,2026-01,1
BH25.0106,21,21,3,60.0,78090000.0,2025-02-14,KH-00075,3718571.0,2025-02,1
BH26.0894,18,14,1,46.0,78068870.0,2026-02-27,KH-00495,4337159.0,2026-02,0
BH25.0489,5,5,3,30.0,77898332.0,2025-03-25,KH-00173,15579666.0,2025-03,1
BH26.0629,10,10,1,65.0,77455335.0,2026-02-10,KH-00379,7745534.0,2026-02,0
BH26.0031,30,30,3,45.0,77331372.0,2026-01-13,KH-00354,2577712.0,2026-01,1
BH26.0413,18,16,3,48.0,77016645.0,2026-01-29,KH-00386,4278702.0,2026-01,1
BH26.0603,10,10,4,44.0,76472407.0,2026-02-09,KH-00019,7647241.0,2026-02,1
BH26.0678,35,34,3,47.0,76427574.0,2026-02-12,KH-00377,2183645.0,2026-02,1
BH26.0284,23,22,2,46.0,76147943.0,2026-01-27,KH-00377,3310780.0,2026-01,1
BH26.0186,27,25,3,40.0,75644986.0,2026-01-23,KH-00421,2801666.0,2026-01,1
BH25.0590,26,26,5,43.0,75424072.0,2025-03-27,KH-00161,2900926.0,2025-03,1
BH26.0726,32,29,3,45.0,75352759.0,2026-02-13,KH-00390,2354774.0,2026-02,1
BH26.0145,24,18,2,42.0,75334150.0,2026-01-22,KH-00402,3138923.0,2026-01,1
BH26.0310,17,17,4,49.0,75275537.0,2026-01-27,KH-00374,4427973.0,2026-01,1
BH26.0784,4,4,1,28.0,75231853.0,2026-02-24,KH-00019,18807963.0,2026-02,0
BH25.0515,22,22,2,64.0,75190000.0,2025-03-25,KH-00217,3417727.0,2025-03,1
BH26.0057,2,2,1,26.0,74960927.0,2026-01-15,KH-00019,37480464.0,2026-01,0
BH26.0868,11,9,1,48.0,74542205.0,2026-02-26,KH-00453,6776564.0,2026-02,0
BH25.0183,16,16,2,59.0,74329035.0,2025-02-21,KH-00038,4645565.0,2025-02,1
BH26.0934,26,26,2,45.0,74234242.0,2026-02-28,KH-00702,2855163.0,2026-02,1
BH26.0676,14,12,1,46.0,73937759.0,2026-02-12,KH-00383,5281268.0,2026-02,0
BH25.0180,14,14,2,61.0,73740000.0,2025-02-20,KH-00132,5267143.0,2025-02,1
BH25.0195,34,34,3,50.0,73572860.0,2025-02-22,KH-00139,2163908.0,2025-02,1
BH26.0783,3,3,1,63.0,73342499.0,2026-02-24,KH-00019,24447500.0,2026-02,0
BH25.0370,14,14,1,63.0,73330000.0,2025-03-20,KH-00217,5237857.0,2025-03,0
BH26.0160,15,15,2,40.0,73304793.0,2026-01-22,KH-00027,4886986.0,2026-01,1
BH26.0785,7,7,3,53.0,73057315.0,2026-02-24,KH-00019,10436759.0,2026-02,1
BH26.0662,25,25,1,64.0,72601255.0,2026-02-12,KH-00194,2904050.0,2026-02,0
BH26.0111,8,8,3,49.0,72584440.0,2026-01-19,KH-00088,9073055.0,2026-01,1
BH26.0908,26,26,3,40.0,72564430.0,2026-02-27,KH-00469,2790940.0,2026-02,1
BH26.0162,15,12,1,42.0,72395541.0,2026-01-22,KH-00219,4826369.0,2026-01,0
BH26.0795,23,22,2,46.0,72031096.0,2026-02-24,KH-00680,3131787.0,2026-02,1
BH25.0038,1,1,1,60.0,72000000.0,2025-01-15,KH-00018,72000000.0,2025-01,0
BH26.0756,16,15,3,47.0,71912762.0,2026-02-13,KH-00169,4494548.0,2026-02,1
BH26.0541,6,6,1,46.0,71896645.0,2026-02-05,KH-00088,11982774.0,2026-02,0
BH25.0083,39,39,5,68.0,71840000.0,2025-02-10,KH-00062,1842051.0,2025-02,1
BH26.0115,17,17,1,45.0,71822204.0,2026-01-19,KH-00394,4224836.0,2026-01,0
BH26.0355,15,15,2,46.0,71704244.0,2026-01-28,KH-00520,4780283.0,2026-01,1
BH25.0030,15,15,4,41.0,71160834.0,2025-01-13,KH-00019,4744056.0,2025-01,1
BH25.0431,23,23,4,55.0,70953786.0,2025-03-22,KH-00248,3084947.0,2025-03,1
BH25.0199,14,14,1,60.0,70780000.0,2025-02-22,KH-00064,5055714.0,2025-02,0
BH25.0631,21,21,2,61.0,70640000.0,2025-03-28,KH-00314,3363810.0,2025-03,1
BH26.0912,5,4,1,43.0,70201657.0,2026-02-27,KH-00404,14040331.0,2026-02,0
BH26.0157,9,8,1,41.0,70166638.0,2026-01-22,KH-00385,7796293.0,2026-01,0
BH26.0654,29,29,3,47.0,69796832.0,2026-02-11,KH-00646,2406787.0,2026-02,1
BH26.0058,1,1,0,20.0,69727778.0,2026-01-15,KH-00019,69727778.0,2026-01,0
BH26.0053,1,1,0,20.0,69727778.0,2026-01-15,KH-00019,69727778.0,2026-01,0
BH26.0059,1,1,0,20.0,69727778.0,2026-01-15,KH-00019,69727778.0,2026-01,0
BH25.0140,6,6,1,60.0,69700000.0,2025-02-17,KH-00102,11616667.0,2025-02,0
BH25.0625,13,13,1,59.0,69440000.0,2025-03-28,KH-00132,5341538.0,2025-03,0
BH26.0882,28,22,2,44.0,69403870.0,2026-02-27,KH-00444,2478710.0,2026-02,1
BH26.0389,21,21,3,60.0,69100000.0,2026-01-28,KH-00091,3290476.0,2026-01,1
BH26.0288,15,12,2,36.0,69087021.0,2026-01-27,KH-00486,4605801.0,2026-01,1
BH26.0278,13,13,2,38.0,69020445.0,2026-01-26,KH-00477,5309265.0,2026-01,1
BH26.0078,11,11,2,37.0,68896093.0,2026-01-16,KH-00367,6263281.0,2026-01,1
BH25.0615,16,16,3,50.0,68880000.0,2025-03-28,KH-00064,4305000.0,2025-03,1
BH26.0757,9,7,1,39.0,68846094.0,2026-02-13,KH-00024,7649566.0,2026-02,0
BH26.0612,6,6,2,40.0,68781463.0,2026-02-09,KH-00423,11463577.0,2026-02,1
BH26.0428,12,11,1,38.0,68735540.0,2026-01-30,KH-00463,5727962.0,2026-01,0
BH26.0561,7,7,3,36.0,68715361.0,2026-02-06,KH-00408,9816480.0,2026-02,1
BH26.0804,13,12,2,45.0,68679428.0,2026-02-24,KH-00217,5283033.0,2026-02,1
BH26.0418,10,9,2,40.0,68628317.0,2026-01-29,KH-00557,6862832.0,2026-01,1
BH26.0810,17,17,3,46.0,68603868.0,2026-02-24,KH-00568,4035522.0,2026-02,1
BH26.0793,16,15,2,45.0,68568961.0,2026-02-24,KH-00466,4285560.0,2026-02,1
BH25.0322,20,20,3,52.0,68567405.0,2025-03-19,KH-00075,3428370.0,2025-03,1
BH26.0798,35,34,4,44.0,68428502.0,2026-02-24,KH-00338,1955100.0,2026-02,1
BH26.0049,4,4,1,24.0,68415926.0,2026-01-15,KH-00019,17103982.0,2026-01,0
BH26.0387,25,25,2,39.0,68250264.0,2026-01-28,KH-00538,2730011.0,2026-01,1
BH26.0563,2,2,1,30.0,68055555.0,2026-02-06,KH-00461,34027778.0,2026-02,0
BH26.0114,35,35,2,38.0,67906094.0,2026-01-19,KH-00393,1940174.0,2026-01,1
BH26.0743,13,9,2,51.0,67848217.0,2026-02-13,KH-00147,5219094.0,2026-02,1
BH26.0266,13,13,3,44.0,67682949.0,2026-01-26,KH-00007,5206381.0,2026-01,1
BH26.0879,10,9,1,40.0,67602202.0,2026-02-27,KH-00423,6760220.0,2026-02,0
BH26.0166,6,3,1,36.0,67516656.0,2026-01-22,KH-00076,11252776.0,2026-01,0
BH26.0650,27,27,3,42.0,67435354.0,2026-02-11,KH-00079,2497606.0,2026-02,1
BH26.0877,26,21,2,41.0,67236193.0,2026-02-27,KH-00696,2586007.0,2026-02,1
BH26.0179,10,10,4,32.0,67096944.0,2026-01-23,KH-00019,6709694.0,2026-01,1
BH26.0066,7,7,3,32.0,67061295.0,2026-01-15,KH-00019,9580185.0,2026-01,1
BH25.0485,17,17,5,32.0,67032778.0,2025-03-25,KH-00173,3943105.0,2025-03,1
BH26.0453,26,26,3,38.0,66969336.0,2026-01-31,KH-00577,2575744.0,2026-01,1
BH25.0323,28,28,5,59.0,66855229.0,2025-03-19,KH-00198,2387687.0,2025-03,1
BH26.0342,17,17,2,39.0,66789991.0,2026-01-28,KH-00513,3928823.0,2026-01,1
BH26.0178,5,5,1,26.0,66711945.0,2026-01-23,KH-00019,13342389.0,2026-01,0
BH25.0411,14,14,2,57.0,66650000.0,2025-03-21,KH-00057,4760714.0,2025-03,1
BH26.0874,18,17,2,41.0,66327206.0,2026-02-26,KH-00484,3684845.0,2026-02,1
BH26.0904,18,17,3,42.0,66312104.0,2026-02-27,KH-00553,3684006.0,2026-02,1
BH26.0257,21,21,3,57.0,66120000.0,2026-01-26,KH-00091,3148571.0,2026-01,1
BH26.0900,13,13,1,40.0,66049993.0,2026-02-27,KH-00519,5080769.0,2026-02,0
BH26.0685,24,24,2,45.0,65963408.0,2026-02-12,KH-00414,2748475.0,2026-02,1
BH26.0797,19,19,3,42.0,65442108.0,2026-02-24,KH-00458,3444321.0,2026-02,1
BH26.0472,35,33,3,39.0,65415539.0,2026-01-31,KH-00584,1869015.0,2026-01,1
BH26.0688,14,14,2,41.0,65398689.0,2026-02-12,KH-00386,4671335.0,2026-02,1
BH25.0144,14,14,3,50.0,65335286.0,2025-02-19,KH-00104,4666806.0,2025-02,1
BH25.0477,24,24,3,54.0,65262643.0,2025-03-24,KH-00265,2719277.0,2025-03,1
BH25.0206,22,22,3,53.0,64955042.0,2025-02-22,KH-00147,2952502.0,2025-02,1
BH25.0602,14,14,1,56.0,64940000.0,2025-03-28,KH-00301,4638571.0,2025-03,0
BH26.0433,22,22,2,32.0,64938322.0,2026-01-30,KH-00564,2951742.0,2026-01,1
BH25.0269,5,5,3,25.0,64915277.0,2025-03-13,KH-00173,12983055.0,2025-03,1
BH26.0584,15,14,2,40.0,64901093.0,2026-02-07,KH-00625,4326740.0,2026-02,1
BH26.0048,2,2,1,20.0,64737038.0,2026-01-15,KH-00019,32368519.0,2026-01,0
BH26.0542,18,18,2,35.0,64569432.0,2026-02-05,KH-00608,3587191.0,2026-02,1
BH26.0330,22,20,3,35.0,64177024.0,2026-01-28,KH-00505,2917137.0,2026-01,1
BH26.0148,13,13,2,43.0,64112490.0,2026-01-22,KH-00403,4931730.0,2026-01,1
BH26.0198,9,9,4,29.0,63845832.0,2026-01-24,KH-00019,7093981.0,2026-01,1
BH26.0244,15,12,2,45.0,63827764.0,2026-01-24,KH-00456,4255184.0,2026-01,1
BH25.0583,20,20,3,48.0,63562500.0,2025-03-27,KH-00231,3178125.0,2025-03,1
BH26.0044,4,4,2,24.0,63539259.0,2026-01-14,KH-00019,15884815.0,2026-01,1
BH26.0427,12,12,1,36.0,63440545.0,2026-01-30,KH-00560,5286712.0,2026-01,0
BH26.0354,19,18,2,49.0,63292955.0,2026-01-28,KH-00488,3331208.0,2026-01,1
BH26.0409,17,16,3,36.0,63153784.0,2026-01-29,KH-00553,3714928.0,2026-01,1
BH26.0752,20,20,2,42.0,62920168.0,2026-02-13,KH-00457,3146008.0,2026-02,1
BH26.0710,10,10,3,41.0,62324983.0,2026-02-13,KH-00656,6232498.0,2026-02,1
BH26.0017,19,18,2,35.0,62091380.0,2026-01-12,KH-00342,3267967.0,2026-01,1
BH26.0350,8,8,2,45.0,62083320.0,2026-01-28,KH-00517,7760415.0,2026-01,1
BH26.0286,17,17,3,40.0,61862577.0,2026-01-27,KH-00484,3638975.0,2026-01,1
BH25.0342,13,13,3,56.0,61858500.0,2025-03-20,KH-00076,4758346.0,2025-03,1
BH26.0700,3,3,1,40.0,61772205.0,2026-02-12,KH-00372,20590735.0,2026-02,0
BH26.0762,19,13,2,45.0,61704605.0,2026-02-13,KH-00671,3247611.0,2026-02,1
BH25.0677,29,29,4,56.0,61560000.0,2025-03-31,KH-00330,2122759.0,2025-03,1
BH26.0030,21,21,3,39.0,61559430.0,2026-01-13,KH-00353,2931401.0,2026-01,1
BH26.0200,9,9,4,28.0,61550093.0,2026-01-24,KH-00019,6838899.0,2026-01,1
BH26.0607,19,17,1,37.0,61323876.0,2026-02-09,KH-00628,3227572.0,2026-02,0
BH26.0121,1,1,1,30.0,61250010.0,2026-01-20,KH-00039,61250010.0,2026-01,0
BH25.0019,13,13,4,35.0,61229258.0,2025-01-11,KH-00019,4709943.0,2025-01,1
BH25.0245,1,1,1,34.0,61200000.0,2025-02-28,KH-00040,61200000.0,2025-02,0
BH26.0331,21,21,4,39.0,61166093.0,2026-01-28,KH-00506,2912671.0,2026-01,1
BH25.0368,15,15,3,51.0,61070000.0,2025-03-20,KH-00216,4071333.0,2025-03,1
BH25.0407,18,18,2,50.0,60970000.0,2025-03-21,KH-00235,3387222.0,2025-03,1
BH26.0431,15,15,2,31.0,60958882.0,2026-01-30,KH-00562,4063925.0,2026-01,1
BH26.0779,2,2,2,30.0,60744445.0,2026-02-24,KH-00019,30372222.0,2026-02,1
BH25.0169,7,7,2,50.0,60560000.0,2025-02-20,KH-00024,8651429.0,2025-02,1
BH26.0582,16,12,2,39.0,60492206.0,2026-02-07,KH-00342,3780763.0,2026-02,1
BH25.0347,14,14,5,41.0,60472500.0,2025-03-20,KH-00064,4319464.0,2025-03,1
BH25.0173,22,22,4,51.0,60307929.0,2025-02-20,KH-00129,2741270.0,2025-02,1
BH26.0718,18,17,3,36.0,60264618.0,2026-02-13,KH-00167,3348034.0,2026-02,1
BH25.0110,27,27,5,50.0,60146430.0,2025-02-14,KH-00079,2227646.0,2025-02,1
BH25.0085,13,13,3,51.0,60120000.0,2025-02-10,KH-00064,4624615.0,2025-02,1
BH26.0781,3,3,1,53.0,60081389.0,2026-02-24,KH-00019,20027130.0,2026-02,0
BH26.0369,8,8,1,33.0,60072214.0,2026-01-28,KH-00133,7509027.0,2026-01,0
BH25.0111,19,19,1,50.0,60020000.0,2025-02-14,KH-00080,3158947.0,2025-02,0
BH25.0667,7,7,1,38.0,59956468.0,2025-03-31,KH-00325,8565210.0,2025-03,0
BH26.0062,1,1,1,30.0,59888889.0,2026-01-15,KH-00019,59888889.0,2026-01,0
BH26.0147,19,17,3,41.0,59887572.0,2026-01-22,KH-00402,3151977.0,2026-01,1
BH25.0389,26,26,3,50.0,59450000.0,2025-03-21,KH-00225,2286538.0,2025-03,1
BH25.0305,21,21,5,30.0,59339906.0,2025-03-19,KH-00173,2825710.0,2025-03,1
BH26.0236,9,9,1,34.0,59306653.0,2026-01-24,KH-00359,6589628.0,2026-01,0
BH26.0578,15,15,2,40.0,59162297.0,2026-02-07,KH-00621,3944153.0,2026-02,1
BH25.0440,25,25,4,44.0,59107574.0,2025-03-22,KH-00252,2364303.0,2025-03,1
BH26.0844,8,7,2,40.0,58916930.0,2026-02-26,KH-00088,7364616.0,2026-02,1
BH26.0323,12,11,2,35.0,58871099.0,2026-01-28,KH-00463,4905925.0,2026-01,1
BH26.0476,32,29,2,35.0,58834430.0,2026-01-31,KH-00558,1838576.0,2026-01,1
BH26.0212,15,14,2,40.0,58825538.0,2026-01-24,KH-00436,3921703.0,2026-01,1
BH25.0338,19,19,4,57.0,58740000.0,2025-03-20,KH-00205,3091579.0,2025-03,1
BH25.0506,15,15,3,50.0,58693500.0,2025-03-25,KH-00214,3912900.0,2025-03,1
BH25.0548,12,12,2,50.0,58580000.0,2025-03-25,KH-00277,4881667.0,2025-03,1
BH26.0067,22,22,3,57.0,58440000.0,2026-01-15,KH-00091,2656364.0,2026-01,1
BH25.0257,21,21,3,50.0,58360000.0,2025-03-10,KH-00010,2779048.0,2025-03,1
BH25.0363,14,14,2,50.0,58320000.0,2025-03-20,KH-00004,4165714.0,2025-03,1
BH26.0872,26,26,3,34.0,58284432.0,2026-02-26,KH-00694,2241709.0,2026-02,1
BH25.0493,17,17,2,50.0,58140000.0,2025-03-25,KH-00268,3420000.0,2025-03,1
BH25.0134,18,18,2,50.0,58090000.0,2025-02-17,KH-00098,3227222.0,2025-02,1
BH26.0056,2,2,0,18.0,58070834.0,2026-01-15,KH-00019,29035417.0,2026-01,0
BH25.0319,15,15,2,50.0,58070000.0,2025-03-19,KH-00197,3871333.0,2025-03,1
BH26.0463,16,15,2,36.0,58062765.0,2026-01-31,KH-00219,3628923.0,2026-01,1
BH26.0778,19,18,3,40.0,57787759.0,2026-02-24,KH-00004,3041461.0,2026-02,1
BH26.0197,6,6,1,25.0,57621667.0,2026-01-24,KH-00019,9603611.0,2026-01,0
BH26.0190,11,11,0,20.0,57611102.0,2026-01-23,KH-00424,5237373.0,2026-01,0
BH26.0585,11,11,1,33.0,57340546.0,2026-02-07,KH-00342,5212777.0,2026-02,0
BH26.0325,8,8,2,37.0,57315550.0,2026-01-28,KH-00503,7164444.0,2026-01,1
BH25.0502,19,19,2,50.0,57290000.0,2025-03-25,KH-00270,3015263.0,2025-03,1
BH26.0853,17,15,3,41.0,57237490.0,2026-02-26,KH-00477,3366911.0,2026-02,1
BH25.0107,11,11,3,52.0,57190000.0,2025-02-14,KH-00076,5199091.0,2025-02,1
BH26.0370,18,18,3,34.0,57148967.0,2026-01-28,KH-00356,3174943.0,2026-01,1
BH26.0172,10,10,2,35.0,57147577.0,2026-01-23,KH-00414,5714758.0,2026-01,1
BH26.0450,7,7,1,35.0,57141645.0,2026-01-31,KH-00575,8163092.0,2026-01,0
BH25.0157,14,14,2,50.0,57090000.0,2025-02-19,KH-00116,4077857.0,2025-02,1
BH26.0201,5,5,3,29.0,56958610.0,2026-01-24,KH-00019,11391722.0,2026-01,1
BH26.0416,12,10,2,32.0,56798226.0,2026-01-29,KH-00402,4733186.0,2026-01,1
BH25.0372,46,46,4,49.0,56697826.0,2025-03-20,KH-00189,1232561.0,2025-03,1
BH26.0225,22,22,3,30.0,56593877.0,2026-01-24,KH-00444,2572449.0,2026-01,1
BH26.0174,6,6,1,21.0,56498880.0,2026-01-23,KH-00415,9416480.0,2026-01,0
BH26.0699,3,3,1,33.0,56448330.0,2026-02-12,KH-00366,18816110.0,2026-02,0
BH26.0635,9,9,1,52.0,56424781.0,2026-02-10,KH-00338,6269420.0,2026-02,0
BH26.0320,27,27,3,35.0,56341099.0,2026-01-28,KH-00359,2086707.0,2026-01,1
BH26.0262,23,23,3,32.0,56339800.0,2026-01-26,KH-00466,2449557.0,2026-01,1
BH26.0892,11,10,2,41.0,56226085.0,2026-02-27,KH-00133,5111462.0,2026-02,1
BH25.0023,12,12,4,33.0,56131573.0,2025-01-11,KH-00019,4677631.0,2025-01,1
BH26.0721,12,12,1,35.0,56105545.0,2026-02-13,KH-00659,4675462.0,2026-02,0
BH25.0672,14,14,1,47.0,55970000.0,2025-03-31,KH-00327,3997857.0,2025-03,0
BH26.0546,13,13,1,35.0,55940548.0,2026-02-05,KH-00519,4303119.0,2026-02,0
BH25.0033,6,6,1,45.0,55900000.0,2025-01-13,KH-00024,9316667.0,2025-01,0
BH25.0664,22,22,2,48.0,55780000.0,2025-03-31,KH-00130,2535455.0,2025-03,1
BH26.0270,17,17,3,40.0,55482205.0,2026-01-26,KH-00471,3263659.0,2026-01,1
BH26.0042,5,5,3,23.0,54926666.0,2026-01-14,KH-00019,10985333.0,2026-01,1
BH26.0240,9,9,1,35.0,54617756.0,2026-01-24,KH-00360,6068640.0,2026-01,0
BH26.0064,6,6,2,25.0,54463240.0,2026-01-15,KH-00019,9077207.0,2026-01,1
BH26.0730,21,21,3,29.0,54438877.0,2026-02-13,KH-00660,2592327.0,2026-02,1
BH26.0910,11,8,2,35.0,54400554.0,2026-02-27,KH-00441,4945505.0,2026-02,1
BH26.0808,11,10,1,33.0,54388877.0,2026-02-24,KH-00402,4944443.0,2026-02,0
BH26.0549,18,17,3,35.0,54253693.0,2026-02-05,KH-00475,3014094.0,2026-02,1
BH25.0500,13,13,2,46.0,54250000.0,2025-03-25,KH-00104,4173077.0,2025-03,1
BH25.0331,28,28,5,40.0,54234212.0,2025-03-19,KH-00201,1936936.0,2025-03,1
BH26.0505,22,22,3,36.0,54138131.0,2026-02-04,KH-00597,2460824.0,2026-02,1
BH26.0079,16,16,3,32.0,54000819.0,2026-01-16,KH-00368,3375051.0,2026-01,1
BH26.0674,8,8,2,35.0,53789426.0,2026-02-12,KH-00169,6723678.0,2026-02,1
BH26.0558,21,21,4,40.0,53750000.0,2026-02-05,KH-00091,2559524.0,2026-02,1
BH25.0218,20,20,4,45.0,53722962.0,2025-02-22,KH-00097,2686148.0,2025-02,1
BH26.0045,7,7,3,21.0,53650463.0,2026-01-14,KH-00019,7664352.0,2026-01,1
BH26.0455,26,23,3,33.0,53630913.0,2026-01-31,KH-00338,2062727.0,2026-01,1
BH26.0461,15,15,1,34.0,53611100.0,2026-01-31,KH-00453,3574073.0,2026-01,0
BH26.0750,11,11,1,32.0,53609983.0,2026-02-13,KH-00343,4873635.0,2026-02,0
BH26.0898,23,21,2,33.0,53563696.0,2026-02-27,KH-00488,2328856.0,2026-02,1
BH25.0499,23,23,3,47.0,53561676.0,2025-03-25,KH-00264,2328769.0,2025-03,1
BH26.0503,5,5,3,35.0,53508320.0,2026-02-04,KH-00385,10701664.0,2026-02,1
BH26.0711,10,10,2,36.0,53449983.0,2026-02-13,KH-00656,5344998.0,2026-02,1
BH26.0309,5,4,1,32.0,53443330.0,2026-01-27,KH-00350,10688666.0,2026-01,0
BH25.0584,21,21,3,36.0,52877574.0,2025-03-27,KH-00298,2517980.0,2025-03,1
BH25.0192,26,26,3,50.0,52850000.0,2025-02-22,KH-00138,2032692.0,2025-02,1
BH25.0578,8,8,1,45.0,52800000.0,2025-03-27,KH-00064,6600000.0,2025-03,0
BH26.0209,14,13,2,30.0,52743879.0,2026-01-24,KH-00419,3767420.0,2026-01,1
BH26.0268,13,13,3,33.0,52729062.0,2026-01-26,KH-00469,4056082.0,2026-01,1
BH25.0496,6,6,1,45.0,52700000.0,2025-03-25,KH-00241,8783333.0,2025-03,0
BH26.0184,12,12,1,31.0,52681101.0,2026-01-23,KH-00180,4390092.0,2026-01,0
BH25.0501,31,31,4,50.0,52678500.0,2025-03-25,KH-00269,1699306.0,2025-03,1
BH26.0163,16,14,1,30.0,52676656.0,2026-01-22,KH-00169,3292291.0,2026-01,0
BH26.0054,1,1,0,15.0,52295834.0,2026-01-15,KH-00019,52295834.0,2026-01,0
BH25.0509,15,15,3,48.0,52270000.0,2025-03-25,KH-00155,3484667.0,2025-03,1
BH26.0861,14,13,2,35.0,52142951.0,2026-02-26,KH-00415,3724496.0,2026-02,1
BH26.0554,25,23,3,35.0,52107022.0,2026-02-05,KH-00612,2084281.0,2026-02,1
BH25.0286,5,5,3,20.0,51932224.0,2025-03-17,KH-00173,10386445.0,2025-03,1
BH25.0487,5,5,3,20.0,51932224.0,2025-03-25,KH-00173,10386445.0,2025-03,1
BH25.0287,5,5,3,20.0,51932224.0,2025-03-17,KH-00173,10386445.0,2025-03,1
BH26.0173,10,10,2,35.0,51897767.0,2026-01-23,KH-00415,5189777.0,2026-01,1
BH26.0509,20,18,2,35.0,51509990.0,2026-02-04,KH-00492,2575500.0,2026-02,1
BH25.0654,11,11,3,43.0,51300000.0,2025-03-31,KH-00109,4663636.0,2025-03,1
BH26.0794,9,9,2,26.0,51172395.0,2026-02-24,KH-00338,5685822.0,2026-02,1
BH26.0876,10,9,2,39.0,51123861.0,2026-02-27,KH-00696,5112386.0,2026-02,1
BH26.0216,7,5,1,36.0,51108324.0,2026-01-24,KH-00410,7301189.0,2026-01,0
BH25.0266,4,4,2,32.0,51076660.0,2025-03-13,KH-00006,12769165.0,2025-03,1
BH25.0410,19,19,2,43.0,50930000.0,2025-03-21,KH-00065,2680526.0,2025-03,1
BH26.0218,5,5,1,30.0,50647773.0,2026-01-24,KH-00217,10129555.0,2026-01,0
BH26.0239,6,6,2,32.0,50632220.0,2026-01-24,KH-00452,8438703.0,2026-01,1
BH26.0415,8,8,1,27.0,50616103.0,2026-01-29,KH-00024,6327013.0,2026-01,0
BH26.0019,7,7,0,17.0,50565548.0,2026-01-12,KH-00344,7223650.0,2026-01,0
BH26.0303,19,19,3,57.0,50350000.0,2026-01-27,KH-00091,2650000.0,2026-01,1
BH25.0279,16,16,4,40.0,50285148.0,2025-03-17,KH-00010,3142822.0,2025-03,1
BH25.0516,10,10,2,40.0,50170000.0,2025-03-25,KH-00267,5017000.0,2025-03,1
BH26.0827,6,6,1,30.0,50163875.0,2026-02-26,KH-00688,8360646.0,2026-02,0
BH26.0091,15,15,4,27.0,50137394.0,2026-01-16,KH-00377,3342493.0,2026-01,1
BH25.0532,21,21,4,40.0,50113787.0,2025-03-25,KH-00265,2386371.0,2025-03,1
BH25.0376,19,19,5,41.0,50095286.0,2025-03-20,KH-00220,2636594.0,2025-03,1
BH25.0470,13,13,2,50.0,50050000.0,2025-03-24,KH-00126,3850000.0,2025-03,1
BH25.0579,8,8,2,43.0,50010000.0,2025-03-27,KH-00064,6251250.0,2025-03,1
BH25.0554,16,16,3,46.0,50010000.0,2025-03-26,KH-00088,3125625.0,2025-03,1
BH26.0227,20,18,4,30.0,49938692.0,2026-01-24,KH-00338,2496935.0,2026-01,1
BH26.0630,28,28,4,36.0,49836649.0,2026-02-10,KH-00635,1779880.0,2026-02,1
BH26.0116,14,14,2,28.0,49801286.0,2026-01-19,KH-00395,3557235.0,2026-01,1
BH26.0640,7,7,1,31.0,49677763.0,2026-02-10,KH-00497,7096823.0,2026-02,0
BH25.0504,11,11,2,40.0,49630000.0,2025-03-25,KH-00024,4511818.0,2025-03,1
BH26.0241,10,10,1,31.0,49576658.0,2026-01-24,KH-00453,4957666.0,2026-01,0
BH26.0097,12,12,1,31.0,49539988.0,2026-01-16,KH-00383,4128332.0,2026-01,0
BH25.0184,12,12,4,30.0,49465370.0,2025-02-21,KH-00019,4122114.0,2025-02,1
BH26.0452,16,16,3,26.0,49432211.0,2026-01-31,KH-00564,3089513.0,2026-01,1
BH26.0746,7,7,1,31.0,49396660.0,2026-02-13,KH-00668,7056666.0,2026-02,0
BH26.0602,8,8,4,30.0,49337037.0,2026-02-09,KH-00019,6167130.0,2026-02,1
BH26.0208,21,21,1,30.0,49297210.0,2026-01-24,KH-00433,2347486.0,2026-01,0
BH26.0673,12,9,1,30.0,49265546.0,2026-02-12,KH-00453,4105462.0,2026-02,0
BH25.0464,20,20,2,42.0,49160000.0,2025-03-24,KH-00261,2458000.0,2025-03,1
BH26.0494,11,11,1,31.0,49097218.0,2026-02-04,KH-00147,4463383.0,2026-02,0
BH26.0189,10,10,1,27.0,48874436.0,2026-01-23,KH-00423,4887444.0,2026-01,0
BH25.0592,15,15,3,41.0,48750000.0,2025-03-28,KH-00251,3250000.0,2025-03,1
BH25.0441,14,14,2,52.0,48725580.0,2025-03-22,KH-00100,3480399.0,2025-03,1
BH26.0517,14,14,3,30.0,48703319.0,2026-02-04,KH-00419,3478808.0,2026-02,1
BH26.0356,23,21,2,30.0,48686099.0,2026-01-28,KH-00521,2116787.0,2026-01,1
BH25.0080,15,15,2,42.0,48680000.0,2025-02-10,KH-00059,3245333.0,2025-02,1
BH26.0686,17,17,4,31.0,48632487.0,2026-02-12,KH-00380,2860735.0,2026-02,1
BH25.0072,7,7,2,38.0,48521284.0,2025-02-10,KH-00010,6931612.0,2025-02,1
BH26.0110,22,21,3,31.0,48513228.0,2026-01-19,KH-00390,2205147.0,2026-01,1
BH25.0352,7,7,1,42.0,48510000.0,2025-03-20,KH-00154,6930000.0,2025-03,0
BH26.0907,26,26,3,33.0,48467115.0,2026-02-27,KH-00514,1864120.0,2026-02,1
BH26.0052,2,2,2,23.0,48374537.0,2026-01-15,KH-00019,24187268.0,2026-01,1
BH26.0849,9,9,2,31.0,48290546.0,2026-02-26,KH-00403,5365616.0,2026-02,1
BH25.0170,6,6,1,40.0,48240000.0,2025-02-20,KH-00127,8040000.0,2025-02,0
BH25.0450,21,21,3,49.0,48230000.0,2025-03-24,KH-00256,2296667.0,2025-03,1
BH26.0899,16,15,1,30.0,48171654.0,2026-02-27,KH-00489,3010728.0,2026-02,0
BH26.0556,23,23,3,30.0,48134990.0,2026-02-05,KH-00614,2092826.0,2026-02,1
BH26.0566,24,24,3,35.0,48092021.0,2026-02-06,KH-00359,2003834.0,2026-02,1
BH26.0430,24,23,2,29.0,47910731.0,2026-01-30,KH-00561,1996280.0,2026-01,1
BH25.0528,11,11,1,40.0,47790000.0,2025-03-25,KH-00278,4344545.0,2025-03,0
BH26.0016,10,10,1,30.0,47775542.0,2026-01-12,KH-00044,4777554.0,2026-01,0
BH26.0643,12,12,1,31.0,47752766.0,2026-02-10,KH-00639,3979397.0,2026-02,0
BH25.0653,14,14,3,37.0,47700000.0,2025-03-31,KH-00062,3407143.0,2025-03,1
BH26.0565,20,13,2,31.0,47686281.0,2026-02-06,KH-00338,2384314.0,2026-02,1
BH25.0086,14,14,3,40.0,47590000.0,2025-02-10,KH-00065,3399286.0,2025-02,1
BH25.0283,4,4,3,20.0,47483333.0,2025-03-17,KH-00173,11870833.0,2025-03,1
BH26.0425,22,22,2,25.0,47362214.0,2026-01-30,KH-00558,2152828.0,2026-01,1
BH25.0301,12,12,2,40.0,47260000.0,2025-03-18,KH-00024,3938333.0,2025-03,1
BH25.0270,18,18,1,40.0,47210000.0,2025-03-14,KH-00180,2622778.0,2025-03,0
BH25.0505,18,18,4,36.0,47177500.0,2025-03-25,KH-00120,2620972.0,2025-03,1
BH25.0484,16,16,4,37.0,47030000.0,2025-03-24,KH-00075,2939375.0,2025-03,1
BH26.0889,6,5,1,29.0,46952772.0,2026-02-27,KH-00385,7825462.0,2026-02,0
BH26.0888,16,15,2,29.0,46804805.0,2026-02-27,KH-00359,2925300.0,2026-02,1
BH25.0641,1,1,1,26.0,46800000.0,2025-03-29,KH-00040,46800000.0,2025-03,0
BH25.0624,9,9,2,40.0,46750000.0,2025-03-28,KH-00312,5194444.0,2025-03,1
BH25.0570,21,21,3,36.0,46588500.0,2025-03-27,KH-00111,2218500.0,2025-03,1
BH25.0171,12,12,2,40.0,46560000.0,2025-02-20,KH-00128,3880000.0,2025-02,1
BH26.0196,7,7,1,29.0,46530543.0,2026-01-24,KH-00180,6647220.0,2026-01,0
BH26.0670,19,18,1,30.0,46452952.0,2026-02-12,KH-00485,2444892.0,2026-02,0
BH26.0538,15,15,1,33.0,46386830.0,2026-02-05,KH-00357,3092455.0,2026-02,0
BH26.0263,16,16,1,21.0,46177214.0,2026-01-26,KH-00467,2886076.0,2026-01,0
BH26.0759,18,15,2,29.0,46146104.0,2026-02-13,KH-00417,2563672.0,2026-02,1
BH25.0524,18,18,3,34.0,46137029.0,2025-03-25,KH-00198,2563168.0,2025-03,1
BH26.0689,19,18,1,27.0,46109988.0,2026-02-12,KH-00521,2426841.0,2026-02,0
BH26.0334,9,9,1,26.0,46083323.0,2026-01-28,KH-00364,5120369.0,2026-01,0
BH26.0403,21,19,3,28.0,46079808.0,2026-01-29,KH-00420,2194277.0,2026-01,1
BH26.0498,14,14,3,29.0,46031470.0,2026-02-04,KH-00027,3287962.0,2026-02,1
BH26.0550,9,8,1,30.0,45794435.0,2026-02-05,KH-00217,5088271.0,2026-02,0
BH26.0557,19,19,3,25.0,45789063.0,2026-02-05,KH-00615,2409951.0,2026-02,1
BH26.0182,13,13,2,29.0,45393875.0,2026-01-23,KH-00419,3491837.0,2026-01,1
BH25.0478,9,9,1,39.0,45360000.0,2025-03-24,KH-00217,5040000.0,2025-03,0
BH25.0112,20,20,4,40.0,45220000.0,2025-02-14,KH-00081,2261000.0,2025-02,1
BH25.0280,13,13,3,44.0,45160000.0,2025-03-17,KH-00014,3473846.0,2025-03,1
BH26.0803,17,13,3,30.0,45079060.0,2026-02-24,KH-00476,2651709.0,2026-02,1
BH26.0187,11,11,2,46.0,44990000.0,2026-01-23,KH-00091,4090000.0,2026-01,1
BH26.0283,17,16,1,23.0,44872212.0,2026-01-27,KH-00482,2639542.0,2026-01,0
BH26.0437,8,8,2,26.0,44781656.0,2026-01-30,KH-00568,5597707.0,2026-01,1
BH26.0022,13,11,2,27.0,44779990.0,2026-01-12,KH-00347,3444615.0,2026-01,1
BH25.0519,17,17,3,40.0,44730000.0,2025-03-25,KH-00273,2631176.0,2025-03,1
BH26.0745,17,16,2,25.0,44705081.0,2026-02-13,KH-00553,2629711.0,2026-02,1
BH25.0685,18,16,2,35.0,44669386.0,2025-03-31,KH-00193,2481633.0,2025-03,1
BH26.0360,13,11,1,25.0,44550175.0,2026-01-28,KH-00525,3426937.0,2026-01,0
BH25.0008,1,1,1,20.0,44444444.0,2025-01-09,KH-00009,44444444.0,2025-01,0
BH26.0605,1,1,1,20.0,44444444.0,2026-02-09,KH-00009,44444444.0,2026-02,0
BH26.0215,8,8,2,25.0,44257772.0,2026-01-24,KH-00438,5532222.0,2026-01,1
BH26.0799,10,5,2,30.0,44205546.0,2026-02-24,KH-00681,4420555.0,2026-02,1
BH26.0435,8,8,1,25.0,44172215.0,2026-01-30,KH-00566,5521527.0,2026-01,0
BH26.0477,10,10,2,30.0,44041190.0,2026-01-31,KH-00585,4404119.0,2026-01,1
BH26.0911,15,15,2,25.0,43788323.0,2026-02-27,KH-00505,2919222.0,2026-02,1
BH25.0137,24,24,4,39.0,43710000.0,2025-02-17,KH-00099,1821250.0,2025-02,1
BH26.0587,7,6,2,26.0,43705544.0,2026-02-07,KH-00404,6243649.0,2026-02,1
BH25.0390,25,25,4,35.0,43622643.0,2025-03-21,KH-00212,1744906.0,2025-03,1
BH25.0113,11,11,2,31.0,43600000.0,2025-02-14,KH-00082,3963636.0,2025-02,1
BH25.0599,17,17,4,35.0,43430000.0,2025-03-28,KH-00298,2554706.0,2025-03,1
BH26.0426,10,10,2,21.0,43414990.0,2026-01-30,KH-00559,4341499.0,2026-01,1
BH26.0047,6,6,3,27.0,43234074.0,2026-01-15,KH-00019,7205679.0,2026-01,1
BH26.0272,21,14,3,30.0,43198965.0,2026-01-26,KH-00338,2057094.0,2026-01,1
BH26.0669,19,18,3,27.0,43020820.0,2026-02-12,KH-00359,2264254.0,2026-02,1
BH25.0679,21,21,4,45.0,42840000.0,2025-03-31,KH-00256,2040000.0,2025-03,1
BH26.0537,9,9,1,23.0,42792765.0,2026-02-05,KH-00425,4754752.0,2026-02,0
BH25.0014,19,19,4,45.0,42780000.0,2025-01-10,KH-00014,2251579.0,2025-01,1
BH26.0302,11,10,1,26.0,42764991.0,2026-01-27,KH-00363,3887726.0,2026-01,0
BH25.0461,16,16,3,34.0,42730000.0,2025-03-24,KH-00260,2670625.0,2025-03,1
BH26.0722,17,17,3,35.0,42657391.0,2026-02-13,KH-00346,2509258.0,2026-02,1
BH25.0587,14,14,3,33.0,42600000.0,2025-03-27,KH-00004,3042857.0,2025-03,1
BH26.0242,14,14,2,20.0,42573326.0,2026-01-24,KH-00454,3040952.0,2026-01,1
BH26.0314,19,13,3,27.0,42549159.0,2026-01-27,KH-00338,2239429.0,2026-01,1
BH26.0063,7,7,3,18.0,42506852.0,2026-01-15,KH-00019,6072407.0,2026-01,1
BH26.0672,13,13,3,34.0,42499050.0,2026-02-12,KH-00374,3269158.0,2026-02,1
BH25.0178,12,12,1,36.0,42452962.0,2025-02-20,KH-00078,3537747.0,2025-02,0
BH25.0637,16,16,3,30.0,42392500.0,2025-03-28,KH-00316,2649531.0,2025-03,1
BH25.0190,25,25,4,38.0,42370000.0,2025-02-22,KH-00136,1694800.0,2025-02,1
BH26.0335,16,15,2,29.0,42307765.0,2026-01-28,KH-00509,2644235.0,2026-01,1
BH25.0211,23,23,3,36.0,42300000.0,2025-02-22,KH-00151,1839130.0,2025-02,1
BH26.0716,14,14,2,27.0,42278324.0,2026-02-13,KH-00487,3019880.0,2026-02,1
BH25.0535,17,17,4,32.0,42075286.0,2025-03-25,KH-00281,2475017.0,2025-03,1
BH26.0180,9,9,4,20.0,41772500.0,2026-01-23,KH-00019,4641389.0,2026-01,1
BH26.0806,8,8,1,20.0,41769992.0,2026-02-24,KH-00683,5221249.0,2026-02,0
BH25.0242,24,24,2,36.0,41700000.0,2025-02-26,KH-00170,1737500.0,2025-02,1
BH26.0822,11,10,2,26.0,41638325.0,2026-02-25,KH-00671,3785302.0,2026-02,1
BH25.0469,9,9,2,35.0,41460000.0,2025-03-24,KH-00264,4606667.0,2025-03,1
BH25.0582,12,12,3,43.0,41370000.0,2025-03-27,KH-00251,3447500.0,2025-03,1
BH25.0595,10,10,2,23.0,41362722.0,2025-03-28,KH-00207,4136272.0,2025-03,1
BH26.0896,19,17,3,29.0,41304060.0,2026-02-27,KH-00584,2173898.0,2026-02,1
BH26.0886,19,17,3,29.0,41304060.0,2026-02-27,KH-00584,2173898.0,2026-02,1
BH26.0734,18,18,3,27.0,41239152.0,2026-02-13,KH-00664,2291064.0,2026-02,1
BH26.0207,18,18,3,27.0,41172304.0,2026-01-24,KH-00432,2287350.0,2026-01,1
BH26.0034,13,13,2,28.0,41074343.0,2026-01-13,KH-00357,3159565.0,2026-01,1
BH26.0101,13,12,3,25.0,41064063.0,2026-01-17,KH-00386,3158774.0,2026-01,1
BH25.0394,16,16,2,35.0,40920000.0,2025-03-21,KH-00227,2557500.0,2025-03,1
BH26.0864,17,17,3,26.0,40886473.0,2026-02-26,KH-00447,2405087.0,2026-02,1
BH26.0663,17,17,3,27.0,40871560.0,2026-02-12,KH-00042,2404209.0,2026-02,1
BH26.0816,17,16,3,28.0,40791838.0,2026-02-24,KH-00684,2399520.0,2026-02,1
BH25.0197,15,15,3,29.0,40760000.0,2025-02-22,KH-00140,2717333.0,2025-02,1
BH26.0401,15,15,1,23.0,40747215.0,2026-01-29,KH-00546,2716481.0,2026-01,0
BH26.0772,4,4,1,20.0,40740740.0,2026-02-23,KH-00677,10185185.0,2026-02,0
BH26.0520,2,2,1,25.0,40402775.0,2026-02-04,KH-00603,20201388.0,2026-02,0
BH26.0475,6,6,1,22.0,40376104.0,2026-01-31,KH-00134,6729351.0,2026-01,0
BH26.0859,14,12,2,27.0,40347030.0,2026-02-26,KH-00347,2881931.0,2026-02,1
BH26.0747,12,12,2,29.0,40272670.0,2026-02-13,KH-00605,3356056.0,2026-02,1
BH26.0068,8,8,3,19.0,40148881.0,2026-01-16,KH-00363,5018610.0,2026-01,1
BH26.0760,11,11,2,22.0,40092215.0,2026-02-13,KH-00670,3644747.0,2026-02,1
BH25.0216,13,13,4,41.0,40062117.0,2025-02-22,KH-00155,3081701.0,2025-02,1
BH25.0374,13,13,2,34.0,40060000.0,2025-03-20,KH-00218,3081538.0,2025-03,1
BH26.0065,5,5,3,16.0,40054259.0,2026-01-15,KH-00019,8010852.0,2026-01,1
BH25.0623,14,14,2,30.0,39960000.0,2025-03-28,KH-00311,2854286.0,2025-03,1
BH26.0885,19,17,3,28.0,39926283.0,2026-02-27,KH-00584,2101383.0,2026-02,1
BH26.0881,13,11,2,24.0,39910917.0,2026-02-27,KH-00631,3070071.0,2026-02,1
BH26.0274,10,10,1,24.0,39804429.0,2026-01-26,KH-00474,3980443.0,2026-01,0
BH25.0132,15,15,3,32.0,39582643.0,2025-02-17,KH-00097,2638843.0,2025-02,1
BH26.0108,10,7,1,21.0,39473324.0,2026-01-19,KH-00014,3947332.0,2026-01,0
BH25.0115,14,14,2,34.0,39450000.0,2025-02-14,KH-00083,2817857.0,2025-02,1
BH26.0026,14,14,2,25.0,39405545.0,2026-01-12,KH-00351,2814682.0,2026-01,1
BH25.0503,3,3,2,26.0,39400000.0,2025-03-25,KH-00219,13133333.0,2025-03,1
BH26.0154,4,4,1,18.0,39362212.0,2026-01-22,KH-00408,9840553.0,2026-01,0
BH26.0609,13,13,2,23.0,39307396.0,2026-02-09,KH-00630,3023646.0,2026-02,1
BH26.0033,5,5,2,26.0,39291841.0,2026-01-13,KH-00356,7858368.0,2026-01,1
BH26.0199,9,9,4,18.0,39212962.0,2026-01-24,KH-00019,4356996.0,2026-01,1
BH25.0267,2,2,1,20.0,39141667.0,2025-03-13,KH-00173,19570834.0,2025-03,0
BH26.0012,15,15,1,20.0,39126658.0,2026-01-12,KH-00339,2608444.0,2026-01,0
BH26.0815,9,9,3,20.0,39087218.0,2026-02-24,KH-00545,4343024.0,2026-02,1
BH26.0530,15,15,2,23.0,39058879.0,2026-02-05,KH-00481,2603925.0,2026-02,1
BH25.0416,11,11,1,35.0,39050000.0,2025-03-21,KH-00240,3550000.0,2025-03,0
BH25.0290,5,5,3,15.0,38949167.0,2025-03-17,KH-00173,7789833.0,2025-03,1
BH25.0486,5,5,3,15.0,38949167.0,2025-03-25,KH-00173,7789833.0,2025-03,1
BH25.0294,5,5,3,15.0,38949167.0,2025-03-18,KH-00188,7789833.0,2025-03,1
BH25.0617,20,20,4,31.0,38840000.0,2025-03-28,KH-00308,1942000.0,2025-03,1
BH25.0212,14,14,3,35.0,38830000.0,2025-02-22,KH-00152,2773571.0,2025-02,1
BH25.0472,11,11,2,30.0,38808000.0,2025-03-24,KH-00086,3528000.0,2025-03,1
BH25.0179,14,14,2,33.0,38740000.0,2025-02-20,KH-00097,2767143.0,2025-02,1
BH26.0632,10,10,2,25.0,38704247.0,2026-02-10,KH-00553,3870425.0,2026-02,1
BH26.0727,10,10,2,23.0,38667772.0,2026-02-13,KH-00353,3866777.0,2026-02,1
BH26.0204,23,23,4,26.0,38662392.0,2026-01-24,KH-00429,1680974.0,2026-01,1
BH26.0096,9,9,1,20.0,38588880.0,2026-01-16,KH-00382,4287653.0,2026-01,0
BH25.0064,2,2,1,7.0,38500000.0,2025-02-07,KH-00049,19250000.0,2025-02,0
BH25.0355,18,18,4,25.0,38400786.0,2025-03-20,KH-00067,2133377.0,2025-03,1
BH26.0608,18,18,3,25.0,38233229.0,2026-02-09,KH-00629,2124068.0,2026-02,1
BH25.0474,20,20,3,32.0,38150000.0,2025-03-24,KH-00110,1907500.0,2025-03,1
BH25.0120,10,10,3,31.0,37992643.0,2025-02-14,KH-00088,3799264.0,2025-02,1
BH25.0168,15,15,3,32.0,37970000.0,2025-02-20,KH-00126,2531333.0,2025-02,1
BH26.0574,7,5,2,23.0,37879437.0,2026-02-07,KH-00217,5411348.0,2026-02,1
BH25.0673,21,21,3,30.0,37780000.0,2025-03-31,KH-00328,1799048.0,2025-03,1
BH25.0523,19,19,1,32.0,37760000.0,2025-03-25,KH-00276,1987368.0,2025-03,0
BH26.0687,8,8,2,25.0,37695548.0,2026-02-12,KH-00380,4711944.0,2026-02,1
BH26.0720,8,7,2,26.0,37596465.0,2026-02-13,KH-00571,4699558.0,2026-02,1
BH25.0328,17,17,4,34.0,37563787.0,2025-03-19,KH-00086,2209635.0,2025-03,1
BH25.0432,11,11,2,30.0,37560000.0,2025-03-22,KH-00249,3414545.0,2025-03,1
BH25.0438,15,15,4,50.0,37512962.0,2025-03-22,KH-00237,2500864.0,2025-03,1
BH26.0202,20,18,3,25.0,37474434.0,2026-01-24,KH-00042,1873722.0,2026-01,1
BH26.0276,9,8,3,25.0,37425540.0,2026-01-26,KH-00476,4158393.0,2026-01,1
BH25.0555,6,6,1,30.0,37250000.0,2025-03-26,KH-00193,6208333.0,2025-03,0
BH26.0217,13,11,3,22.0,37204436.0,2026-01-24,KH-00439,2861880.0,2026-01,1
BH26.0375,12,12,1,21.0,37169437.0,2026-01-28,KH-00531,3097453.0,2026-01,0
BH26.0692,8,7,1,23.0,37097210.0,2026-02-12,KH-00486,4637151.0,2026-02,0
BH25.0462,6,6,1,30.0,37080000.0,2025-03-24,KH-00107,6180000.0,2025-03,0
BH25.0468,15,15,2,30.0,36970000.0,2025-03-24,KH-00130,2464667.0,2025-03,1
BH25.0606,15,15,4,30.0,36910000.0,2025-03-28,KH-00302,2460667.0,2025-03,1
BH25.0537,8,8,2,31.0,36850000.0,2025-03-25,KH-00264,4606250.0,2025-03,1
BH25.0544,7,7,2,30.0,36750000.0,2025-03-25,KH-00088,5250000.0,2025-03,1
BH25.0016,10,10,1,30.0,36730000.0,2025-01-10,KH-00016,3673000.0,2025-01,0
BH26.0805,8,8,1,23.0,36706104.0,2026-02-24,KH-00382,4588263.0,2026-02,0
BH26.0729,7,7,3,27.0,36692763.0,2026-02-13,KH-00656,5241823.0,2026-02,1
BH25.0465,13,13,1,31.0,36690000.0,2025-03-24,KH-00262,2822308.0,2025-03,0
BH26.0513,17,16,3,30.0,36672390.0,2026-02-04,KH-00380,2157199.0,2026-02,1
BH25.0536,18,18,3,30.0,36630000.0,2025-03-25,KH-00130,2035000.0,2025-03,1
BH25.0295,10,10,5,17.0,36624908.0,2025-03-18,KH-00188,3662491.0,2025-03,1
BH26.0601,10,10,3,23.0,36624618.0,2026-02-09,KH-00420,3662462.0,2026-02,1
BH25.0497,11,11,3,30.0,36600000.0,2025-03-25,KH-00010,3327273.0,2025-03,1
BH25.0174,9,9,1,30.0,36600000.0,2025-02-20,KH-00130,4066667.0,2025-02,0
BH25.0191,11,11,3,29.0,36580000.0,2025-02-22,KH-00137,3325455.0,2025-02,1
BH26.0337,7,7,3,21.0,36560544.0,2026-01-28,KH-00423,5222935.0,2026-01,1
BH25.0024,11,11,4,21.0,36353979.0,2025-01-11,KH-00019,3304907.0,2025-01,1
BH25.0217,20,20,4,31.0,36331481.0,2025-02-22,KH-00067,1816574.0,2025-02,1
BH26.0909,11,11,2,23.0,36290551.0,2026-02-27,KH-00701,3299141.0,2026-02,1
BH26.0848,7,7,1,23.0,36253876.0,2026-02-26,KH-00180,5179125.0,2026-02,0
BH25.0166,14,14,2,30.0,36220000.0,2025-02-20,KH-00124,2587143.0,2025-02,1
BH25.0022,14,14,4,22.0,36218519.0,2025-01-11,KH-00019,2587037.0,2025-01,1
BH25.0062,10,10,1,30.0,36180000.0,2025-02-04,KH-00047,3618000.0,2025-02,0
BH25.0194,11,11,2,30.0,36169522.0,2025-02-22,KH-00100,3288138.0,2025-02,1
BH25.0388,12,12,2,30.0,36150000.0,2025-03-21,KH-00224,3012500.0,2025-03,1
BH26.0702,4,4,1,22.0,36116659.0,2026-02-12,KH-00404,9029165.0,2026-02,0
BH26.0631,10,10,1,21.0,36113882.0,2026-02-10,KH-00636,3611388.0,2026-02,0
BH26.0447,13,13,2,21.0,36044992.0,2026-01-31,KH-00572,2772692.0,2026-01,1
BH26.0573,11,10,3,24.0,36024434.0,2026-02-07,KH-00553,3274949.0,2026-02,1
BH25.0396,5,5,2,30.0,36000000.0,2025-03-21,KH-00164,7200000.0,2025-03,1
BH26.0332,11,11,1,22.0,35994437.0,2026-01-28,KH-00507,3272222.0,2026-01,0
BH26.0564,7,7,2,22.0,35982213.0,2026-02-06,KH-00219,5140316.0,2026-02,1
BH25.0373,11,11,2,30.0,35930000.0,2025-03-20,KH-00148,3266364.0,2025-03,1
BH25.0418,5,5,1,30.0,35900000.0,2025-03-21,KH-00241,7180000.0,2025-03,0
BH25.0149,14,14,3,30.0,35900000.0,2025-02-19,KH-00108,2564286.0,2025-02,1
BH26.0548,11,9,2,25.0,35892770.0,2026-02-05,KH-00476,3262979.0,2026-02,1
BH25.0521,18,18,3,30.0,35890000.0,2025-03-25,KH-00275,1993889.0,2025-03,1
BH25.0467,13,13,2,30.0,35790000.0,2025-03-24,KH-00263,2753077.0,2025-03,1
BH25.0208,11,11,5,23.0,35767929.0,2025-02-22,KH-00149,3251630.0,2025-02,1
BH26.0792,7,7,1,18.0,35747486.0,2026-02-24,KH-00428,5106784.0,2026-02,0
BH25.0075,8,8,3,30.0,35700000.0,2025-02-10,KH-00024,4462500.0,2025-02,1
BH26.0237,11,11,3,27.0,35684616.0,2026-01-24,KH-00450,3244056.0,2026-01,1
BH26.0414,13,9,1,21.0,35659988.0,2026-01-29,KH-00383,2743076.0,2026-01,0
BH25.0539,15,15,1,30.0,35510000.0,2025-03-25,KH-00283,2367333.0,2025-03,0
BH25.0540,13,13,2,30.0,35470000.0,2025-03-25,KH-00284,2728462.0,2025-03,1
BH25.0320,16,16,4,31.0,35440000.0,2025-03-19,KH-00190,2215000.0,2025-03,1
BH26.0739,8,6,1,22.0,35352768.0,2026-02-13,KH-00667,4419096.0,2026-02,0
BH26.0177,6,6,4,22.0,35291666.0,2026-01-23,KH-00019,5881944.0,2026-01,1
BH25.0481,7,7,1,30.0,35290000.0,2025-03-24,KH-00267,5041429.0,2025-03,0
BH25.0153,19,19,2,31.0,35180000.0,2025-02-19,KH-00112,1851579.0,2025-02,1
BH25.0420,21,21,3,30.0,35150000.0,2025-03-21,KH-00243,1673810.0,2025-03,1
BH25.0316,12,12,2,30.0,35140000.0,2025-03-19,KH-00194,2928333.0,2025-03,1
BH25.0398,14,14,2,30.0,35130000.0,2025-03-21,KH-00202,2509286.0,2025-03,1
BH26.0120,5,5,1,20.0,35105550.0,2026-01-20,KH-00398,7021110.0,2026-01,0
BH25.0175,14,14,2,30.0,35090000.0,2025-02-20,KH-00131,2506429.0,2025-02,1
BH25.0104,14,14,1,30.0,35060000.0,2025-02-14,KH-00073,2504286.0,2025-02,0
BH25.0460,20,20,4,31.0,35050000.0,2025-03-24,KH-00259,1752500.0,2025-03,1
BH25.0108,18,18,2,30.0,35020000.0,2025-02-14,KH-00077,1945556.0,2025-02,1
BH26.0871,11,11,2,22.0,35016657.0,2026-02-26,KH-00693,3183332.0,2026-02,1
BH26.0348,7,7,3,22.0,34973416.0,2026-01-28,KH-00515,4996202.0,2026-01,1
BH26.0306,9,9,1,21.0,34963325.0,2026-01-27,KH-00494,3884814.0,2026-01,0
BH25.0426,16,16,2,30.0,34920000.0,2025-03-21,KH-00015,2182500.0,2025-03,1
BH25.0145,11,11,2,30.0,34910000.0,2025-02-19,KH-00105,3173636.0,2025-02,1
BH26.0261,11,11,2,22.0,34894436.0,2026-01-26,KH-00465,3172221.0,2026-01,1
BH26.0725,7,7,1,20.0,34858325.0,2026-02-13,KH-00496,4979761.0,2026-02,0
BH25.0622,16,16,2,30.0,34770000.0,2025-03-28,KH-00310,2173125.0,2025-03,1
BH25.0130,18,18,3,30.0,34730000.0,2025-02-17,KH-00095,1929444.0,2025-02,1
BH26.0035,16,16,2,24.0,34670823.0,2026-01-13,KH-00358,2166926.0,2026-01,1
BH25.0200,16,16,3,29.0,34590000.0,2025-02-22,KH-00065,2161875.0,2025-02,1
BH26.0500,11,11,3,25.0,34527950.0,2026-02-04,KH-00595,3138905.0,2026-02,1
BH25.0379,13,13,1,30.0,34520000.0,2025-03-20,KH-00221,2655385.0,2025-03,0
BH25.0039,12,12,2,28.0,34510000.0,2025-01-15,KH-00028,2875833.0,2025-01,1
BH25.0572,11,11,1,29.0,34400000.0,2025-03-27,KH-00295,3127273.0,2025-03,0
BH25.0087,19,19,2,30.0,34390000.0,2025-02-10,KH-00066,1810000.0,2025-02,1
BH26.0539,7,7,1,22.0,34381109.0,2026-02-05,KH-00607,4911587.0,2026-02,0
BH25.0415,9,9,2,23.0,34357000.0,2025-03-21,KH-00239,3817444.0,2025-03,1
BH26.0449,1,1,0,5.0,34270830.0,2026-01-31,KH-00574,34270830.0,2026-01,0
BH26.0460,1,1,0,5.0,34270830.0,2026-01-31,KH-00579,34270830.0,2026-01,0
BH26.0185,6,6,2,22.0,34211110.0,2026-01-23,KH-00420,5701852.0,2026-01,1
BH25.0666,15,15,3,28.0,34180000.0,2025-03-31,KH-00324,2278667.0,2025-03,1
BH25.0189,19,19,3,30.0,34180000.0,2025-02-22,KH-00135,1798947.0,2025-02,1
BH26.0847,19,19,3,21.0,34146101.0,2026-02-26,KH-00662,1797163.0,2026-02,1
BH26.0028,12,12,2,25.0,34140000.0,2026-01-12,KH-00091,2845000.0,2026-01,1
BH26.0610,12,11,1,33.0,34126276.0,2026-02-09,KH-00631,2843856.0,2026-02,0
BH26.0459,9,9,2,19.0,34117216.0,2026-01-31,KH-00553,3790802.0,2026-01,1
BH25.0375,18,18,4,31.0,34080000.0,2025-03-20,KH-00219,1893333.0,2025-03,1
BH26.0897,7,7,2,23.0,34066101.0,2026-02-27,KH-00699,4866586.0,2026-02,1
BH26.0221,10,10,2,23.0,34036838.0,2026-01-24,KH-00441,3403684.0,2026-01,1
BH26.0246,5,5,1,20.0,33987216.0,2026-01-24,KH-00458,6797443.0,2026-01,0
BH25.0397,11,11,2,30.0,33980000.0,2025-03-21,KH-00229,3089091.0,2025-03,1
BH26.0036,10,10,2,16.0,33957217.0,2026-01-13,KH-00359,3395722.0,2026-01,1
BH26.0149,3,3,3,23.0,33945551.0,2026-01-22,KH-00404,11315184.0,2026-01,1
BH26.0013,10,9,2,23.0,33938976.0,2026-01-12,KH-00340,3393898.0,2026-01,1
BH25.0321,17,17,4,40.0,33934124.0,2025-03-19,KH-00078,1996125.0,2025-03,1
BH26.0812,10,10,1,21.0,33901661.0,2026-02-24,KH-00605,3390166.0,2026-02,0
BH25.0213,12,12,3,32.0,33900000.0,2025-02-22,KH-00153,2825000.0,2025-02,1
BH25.0385,16,16,3,29.0,33890000.0,2025-03-21,KH-00140,2118125.0,2025-03,1
BH26.0518,17,17,3,22.0,33720915.0,2026-02-04,KH-00602,1983583.0,2026-02,1
BH25.0384,14,14,3,32.0,33720000.0,2025-03-21,KH-00223,2408571.0,2025-03,1
BH26.0540,6,6,1,16.0,33679990.0,2026-02-05,KH-00288,5613332.0,2026-02,0
BH25.0118,18,18,4,31.0,33647574.0,2025-02-14,KH-00086,1869310.0,2025-02,1
BH26.0021,7,7,1,16.0,33596659.0,2026-01-12,KH-00346,4799523.0,2026-01,0
BH25.0127,16,16,3,30.0,33570000.0,2025-02-17,KH-00093,2098125.0,2025-02,1
BH25.0414,16,16,4,26.0,33546143.0,2025-03-21,KH-00238,2096634.0,2025-03,1
BH26.0353,9,9,1,21.0,33472214.0,2026-01-28,KH-00519,3719135.0,2026-01,0
BH25.0425,11,11,3,30.0,33400000.0,2025-03-21,KH-00244,3036364.0,2025-03,1
BH25.0466,21,21,3,30.0,33400000.0,2025-03-24,KH-00199,1590476.0,2025-03,1
BH26.0098,13,13,2,22.0,33226102.0,2026-01-16,KH-00384,2555854.0,2026-01,1
BH26.0698,9,9,2,23.0,33210545.0,2026-02-12,KH-00607,3690061.0,2026-02,1
BH26.0371,9,9,1,22.0,33195542.0,2026-01-28,KH-00393,3688394.0,2026-01,0
BH25.0393,19,19,4,30.0,33180000.0,2025-03-21,KH-00093,1746316.0,2025-03,1
BH26.0352,14,14,2,21.0,33148327.0,2026-01-28,KH-00518,2367738.0,2026-01,1
BH25.0077,12,12,3,30.0,33090000.0,2025-02-10,KH-00056,2757500.0,2025-02,1
BH26.0895,7,7,1,16.0,33086380.0,2026-02-27,KH-00557,4726626.0,2026-02,0
BH25.0424,11,11,3,18.0,32995286.0,2025-03-21,KH-00139,2999571.0,2025-03,1
BH25.0240,13,13,3,36.0,32882117.0,2025-02-26,KH-00168,2529394.0,2025-02,1
BH26.0258,6,6,2,21.0,32824430.0,2026-01-26,KH-00441,5470738.0,2026-01,1
BH26.0210,17,15,2,20.0,32716104.0,2026-01-24,KH-00434,1924477.0,2026-01,1
BH26.0568,2,2,1,20.0,32638888.0,2026-02-07,KH-00023,16319444.0,2026-02,0
BH26.0516,6,6,1,20.0,32629620.0,2026-02-04,KH-00562,5438270.0,2026-02,0
BH25.0088,19,19,4,30.0,32560000.0,2025-02-10,KH-00067,1713684.0,2025-02,1
BH26.0593,9,9,1,17.0,32496848.0,2026-02-09,KH-00006,3610761.0,2026-02,0
BH26.0695,12,12,3,25.0,32469896.0,2026-02-12,KH-00609,2705825.0,2026-02,1
BH26.0855,6,6,2,21.0,32459438.0,2026-02-26,KH-00503,5409906.0,2026-02,1
BH26.0247,15,9,2,19.0,32454995.0,2026-01-24,KH-00078,2163666.0,2026-01,1
BH25.0096,5,5,3,17.0,32373054.0,2025-02-11,KH-00006,6474611.0,2025-02,1
BH25.0156,23,23,3,30.0,32360000.0,2025-02-19,KH-00115,1406957.0,2025-02,1
BH26.0024,10,10,2,20.0,32355547.0,2026-01-12,KH-00349,3235555.0,2026-01,1
BH26.0175,10,10,1,14.0,32353328.0,2026-01-23,KH-00416,3235333.0,2026-01,0
BH25.0052,11,11,1,27.0,32350000.0,2025-01-20,KH-00038,2940909.0,2025-01,0
BH26.0851,9,9,2,21.0,32316938.0,2026-02-26,KH-00389,3590771.0,2026-02,1
BH26.0014,18,16,3,24.0,32169339.0,2026-01-12,KH-00018,1787186.0,2026-01,1
BH26.0087,2,2,1,20.0,32111100.0,2026-01-16,KH-00373,16055550.0,2026-01,0
BH26.0094,14,13,1,20.0,32087028.0,2026-01-16,KH-00380,2291931.0,2026-01,0
BH26.0507,13,12,3,20.0,31998692.0,2026-02-04,KH-00598,2461438.0,2026-02,1
BH26.0349,7,6,1,20.0,31988880.0,2026-01-28,KH-00516,4569840.0,2026-01,0
BH26.0299,12,12,1,20.0,31976657.0,2026-01-27,KH-00492,2664721.0,2026-01,0
BH26.0095,14,11,1,20.0,31915547.0,2026-01-16,KH-00381,2279682.0,2026-01,0
BH26.0690,16,16,2,20.0,31820826.0,2026-02-12,KH-00509,1988802.0,2026-02,1
BH26.0519,12,12,3,20.0,31778325.0,2026-02-04,KH-00447,2648194.0,2026-02,1
BH26.0681,10,10,2,18.0,31729991.0,2026-02-12,KH-00649,3172999.0,2026-02,1
BH26.0344,9,9,2,22.0,31679713.0,2026-01-28,KH-00369,3519968.0,2026-01,1
BH25.0349,23,23,4,33.0,31677734.0,2025-03-20,KH-00210,1377293.0,2025-03,1
BH26.0577,6,6,1,21.0,31640546.0,2026-02-07,KH-00217,5273424.0,2026-02,0
BH26.0870,3,3,1,20.0,31588880.0,2026-02-26,KH-00024,10529627.0,2026-02,0
BH25.0222,5,5,2,19.0,31538141.0,2025-02-24,KH-00006,6307628.0,2025-02,1
BH26.0361,11,11,2,20.0,31530549.0,2026-01-28,KH-00526,2866414.0,2026-01,1
BH25.0351,12,12,2,28.0,31530000.0,2025-03-20,KH-00211,2627500.0,2025-03,1
BH25.0447,20,20,4,30.0,31460000.0,2025-03-24,KH-00255,1573000.0,2025-03,1
BH25.0345,10,10,3,27.0,31430000.0,2025-03-20,KH-00208,3143000.0,2025-03,1
BH26.0287,11,11,2,18.0,31401105.0,2026-01-27,KH-00485,2854646.0,2026-01,1
BH26.0656,13,13,1,19.0,31353884.0,2026-02-12,KH-00488,2411837.0,2026-02,0
BH25.0076,12,12,3,30.0,31330000.0,2025-02-10,KH-00014,2610833.0,2025-02,1
BH26.0376,7,7,1,15.0,31324993.0,2026-01-28,KH-00532,4474999.0,2026-01,0
BH26.0282,7,7,1,19.0,31275548.0,2026-01-27,KH-00481,4467935.0,2026-01,0
BH25.0596,6,6,2,20.0,31100000.0,2025-03-28,KH-00063,5183333.0,2025-03,1
BH26.0192,7,7,1,19.0,31055551.0,2026-01-24,KH-00426,4436507.0,2026-01,0
BH26.0366,10,10,2,18.0,30977584.0,2026-01-28,KH-00359,3097758.0,2026-01,1
BH26.0677,13,13,3,21.0,30937768.0,2026-02-12,KH-00369,2379828.0,2026-02,1
BH26.0228,15,15,4,18.0,30925361.0,2026-01-24,KH-00407,2061691.0,2026-01,1
BH26.0153,15,15,4,18.0,30925361.0,2026-01-22,KH-00407,2061691.0,2026-01,1
BH26.0703,14,14,2,22.0,30910732.0,2026-02-12,KH-00339,2207909.0,2026-02,1
BH26.0171,7,7,1,18.0,30818882.0,2026-01-23,KH-00414,4402697.0,2026-01,0
BH25.0098,4,4,2,19.0,30760737.0,2025-02-11,KH-00006,7690184.0,2025-02,1
BH25.0162,13,13,4,31.0,30742643.0,2025-02-20,KH-00120,2364819.0,2025-02,1
BH25.0640,3,3,1,26.0,30680000.0,2025-03-29,KH-00318,10226667.0,2025-03,0
BH26.0292,9,8,2,17.0,30679809.0,2026-01-27,KH-00018,3408868.0,2026-01,1
BH25.0324,15,15,2,27.0,30670000.0,2025-03-19,KH-00199,2044667.0,2025-03,1
BH25.0256,6,6,3,18.0,30635736.0,2025-03-08,KH-00006,5105956.0,2025-03,1
BH26.0616,1,1,1,20.0,30611100.0,2026-02-09,KH-00452,30611100.0,2026-02,0
BH26.0646,1,1,1,20.0,30611100.0,2026-02-11,KH-00640,30611100.0,2026-02,0
BH25.0343,14,14,3,23.0,30607574.0,2025-03-20,KH-00207,2186255.0,2025-03,1
BH25.0367,21,21,5,30.0,30560000.0,2025-03-20,KH-00215,1455238.0,2025-03,1
BH25.0663,10,10,2,27.0,30535116.0,2025-03-31,KH-00152,3053512.0,2025-03,1
BH25.0386,11,11,4,28.0,30520000.0,2025-03-21,KH-00149,2774545.0,2025-03,1
BH25.0681,14,14,2,26.0,30350000.0,2025-03-31,KH-00276,2167857.0,2025-03,1
BH26.0301,10,8,2,18.0,30225917.0,2026-01-27,KH-00218,3022592.0,2026-01,1
BH25.0434,16,16,3,24.0,30151481.0,2025-03-22,KH-00250,1884468.0,2025-03,1
BH25.0037,1,1,1,25.0,30000000.0,2025-01-15,KH-00022,30000000.0,2025-01,0
BH25.0378,15,15,4,24.0,29970000.0,2025-03-20,KH-00198,1998000.0,2025-03,1
BH25.0565,10,10,3,22.0,29961000.0,2025-03-26,KH-00285,2996100.0,2025-03,1
BH26.0170,1,1,1,19.0,29907408.0,2026-01-23,KH-00413,29907408.0,2026-01,0
BH26.0251,9,9,2,20.0,29880550.0,2026-01-26,KH-00430,3320061.0,2026-01,1
BH26.0289,8,6,1,15.0,29839998.0,2026-01-27,KH-00487,3730000.0,2026-01,0
BH26.0343,17,17,1,17.0,29769439.0,2026-01-28,KH-00514,1751143.0,2026-01,0
BH26.0099,1,1,0,10.0,29744440.0,2026-01-16,KH-00385,29744440.0,2026-01,0
BH25.0202,12,12,2,20.0,29700000.0,2025-02-22,KH-00143,2475000.0,2025-02,1
BH26.0381,6,6,1,17.0,29689996.0,2026-01-28,KH-00533,4948333.0,2026-01,0
BH26.0411,3,3,1,20.0,29666660.0,2026-01-29,KH-00382,9888887.0,2026-01,0
BH26.0399,12,12,3,17.0,29665550.0,2026-01-29,KH-00545,2472129.0,2026-01,1
BH25.0457,21,21,5,30.0,29620000.0,2025-03-24,KH-00250,1410476.0,2025-03,1
BH26.0176,11,11,2,19.0,29619436.0,2026-01-23,KH-00417,2692676.0,2026-01,1
BH26.0880,9,6,0,19.0,29599993.0,2026-02-27,KH-00483,3288888.0,2026-02,0
BH26.0860,8,8,1,19.0,29595365.0,2026-02-26,KH-00357,3699421.0,2026-02,0
BH26.0679,12,11,2,21.0,29587306.0,2026-02-12,KH-00338,2465609.0,2026-02,1
BH25.0626,10,10,2,18.0,29529073.0,2025-03-28,KH-00248,2952907.0,2025-03,1
BH26.0719,7,7,1,17.0,29522218.0,2026-02-13,KH-00557,4217460.0,2026-02,0
BH26.0532,17,15,3,22.0,29517766.0,2026-02-05,KH-00397,1736339.0,2026-02,1
BH25.0616,10,10,4,20.0,29517574.0,2025-03-28,KH-00307,2951757.0,2025-03,1
BH26.0293,16,16,2,20.0,29466474.0,2026-01-27,KH-00488,1841655.0,2026-01,1
BH26.0481,7,7,1,17.0,29433330.0,2026-01-31,KH-00588,4204761.0,2026-01,0
BH25.0027,2,2,1,15.0,29395463.0,2025-01-11,KH-00019,14697732.0,2025-01,0
BH25.0644,11,11,3,19.0,29387000.0,2025-03-29,KH-00207,2671545.0,2025-03,1
BH26.0465,7,7,1,14.0,29371102.0,2026-01-31,KH-00581,4195872.0,2026-01,0
BH26.0440,12,12,2,19.0,29326009.0,2026-01-30,KH-00569,2443834.0,2026-01,1
BH26.0796,7,7,2,19.0,29300550.0,2026-02-24,KH-00392,4185793.0,2026-02,1
BH26.0410,15,15,1,18.0,29284994.0,2026-01-29,KH-00554,1952333.0,2026-01,0
BH25.0598,12,12,2,19.0,29268048.0,2025-03-28,KH-00049,2439004.0,2025-03,1
BH25.0463,10,10,4,22.0,29255286.0,2025-03-24,KH-00155,2925529.0,2025-03,1
BH25.0059,15,15,2,26.0,29250000.0,2025-01-23,KH-00044,1950000.0,2025-01,1
BH26.0277,6,6,2,19.0,29240548.0,2026-01-26,KH-00075,4873425.0,2026-01,1
BH26.0691,13,13,3,21.0,29201935.0,2026-02-12,KH-00650,2246303.0,2026-02,1
BH26.0732,15,15,3,16.0,29182215.0,2026-02-13,KH-00662,1945481.0,2026-02,1
BH26.0470,7,6,2,18.0,29156661.0,2026-01-31,KH-00582,4165237.0,2026-01,1
BH25.0329,11,11,2,24.0,29140000.0,2025-03-19,KH-00200,2649091.0,2025-03,1
BH25.0186,4,4,2,16.0,29092958.0,2025-02-22,KH-00006,7273240.0,2025-02,1
BH25.0006,2,2,1,15.0,29027776.0,2025-01-07,KH-00006,14513888.0,2025-01,0
BH26.0248,7,7,3,19.0,29014438.0,2026-01-24,KH-00459,4144920.0,2026-01,1
BH25.0423,18,18,4,31.0,28981481.0,2025-03-21,KH-00018,1610082.0,2025-03,1
BH26.0234,7,5,2,19.0,28953320.0,2026-01-24,KH-00355,4136189.0,2026-01,1
BH26.0267,10,10,2,19.0,28953046.0,2026-01-26,KH-00468,2895305.0,2026-01,1
BH26.0365,14,13,2,15.0,28941662.0,2026-01-28,KH-00472,2067262.0,2026-01,1
BH26.0787,13,12,3,18.0,28913139.0,2026-02-24,KH-00365,2224088.0,2026-02,1
BH26.0764,5,4,1,17.0,28903880.0,2026-02-13,KH-00672,5780776.0,2026-02,0
BH25.0435,9,9,2,25.0,28900000.0,2025-03-22,KH-00251,3211111.0,2025-03,1
BH26.0528,10,10,2,19.0,28866565.0,2026-02-05,KH-00605,2886656.0,2026-02,1
BH26.0668,12,12,2,23.0,28859431.0,2026-02-12,KH-00648,2404953.0,2026-02,1
BH26.0432,10,10,2,17.0,28828328.0,2026-01-30,KH-00563,2882833.0,2026-01,1
BH26.0104,4,4,1,17.0,28748881.0,2026-01-19,KH-00134,7187220.0,2026-01,0
BH26.0580,12,12,1,19.0,28701662.0,2026-02-07,KH-00623,2391805.0,2026-02,0
BH26.0627,12,12,2,12.0,28545921.0,2026-02-10,KH-00407,2378827.0,2026-02,1
BH25.0164,16,16,3,30.0,28520000.0,2025-02-20,KH-00122,1782500.0,2025-02,1
BH25.0161,19,19,3,24.0,28372558.0,2025-02-20,KH-00119,1493293.0,2025-02,1
BH26.0454,6,6,2,20.0,28322214.0,2026-01-31,KH-00497,4720369.0,2026-01,1
BH25.0028,10,10,3,16.0,28276112.0,2025-01-13,KH-00019,2827611.0,2025-01,1
BH26.0252,6,6,1,15.0,28257218.0,2026-01-26,KH-00010,4709536.0,2026-01,0
BH26.0364,12,11,2,19.0,28256474.0,2026-01-28,KH-00527,2354706.0,2026-01,1
BH25.0649,1,1,1,15.0,28215278.0,2025-03-31,KH-00186,28215278.0,2025-03,0
BH26.0082,10,10,2,13.0,28205550.0,2026-01-16,KH-00370,2820555.0,2026-01,1
BH25.0223,5,5,2,16.0,28204254.0,2025-02-24,KH-00006,5640851.0,2025-02,1
BH26.0238,8,8,2,17.0,28180365.0,2026-01-24,KH-00451,3522546.0,2026-01,1
BH25.0564,26,26,3,30.0,28127001.0,2025-03-26,KH-00292,1081808.0,2025-03,1
BH26.0753,10,10,2,18.0,28124438.0,2026-02-13,KH-00350,2812444.0,2026-02,1
BH26.0051,4,4,2,17.0,28040834.0,2026-01-15,KH-00019,7010208.0,2026-01,1
BH26.0231,13,13,1,15.0,28011846.0,2026-01-24,KH-00447,2154757.0,2026-01,0
BH25.0648,17,17,4,22.0,27978500.0,2025-03-29,KH-00319,1645794.0,2025-03,1
BH26.0112,12,12,3,15.0,27965179.0,2026-01-19,KH-00391,2330432.0,2026-01,1
BH25.0128,9,9,2,32.0,27920000.0,2025-02-17,KH-00068,3102222.0,2025-02,1
BH26.0050,1,1,0,8.0,27891112.0,2026-01-15,KH-00019,27891112.0,2026-01,0
BH26.0905,11,11,3,20.0,27879432.0,2026-02-27,KH-00556,2534494.0,2026-02,1
BH25.0303,15,15,2,21.0,27787000.0,2025-03-18,KH-00096,1852467.0,2025-03,1
BH26.0311,8,7,2,17.0,27593882.0,2026-01-27,KH-00497,3449235.0,2026-01,1
BH25.0585,8,8,1,23.0,27580000.0,2025-03-27,KH-00262,3447500.0,2025-03,0
BH25.0684,8,8,2,17.0,27552500.0,2025-03-31,KH-00073,3444062.0,2025-03,1
BH26.0510,10,10,1,16.0,27489438.0,2026-02-04,KH-00489,2748944.0,2026-02,0
BH26.0504,12,12,1,16.0,27434438.0,2026-02-04,KH-00596,2286203.0,2026-02,0
BH25.0571,9,9,3,20.0,27377000.0,2025-03-27,KH-00200,3041889.0,2025-03,1
BH26.0862,8,7,1,18.0,27366663.0,2026-02-26,KH-00348,3420833.0,2026-02,0
BH25.0646,11,11,3,23.0,27350000.0,2025-03-29,KH-00289,2486364.0,2025-03,1
BH25.0512,8,8,4,18.0,27288430.0,2025-03-25,KH-00067,3411054.0,2025-03,1
BH26.0088,6,6,2,18.0,27262210.0,2026-01-16,KH-00374,4543702.0,2026-01,1
BH26.0155,1,1,1,15.0,27199995.0,2026-01-22,KH-00404,27199995.0,2026-01,0
BH26.0359,4,4,1,15.0,27199995.0,2026-01-28,KH-00524,6799999.0,2026-01,0
BH26.0378,5,5,2,16.0,27094438.0,2026-01-28,KH-00027,5418888.0,2026-01,1
BH26.0113,8,8,1,17.0,27092767.0,2026-01-19,KH-00392,3386596.0,2026-01,0
BH25.0601,11,11,4,22.0,27092643.0,2025-03-28,KH-00209,2462968.0,2025-03,1
BH26.0396,14,14,3,16.0,27082216.0,2026-01-29,KH-00543,1934444.0,2026-01,1
BH26.0398,11,11,2,17.0,26793141.0,2026-01-29,KH-00544,2435740.0,2026-01,1
BH26.0448,11,10,2,15.0,26717216.0,2026-01-31,KH-00573,2428838.0,2026-01,1
BH26.0429,5,4,1,15.0,26649996.0,2026-01-30,KH-00423,5329999.0,2026-01,0
BH26.0553,10,10,1,16.0,26627771.0,2026-02-05,KH-00611,2662777.0,2026-02,0
BH26.0902,10,10,1,15.0,26606659.0,2026-02-27,KH-00700,2660666.0,2026-02,0
BH25.0577,14,14,2,23.0,26600000.0,2025-03-27,KH-00255,1900000.0,2025-03,1
BH26.0701,7,7,2,18.0,26590271.0,2026-02-12,KH-00652,3798610.0,2026-02,1
BH26.0308,3,3,1,15.0,26576661.0,2026-01-27,KH-00496,8858887.0,2026-01,0
BH25.0044,1,1,1,13.0,26481481.0,2025-01-16,KH-00006,26481481.0,2025-01,0
BH25.0412,7,7,2,20.0,26450000.0,2025-03-21,KH-00235,3778571.0,2025-03,1
BH26.0222,5,5,1,16.0,26330550.0,2026-01-24,KH-00442,5266110.0,2026-01,0
BH26.0570,7,7,1,15.0,26313330.0,2026-02-07,KH-00618,3759047.0,2026-02,0
BH26.0023,9,9,4,18.0,26299442.0,2026-01-12,KH-00348,2922160.0,2026-01,1
BH26.0625,8,8,2,16.0,26286945.0,2026-02-10,KH-00006,3285868.0,2026-02,1
BH25.0325,13,13,2,22.0,26261481.0,2025-03-19,KH-00112,2020114.0,2025-03,1
BH25.0541,15,15,4,30.0,26250000.0,2025-03-25,KH-00231,1750000.0,2025-03,1
BH26.0164,9,9,2,15.0,26234438.0,2026-01-22,KH-00079,2914938.0,2026-01,1
BH26.0346,7,7,3,19.0,26233415.0,2026-01-28,KH-00363,3747631.0,2026-01,1
BH26.0706,14,14,3,16.0,26218142.0,2026-02-12,KH-00654,1872724.0,2026-02,1
BH25.0344,13,12,3,21.0,26121481.0,2025-03-20,KH-00097,2009345.0,2025-03,1
BH26.0714,4,4,2,17.0,26111103.0,2026-02-13,KH-00657,6527776.0,2026-02,1
BH26.0697,9,9,3,20.0,26088879.0,2026-02-12,KH-00651,2898764.0,2026-02,1
BH26.0819,8,8,1,15.0,26074995.0,2026-02-25,KH-00686,3259374.0,2026-02,0
BH26.0379,6,6,1,16.0,26068510.0,2026-01-28,KH-00414,4344752.0,2026-01,0
BH25.0392,8,8,1,22.0,26040000.0,2025-03-21,KH-00226,3255000.0,2025-03,0
BH25.0152,16,16,3,23.0,26040000.0,2025-02-19,KH-00111,1627500.0,2025-02,1
BH25.0517,17,17,2,23.0,26030000.0,2025-03-25,KH-00272,1531176.0,2025-03,1
BH25.0306,5,5,3,10.0,25966111.0,2025-03-19,KH-00173,5193222.0,2025-03,1
BH26.0351,4,4,3,21.0,25917774.0,2026-01-28,KH-00374,6479444.0,2026-01,1
BH26.0857,13,13,3,13.0,25886013.0,2026-02-26,KH-00692,1991232.0,2026-02,1
BH25.0225,12,12,2,15.0,25879622.0,2025-02-25,KH-00042,2156635.0,2025-02,1
BH26.0717,6,6,2,25.0,25858314.0,2026-02-13,KH-00396,4309719.0,2026-02,1
BH26.0260,13,13,3,15.0,25797586.0,2026-01-26,KH-00464,1984430.0,2026-01,1
BH25.0236,8,8,3,21.0,25750000.0,2025-02-26,KH-00164,3218750.0,2025-02,1
BH26.0802,9,9,2,21.0,25692030.0,2026-02-24,KH-00518,2854670.0,2026-02,1
BH25.0312,19,19,5,19.0,25636430.0,2025-03-19,KH-00022,1349286.0,2025-03,1
BH25.0081,3,3,1,21.0,25550000.0,2025-02-10,KH-00060,8516667.0,2025-02,0
BH26.0265,4,4,1,15.0,25531661.0,2026-01-26,KH-00075,6382915.0,2026-01,0
BH25.0163,17,17,4,19.0,25527929.0,2025-02-20,KH-00121,1501643.0,2025-02,1
BH26.0321,9,6,3,19.0,25500553.0,2026-01-28,KH-00488,2833395.0,2026-01,1
BH25.0576,10,10,2,22.0,25430000.0,2025-03-27,KH-00148,2543000.0,2025-03,1
BH26.0858,6,6,1,10.0,25388885.0,2026-02-26,KH-00512,4231481.0,2026-02,0
BH26.0789,14,13,2,15.0,25347770.0,2026-02-24,KH-00543,1810555.0,2026-02,1
BH26.0594,7,7,2,13.0,25288794.0,2026-02-09,KH-00006,3612685.0,2026-02,1
BH26.0269,7,7,1,16.0,25285547.0,2026-01-26,KH-00470,3612221.0,2026-01,0
BH26.0295,4,4,1,15.0,25244440.0,2026-01-27,KH-00382,6311110.0,2026-01,0
BH26.0521,13,12,1,15.0,25219441.0,2026-02-04,KH-00604,1939957.0,2026-02,0
BH25.0327,11,11,2,22.0,25200000.0,2025-03-19,KH-00130,2290909.0,2025-03,1
BH25.0508,16,16,4,21.0,25141039.0,2025-03-25,KH-00119,1571315.0,2025-03,1
BH25.0543,7,7,1,21.0,25080000.0,2025-03-25,KH-00285,3582857.0,2025-03,0
BH25.0296,12,12,2,21.0,25080000.0,2025-03-18,KH-00016,2090000.0,2025-03,1
BH25.0348,12,12,3,24.0,25011040.0,2025-03-20,KH-00209,2084253.0,2025-03,1
BH25.0227,13,13,2,16.0,24976845.0,2025-02-25,KH-00042,1921296.0,2025-02,1
BH26.0405,10,9,2,15.0,24975551.0,2026-01-29,KH-00549,2497555.0,2026-01,1
BH25.0580,8,8,2,21.0,24940000.0,2025-03-27,KH-00221,3117500.0,2025-03,1
BH25.0018,11,11,3,21.0,24920000.0,2025-01-10,KH-00018,2265455.0,2025-01,1
BH26.0514,6,6,1,15.0,24913880.0,2026-02-04,KH-00600,4152313.0,2026-02,0
BH25.0337,2,2,1,10.0,24907407.0,2025-03-20,KH-00204,12453704.0,2025-03,0
BH25.0233,11,11,3,21.0,24900000.0,2025-02-26,KH-00075,2263636.0,2025-02,1
BH26.0322,5,5,1,13.0,24826106.0,2026-01-28,KH-00501,4965221.0,2026-01,0
BH26.0464,10,10,1,15.0,24779998.0,2026-01-31,KH-00580,2478000.0,2026-01,0
BH25.0603,9,9,2,20.0,24730000.0,2025-03-28,KH-00167,2747778.0,2025-03,1
BH26.0438,11,10,2,14.0,24728328.0,2026-01-30,KH-00359,2248030.0,2026-01,1
BH25.0430,15,15,4,23.0,24720000.0,2025-03-22,KH-00212,1648000.0,2025-03,1
BH26.0506,9,9,1,15.0,24718326.0,2026-02-04,KH-00384,2746481.0,2026-02,0
BH25.0593,11,11,2,20.0,24710000.0,2025-03-28,KH-00225,2246364.0,2025-03,1
BH26.0380,4,4,1,15.0,24614994.0,2026-01-28,KH-00442,6153748.0,2026-01,0
BH25.0359,11,11,4,18.0,24595286.0,2025-03-20,KH-00208,2235935.0,2025-03,1
BH26.0906,13,13,1,15.0,24583881.0,2026-02-27,KH-00527,1891068.0,2026-02,0
BH25.0036,7,7,4,13.0,24583215.0,2025-01-13,KH-00027,3511888.0,2025-01,1
BH26.0436,9,9,2,16.0,24564438.0,2026-01-30,KH-00567,2729382.0,2026-01,1
BH25.0383,10,10,3,23.0,24540000.0,2025-03-21,KH-00168,2454000.0,2025-03,1
BH25.0682,8,8,2,21.0,24530000.0,2025-03-31,KH-00117,3066250.0,2025-03,1
BH26.0294,10,10,1,15.0,24511106.0,2026-01-27,KH-00489,2451111.0,2026-01,0
BH25.0680,8,8,1,21.0,24510000.0,2025-03-31,KH-00332,3063750.0,2025-03,0
BH25.0530,13,13,3,20.0,24490000.0,2025-03-25,KH-00208,1883846.0,2025-03,1
BH25.0588,15,15,3,21.0,24430000.0,2025-03-27,KH-00299,1628667.0,2025-03,1
BH25.0239,10,10,3,19.0,24390000.0,2025-02-26,KH-00167,2439000.0,2025-02,1
BH26.0552,11,11,2,15.0,24388144.0,2026-02-05,KH-00610,2217104.0,2026-02,1
BH26.0358,9,7,2,15.0,24352217.0,2026-01-28,KH-00523,2705802.0,2026-01,1
BH25.0453,13,13,3,19.0,24350000.0,2025-03-24,KH-00078,1873077.0,2025-03,1
BH25.0131,11,11,3,21.0,24340000.0,2025-02-17,KH-00096,2212727.0,2025-02,1
BH26.0731,12,12,2,15.0,24309254.0,2026-02-13,KH-00661,2025771.0,2026-02,1
BH25.0546,11,11,2,20.0,24280000.0,2025-03-25,KH-00093,2207273.0,2025-03,1
BH25.0346,17,17,3,24.0,24260000.0,2025-03-20,KH-00140,1427059.0,2025-03,1
BH25.0243,1,1,1,10.0,24259259.0,2025-02-27,KH-00171,24259259.0,2025-02,0
BH26.0704,4,4,1,13.0,24254438.0,2026-02-12,KH-00349,6063610.0,2026-02,0
BH25.0406,10,10,2,21.0,24220000.0,2025-03-21,KH-00234,2422000.0,2025-03,1
BH25.0446,10,10,2,14.0,24210217.0,2025-03-24,KH-00254,2421022.0,2025-03,1
BH25.0119,3,3,1,20.0,24200000.0,2025-02-14,KH-00087,8066667.0,2025-02,0
BH26.0512,7,7,1,15.0,24137774.0,2026-02-04,KH-00599,3448253.0,2026-02,0
BH26.0367,6,6,1,15.0,24083328.0,2026-01-28,KH-00528,4013888.0,2026-01,0
BH25.0172,9,9,2,21.0,24040000.0,2025-02-20,KH-00004,2671111.0,2025-02,1
BH25.0235,9,9,2,20.0,24015924.0,2025-02-26,KH-00163,2668436.0,2025-02,1
BH25.0561,3,3,1,20.0,24000000.0,2025-03-26,KH-00291,8000000.0,2025-03,0
BH25.0079,4,4,1,20.0,24000000.0,2025-02-10,KH-00058,6000000.0,2025-02,0
BH25.0597,6,6,2,20.0,23990000.0,2025-03-28,KH-00107,3998333.0,2025-03,1
BH26.0801,8,7,2,17.0,23974065.0,2026-02-24,KH-00397,2996758.0,2026-02,1
BH25.0158,7,7,2,21.0,23960000.0,2025-02-19,KH-00117,3422857.0,2025-02,1
BH25.0480,9,9,2,16.0,23922643.0,2025-03-24,KH-00220,2658071.0,2025-03,1
BH25.0091,5,5,2,14.0,23885923.0,2025-02-11,KH-00006,4777185.0,2025-02,1
BH26.0684,7,7,1,16.0,23865548.0,2026-02-12,KH-00588,3409364.0,2026-02,0
BH26.0061,2,2,2,16.0,23841481.0,2026-01-15,KH-00019,11920740.0,2026-01,1
BH26.0312,10,10,3,15.0,23802030.0,2026-01-27,KH-00498,2380203.0,2026-01,1
BH25.0117,8,8,1,20.0,23760000.0,2025-02-14,KH-00085,2970000.0,2025-02,0
BH26.0903,14,14,2,15.0,23752773.0,2026-02-27,KH-00437,1696627.0,2026-02,1
BH26.0107,11,11,3,14.0,23752770.0,2026-01-19,KH-00389,2159343.0,2026-01,1
BH26.0639,7,6,2,16.0,23712491.0,2026-02-10,KH-00436,3387499.0,2026-02,1
BH26.0223,6,6,1,15.0,23649439.0,2026-01-24,KH-00113,3941573.0,2026-01,0
BH25.0214,5,5,1,21.0,23640000.0,2025-02-22,KH-00154,4728000.0,2025-02,0
BH25.0573,11,11,1,20.0,23580000.0,2025-03-27,KH-00296,2143636.0,2025-03,0
BH26.0362,3,3,2,15.0,23533325.0,2026-01-28,KH-00366,7844442.0,2026-01,1
BH25.0645,8,8,4,17.0,23394124.0,2025-03-29,KH-00067,2924266.0,2025-03,1
BH25.0633,5,5,1,19.0,23360000.0,2025-03-28,KH-00035,4672000.0,2025-03,0
BH25.0017,6,6,1,20.0,23350000.0,2025-01-10,KH-00017,3891667.0,2025-01,0
BH25.0129,10,10,2,20.0,23330000.0,2025-02-17,KH-00094,2333000.0,2025-02,1
BH25.0056,11,11,2,15.0,23315739.0,2025-01-22,KH-00042,2119613.0,2025-01,1
BH25.0238,10,10,3,18.0,23312643.0,2025-02-26,KH-00166,2331264.0,2025-02,1
BH25.0250,8,8,1,20.0,23300000.0,2025-03-06,KH-00174,2912500.0,2025-03,0
BH25.0475,8,8,2,20.0,23290000.0,2025-03-24,KH-00260,2911250.0,2025-03,1
BH25.0366,6,6,2,20.0,23290000.0,2025-03-20,KH-00214,3881667.0,2025-03,1
BH26.0224,5,5,1,10.0,23242219.0,2026-01-24,KH-00443,4648444.0,2026-01,0
BH26.0118,11,11,3,18.0,23213788.0,2026-01-19,KH-00397,2110344.0,2026-01,1
BH25.0015,10,9,2,15.0,23210000.0,2025-01-10,KH-00015,2321000.0,2025-01,1
BH26.0446,3,3,3,14.0,23174064.0,2026-01-31,KH-00571,7724688.0,2026-01,1
BH25.0136,15,15,3,19.0,23150000.0,2025-02-17,KH-00004,1543333.0,2025-02,1
BH26.0076,12,12,3,17.0,23108230.0,2026-01-16,KH-00365,1925686.0,2026-01,1
BH25.0476,12,12,1,20.0,23100000.0,2025-03-24,KH-00196,1925000.0,2025-03,0
BH25.0381,12,12,3,20.0,23050000.0,2025-03-20,KH-00222,1920833.0,2025-03,1
BH25.0228,12,12,2,19.0,23040000.0,2025-02-25,KH-00158,1920000.0,2025-02,1
BH25.0563,13,13,3,29.0,23020000.0,2025-03-26,KH-00256,1770769.0,2025-03,1
BH25.0569,6,6,2,20.0,23020000.0,2025-03-27,KH-00085,3836667.0,2025-03,1
BH26.0671,10,10,1,15.0,23001103.0,2026-02-12,KH-00162,2300110.0,2026-02,0
BH25.0686,15,15,2,20.0,22970000.0,2025-03-31,KH-00333,1531333.0,2025-03,1
BH25.0148,11,11,4,20.0,22969073.0,2025-02-19,KH-00076,2088098.0,2025-02,1
BH25.0204,13,13,4,20.0,22940000.0,2025-02-22,KH-00145,1764615.0,2025-02,1
BH26.0535,9,8,1,10.0,22931385.0,2026-02-05,KH-00606,2547932.0,2026-02,0
BH26.0842,5,5,2,14.0,22900547.0,2026-02-26,KH-00505,4580109.0,2026-02,1
BH25.0405,9,9,1,20.0,22840000.0,2025-03-21,KH-00233,2537778.0,2025-03,0
BH25.0522,10,10,2,20.0,22830000.0,2025-03-25,KH-00078,2283000.0,2025-03,1
BH26.0326,10,10,3,15.0,22818328.0,2026-01-28,KH-00504,2281833.0,2026-01,1
BH25.0527,5,5,1,20.0,22800000.0,2025-03-25,KH-00208,4560000.0,2025-03,0
BH25.0433,14,14,4,18.0,22690000.0,2025-03-22,KH-00142,1620714.0,2025-03,1
BH26.0254,1,1,1,10.0,22685185.0,2026-01-26,KH-00461,22685185.0,2026-01,0
BH25.0332,8,7,2,20.0,22660000.0,2025-03-19,KH-00202,2832500.0,2025-03,1
BH26.0441,7,7,3,16.0,22657673.0,2026-01-30,KH-00570,3236810.0,2026-01,1
BH25.0377,15,15,3,21.0,22640000.0,2025-03-20,KH-00004,1509333.0,2025-03,1
BH26.0841,6,6,2,16.0,22569442.0,2026-02-26,KH-00578,3761574.0,2026-02,1
BH26.0230,11,11,1,21.0,22567396.0,2026-01-24,KH-00446,2051581.0,2026-01,0
BH25.0354,11,11,3,19.0,22560000.0,2025-03-20,KH-00163,2050909.0,2025-03,1
BH25.0155,5,5,3,16.0,22550000.0,2025-02-19,KH-00114,4510000.0,2025-02,1
BH26.0820,11,11,2,15.0,22546843.0,2026-02-25,KH-00647,2049713.0,2026-02,1
BH26.0038,9,9,2,15.0,22488327.0,2026-01-13,KH-00338,2498703.0,2026-01,1
BH25.0533,12,12,3,20.0,22480000.0,2025-03-25,KH-00280,1873333.0,2025-03,1
BH25.0413,5,5,4,14.0,22420000.0,2025-03-21,KH-00237,4484000.0,2025-03,1
BH25.0203,17,17,4,20.0,22418078.0,2025-02-22,KH-00144,1318710.0,2025-02,1
BH26.0281,4,4,1,10.0,22314816.0,2026-01-27,KH-00480,5578704.0,2026-01,0
BH26.0579,11,11,2,12.0,22282679.0,2026-02-07,KH-00622,2025698.0,2026-02,1
BH25.0628,11,11,3,21.0,22281481.0,2025-03-28,KH-00257,2025589.0,2025-03,1
BH25.0656,6,6,2,19.0,22250000.0,2025-03-31,KH-00321,3708333.0,2025-03,1
BH25.0422,13,13,4,16.0,22196430.0,2025-03-21,KH-00097,1707418.0,2025-03,1
BH26.0341,13,12,2,15.0,22188882.0,2026-01-28,KH-00512,1706837.0,2026-01,1
BH25.0278,7,7,1,19.0,22170000.0,2025-03-17,KH-00079,3167143.0,2025-03,0
BH26.0143,10,10,4,12.0,22144902.0,2026-01-22,KH-00401,2214490.0,2026-01,1
BH26.0382,9,9,2,14.0,22129439.0,2026-01-28,KH-00347,2458827.0,2026-01,1
BH25.0629,9,9,3,21.0,22101481.0,2025-03-28,KH-00258,2455720.0,2025-03,1
BH26.0214,8,8,1,14.0,22092772.0,2026-01-24,KH-00284,2761596.0,2026-01,0
BH26.0264,3,3,1,14.0,22086662.0,2026-01-26,KH-00340,7362221.0,2026-01,0
BH26.0404,2,2,1,14.0,22080551.0,2026-01-29,KH-00548,11040276.0,2026-01,0
BH26.0466,7,6,2,12.0,22065551.0,2026-01-31,KH-00459,3152222.0,2026-01,1
BH25.0317,14,14,2,19.0,21960000.0,2025-03-19,KH-00195,1568571.0,2025-03,1
BH26.0837,9,9,2,14.0,21890179.0,2026-02-26,KH-00689,2432242.0,2026-02,1
BH26.0083,7,6,1,14.0,21866662.0,2026-01-16,KH-00371,3123809.0,2026-01,0
BH25.0167,2,2,1,17.0,21860000.0,2025-02-20,KH-00125,10930000.0,2025-02,0
BH26.0576,7,7,2,14.0,21855274.0,2026-02-07,KH-00338,3122182.0,2026-02,1
BH25.0538,9,9,3,20.0,21840000.0,2025-03-25,KH-00282,2426667.0,2025-03,1
BH26.0615,6,6,1,13.0,21803886.0,2026-02-09,KH-00633,3633981.0,2026-02,0
BH26.0290,7,7,2,13.0,21782404.0,2026-01-27,KH-00371,3111772.0,2026-01,1
BH25.0147,4,4,2,20.0,21760000.0,2025-02-19,KH-00107,5440000.0,2025-02,1
BH25.0676,6,6,1,10.0,21666667.0,2025-03-31,KH-00329,3611111.0,2025-03,0
BH26.0165,8,8,1,13.0,21617775.0,2026-01-22,KH-00079,2702222.0,2026-01,0
BH25.0618,9,9,3,21.0,21610000.0,2025-03-28,KH-00309,2401111.0,2025-03,1
BH26.0374,7,7,1,13.0,21605551.0,2026-01-28,KH-00530,3086507.0,2026-01,0
BH26.0235,5,5,2,15.0,21546379.0,2026-01-24,KH-00133,4309276.0,2026-01,1
BH26.0451,8,6,2,16.0,21478325.0,2026-01-31,KH-00576,2684791.0,2026-01,1
BH26.0651,9,8,1,10.0,21477773.0,2026-02-11,KH-00644,2386419.0,2026-02,0
BH26.0271,10,10,4,15.0,21467584.0,2026-01-26,KH-00472,2146758.0,2026-01,1
BH26.0408,9,7,2,16.0,21451568.0,2026-01-29,KH-00552,2383508.0,2026-01,1
BH26.0071,8,8,2,13.0,21438795.0,2026-01-16,KH-00006,2679849.0,2026-01,1
BH25.0482,15,15,3,22.0,21400000.0,2025-03-24,KH-00093,1426667.0,2025-03,1
BH25.0670,5,5,1,18.0,21400000.0,2025-03-31,KH-00092,4280000.0,2025-03,0
BH25.0265,5,5,2,13.0,21398884.0,2025-03-13,KH-00006,4279777.0,2025-03,1
BH26.0693,5,4,1,13.0,21388330.0,2026-02-12,KH-00510,4277666.0,2026-02,0
BH26.0412,10,9,2,15.0,21375919.0,2026-01-29,KH-00555,2137592.0,2026-01,1
BH26.0536,6,6,1,10.0,21306664.0,2026-02-05,KH-00408,3551111.0,2026-02,0
BH25.0133,14,14,4,20.0,21251481.0,2025-02-17,KH-00078,1517963.0,2025-02,1
BH25.0219,13,13,3,18.0,21250000.0,2025-02-22,KH-00156,1634615.0,2025-02,1
BH25.0232,13,13,4,13.0,21197215.0,2025-02-26,KH-00161,1630555.0,2025-02,1
BH26.0439,6,5,2,14.0,21023328.0,2026-01-30,KH-00556,3503888.0,2026-01,1
BH25.0176,13,13,1,18.0,21000000.0,2025-02-20,KH-00034,1615385.0,2025-02,0
BH26.0229,5,5,2,17.0,20933330.0,2026-01-24,KH-00445,4186666.0,2026-01,1
BH25.0632,12,12,4,16.0,20889981.0,2025-03-28,KH-00315,1740832.0,2025-03,1
BH26.0624,10,10,2,13.0,20889813.0,2026-02-10,KH-00006,2088981.0,2026-02,1
BH26.0931,5,5,1,10.0,20889812.0,2026-02-28,KH-00006,4177962.0,2026-02,0
BH26.0458,7,7,2,15.0,20862769.0,2026-01-31,KH-00513,2980396.0,2026-01,1
BH26.0850,9,9,1,12.0,20859996.0,2026-02-26,KH-00049,2317777.0,2026-02,0
BH26.0402,7,7,1,13.0,20756106.0,2026-01-29,KH-00547,2965158.0,2026-01,0
BH26.0680,7,7,2,17.0,20751657.0,2026-02-12,KH-00556,2964522.0,2026-02,1
BH26.0763,11,9,2,14.0,20743326.0,2026-02-13,KH-00376,1885757.0,2026-02,1
BH25.0558,8,8,2,17.0,20720000.0,2025-03-26,KH-00289,2590000.0,2025-03,1
BH25.0215,14,14,4,20.0,20702962.0,2025-02-22,KH-00078,1478783.0,2025-02,1
BH26.0839,4,4,1,15.0,20696290.0,2026-02-26,KH-00556,5174072.0,2026-02,0
BH25.0574,5,5,1,17.0,20650000.0,2025-03-27,KH-00297,4130000.0,2025-03,0
BH25.0084,4,4,1,8.0,20615148.0,2025-02-10,KH-00063,5153787.0,2025-02,0
BH26.0511,13,13,3,15.0,20562770.0,2026-02-04,KH-00381,1581752.0,2026-02,1
BH26.0636,11,11,3,15.0,20544251.0,2026-02-10,KH-00434,1867659.0,2026-02,1
BH25.0400,11,11,2,18.0,20440000.0,2025-03-21,KH-00230,1858182.0,2025-03,1
BH26.0638,6,6,1,12.0,20364997.0,2026-02-10,KH-00638,3394166.0,2026-02,0
BH26.0768,8,8,2,12.0,20334439.0,2026-02-13,KH-00673,2541805.0,2026-02,1
BH26.0628,5,5,1,12.0,20328330.0,2026-02-10,KH-00634,4065666.0,2026-02,0
BH25.0567,2,2,1,10.0,20277778.0,2025-03-27,KH-00293,10138889.0,2025-03,0
BH26.0614,6,6,1,13.0,20252774.0,2026-02-09,KH-00371,3375462.0,2026-02,0
BH25.0369,10,10,2,17.0,20230000.0,2025-03-20,KH-00206,2023000.0,2025-03,1
BH26.0273,4,4,1,13.0,20212216.0,2026-01-26,KH-00473,5053054.0,2026-01,0
BH26.0600,7,7,2,10.0,20205368.0,2026-02-09,KH-00006,2886481.0,2026-02,1
BH25.0380,9,9,2,17.0,20190000.0,2025-03-20,KH-00101,2243333.0,2025-03,1
BH25.0065,7,7,3,10.0,20162032.0,2025-02-07,KH-00049,2880290.0,2025-02,1
BH26.0386,9,6,1,15.0,20135548.0,2026-01-28,KH-00537,2237283.0,2026-01,0
BH25.0043,4,4,2,13.0,20065922.0,2025-01-16,KH-00006,5016480.0,2025-01,1
BH26.0468,9,9,3,17.0,20061562.0,2026-01-31,KH-00078,2229062.0,2026-01,1
BH25.0507,15,15,3,18.0,20030000.0,2025-03-25,KH-00271,1335333.0,2025-03,1
BH25.0275,13,13,2,17.0,20000000.0,2025-03-14,KH-00183,1538462.0,2025-03,1
BH26.0407,5,5,2,8.0,19988329.0,2026-01-29,KH-00551,3997666.0,2026-01,1
BH25.0358,15,15,4,15.0,19956430.0,2025-03-20,KH-00022,1330429.0,2025-03,1
BH26.0383,11,11,2,11.0,19952588.0,2026-01-28,KH-00534,1813872.0,2026-01,1
BH26.0622,10,10,2,12.0,19905924.0,2026-02-10,KH-00006,1990592.0,2026-02,1
BH25.0683,15,15,3,20.0,19890000.0,2025-03-31,KH-00115,1326000.0,2025-03,1
BH25.0671,9,9,3,20.0,19890000.0,2025-03-31,KH-00250,2210000.0,2025-03,1
BH26.0865,6,6,2,10.0,19876663.0,2026-02-26,KH-00424,3312777.0,2026-02,1
BH26.0531,10,10,2,11.0,19854904.0,2026-02-05,KH-00440,1985490.0,2026-02,1
BH25.0542,15,15,3,20.0,19850000.0,2025-03-25,KH-00246,1323333.0,2025-03,1
BH26.0522,4,4,1,12.0,19833328.0,2026-02-04,KH-00570,4958332.0,2026-02,0
BH25.0518,5,5,2,10.0,19800000.0,2025-03-25,KH-00015,3960000.0,2025-03,1
BH25.0151,13,13,3,17.0,19750000.0,2025-02-19,KH-00110,1519231.0,2025-02,1
BH25.0498,11,11,3,15.0,19732643.0,2025-03-25,KH-00254,1793877.0,2025-03,1
BH26.0307,6,6,1,10.0,19709997.0,2026-01-27,KH-00495,3285000.0,2026-01,0
BH25.0692,8,8,1,17.0,19680000.0,2025-03-31,KH-00152,2460000.0,2025-03,0
BH26.0791,2,2,0,15.0,19658325.0,2026-02-24,KH-00679,9829162.0,2026-02,0
BH26.0211,8,7,1,11.0,19598330.0,2026-01-24,KH-00435,2449791.0,2026-01,0
BH26.0867,4,4,1,12.0,19588886.0,2026-02-26,KH-00381,4897222.0,2026-02,0
BH25.0419,10,10,2,30.0,19580000.0,2025-03-21,KH-00242,1958000.0,2025-03,1
BH26.0544,4,4,2,13.0,19481665.0,2026-02-05,KH-00355,4870416.0,2026-02,1
BH25.0688,8,8,2,15.0,19400000.0,2025-03-31,KH-00305,2425000.0,2025-03,1
BH26.0634,8,8,2,13.0,19377401.0,2026-02-10,KH-00637,2422175.0,2026-02,1
BH26.0297,5,4,2,10.0,19349256.0,2026-01-27,KH-00490,3869851.0,2026-01,1
BH26.0660,8,7,3,13.0,19341013.0,2026-02-12,KH-00647,2417627.0,2026-02,1
BH25.0187,7,7,2,14.0,19331293.0,2025-02-22,KH-00006,2761613.0,2025-02,1
BH26.0809,9,9,4,13.0,19286104.0,2026-02-24,KH-00493,2142900.0,2026-02,1
BH26.0575,2,2,0,2.0,19236110.0,2026-02-07,KH-00620,9618055.0,2026-02,0
BH26.0032,3,3,2,13.0,19185552.0,2026-01-13,KH-00355,6395184.0,2026-01,1
BH26.0080,8,8,2,15.0,19160546.0,2026-01-16,KH-00369,2395068.0,2026-01,1
BH25.0408,6,6,2,12.0,19112220.0,2025-03-21,KH-00006,3185370.0,2025-03,1
BH25.0660,8,8,3,15.0,19111481.0,2025-03-31,KH-00222,2388935.0,2025-03,1
BH26.0073,7,7,1,10.0,19107406.0,2026-01-16,KH-00006,2729629.0,2026-01,0
BH26.0140,5,5,2,10.0,19050368.0,2026-01-22,KH-00006,3810074.0,2026-01,1
BH25.0402,2,2,1,8.0,19000000.0,2025-03-21,KH-00232,9500000.0,2025-03,0
BH26.0305,8,8,1,9.0,18953887.0,2026-01-27,KH-00022,2369236.0,2026-01,0
BH26.0866,6,5,1,11.0,18938328.0,2026-02-26,KH-00663,3156388.0,2026-02,0
BH26.0813,7,7,1,12.0,18898328.0,2026-02-24,KH-00605,2699761.0,2026-02,0
BH26.0245,8,8,1,12.0,18777768.0,2026-01-24,KH-00457,2347221.0,2026-01,0
BH26.0619,10,10,3,13.0,18750924.0,2026-02-10,KH-00006,1875092.0,2026-02,1
BH25.0483,10,10,3,19.0,18742962.0,2025-03-24,KH-00198,1874296.0,2025-03,1
BH25.0581,7,7,1,16.0,18730000.0,2025-03-27,KH-00283,2675714.0,2025-03,0
BH25.0627,6,6,1,16.0,18730000.0,2025-03-28,KH-00313,3121667.0,2025-03,0
BH26.0055,3,3,1,11.0,18708148.0,2026-01-15,KH-00019,6236049.0,2026-01,0
BH25.0143,1,1,1,10.0,18680556.0,2025-02-19,KH-00103,18680556.0,2025-02,0
BH26.0683,10,10,3,16.0,18677211.0,2026-02-12,KH-00432,1867721.0,2026-02,1
BH25.0630,12,12,4,15.0,18650000.0,2025-03-28,KH-00256,1554167.0,2025-03,1
BH25.0205,11,11,4,14.0,18640000.0,2025-02-22,KH-00146,1694545.0,2025-02,1
BH25.0669,11,11,3,15.0,18618500.0,2025-03-31,KH-00142,1692591.0,2025-03,1
BH26.0930,7,7,3,13.0,18586943.0,2026-02-28,KH-00006,2655278.0,2026-02,1
BH25.0391,10,10,4,16.0,18480000.0,2025-03-21,KH-00212,1848000.0,2025-03,1
BH25.0689,9,9,2,16.0,18460000.0,2025-03-31,KH-00094,2051111.0,2025-03,1
BH26.0832,10,10,2,11.0,18458610.0,2026-02-26,KH-00006,1845861.0,2026-02,1
BH25.0621,5,5,2,15.0,18422117.0,2025-03-28,KH-00155,3684423.0,2025-03,1
BH26.0092,6,6,1,11.0,18376110.0,2026-01-16,KH-00378,3062685.0,2026-01,0
BH25.0614,10,10,1,16.0,18340000.0,2025-03-28,KH-00288,1834000.0,2025-03,0
BH25.0428,8,8,1,10.0,18334000.0,2025-03-22,KH-00246,2291750.0,2025-03,0
BH25.0421,12,12,3,15.0,18320000.0,2025-03-21,KH-00163,1526667.0,2025-03,1
BH25.0399,6,6,2,14.0,18300000.0,2025-03-21,KH-00208,3050000.0,2025-03,1
BH26.0275,4,4,2,9.0,18287774.0,2026-01-26,KH-00475,4571944.0,2026-01,1
BH25.0193,11,11,3,16.0,18270000.0,2025-02-22,KH-00022,1660909.0,2025-02,1
BH25.0409,11,11,1,15.0,18210000.0,2025-03-21,KH-00236,1655455.0,2025-03,0
BH25.0300,6,5,1,14.0,18187000.0,2025-03-18,KH-00190,3031167.0,2025-03,0
BH25.0520,7,7,2,15.0,18170000.0,2025-03-25,KH-00274,2595714.0,2025-03,1
BH26.0142,5,5,1,12.0,18166296.0,2026-01-22,KH-00006,3633259.0,2026-01,0
BH26.0515,9,9,2,12.0,18164071.0,2026-02-04,KH-00601,2018230.0,2026-02,1
BH25.0326,3,3,1,15.0,18150000.0,2025-03-19,KH-00126,6050000.0,2025-03,0
BH25.0619,13,13,2,15.0,18140195.0,2025-03-28,KH-00147,1395400.0,2025-03,1
BH26.0156,3,3,1,10.0,18133330.0,2026-01-22,KH-00409,6044443.0,2026-01,0
BH25.0060,1,1,1,4.0,18111112.0,2025-01-23,KH-00045,18111112.0,2025-01,0
BH26.0226,4,4,1,11.0,18082774.0,2026-01-24,KH-00340,4520694.0,2026-01,0
BH26.0529,6,6,3,10.0,18079996.0,2026-02-05,KH-00531,3013333.0,2026-02,1
BH26.0754,13,13,3,14.0,18054252.0,2026-02-13,KH-00669,1388789.0,2026-02,1
BH25.0650,15,15,2,15.0,18020000.0,2025-03-31,KH-00320,1201333.0,2025-03,1
BH25.0395,8,8,2,15.0,18000000.0,2025-03-21,KH-00228,2250000.0,2025-03,1
BH26.0551,2,2,1,10.0,17994440.0,2026-02-05,KH-00564,8997220.0,2026-02,0
BH25.0403,8,8,3,15.0,17980000.0,2025-03-21,KH-00167,2247500.0,2025-03,1
BH25.0401,9,9,3,14.0,17960000.0,2025-03-21,KH-00231,1995556.0,2025-03,1
BH25.0181,3,3,1,15.0,17930000.0,2025-02-20,KH-00133,5976667.0,2025-02,0
BH25.0675,8,8,2,15.0,17890000.0,2025-03-31,KH-00272,2236250.0,2025-03,1
BH26.0206,5,4,2,11.0,17887217.0,2026-01-24,KH-00431,3577443.0,2026-01,1
BH25.0604,11,11,4,16.0,17870000.0,2025-03-28,KH-00256,1624545.0,2025-03,1
BH25.0116,11,11,2,15.0,17860000.0,2025-02-14,KH-00084,1623636.0,2025-02,1
BH25.0655,9,9,4,16.0,17799559.0,2025-03-31,KH-00163,1977729.0,2025-03,1
BH25.0154,8,8,1,15.0,17790000.0,2025-02-19,KH-00113,2223750.0,2025-02,0
BH25.0455,7,7,2,16.0,17760000.0,2025-03-24,KH-00067,2537143.0,2025-03,1
BH25.0674,13,13,2,15.0,17730000.0,2025-03-31,KH-00139,1363846.0,2025-03,1
BH25.0609,10,10,1,15.0,17710000.0,2025-03-28,KH-00304,1771000.0,2025-03,0
BH25.0594,3,3,1,15.0,17700000.0,2025-03-28,KH-00282,5900000.0,2025-03,0
BH25.0439,10,10,1,15.0,17670000.0,2025-03-22,KH-00236,1767000.0,2025-03,0
BH25.0556,10,10,2,15.0,17650000.0,2025-03-26,KH-00288,1765000.0,2025-03,1
BH25.0404,12,12,4,16.0,17610000.0,2025-03-21,KH-00067,1467500.0,2025-03,1
BH26.0480,5,4,1,10.0,17595552.0,2026-01-31,KH-00587,3519110.0,2026-01,0
BH25.0315,7,7,2,15.0,17590000.0,2025-03-19,KH-00109,2512857.0,2025-03,1
BH26.0336,8,8,1,11.0,17587774.0,2026-01-28,KH-00510,2198472.0,2026-01,0
BH25.0638,7,7,2,15.0,17550000.0,2025-03-28,KH-00317,2507143.0,2025-03,1
BH25.0642,11,11,2,15.0,17542962.0,2025-03-29,KH-00288,1594815.0,2025-03,1
BH25.0188,4,4,1,15.0,17520000.0,2025-02-22,KH-00133,4380000.0,2025-02,0
BH25.0559,7,7,2,15.0,17500000.0,2025-03-26,KH-00016,2500000.0,2025-03,1
BH25.0591,9,9,1,15.0,17490000.0,2025-03-28,KH-00300,1943333.0,2025-03,0
BH25.0299,8,8,2,22.0,17490000.0,2025-03-18,KH-00068,2186250.0,2025-03,1
BH26.0742,6,6,1,11.0,17471666.0,2026-02-13,KH-00547,2911944.0,2026-02,0
BH25.0340,4,4,1,15.0,17440000.0,2025-03-20,KH-00007,4360000.0,2025-03,0
BH25.0282,1,1,1,5.0,17431944.0,2025-03-17,KH-00173,17431944.0,2025-03,0
BH25.0229,6,6,2,23.0,17411481.0,2025-02-25,KH-00133,2901914.0,2025-02,1
BH25.0314,5,5,1,14.0,17400000.0,2025-03-19,KH-00007,3480000.0,2025-03,0
BH25.0165,8,8,2,20.0,17390000.0,2025-02-20,KH-00123,2173750.0,2025-02,1
BH25.0387,8,8,2,15.0,17380000.0,2025-03-21,KH-00024,2172500.0,2025-03,1
BH26.0748,7,7,1,11.0,17373884.0,2026-02-13,KH-00605,2481983.0,2026-02,0
BH26.0090,10,10,2,11.0,17373698.0,2026-01-16,KH-00376,1737370.0,2026-01,1
BH26.0846,6,6,1,10.0,17334440.0,2026-02-26,KH-00353,2889073.0,2026-02,0
BH25.0547,11,11,3,15.0,17290000.0,2025-03-25,KH-00192,1571818.0,2025-03,1
BH26.0347,6,6,2,12.0,17268051.0,2026-01-28,KH-00508,2878008.0,2026-01,1
BH25.0459,7,7,2,15.0,17260000.0,2025-03-24,KH-00258,2465714.0,2025-03,1
BH25.0458,7,7,2,15.0,17260000.0,2025-03-24,KH-00257,2465714.0,2025-03,1
BH26.0611,7,7,2,14.0,17259990.0,2026-02-09,KH-00395,2465713.0,2026-02,1
BH26.0388,8,8,1,10.0,17192218.0,2026-01-28,KH-00539,2149027.0,2026-01,0
BH26.0037,5,5,1,10.0,17186109.0,2026-01-13,KH-00078,3437222.0,2026-01,0
BH25.0531,11,11,2,20.0,17170000.0,2025-03-25,KH-00279,1560909.0,2025-03,1
BH25.0010,7,6,1,30.0,17104444.0,2025-01-09,KH-00010,2443492.0,2025-01,0
BH26.0291,2,2,1,12.0,17066664.0,2026-01-27,KH-00022,8533332.0,2026-01,0
BH25.0494,6,6,2,15.0,17030000.0,2025-03-25,KH-00065,2838333.0,2025-03,1
BH25.0678,5,5,2,15.0,16960000.0,2025-03-31,KH-00331,3392000.0,2025-03,1
BH26.0766,3,3,1,10.0,16918886.0,2026-02-13,KH-00671,5639629.0,2026-02,0
BH26.0741,8,8,1,10.0,16894441.0,2026-02-13,KH-00467,2111805.0,2026-02,0
BH25.0620,10,10,3,14.0,16831481.0,2025-03-28,KH-00067,1683148.0,2025-03,1
BH25.0529,11,11,3,15.0,16830000.0,2025-03-25,KH-00195,1530000.0,2025-03,1
BH25.0687,10,10,3,15.0,16810000.0,2025-03-31,KH-00078,1681000.0,2025-03,1
BH26.0788,6,5,2,14.0,16797398.0,2026-02-24,KH-00678,2799566.0,2026-02,1
BH25.0254,3,3,2,12.0,16779256.0,2025-03-08,KH-00006,5593085.0,2025-03,1
BH26.0043,2,2,2,11.0,16747499.0,2026-01-14,KH-00019,8373750.0,2026-01,1
BH25.0495,8,8,3,21.0,16740000.0,2025-03-25,KH-00242,2092500.0,2025-03,1
BH26.0709,2,2,1,11.0,16713883.0,2026-02-13,KH-00655,8356942.0,2026-02,0
BH26.0501,6,6,2,11.0,16663884.0,2026-02-04,KH-00506,2777314.0,2026-02,1
BH26.0233,5,4,2,11.0,16652772.0,2026-01-24,KH-00449,3330554.0,2026-01,1
BH26.0932,3,3,1,8.0,16647683.0,2026-02-28,KH-00006,5549228.0,2026-02,0
BH25.0557,8,8,3,14.0,16610000.0,2025-03-26,KH-00289,2076250.0,2025-03,1
BH25.0611,12,12,3,15.0,16540000.0,2025-03-28,KH-00028,1378333.0,2025-03,1
BH25.0177,13,13,2,14.0,16540000.0,2025-02-20,KH-00043,1272308.0,2025-02,1
BH26.0484,1,1,1,7.0,16527777.0,2026-02-02,KH-00589,16527777.0,2026-02,0
BH26.0471,10,9,2,11.0,16494903.0,2026-01-31,KH-00583,1649490.0,2026-01,1
BH25.0291,2,2,1,8.0,16464815.0,2025-03-17,KH-00186,8232408.0,2025-03,0
BH26.0421,7,7,1,11.0,16462314.0,2026-01-30,KH-00006,2351759.0,2026-01,0
BH26.0479,6,5,2,10.0,16434441.0,2026-01-31,KH-00502,2739074.0,2026-01,1
BH25.0613,5,5,1,14.0,16430000.0,2025-03-28,KH-00306,3286000.0,2025-03,0
BH26.0151,2,2,1,6.0,16416664.0,2026-01-22,KH-00049,8208332.0,2026-01,0
BH25.0661,6,6,2,14.0,16380000.0,2025-03-31,KH-00322,2730000.0,2025-03,1
BH26.0878,7,7,2,11.0,16371662.0,2026-02-27,KH-00697,2338809.0,2026-02,1
BH25.0058,1,1,1,3.0,16361111.0,2025-01-22,KH-00036,16361111.0,2025-01,0
BH26.0253,3,2,0,10.0,16361110.0,2026-01-26,KH-00460,5453703.0,2026-01,0
BH26.0696,5,5,1,10.0,16356664.0,2026-02-12,KH-00498,3271333.0,2026-02,0
BH25.0526,8,8,4,13.0,16310000.0,2025-03-25,KH-00250,2038750.0,2025-03,1
BH26.0324,10,10,3,10.0,16306015.0,2026-01-28,KH-00502,1630602.0,2026-01,1
BH26.0555,3,3,1,12.0,16197214.0,2026-02-05,KH-00613,5399071.0,2026-02,0
BH26.0740,7,7,2,14.0,16196656.0,2026-02-13,KH-00569,2313808.0,2026-02,1
BH26.0869,2,2,1,10.0,16191663.0,2026-02-26,KH-00380,8095832.0,2026-02,0
BH26.0213,7,7,1,10.0,16189996.0,2026-01-24,KH-00437,2312857.0,2026-01,0
BH26.0751,10,10,2,12.0,16184716.0,2026-02-13,KH-00639,1618472.0,2026-02,1
BH26.0138,4,4,3,10.0,16184258.0,2026-01-22,KH-00006,4046064.0,2026-01,1
BH26.0345,5,5,1,10.0,16177773.0,2026-01-28,KH-00378,3235555.0,2026-01,0
BH25.0253,1,1,1,7.0,16138889.0,2025-03-07,KH-00159,16138889.0,2025-03,0
BH25.0444,6,6,1,10.0,16081478.0,2025-03-24,KH-00042,2680246.0,2025-03,0
BH25.0443,6,6,1,10.0,16069440.0,2025-03-24,KH-00042,2678240.0,2025-03,0
BH26.0712,5,5,2,9.0,16042219.0,2026-02-13,KH-00495,3208444.0,2026-02,1
BH26.0854,7,7,2,10.0,16020459.0,2026-02-26,KH-00502,2288637.0,2026-02,1
BH25.0635,10,10,3,10.0,15991199.0,2025-03-28,KH-00042,1599120.0,2025-03,1
BH26.0333,8,7,1,10.0,15976106.0,2026-01-28,KH-00508,1997013.0,2026-01,0
BH26.0840,5,5,1,10.0,15916666.0,2026-02-26,KH-00691,3183333.0,2026-02,0
BH26.0188,5,5,1,12.0,15861474.0,2026-01-23,KH-00422,3172295.0,2026-01,0
BH25.0605,6,6,2,10.0,15822643.0,2025-03-28,KH-00092,2637107.0,2025-03,1
BH26.0232,5,5,2,12.0,15771104.0,2026-01-24,KH-00448,3154221.0,2026-01,1
BH25.0318,4,4,1,15.0,15750000.0,2025-03-19,KH-00196,3937500.0,2025-03,0
BH26.0357,2,2,1,10.0,15749995.0,2026-01-28,KH-00522,7874998.0,2026-01,0
BH26.0423,8,8,2,11.0,15729993.0,2026-01-30,KH-00558,1966249.0,2026-01,1
BH26.0786,4,4,3,12.0,15667404.0,2026-02-24,KH-00557,3916851.0,2026-02,1
BH25.0310,12,12,3,15.0,15660000.0,2025-03-19,KH-00192,1305000.0,2025-03,1
BH26.0642,5,5,1,9.0,15644997.0,2026-02-10,KH-00348,3128999.0,2026-02,0
BH25.0263,5,5,2,12.0,15636108.0,2025-03-13,KH-00006,3127222.0,2025-03,1
BH26.0547,4,4,2,10.0,15488885.0,2026-02-05,KH-00609,3872221.0,2026-02,1
BH25.0105,14,14,3,16.0,15431481.0,2025-02-14,KH-00074,1102249.0,2025-02,1
BH25.0297,2,2,1,8.0,15362962.0,2025-03-18,KH-00186,7681481.0,2025-03,0
BH25.0651,1,1,1,12.0,15360000.0,2025-03-31,KH-00134,15360000.0,2025-03,0
BH26.0705,6,6,2,9.0,15308884.0,2026-02-12,KH-00653,2551481.0,2026-02,1
BH26.0545,1,1,1,10.0,15305550.0,2026-02-05,KH-00438,15305550.0,2026-02,0
BH26.0811,8,8,2,10.0,15256662.0,2026-02-24,KH-00605,1907083.0,2026-02,1
BH25.0562,7,7,1,13.0,15120000.0,2025-03-26,KH-00167,2160000.0,2025-03,0
BH26.0682,7,6,1,11.0,15106661.0,2026-02-12,KH-00634,2158094.0,2026-02,0
BH26.0644,10,10,1,13.0,15069067.0,2026-02-10,KH-00079,1506907.0,2026-02,0
BH25.0090,2,2,2,10.0,15038146.0,2025-02-11,KH-00006,7519073.0,2025-02,1
BH25.0049,9,9,2,12.0,15000000.0,2025-01-18,KH-00035,1666667.0,2025-01,1
BH26.0086,2,2,1,9.0,14999994.0,2026-01-16,KH-00373,7499997.0,2026-01,0
BH25.0067,1,1,1,2.0,14981481.0,2025-02-07,KH-00036,14981481.0,2025-02,0
BH25.0050,1,1,1,2.0,14981481.0,2025-01-20,KH-00036,14981481.0,2025-01,0
BH25.0657,11,11,3,12.0,14960000.0,2025-03-31,KH-00192,1360000.0,2025-03,1
BH26.0488,1,1,1,6.0,14944444.0,2026-02-03,KH-00592,14944444.0,2026-02,0
BH26.0733,5,5,1,9.0,14923887.0,2026-02-13,KH-00663,2984777.0,2026-02,0
BH26.0623,8,8,2,9.0,14922315.0,2026-02-10,KH-00006,1865289.0,2026-02,1
BH26.0456,8,8,2,11.0,14898884.0,2026-01-31,KH-00435,1862360.0,2026-01,1
BH26.0020,2,2,0,5.0,14872220.0,2026-01-12,KH-00345,7436110.0,2026-01,0
BH25.0102,4,4,2,11.0,14825552.0,2025-02-14,KH-00006,3706388.0,2025-02,1
BH26.0833,6,6,1,10.0,14758332.0,2026-02-26,KH-00006,2459722.0,2026-02,0
BH25.0560,6,6,3,11.0,14702643.0,2025-03-26,KH-00290,2450440.0,2025-03,1
BH26.0761,1,1,1,10.0,14694440.0,2026-02-13,KH-00147,14694440.0,2026-02,0
BH25.0185,4,4,2,10.0,14649256.0,2025-02-22,KH-00006,3662314.0,2025-02,1
BH25.0545,4,4,1,12.0,14600000.0,2025-03-25,KH-00016,3650000.0,2025-03,0
BH25.0209,8,8,2,9.0,14582643.0,2025-02-22,KH-00150,1822830.0,2025-02,1
BH26.0384,9,9,2,10.0,14576478.0,2026-01-28,KH-00535,1619609.0,2026-01,1
BH26.0205,4,4,1,9.0,14566108.0,2026-01-24,KH-00430,3641527.0,2026-01,0
BH25.0026,7,7,4,8.0,14466018.0,2025-01-11,KH-00019,2066574.0,2025-01,1
BH25.0126,5,5,1,12.0,14260000.0,2025-02-17,KH-00092,2852000.0,2025-02,0
BH25.0608,5,5,1,12.0,14240000.0,2025-03-28,KH-00168,2848000.0,2025-03,0
BH26.0340,7,7,1,11.0,14207958.0,2026-01-28,KH-00511,2029708.0,2026-01,0
BH26.0856,9,9,3,10.0,14162587.0,2026-02-26,KH-00440,1573621.0,2026-02,1
BH25.0207,8,8,3,10.0,14122643.0,2025-02-22,KH-00148,1765330.0,2025-02,1
BH26.0304,5,4,2,11.0,14104439.0,2026-01-27,KH-00493,2820888.0,2026-01,1
BH26.0845,7,6,3,11.0,14099811.0,2026-02-26,KH-00630,2014259.0,2026-02,1
BH25.0473,3,3,2,11.0,14050000.0,2025-03-24,KH-00101,4683333.0,2025-03,1
BH25.0668,7,7,3,13.0,13870000.0,2025-03-31,KH-00326,1981429.0,2025-03,1
BH25.0082,7,7,3,10.0,13730000.0,2025-02-10,KH-00061,1961429.0,2025-02,1
BH26.0657,6,6,1,10.0,13520827.0,2026-02-12,KH-00644,2253471.0,2026-02,0
BH25.0201,9,9,2,11.0,13450000.0,2025-02-22,KH-00142,1494444.0,2025-02,1
BH26.0613,8,8,2,10.0,13301104.0,2026-02-09,KH-00632,1662638.0,2026-02,1
BH25.0220,2,2,1,7.0,13287034.0,2025-02-24,KH-00006,6643517.0,2025-02,0
BH25.0034,1,1,1,6.0,13277778.0,2025-01-13,KH-00025,13277778.0,2025-01,0
BH25.0264,6,6,2,8.0,13213517.0,2025-03-13,KH-00006,2202253.0,2025-03,1
BH26.0296,9,9,3,9.0,13197126.0,2026-01-27,KH-00074,1466347.0,2026-01,1
BH26.0800,5,5,2,13.0,13187212.0,2026-02-24,KH-00682,2637442.0,2026-02,1
BH25.0273,5,5,3,10.0,13140000.0,2025-03-14,KH-00182,2628000.0,2025-03,1
BH25.0109,9,9,2,11.0,13090000.0,2025-02-14,KH-00078,1454444.0,2025-02,1
BH26.0621,8,8,2,8.0,13075740.0,2026-02-10,KH-00006,1634468.0,2026-02,1
BH25.0575,6,6,2,11.0,13050000.0,2025-03-27,KH-00196,2175000.0,2025-03,1
BH26.0708,6,6,4,9.0,13042404.0,2026-02-13,KH-00435,2173734.0,2026-02,1
BH25.0274,9,9,3,11.0,13004039.0,2025-03-14,KH-00027,1444893.0,2025-03,1
BH25.0607,9,9,2,11.0,12980000.0,2025-03-28,KH-00303,1442222.0,2025-03,1
BH25.0610,6,6,2,11.0,12770000.0,2025-03-28,KH-00305,2128333.0,2025-03,1
BH26.0929,4,4,2,9.0,12769167.0,2026-02-28,KH-00006,3192292.0,2026-02,1
BH25.0277,7,7,3,11.0,12650000.0,2025-03-17,KH-00184,1807143.0,2025-03,1
BH26.0830,6,6,3,8.0,12633702.0,2026-02-26,KH-00006,2105617.0,2026-02,1
BH26.0828,8,8,2,9.0,12626572.0,2026-02-26,KH-00006,1578322.0,2026-02,1
BH26.0664,9,9,2,10.0,12614622.0,2026-02-12,KH-00535,1401625.0,2026-02,1
BH26.0749,6,6,1,8.0,12568330.0,2026-02-13,KH-00605,2094722.0,2026-02,0
BH25.0382,2,2,1,10.0,12500000.0,2025-03-21,KH-00035,6250000.0,2025-03,0
BH25.0353,1,1,1,10.0,12500000.0,2025-03-20,KH-00212,12500000.0,2025-03,0
BH26.0317,1,1,1,5.0,12458333.0,2026-01-28,KH-00500,12458333.0,2026-01,0
BH25.0095,3,3,3,7.0,12449813.0,2025-02-11,KH-00006,4149938.0,2025-02,1
BH26.0060,1,1,1,5.0,12441205.0,2026-01-15,KH-00019,12441205.0,2026-01,0
BH25.0612,4,4,1,10.0,12360000.0,2025-03-28,KH-00004,3090000.0,2025-03,0
BH25.0260,7,7,1,10.0,12340000.0,2025-03-10,KH-00035,1762857.0,2025-03,0
BH26.0807,5,5,2,9.0,12302126.0,2026-02-24,KH-00147,2460425.0,2026-02,1
BH25.0004,1,1,1,5.0,12268519.0,2025-01-06,KH-00004,12268519.0,2025-01,0
BH26.0195,3,3,1,5.0,12268518.0,2026-01-24,KH-00004,4089506.0,2026-01,0
BH26.0835,6,6,2,8.0,12232218.0,2026-02-26,KH-00647,2038703.0,2026-02,1
BH26.0139,5,5,2,8.0,12205924.0,2026-01-22,KH-00006,2441185.0,2026-01,1
BH26.0075,7,7,2,9.0,12198796.0,2026-01-16,KH-00006,1742685.0,2026-01,1
BH25.0658,9,9,3,12.0,12195116.0,2025-03-31,KH-00097,1355013.0,2025-03,1
BH25.0634,4,4,2,10.0,12150000.0,2025-03-28,KH-00282,3037500.0,2025-03,1
BH25.0452,6,6,3,10.0,12143787.0,2025-03-24,KH-00022,2023964.0,2025-03,1
BH25.0659,7,7,5,10.0,12092962.0,2025-03-31,KH-00184,1727566.0,2025-03,1
BH26.0497,3,3,1,13.0,12087211.0,2026-02-04,KH-00594,4029070.0,2026-02,0
BH26.0765,4,4,1,7.0,12046109.0,2026-02-13,KH-00673,3011527.0,2026-02,0
BH26.0821,4,4,2,7.0,11997220.0,2026-02-25,KH-00647,2999305.0,2026-02,1
BH25.0600,6,6,2,10.0,11970000.0,2025-03-28,KH-00078,1995000.0,2025-03,1
BH25.0150,7,7,1,10.0,11900000.0,2025-02-19,KH-00109,1700000.0,2025-02,0
BH25.0456,6,6,1,10.0,11790000.0,2025-03-24,KH-00142,1965000.0,2025-03,0
BH25.0511,3,3,2,10.0,11760000.0,2025-03-25,KH-00027,3920000.0,2025-03,1
BH25.0103,8,8,3,10.0,11750000.0,2025-02-14,KH-00043,1468750.0,2025-02,1
BH25.0048,8,8,3,10.0,11750000.0,2025-01-18,KH-00034,1468750.0,2025-01,1
BH26.0831,5,5,3,9.0,11699723.0,2026-02-26,KH-00006,2339945.0,2026-02,1
BH25.0114,9,9,2,10.0,11590000.0,2025-02-14,KH-00022,1287778.0,2025-02,1
BH25.0298,9,9,3,11.0,11570000.0,2025-03-18,KH-00189,1285556.0,2025-03,1
BH25.0070,8,8,2,10.0,11520000.0,2025-02-07,KH-00027,1440000.0,2025-02,1
BH26.0588,5,5,1,8.0,11407217.0,2026-02-07,KH-00501,2281443.0,2026-02,0
BH26.0443,1,1,1,5.0,11342593.0,2026-01-31,KH-00157,11342593.0,2026-01,0
BH25.0224,2,2,1,6.0,11286112.0,2025-02-24,KH-00023,5643056.0,2025-02,0
BH25.0055,1,1,1,5.0,11064815.0,2025-01-22,KH-00041,11064815.0,2025-01,0
BH25.0047,1,1,1,5.0,11064815.0,2025-01-17,KH-00033,11064815.0,2025-01,0
BH26.0533,3,3,1,12.0,11021101.0,2026-02-05,KH-00397,3673700.0,2026-02,0
BH26.0596,5,5,1,7.0,10929723.0,2026-02-09,KH-00006,2185945.0,2026-02,0
BH25.0237,7,7,3,8.0,10890000.0,2025-02-26,KH-00165,1555714.0,2025-02,1
BH26.0814,6,6,2,7.0,10884997.0,2026-02-24,KH-00605,1814166.0,2026-02,1
BH25.0662,5,5,1,9.0,10850000.0,2025-03-31,KH-00323,2170000.0,2025-03,0
BH26.0863,5,5,1,7.0,10756664.0,2026-02-26,KH-00358,2151333.0,2026-02,0
BH26.0089,4,4,1,5.0,10716664.0,2026-01-16,KH-00375,2679166.0,2026-01,0
BH26.0400,5,5,1,7.0,10639996.0,2026-01-29,KH-00545,2127999.0,2026-01,0
BH25.0302,6,6,3,10.0,10550000.0,2025-03-18,KH-00078,1758333.0,2025-03,1
BH26.0637,3,3,1,9.0,10529163.0,2026-02-10,KH-00513,3509721.0,2026-02,0
BH25.0234,7,7,2,9.0,10510000.0,2025-02-26,KH-00162,1501429.0,2025-02,1
BH26.0590,3,3,2,6.0,10509074.0,2026-02-09,KH-00006,3503025.0,2026-02,1
BH25.0356,10,9,2,10.0,10400000.0,2025-03-20,KH-00074,1040000.0,2025-03,1
BH26.0562,1,1,0,6.0,10000000.0,2026-02-06,KH-00617,10000000.0,2026-02,0
BH26.0767,3,3,1,6.0,9953332.0,2026-02-13,KH-00674,3317777.0,2026-02,0
BH26.0591,4,4,2,6.0,9945832.0,2026-02-09,KH-00006,2486458.0,2026-02,1
BH26.0457,5,4,1,7.0,9833330.0,2026-01-31,KH-00578,1966666.0,2026-01,0
BH25.0341,6,6,2,8.0,9800000.0,2025-03-20,KH-00206,1633333.0,2025-03,1
BH26.0074,5,5,2,7.0,9646389.0,2026-01-16,KH-00006,1929278.0,2026-01,1
BH26.0487,1,1,0,1.0,9157407.0,2026-02-03,KH-00591,9157407.0,2026-02,0
BH26.0009,1,1,0,1.0,9157407.0,2026-01-12,KH-00337,9157407.0,2026-01,0
BH26.0084,1,1,0,3.0,8923332.0,2026-01-16,KH-00366,8923332.0,2026-01,0
BH25.0099,1,1,1,4.0,8851852.0,2025-02-13,KH-00070,8851852.0,2025-02,0
BH26.0599,4,4,2,5.0,8676759.0,2026-02-09,KH-00006,2169190.0,2026-02,1
BH25.0123,1,1,1,4.0,8518519.0,2025-02-15,KH-00090,8518519.0,2025-02,0
BH26.0491,2,2,0,2.0,8481482.0,2026-02-04,KH-00157,4240741.0,2026-02,0
BH26.0106,2,2,0,3.0,8305556.0,2026-01-19,KH-00004,4152778.0,2026-01,0
BH26.0595,5,5,2,5.0,8092130.0,2026-02-09,KH-00006,1618426.0,2026-02,1
BH26.0738,2,2,1,5.0,8080555.0,2026-02-13,KH-00667,4040278.0,2026-02,0
BH25.0690,4,4,1,7.0,7850000.0,2025-03-31,KH-00154,1962500.0,2025-03,0
BH26.0406,3,3,1,6.0,7799812.0,2026-01-29,KH-00550,2599937.0,2026-01,0
BH25.0035,1,1,1,3.0,7777778.0,2025-01-13,KH-00026,7777778.0,2025-01,0
BH25.0336,1,1,1,4.0,7524074.0,2025-03-20,KH-00186,7524074.0,2025-03,0
BH25.0255,2,2,2,5.0,7519073.0,2025-03-08,KH-00006,3759536.0,2025-03,1
BH25.0445,1,1,1,1.0,7490741.0,2025-03-24,KH-00253,7490741.0,2025-03,0
BH25.0251,1,1,1,1.0,7490741.0,2025-03-06,KH-00175,7490741.0,2025-03,0
BH25.0258,2,2,1,3.0,7388889.0,2025-03-10,KH-00177,3694444.0,2025-03,0
BH25.0436,5,5,1,6.0,7370000.0,2025-03-22,KH-00162,1474000.0,2025-03,0
BH26.0181,2,2,1,3.0,7361112.0,2026-01-23,KH-00418,3680556.0,2026-01,0
BH25.0159,1,1,1,3.0,7361111.0,2025-02-20,KH-00118,7361111.0,2025-02,0
BH26.0377,2,2,2,5.0,7355552.0,2026-01-28,KH-00027,3677776.0,2026-01,1
BH25.0210,6,6,2,6.0,7300000.0,2025-02-22,KH-00148,1216667.0,2025-02,1
BH25.0031,3,3,1,5.0,7250000.0,2025-01-13,KH-00022,2416667.0,2025-01,0
BH25.0221,2,2,2,5.0,7241295.0,2025-02-24,KH-00006,3620648.0,2025-02,1
BH25.0362,3,3,2,12.0,7130000.0,2025-03-20,KH-00078,2376667.0,2025-03,1
BH26.0100,1,1,0,2.0,7037038.0,2026-01-17,KH-00008,7037038.0,2026-01,0
BH25.0226,2,2,2,2.0,7018519.0,2025-02-25,KH-00157,3509260.0,2025-02,1
BH25.0292,1,1,1,3.0,6916667.0,2025-03-18,KH-00001,6916667.0,2025-03,0
BH25.0042,3,3,1,5.0,6885740.0,2025-01-16,KH-00006,2295247.0,2025-01,0
BH26.0169,2,2,1,3.0,6805556.0,2026-01-23,KH-00412,3402778.0,2026-01,0
BH25.0009,1,1,1,2.0,6648148.0,2025-01-09,KH-00008,6648148.0,2025-01,0
BH25.0693,3,3,2,6.0,6600000.0,2025-03-31,KH-00215,2200000.0,2025-03,1
BH26.0652,4,4,1,4.0,6598887.0,2026-02-11,KH-00645,1649722.0,2026-02,0
BH26.0128,4,4,1,5.0,6500000.0,2026-01-21,KH-00091,1625000.0,2026-01,0
BH26.0338,1,1,1,3.0,6356664.0,2026-01-28,KH-00007,6356664.0,2026-01,0
BH26.0543,2,2,1,4.0,6342222.0,2026-02-05,KH-00608,3171111.0,2026-02,0
BH25.0141,1,1,1,5.0,6250000.0,2025-02-18,KH-00027,6250000.0,2025-02,0
BH26.0526,3,3,1,4.0,6232220.0,2026-02-05,KH-00605,2077407.0,2026-02,0
BH26.0005,2,2,2,5.0,6150000.0,2026-01-06,KH-00091,3075000.0,2026-01,1
BH26.0790,1,1,1,5.0,5849535.0,2026-02-24,KH-00679,5849535.0,2026-02,0
BH26.0829,3,3,3,4.0,5746481.0,2026-02-26,KH-00006,1915494.0,2026-02,1
BH25.0142,1,1,1,2.0,5537037.0,2025-02-18,KH-00069,5537037.0,2025-02,0
BH26.0006,1,1,0,2.0,5537037.0,2026-01-07,KH-00069,5537037.0,2026-01,0
BH25.0094,1,1,1,2.0,5537037.0,2025-02-11,KH-00069,5537037.0,2025-02,0
BH26.0620,3,3,2,4.0,5390000.0,2026-02-10,KH-00006,1796667.0,2026-02,1
BH26.0836,1,1,1,4.0,5242220.0,2026-02-26,KH-00689,5242220.0,2026-02,0
BH26.0658,4,4,1,4.0,5242220.0,2026-02-12,KH-00644,1310555.0,2026-02,0
BH25.0074,1,1,1,2.0,4983333.0,2025-02-10,KH-00055,4983333.0,2025-02,0
BH26.0598,3,3,2,3.0,4976481.0,2026-02-09,KH-00006,1658827.0,2026-02,1
BH25.0045,2,2,1,2.0,4907408.0,2025-01-16,KH-00031,2453704.0,2025-01,0
BH26.0653,3,3,1,3.0,4799443.0,2026-02-11,KH-00645,1599814.0,2026-02,0
BH26.0915,1,1,0,1.0,4703704.0,2026-02-28,KH-00157,4703704.0,2026-02,0
BH26.0390,1,1,0,1.0,4703704.0,2026-01-29,KH-00157,4703704.0,2026-01,0
BH26.0914,1,1,0,1.0,4703704.0,2026-02-28,KH-00157,4703704.0,2026-02,0
BH26.0597,2,2,1,3.0,4684167.0,2026-02-09,KH-00006,2342084.0,2026-02,0
BH26.0010,1,1,0,2.0,4616666.0,2026-01-12,KH-00022,4616666.0,2026-01,0
BH26.0123,2,2,1,2.0,4611112.0,2026-01-20,KH-00399,2305556.0,2026-01,0
BH25.0230,1,1,1,2.0,4611111.0,2025-02-25,KH-00159,4611111.0,2025-02,0
BH25.0068,1,1,1,2.0,4611111.0,2025-02-07,KH-00051,4611111.0,2025-02,0
BH25.0553,1,1,1,2.0,4611111.0,2025-03-26,KH-00287,4611111.0,2025-03,0
BH26.0924,2,2,1,2.0,4574075.0,2026-02-28,KH-00157,2287038.0,2026-02,0
BH25.0454,5,5,2,5.0,4560000.0,2025-03-24,KH-00097,912000.0,2025-03,1
BH26.0040,1,1,1,2.0,4537038.0,2026-01-14,KH-00361,4537038.0,2026-01,0
BH26.0134,1,1,0,1.0,4527778.0,2026-01-21,KH-00157,4527778.0,2026-01,0
BH26.0589,1,1,0,1.0,4527778.0,2026-02-09,KH-00627,4527778.0,2026-02,0
BH26.0649,1,1,1,1.0,4527778.0,2026-02-11,KH-00643,4527778.0,2026-02,0
BH26.0250,1,1,0,1.0,4527778.0,2026-01-26,KH-00157,4527778.0,2026-01,0
BH26.0131,1,1,0,1.0,4527778.0,2026-01-21,KH-00157,4527778.0,2026-01,0
BH26.0279,1,1,0,1.0,4527778.0,2026-01-27,KH-00478,4527778.0,2026-01,0
BH26.0119,1,1,0,1.0,4527778.0,2026-01-20,KH-00157,4527778.0,2026-01,0
BH26.0916,1,1,0,1.0,4527778.0,2026-02-28,KH-00157,4527778.0,2026-02,0
BH26.0919,1,1,0,1.0,4527778.0,2026-02-28,KH-00157,4527778.0,2026-02,0
BH26.0124,1,1,0,1.0,4527778.0,2026-01-20,KH-00157,4527778.0,2026-01,0
BH26.0126,1,1,0,1.0,4527778.0,2026-01-21,KH-00400,4527778.0,2026-01,0
BH26.0129,1,1,0,1.0,4527778.0,2026-01-21,KH-00157,4527778.0,2026-01,0
BH26.0315,1,1,1,3.0,4449999.0,2026-01-27,KH-00022,4449999.0,2026-01,0
BH25.0093,1,1,1,2.0,4425926.0,2025-02-11,KH-00048,4425926.0,2025-02,0
BH25.0063,1,1,1,2.0,4425926.0,2025-02-05,KH-00048,4425926.0,2025-02,0
BH25.0308,2,2,1,2.0,4425926.0,2025-03-19,KH-00023,2212963.0,2025-03,0
BH25.0160,1,1,1,2.0,4425926.0,2025-02-20,KH-00048,4425926.0,2025-02,0
BH25.0005,1,1,1,2.0,4425926.0,2025-01-07,KH-00005,4425926.0,2025-01,0
BH26.0525,2,2,0,2.0,4344444.0,2026-02-05,KH-00605,2172222.0,2026-02,0
BH26.0524,2,2,0,2.0,4344444.0,2026-02-05,KH-00605,2172222.0,2026-02,0
BH26.0419,1,1,0,1.0,4240741.0,2026-01-30,KH-00157,4240741.0,2026-01,0
BH25.0261,2,2,2,2.0,4240741.0,2025-03-10,KH-00179,2120370.0,2025-03,1
BH26.0527,1,1,1,2.0,4210000.0,2026-02-05,KH-00605,4210000.0,2026-02,0
BH26.0194,1,1,1,1.0,4157407.0,2026-01-24,KH-00157,4157407.0,2026-01,0
BH26.0486,1,1,1,1.0,4157407.0,2026-02-03,KH-00157,4157407.0,2026-02,0
BH25.0097,1,1,1,2.0,4074074.0,2025-02-11,KH-00006,4074074.0,2025-02,0
BH25.0040,1,1,0,2.0,4055556.0,2025-01-16,KH-00029,4055556.0,2025-01,0
BH26.0422,3,3,2,3.0,3971203.0,2026-01-30,KH-00006,1323734.0,2026-01,1
BH25.0051,1,1,1,1.0,3879630.0,2025-01-20,KH-00037,3879630.0,2025-01,0
BH26.0004,2,2,1,2.0,3870371.0,2026-01-06,KH-00335,1935186.0,2026-01,0
BH26.0918,2,2,1,2.0,3833334.0,2026-02-28,KH-00157,1916667.0,2026-02,0
BH25.0665,2,2,2,3.0,3770000.0,2025-03-31,KH-00067,1885000.0,2025-03,1
BH25.0333,1,1,1,8.0,3760000.0,2025-03-19,KH-00022,3760000.0,2025-03,0
BH25.0335,1,1,1,8.0,3760000.0,2025-03-19,KH-00022,3760000.0,2025-03,0
BH25.0071,1,1,1,1.0,3694444.0,2025-02-07,KH-00053,3694444.0,2025-02,0
BH26.0161,1,1,0,1.0,3518519.0,2026-01-22,KH-00157,3518519.0,2026-01,0
BH26.0875,1,1,0,1.0,3518519.0,2026-02-27,KH-00695,3518519.0,2026-02,0
BH26.0255,1,1,0,1.0,3518519.0,2026-01-26,KH-00157,3518519.0,2026-01,0
BH26.0927,1,1,0,1.0,3518519.0,2026-02-28,KH-00157,3518519.0,2026-02,0
BH26.0489,1,1,0,1.0,3518519.0,2026-02-03,KH-00361,3518519.0,2026-02,0
BH25.0002,1,1,1,1.0,3509259.0,2025-01-06,KH-00002,3509259.0,2025-01,0
BH25.0100,1,1,1,1.0,3509259.0,2025-02-14,KH-00071,3509259.0,2025-02,0
BH25.0101,1,1,1,3.0,3450000.0,2025-02-14,KH-00072,3450000.0,2025-02,0
BH26.0928,1,1,0,1.0,3425926.0,2026-02-28,KH-00157,3425926.0,2026-02,0
BH26.0137,1,1,1,3.0,3400833.0,2026-01-22,KH-00006,3400833.0,2026-01,0
BH26.0072,1,1,1,3.0,3400833.0,2026-01-16,KH-00006,3400833.0,2026-01,0
BH26.0442,1,1,1,2.0,3394444.0,2026-01-30,KH-00570,3394444.0,2026-01,0
BH26.0280,1,1,0,1.0,3333333.0,2026-01-27,KH-00479,3333333.0,2026-01,0
BH26.0469,2,2,1,2.0,3260000.0,2026-01-31,KH-00078,1630000.0,2026-01,0
BH26.0572,1,1,1,1.0,3231481.0,2026-02-07,KH-00619,3231481.0,2026-02,0
BH26.0220,1,1,1,2.0,3088888.0,2026-01-24,KH-00440,3088888.0,2026-01,0
BH25.0271,1,1,1,6.0,3000000.0,2025-03-14,KH-00133,3000000.0,2025-03,0
BH26.0473,1,1,0,1.0,2974444.0,2026-01-31,KH-00558,2974444.0,2026-01,0
BH26.0183,1,1,0,1.0,2974444.0,2026-01-23,KH-00007,2974444.0,2026-01,0
BH26.0424,1,1,0,1.0,2974444.0,2026-01-30,KH-00558,2974444.0,2026-01,0
BH26.0417,1,1,0,1.0,2974444.0,2026-01-29,KH-00556,2974444.0,2026-01,0
BH26.0141,2,2,1,2.0,2837592.0,2026-01-22,KH-00006,1418796.0,2026-01,0
BH26.0659,2,2,2,2.0,2779999.0,2026-02-12,KH-00647,1390000.0,2026-02,1
BH25.0307,1,1,1,1.0,2768519.0,2025-03-19,KH-00191,2768519.0,2025-03,0
BH26.0167,1,1,0,1.0,2768519.0,2026-01-22,KH-00157,2768519.0,2026-01,0
BH26.0391,1,1,1,1.0,2768519.0,2026-01-29,KH-00540,2768519.0,2026-01,0
BH25.0231,1,1,1,1.0,2768519.0,2025-02-26,KH-00160,2768519.0,2025-02,0
BH26.0103,1,1,1,1.0,2768519.0,2026-01-19,KH-00388,2768519.0,2026-01,0
BH26.0769,1,1,1,1.0,2768519.0,2026-02-22,KH-00675,2768519.0,2026-02,0
BH26.0420,1,1,0,1.0,2768519.0,2026-01-30,KH-00157,2768519.0,2026-01,0
BH25.0293,1,1,1,1.0,2768519.0,2025-03-18,KH-00187,2768519.0,2025-03,0
BH26.0559,1,1,1,1.0,2768519.0,2026-02-06,KH-00616,2768519.0,2026-02,0
BH26.0926,1,1,0,1.0,2685185.0,2026-02-28,KH-00157,2685185.0,2026-02,0
BH26.0329,2,2,0,2.0,2616665.0,2026-01-28,KH-00022,1308332.0,2026-01,0
BH25.0089,1,1,1,2.0,2600000.0,2025-02-10,KH-00068,2600000.0,2025-02,0
BH25.0012,1,1,1,1.0,2592593.0,2025-01-10,KH-00012,2592593.0,2025-01,0
BH26.0493,1,1,1,1.0,2592593.0,2026-02-04,KH-00593,2592593.0,2026-02,0
BH26.0604,1,1,1,1.0,2592593.0,2026-02-09,KH-00593,2592593.0,2026-02,0
BH25.0262,1,1,1,1.0,2592593.0,2025-03-10,KH-00012,2592593.0,2025-03,0
BH26.0467,1,1,0,2.0,2551850.0,2026-01-31,KH-00078,2551850.0,2026-01,0
BH25.0281,1,1,1,1.0,2546296.0,2025-03-17,KH-00185,2546296.0,2025-03,0
BH26.0011,2,2,2,2.0,2502221.0,2026-01-12,KH-00338,1251110.0,2026-01,1
BH26.0127,1,1,0,1.0,2500000.0,2026-01-21,KH-00157,2500000.0,2026-01,0
BH26.0771,1,1,0,1.0,2500000.0,2026-02-23,KH-00676,2500000.0,2026-02,0
BH26.0817,1,1,0,1.0,2500000.0,2026-02-25,KH-00685,2500000.0,2026-02,0
BH26.0392,1,1,1,1.0,2490741.0,2026-01-29,KH-00462,2490741.0,2026-01,0
BH25.0013,1,1,0,1.0,2490741.0,2025-01-10,KH-00013,2490741.0,2025-01,0
BH26.0256,1,1,1,1.0,2490741.0,2026-01-26,KH-00462,2490741.0,2026-01,0
BH26.0445,1,1,1,1.0,2490741.0,2026-01-31,KH-00353,2490741.0,2026-01,0
BH26.0917,1,1,1,1.0,2453704.0,2026-02-28,KH-00157,2453704.0,2026-02,0
BH26.0920,1,1,1,1.0,2453704.0,2026-02-28,KH-00157,2453704.0,2026-02,0
BH26.0925,1,1,1,1.0,2453704.0,2026-02-28,KH-00157,2453704.0,2026-02,0
BH25.0138,1,1,1,1.0,2400000.0,2025-02-17,KH-00100,2400000.0,2025-02,0
BH25.0357,2,2,1,2.0,2400000.0,2025-03-20,KH-00022,1200000.0,2025-03,0
BH25.0551,1,1,1,1.0,2398148.0,2025-03-26,KH-00286,2398148.0,2025-03,0
BH26.0648,1,1,1,1.0,2398148.0,2026-02-11,KH-00642,2398148.0,2026-02,0
BH25.0003,1,1,1,1.0,2398148.0,2025-01-06,KH-00003,2398148.0,2025-01,0
BH25.0073,1,1,1,1.0,2398148.0,2025-02-10,KH-00054,2398148.0,2025-02,0
BH26.0393,1,1,1,1.0,2361111.0,2026-01-29,KH-00541,2361111.0,2026-01,0
BH26.0395,1,1,1,1.0,2361111.0,2026-01-29,KH-00542,2361111.0,2026-01,0
BH26.0249,1,1,1,1.0,2361111.0,2026-01-26,KH-00157,2361111.0,2026-01,0
BH26.0826,1,1,1,1.0,2361111.0,2026-02-26,KH-00157,2361111.0,2026-02,0
BH26.0135,1,1,1,1.0,2361111.0,2026-01-21,KH-00157,2361111.0,2026-01,0
BH26.0168,1,1,1,1.0,2361111.0,2026-01-22,KH-00411,2361111.0,2026-01,0
BH25.0057,1,1,1,2.0,2360000.0,2025-01-22,KH-00043,2360000.0,2025-01,0
BH25.0513,1,1,1,2.0,2360000.0,2025-03-25,KH-00022,2360000.0,2025-03,0
BH25.0066,1,1,1,1.0,2305556.0,2025-02-07,KH-00050,2305556.0,2025-02,0
BH25.0360,1,1,1,1.0,2305556.0,2025-03-20,KH-00213,2305556.0,2025-03,0
BH25.0001,1,1,1,1.0,2305556.0,2025-01-02,KH-00001,2305556.0,2025-01,0
BH25.0249,1,1,1,1.0,2305556.0,2025-03-06,KH-00011,2305556.0,2025-03,0
BH25.0334,1,1,1,1.0,2305556.0,2025-03-19,KH-00203,2305556.0,2025-03,0
BH25.0552,1,1,1,1.0,2305556.0,2025-03-26,KH-00001,2305556.0,2025-03,0
BH25.0011,1,1,1,1.0,2305556.0,2025-01-09,KH-00011,2305556.0,2025-01,0
BH25.0568,1,1,1,1.0,2305556.0,2025-03-27,KH-00294,2305556.0,2025-03,0
BH26.0567,1,1,1,2.0,2300000.0,2026-02-06,KH-00091,2300000.0,2026-02,0
BH25.0244,1,1,1,2.0,2300000.0,2025-02-27,KH-00022,2300000.0,2025-02,0
BH26.0485,1,1,1,1.0,2268519.0,2026-02-02,KH-00590,2268519.0,2026-02,0
BH26.0109,1,1,1,1.0,2268519.0,2026-01-19,KH-00336,2268519.0,2026-01,0
BH26.0774,1,1,1,1.0,2268519.0,2026-02-24,KH-00157,2268519.0,2026-02,0
BH26.0007,1,1,1,1.0,2268519.0,2026-01-08,KH-00336,2268519.0,2026-01,0
BH25.0534,2,2,1,3.0,2231481.0,2025-03-25,KH-00097,1115740.0,2025-03,0
BH26.0130,1,1,0,1.0,2212963.0,2026-01-21,KH-00157,2212963.0,2026-01,0
BH25.0259,1,1,1,1.0,2212963.0,2025-03-10,KH-00178,2212963.0,2025-03,0
BH25.0069,1,1,1,1.0,2212963.0,2025-02-07,KH-00052,2212963.0,2025-02,0
BH26.0132,1,1,0,1.0,2129630.0,2026-01-21,KH-00157,2129630.0,2026-01,0
BH26.0922,1,1,0,1.0,2129630.0,2026-02-28,KH-00157,2129630.0,2026-02,0
BH25.0427,1,1,1,1.0,2120370.0,2025-03-22,KH-00245,2120370.0,2025-03,0
BH26.0776,1,1,1,1.0,2027778.0,2026-02-24,KH-00157,2027778.0,2026-02,0
BH26.0770,1,1,1,1.0,2027778.0,2026-02-22,KH-00157,2027778.0,2026-02,0
BH26.0001,1,1,1,1.0,2027778.0,2026-01-04,KH-00157,2027778.0,2026-01,0
BH26.0041,1,1,1,1.0,2027778.0,2026-01-14,KH-00362,2027778.0,2026-01,0
BH26.0490,1,1,0,1.0,1935185.0,2026-02-04,KH-00157,1935185.0,2026-02,0
BH26.0483,1,1,0,1.0,1935185.0,2026-02-01,KH-00157,1935185.0,2026-02,0
BH25.0046,1,1,0,1.0,1935185.0,2025-01-16,KH-00032,1935185.0,2025-01,0
BH26.0133,1,1,1,1.0,1842593.0,2026-01-21,KH-00157,1842593.0,2026-01,0
BH26.0777,1,1,1,1.0,1842593.0,2026-02-24,KH-00157,1842593.0,2026-02,0
BH26.0923,1,1,1,1.0,1842593.0,2026-02-28,KH-00157,1842593.0,2026-02,0
BH26.0921,1,1,0,1.0,1842593.0,2026-02-28,KH-00157,1842593.0,2026-02,0
BH26.0008,1,1,0,1.0,1805556.0,2026-01-10,KH-00157,1805556.0,2026-01,0
BH26.0125,1,1,0,1.0,1657407.0,2026-01-21,KH-00157,1657407.0,2026-01,0
BH26.0661,1,1,1,1.0,1616111.0,2026-02-12,KH-00647,1616111.0,2026-02,0
BH26.0581,1,1,1,1.0,1555000.0,2026-02-07,KH-00607,1555000.0,2026-02,0
BH26.0146,1,1,1,1.0,1483333.0,2026-01-22,KH-00402,1483333.0,2026-01,0
BH25.0252,1,1,1,1.0,1472222.0,2025-03-07,KH-00176,1472222.0,2025-03,0
BH26.0775,1,1,1,1.0,1472222.0,2026-02-24,KH-00157,1472222.0,2026-02,0
BH26.0316,1,1,1,1.0,1472222.0,2026-01-28,KH-00157,1472222.0,2026-01,0
BH26.0592,1,1,1,1.0,1418796.0,2026-02-09,KH-00006,1418796.0,2026-02,0
BH26.0136,1,1,1,1.0,1379630.0,2026-01-21,KH-00157,1379630.0,2026-01,0
BH26.0834,1,1,0,1.0,1326851.0,2026-02-26,KH-00647,1326851.0,2026-02,0
BH25.0196,1,1,1,1.0,1300000.0,2025-02-22,KH-00078,1300000.0,2025-02,0
BH25.0139,1,1,1,1.0,1180000.0,2025-02-17,KH-00101,1180000.0,2025-02,0
BH25.0121,1,1,1,1.0,1150000.0,2025-02-14,KH-00027,1150000.0,2025-02,0
BH25.0691,1,1,1,1.0,1130000.0,2025-03-31,KH-00088,1130000.0,2025-03,0
BH25.0448,1,1,1,1.0,1050000.0,2025-03-24,KH-00256,1050000.0,2025-03,0
BH26.0723,1,1,1,1.0,943888.0,2026-02-13,KH-00346,943888.0,2026-02,0
BH25.0361,1,1,1,2.0,940000.0,2025-03-20,KH-00190,940000.0,2025-03,0
BH26.0534,1,1,1,1.0,882777.0,2026-02-05,KH-00338,882777.0,2026-02,0
