customer_code,recency_days,freq_90d,freq_180d,freq_total,revenue_90d,revenue_180d,revenue_total,avg_order_value,n_product_groups,trend_slope,churn,churn_prob,priority,customer_name,province_name,region,so_nhom_sp,churn_prob_pct,risk_level,model_used
KH-00003,418,0,0,1,0.0,0.0,2398148.0,2398148.0,1,0.0,1,0.9982624497425479,Cao,CÔNG TY CỔ PHẦN THƯƠNG MẠI NAM TIẾN,Hà Nội,Miền Bắc,1,99.8,Cao,LogisticRegression
KH-00002,418,0,0,1,0.0,0.0,3509259.0,3509259.0,1,0.0,1,0.9982578332109495,Cao,CÔNG TY TNHH THƯƠNG MẠI VIỆT ANH,Hà Nội,Miền Bắc,1,99.8,Cao,LogisticRegression
KH-00005,417,0,0,1,0.0,0.0,4425926.0,4425926.0,1,0.0,1,0.9982064396357493,Cao,CÔNG TY TNHH ĐẠI LỢI,Hà Nội,Miền Bắc,1,99.8,Cao,LogisticRegression
KH-00017,414,0,0,1,0.0,0.0,23350000.0,23350000.0,1,0.0,1,0.9979659532684121,Cao,CỬA HÀNG XE ĐẠP THUỶ TIÊN,TT Hương Sơn- Phú Bình- Thái Nguyên,Miền Bắc,1,99.8,Cao,LogisticRegression
KH-00026,411,0,0,1,0.0,0.0,7777778.0,7777778.0,1,0.0,1,0.9978756208411482,Cao,CÔNG TY CỔ PHẦN LÊ ANH,Thanh Hóa,Miền Trung,1,99.8,Cao,LogisticRegression
KH-00025,411,0,0,1,0.0,0.0,13277778.0,13277778.0,1,0.0,1,0.9978475458225757,Cao,DOANH NGHIỆP TW SƠN HÀ,Thanh Hoá,Miền Trung,1,99.8,Cao,LogisticRegression
KH-00081,379,0,0,1,0.0,0.0,45220000.0,45220000.0,4,0.0,1,0.9977289806141173,Cao,CÔNG TY TNHH THƯƠNG MẠI KHẢI HOÀN,Hưng Yên,Miền Bắc,4,99.8,Cao,LogisticRegression
KH-00031,408,0,0,1,0.0,0.0,4907408.0,4907408.0,1,0.0,1,0.9977129904987719,Cao,CÔNG TY CỔ PHẦN THƯƠNG MẠI ĐẠI DƯƠNG,Hà Nội,Miền Bắc,1,99.8,Cao,LogisticRegression
KH-00033,407,0,0,1,0.0,0.0,11064815.0,11064815.0,1,0.0,1,0.9976159295038967,Cao,CỬA HÀNG XE ĐẠP HÙNG CƯỜNG,Hà Nội,Miền Bắc,1,99.8,Cao,LogisticRegression
KH-00021,413,0,0,1,0.0,0.0,87037037.0,87037037.0,1,0.0,1,0.9975675159907684,Cao,HỘ KINH DOANH XÂY DỰNG,Hà Nội,Miền Bắc,1,99.8,Cao,LogisticRegression
KH-00099,376,0,0,1,0.0,0.0,43710000.0,43710000.0,4,0.0,1,0.9975472021469843,Cao,CÔNG TY TNHH NGỌC ANH,Hà Nội,Miền Bắc,4,99.8,Cao,LogisticRegression
KH-00061,383,0,0,1,0.0,0.0,13730000.0,13730000.0,3,0.0,1,0.9974610979790868,Cao,HỘ KINH DOANH THUỶ TIÊN,Hòa Bình,Miền Bắc,3,99.7,Cao,LogisticRegression
KH-00037,404,0,0,1,0.0,0.0,3879630.0,3879630.0,1,0.0,1,0.9974597582849334,Cao,CÔNG TY TNHH THƯƠNG MẠI THANH BÌNH,Hà Nội,Miền Bắc,1,99.7,Cao,LogisticRegression
KH-00121,373,0,0,1,0.0,0.0,25527929.0,25527929.0,4,0.0,1,0.997454223633908,Cao,CÔNG TY TNHH CHI THÀNH,Hưng Yên,Miền Bắc,4,99.7,Cao,LogisticRegression
KH-00013,414,0,0,1,0.0,0.0,2490741.0,2490741.0,0,0.0,1,0.9974029086435865,Cao,DOANH NGHIỆP TW THANH BÌNH,Hưng Yên,Miền Bắc,0,99.7,Cao,LogisticRegression
KH-00146,371,0,0,1,0.0,0.0,18640000.0,18640000.0,4,0.0,1,0.997357502233898,Cao,HỘ KINH DOANH LONG PHÚ,Điện Biên,Miền Bắc,4,99.7,Cao,LogisticRegression
KH-00056,383,0,0,1,0.0,0.0,33090000.0,33090000.0,3,0.0,1,0.9973410674882273,Cao,DOANH NGHIỆP TW ĐÔNG NAM,Hà Nam,Miền Bắc,3,99.7,Cao,LogisticRegression
KH-00020,413,0,0,1,0.0,0.0,124583332.0,124583332.0,1,0.0,1,0.9973395285184091,Cao,DOANH NGHIỆP TW TRƯỜNG THỊNH,Hà Nội,Miền Bắc,1,99.7,Cao,LogisticRegression
KH-00144,371,0,0,1,0.0,0.0,22418078.0,22418078.0,4,0.0,1,0.997333575082642,Cao,CỬA HÀNG XE ĐẠP QUANG VINH,Vĩnh Yên,Miền Bắc,4,99.7,Cao,LogisticRegression
KH-00145,371,0,0,1,0.0,0.0,22940000.0,22940000.0,4,0.0,1,0.9973302527274783,Cao,HỘ KINH DOANH PHÚ THỊNH,Quảng Ngãi,Miền Trung,4,99.7,Cao,LogisticRegression
KH-00041,402,0,0,1,0.0,0.0,11064815.0,11064815.0,1,0.0,1,0.9972732127590387,Cao,CỬA HÀNG XE ĐẠP ĐÔNG NAM,Thanh Hóa,Miền Trung,1,99.7,Cao,LogisticRegression
KH-00129,373,0,0,1,0.0,0.0,60307929.0,60307929.0,4,0.0,1,0.9972339613940719,Cao,CÔNG TY CỔ PHẦN LÊ ANH,Tĩnh Thanh Hoá,Miền Bắc,4,99.7,Cao,LogisticRegression
KH-00136,371,0,0,1,0.0,0.0,42370000.0,42370000.0,4,0.0,1,0.9972035867400069,Cao,CÔNG TY CỔ PHẦN NGỌC ANH,Tây Bình Cách - Xã Đông Xá - Huyện Đông Hưng - Thái Bình.,Miền Bắc,4,99.7,Cao,LogisticRegression
KH-00045,401,0,0,1,0.0,0.0,18111112.0,18111112.0,1,0.0,1,0.9971515072541057,Cao,CÔNG TY TNHH AN PHÁT,Quảng Nam,Miền Trung,1,99.7,Cao,LogisticRegression
KH-00032,408,0,0,1,0.0,0.0,1935185.0,1935185.0,0,0.0,1,0.9969528649875807,Cao,HỘ KINH DOANH CHI THÀNH,Hà Nội,Miền Bắc,0,99.7,Cao,LogisticRegression
KH-00029,408,0,0,1,0.0,0.0,4055556.0,4055556.0,0,0.0,1,0.9969374169141691,Cao,CÔNG TY TNHH THƯƠNG MẠI THANH BÌNH,Phan Thiết,Miền Bắc,0,99.7,Cao,LogisticRegression
KH-00043,373,0,0,3,0.0,0.0,30650000.0,10216666.666666666,3,0.0,1,0.9968295438687453,Cao,CÔNG TY TNHH LONG PHÚ,TP Đà Nẵng,Miền Bắc,3,99.7,Cao,LogisticRegression
KH-00095,376,0,0,1,0.0,0.0,34730000.0,34730000.0,3,0.0,1,0.9967786337283198,Cao,CÔNG TY CỔ PHẦN THƯƠNG MẠI KHẢI HOÀN,Hà Nội,Miền Bắc,3,99.7,Cao,LogisticRegression
KH-00034,373,0,0,2,0.0,0.0,32750000.0,16375000.0,3,0.0,1,0.9967209097169896,Cao,CÔNG TY TNHH BÌNH MINH,Đà Nẵng,Miền Trung,3,99.7,Cao,LogisticRegression
KH-00114,374,0,0,1,0.0,0.0,22550000.0,22550000.0,3,0.0,1,0.9966982552195021,Cao,CỬA HÀNG XE ĐẠP NGỌC ANH,Phố Kiểu - Yên Trường - Yên Định - Thanh Hoá,Miền Bắc,3,99.7,Cao,LogisticRegression
KH-00108,374,0,0,1,0.0,0.0,35900000.0,35900000.0,3,0.0,1,0.996591473678524,Cao,HỘ KINH DOANH LÊ ANH,Hà Nội,Miền Bắc,3,99.7,Cao,LogisticRegression
KH-00122,373,0,0,1,0.0,0.0,28520000.0,28520000.0,3,0.0,1,0.9965598146159071,Cao,CÔNG TY TNHH CHI THÀNH,Hưng Yên,Miền Bắc,3,99.7,Cao,LogisticRegression
KH-00173,340,0,0,21,0.0,0.0,1582007777.0,75333703.66666667,5,0.0,1,0.9964563835099992,Cao,DOANH NGHIỆP TW PHÚ THỊNH,Hà Nội,Miền Bắc,5,99.6,Cao,LogisticRegression
KH-00156,371,0,0,1,0.0,0.0,21250000.0,21250000.0,3,0.0,1,0.996432484224243,Cao,DOANH NGHIỆP TW VIỆT ANH,Thanh Hoá,Miền Trung,3,99.6,Cao,LogisticRegression
KH-00066,383,0,0,1,0.0,0.0,34390000.0,34390000.0,2,0.0,1,0.9964215087019803,Cao,CÔNG TY CỔ PHẦN NGỌC ANH,Hà Nộ,Miền Bắc,2,99.6,Cao,LogisticRegression
KH-00153,371,0,0,1,0.0,0.0,33900000.0,33900000.0,3,0.0,1,0.9963232784890591,Cao,CÔNG TY CỔ PHẦN THƯƠNG MẠI PHÚ THỊNH,Hà Tĩnh,Miền Trung,3,99.6,Cao,LogisticRegression
KH-00135,371,0,0,1,0.0,0.0,34180000.0,34180000.0,3,0.0,1,0.9963208239814284,Cao,CỬA HÀNG XE ĐẠP XUÂN MAI,Ninh Bình,Miền Bắc,3,99.6,Cao,LogisticRegression
KH-00137,371,0,0,1,0.0,0.0,36580000.0,36580000.0,3,0.0,1,0.9962997182659953,Cao,CÔNG TY TNHH THƯƠNG MẠI QUANG VINH,Hà Nam,Miền Bắc,3,99.6,Cao,LogisticRegression
KH-00059,383,0,0,1,0.0,0.0,48680000.0,48680000.0,2,0.0,1,0.9962975244623541,Cao,CÔNG TY TNHH TRÍ ĐỨC,Hải Dương,Miền Bắc,2,99.6,Cao,LogisticRegression
KH-00089,379,0,0,1,0.0,0.0,138392643.0,138392643.0,3,0.0,1,0.9961946488475045,Cao,HỘ KINH DOANH TOÀN THẮNG,Nghệ A,Miền Bắc,3,99.6,Cao,LogisticRegression
KH-00084,379,0,0,1,0.0,0.0,17860000.0,17860000.0,2,0.0,1,0.9961699719831493,Cao,CỬA HÀNG XE ĐẠP TOÀN THẮNG,Hưng Yên,Miền Bắc,2,99.6,Cao,LogisticRegression
KH-00138,371,0,0,1,0.0,0.0,52850000.0,52850000.0,3,0.0,1,0.9961534235573604,Cao,CÔNG TY TNHH THƯƠNG MẠI VĨNH PHÁT,Thái Bình,Miền Bắc,3,99.6,Cao,LogisticRegression
KH-00188,347,0,0,2,0.0,0.0,75574075.0,37787037.5,5,0.0,1,0.9961472858170943,Cao,DOANH NGHIỆP TW XÂY DỰNG,Thanh Hóa,Miền Trung,5,99.6,Cao,LogisticRegression
KH-00165,367,0,0,1,0.0,0.0,10890000.0,10890000.0,3,0.0,1,0.9961251602149537,Cao,CÔNG TY CỔ PHẦN THƯƠNG MẠI TRƯỜNG THỊNH,Bắc Giang,Miền Bắc,3,99.6,Cao,LogisticRegression
KH-00077,379,0,0,1,0.0,0.0,35020000.0,35020000.0,2,0.0,1,0.9960101161717598,Cao,CÔNG TY CỔ PHẦN THƯƠNG MẠI NGỌC ANH,Hà Nội,Miền Bắc,2,99.6,Cao,LogisticRegression
KH-00166,367,0,0,1,0.0,0.0,23312643.0,23312643.0,3,0.0,1,0.996008747355979,Cao,HỘ KINH DOANH QUANG VINH,Tổ 1 - Phường Mường Thanh - TP Điện Biên Phủ,Miền Bắc,3,99.6,Cao,LogisticRegression
KH-00212,343,0,0,4,0.0,0.0,99322643.0,24830660.75,5,0.0,1,0.995996281545262,Cao,CỬA HÀNG XE ĐẠP TÂY BẮC,Hà Nội,Miền Bắc,5,99.6,Cao,LogisticRegression
KH-00140,344,0,0,3,0.0,0.0,98910000.0,32970000.0,5,0.0,1,0.9959497294524482,Cao,CÔNG TY TNHH XÂY DỰNG,Hải Dương,Miền Bắc,5,99.6,Cao,LogisticRegression
KH-00082,379,0,0,1,0.0,0.0,43600000.0,43600000.0,2,0.0,1,0.9959277135684315,Cao,CÔNG TY TNHH THƯƠNG MẠI PHÚC AN,Vĩnh Phúc,Miền Bắc,2,99.6,Cao,LogisticRegression
KH-00036,386,0,0,3,0.0,0.0,46324073.0,15441357.666666666,1,0.0,1,0.995924423754219,Cao,CÔNG TY TNHH THƯƠNG MẠI PHÚC AN,Hà Nội,Miền Bắc,1,99.6,Cao,LogisticRegression
KH-00052,386,0,0,1,0.0,0.0,2212963.0,2212963.0,1,0.0,1,0.9958979972641876,Cao,DOANH NGHIỆP TW TÂN TIẾN,Chí Linh,Miền Bắc,1,99.6,Cao,LogisticRegression
KH-00050,386,0,0,1,0.0,0.0,2305556.0,2305556.0,1,0.0,1,0.9958970922870272,Cao,CÔNG TY TNHH AN PHÁT,Hải Dương,Miền Bắc,1,99.6,Cao,LogisticRegression
KH-00047,389,0,0,1,0.0,0.0,36180000.0,36180000.0,1,0.0,1,0.995896111194408,Cao,CÔNG TY CỔ PHẦN THƯƠNG MẠI TÚ ANH,Vĩnh Phúc,Miền Bắc,1,99.6,Cao,LogisticRegression
KH-00053,386,0,0,1,0.0,0.0,3694444.0,3694444.0,1,0.0,1,0.995883493814167,Cao,CÔNG TY TNHH TRƯỜNG THỊNH,Hà Nội,Miền Bắc,1,99.6,Cao,LogisticRegression
KH-00051,386,0,0,1,0.0,0.0,4611111.0,4611111.0,1,0.0,1,0.9958744942351375,Cao,CÔNG TY CỔ PHẦN KHẢI HOÀN,Hưng Yên,Miền Bắc,1,99.6,Cao,LogisticRegression
KH-00149,344,0,0,2,0.0,0.0,66287929.0,33143964.5,5,0.0,1,0.9958703707869578,Cao,CỬA HÀNG XE ĐẠP TÚ ANH,Hải Dương,Miền Bắc,5,99.6,Cao,LogisticRegression
KH-00201,346,0,0,1,0.0,0.0,54234212.0,54234212.0,5,0.0,1,0.9958054793008527,Cao,HỘ KINH DOANH XUÂN MAI,Hải Dương,Miền Bắc,5,99.6,Cao,LogisticRegression
KH-00237,343,0,0,2,0.0,0.0,59932962.0,29966481.0,5,0.0,1,0.9957901060479281,Cao,DOANH NGHIỆP TW LÊ ANH,Tuyên Quang,Miền Bắc,5,99.6,Cao,LogisticRegression
KH-00141,371,0,0,1,0.0,0.0,108820000.0,108820000.0,3,0.0,1,0.9956047470952828,Cao,CÔNG TY CỔ PHẦN THƯƠNG MẠI TÂN TIẾN,Hải Phòng,Miền Bắc,3,99.6,Cao,LogisticRegression
KH-00054,383,0,0,1,0.0,0.0,2398148.0,2398148.0,1,0.0,1,0.9955523927472434,Cao,HỘ KINH DOANH TRÍ ĐỨC,Hà Nội,Miền Bắc,1,99.6,Cao,LogisticRegression
KH-00065,340,0,0,8,0.0,0.0,550630000.0,68828750.0,5,0.0,1,0.9955338027728159,Cao,CÔNG TY CỔ PHẦN QUANG VINH,Hà Nội,Miền Bắc,5,99.6,Cao,LogisticRegression
KH-00055,383,0,0,1,0.0,0.0,4983333.0,4983333.0,1,0.0,1,0.9955249255243936,Cao,CÔNG TY TNHH THƯƠNG MẠI TÂY BẮC,Đắk Lắk,Miền Trung,1,99.6,Cao,LogisticRegression
KH-00123,373,0,0,1,0.0,0.0,17390000.0,17390000.0,2,0.0,1,0.9955063226268764,Cao,CÔNG TY CỔ PHẦN THƯƠNG MẠI LONG PHÚ,Hà Nội,Miền Bắc,2,99.6,Cao,LogisticRegression
KH-00198,340,0,0,4,0.0,0.0,161705220.0,40426305.0,5,0.0,1,0.9954966346451123,Cao,CÔNG TY TNHH TRÍ ĐỨC,Hà Nội,Miền Bắc,5,99.5,Cao,LogisticRegression
KH-00220,341,0,0,2,0.0,0.0,74017929.0,37008964.5,5,0.0,1,0.9954830384209883,Cao,CỬA HÀNG XE ĐẠP VIỆT ANH,Nam Định,Miền Bắc,5,99.5,Cao,LogisticRegression
KH-00105,374,0,0,1,0.0,0.0,34910000.0,34910000.0,2,0.0,1,0.9954388099373003,Cao,CỬA HÀNG XE ĐẠP PHÚC AN,Bắc Ninh,Miền Bắc,2,99.5,Cao,LogisticRegression
KH-00067,334,0,0,9,0.0,0.0,213946302.0,23771811.333333332,5,0.0,1,0.9953766666321505,Cao,DOANH NGHIỆP TW NGỌC ANH,Hà Nội,Miền Bắc,5,99.5,Cao,LogisticRegression
KH-00120,340,0,0,2,0.0,0.0,77920143.0,38960071.5,5,0.0,1,0.9953387031802995,Cao,CÔNG TY TNHH THANH BÌNH,Hà Nội,Miền Bắc,5,99.5,Cao,LogisticRegression
KH-00058,383,0,0,1,0.0,0.0,24000000.0,24000000.0,1,0.0,1,0.9953176188746984,Cao,DOANH NGHIỆP TW SÁN LẠP,TP Hải Dương,Miền Bắc,1,99.5,Cao,LogisticRegression
KH-00131,373,0,0,1,0.0,0.0,35090000.0,35090000.0,2,0.0,1,0.9953128753225031,Cao,CÔNG TY TNHH QUANG VINH,Hà Nam,Miền Bắc,2,99.5,Cao,LogisticRegression
KH-00060,383,0,0,1,0.0,0.0,25550000.0,25550000.0,1,0.0,1,0.9953003064073315,Cao,CÔNG TY TNHH THƯƠNG MẠI VẠN LỢI,Hà Nam,Miền Bắc,1,99.5,Cao,LogisticRegression
KH-00124,373,0,0,1,0.0,0.0,36220000.0,36220000.0,2,0.0,1,0.9953002475385936,Cao,CÔNG TY CỔ PHẦN THƯƠNG MẠI AN PHÁT,Thanh Hoá,Miền Trung,2,99.5,Cao,LogisticRegression
KH-00150,371,0,0,1,0.0,0.0,14582643.0,14582643.0,2,0.0,1,0.9952904046369667,Cao,HỘ KINH DOANH SÁN LẠP,Hải Dương,Miền Bắc,2,99.5,Cao,LogisticRegression
KH-00097,334,0,0,8,0.0,0.0,199350113.0,24918764.125,5,0.0,1,0.9952751999670378,Cao,CÔNG TY TNHH XUÂN MAI,Hà Nội,Miền Bắc,5,99.5,Cao,LogisticRegression
KH-00231,338,0,0,3,0.0,0.0,107772500.0,35924166.666666664,5,0.0,1,0.9952092024159841,Cao,CÔNG TY CỔ PHẦN THANH BÌNH,Hưng Yên,Miền Bắc,5,99.5,Cao,LogisticRegression
KH-00116,374,0,0,1,0.0,0.0,57090000.0,57090000.0,2,0.0,1,0.995191455358781,Cao,HỘ KINH DOANH TOÀN THẮNG,Hưng Yên,Miền Bắc,2,99.5,Cao,LogisticRegression
KH-00128,373,0,0,1,0.0,0.0,46560000.0,46560000.0,2,0.0,1,0.9951831138547558,Cao,HỘ KINH DOANH TÂY BẮC,Thanh Hóa,Miền Trung,2,99.5,Cao,LogisticRegression
KH-00155,337,0,0,4,0.0,0.0,140009520.0,35002380.0,5,0.0,1,0.9951821449973183,Cao,DOANH NGHIỆP TW HÙNG CƯỜNG,Hà Nội,Miền Bắc,5,99.5,Cao,LogisticRegression
KH-00143,371,0,0,1,0.0,0.0,29700000.0,29700000.0,2,0.0,1,0.9951178162757063,Cao,DOANH NGHIỆP TW TÂY BẮC,Vĩnh Phúc,Miền Bắc,2,99.5,Cao,LogisticRegression
KH-00070,380,0,0,1,0.0,0.0,8851852.0,8851852.0,1,0.0,1,0.9951053108832222,Cao,CÔNG TY TNHH THƯƠNG MẠI CHI THÀNH,TP. Hồ Chí Minh,Miền Nam,1,99.5,Cao,LogisticRegression
KH-00256,334,0,0,6,0.0,0.0,151660000.0,25276666.666666668,5,0.0,1,0.9950882587749074,Cao,CÔNG TY TNHH XUÂN MAI,Hà Nội,Miền Bắc,5,99.5,Cao,LogisticRegression
KH-00064,337,0,0,6,0.0,0.0,363062500.0,60510416.666666664,5,0.0,1,0.9950711624850254,Cao,CÔNG TY TNHH SƠN HÀ,Khu 6 – TT Gia Lộc – Huyện Gia Lộc – Hải Dương,Miền Bắc,5,99.5,Cao,LogisticRegression
KH-00038,372,0,0,2,0.0,0.0,106679035.0,53339517.5,2,0.0,1,0.9950662833694064,Cao,DOANH NGHIỆP TW TÂN TIẾN,Thái Nguyên,Miền Bắc,2,99.5,Cao,LogisticRegression
KH-00072,379,0,0,1,0.0,0.0,3450000.0,3450000.0,1,0.0,1,0.9950366000966417,Cao,DOANH NGHIỆP TW PHÚC AN,Hà Tĩnh,Miền Trung,1,99.5,Cao,LogisticRegression
KH-00071,379,0,0,1,0.0,0.0,3509259.0,3509259.0,1,0.0,1,0.9950358999257154,Cao,CỬA HÀNG XE ĐẠP BÌNH MINH,Hà Nội,Miền Bắc,1,99.5,Cao,LogisticRegression
KH-00142,334,0,0,4,0.0,0.0,66548500.0,16637125.0,5,0.0,1,0.9950021430059609,Cao,CÔNG TY TNHH THƯƠNG MẠI CHI THÀNH,Hà Nội,Miền Bắc,5,99.5,Cao,LogisticRegression
KH-00161,338,0,0,3,0.0,0.0,182845338.0,60948446.0,5,0.0,1,0.9949151529106365,Cao,CÔNG TY TNHH THIÊN AN,Hà Nội,Miền Bắc,5,99.5,Cao,LogisticRegression
KH-00250,334,0,0,4,0.0,0.0,95971481.0,23992870.25,5,0.0,1,0.9949138708790348,Cao,DOANH NGHIỆP TW XUÂN MAI,Hà Nội,Miền Bắc,5,99.5,Cao,LogisticRegression
KH-00190,345,0,0,3,0.0,0.0,54567000.0,18189000.0,4,0.0,1,0.9948947882358203,Cao,HỘ KINH DOANH XÂY DỰNG,Hà Nội,Miền Bắc,4,99.5,Cao,LogisticRegression
KH-00184,334,0,0,2,0.0,0.0,24742962.0,12371481.0,5,0.0,1,0.994861309672844,Cao,DOANH NGHIỆP TW ĐẠI LỢI,Hoà Bình,Miền Bắc,5,99.5,Cao,LogisticRegression
KH-00090,378,0,0,1,0.0,0.0,8518519.0,8518519.0,1,0.0,1,0.9948399308537265,Cao,CÔNG TY TNHH THƯƠNG MẠI TÂY BẮC,Thanh Hoá,Miền Trung,1,99.5,Cao,LogisticRegression
KH-00106,374,0,0,1,0.0,0.0,88360000.0,88360000.0,2,0.0,1,0.9948198928947779,Cao,CÔNG TY TNHH THƯƠNG MẠI TOÀN THẮNG,Thanh Hóa,Miền Trung,2,99.5,Cao,LogisticRegression
KH-00158,368,0,0,1,0.0,0.0,23040000.0,23040000.0,2,0.0,1,0.9947923519464836,Cao,CÔNG TY TNHH THƯƠNG MẠI VIỆT ANH,Thái Bình,Miền Bắc,2,99.5,Cao,LogisticRegression
KH-00087,379,0,0,1,0.0,0.0,24200000.0,24200000.0,1,0.0,1,0.9947853240144964,Cao,CỬA HÀNG XE ĐẠP SÁN LẠP,Nghệ An,Miền Trung,1,99.5,Cao,LogisticRegression
KH-00215,334,0,0,2,0.0,0.0,37160000.0,18580000.0,5,0.0,1,0.9947848205541602,Cao,DOANH NGHIỆP TW LÊ ANH,Hà Tĩnh,Miền Trung,5,99.5,Cao,LogisticRegression
KH-00189,345,0,0,2,0.0,0.0,68267826.0,34133913.0,4,0.0,1,0.9945958208125438,Cao,CÔNG TY CỔ PHẦN MẶT TRỜI,Hà Nội,Miền Bắc,4,99.5,Cao,LogisticRegression
KH-00210,345,0,0,1,0.0,0.0,31677734.0,31677734.0,4,0.0,1,0.9945244508837855,Cao,DOANH NGHIỆP TW SÁN LẠP,Uông Bí,Miền Bắc,4,99.5,Cao,LogisticRegression
KH-00100,343,0,0,3,0.0,0.0,87295102.0,29098367.333333332,4,0.0,1,0.9944721553686102,Cao,CỬA HÀNG XE ĐẠP ĐẠI LỢI,Hà Nội,Miền Bắc,4,99.4,Cao,LogisticRegression
KH-00170,367,0,0,1,0.0,0.0,41700000.0,41700000.0,2,0.0,1,0.9944081370103265,Cao,CỬA HÀNG XE ĐẠP TRƯỜNG THỊNH,Ninh Bình,Miền Bắc,2,99.4,Cao,LogisticRegression
KH-00048,373,0,0,3,0.0,0.0,13277778.0,4425926.0,1,0.0,1,0.9943750300665118,Cao,CÔNG TY TNHH THUỶ TIÊN,Hà Nội,Miền Bắc,1,99.4,Cao,LogisticRegression
KH-00238,344,0,0,1,0.0,0.0,33546143.0,33546143.0,4,0.0,1,0.9943507701354278,Cao,CÔNG TY CỔ PHẦN THƯƠNG MẠI TRƯỜNG THỊNH,Phú Thọ,Miền Bắc,4,99.4,Cao,LogisticRegression
KH-00080,379,0,0,1,0.0,0.0,60020000.0,60020000.0,1,0.0,1,0.9943214279194692,Cao,HỘ KINH DOANH VĨNH PHÁT,Hà Nội,Miền Bắc,1,99.4,Cao,LogisticRegression
KH-00208,340,0,0,5,0.0,0.0,121615286.0,24323057.2,4,0.0,1,0.9942977599273476,Cao,CỬA HÀNG XE ĐẠP TÂY BẮC,Hà Nội,Miền Bắc,4,99.4,Cao,LogisticRegression
KH-00062,334,0,0,2,0.0,0.0,119540000.0,59770000.0,5,0.0,1,0.9942478764628895,Cao,CÔNG TY CỔ PHẦN YÊN BÌNH,Lạng Sơn,Miền Bắc,5,99.4,Cao,LogisticRegression
KH-00205,345,0,0,1,0.0,0.0,58740000.0,58740000.0,4,0.0,1,0.9941603825142901,Cao,CỬA HÀNG XE ĐẠP QUANG VINH,Hạ Long,Miền Bắc,4,99.4,Cao,LogisticRegression
KH-00093,340,0,0,4,0.0,0.0,112430000.0,28107500.0,4,0.0,1,0.9941360867999735,Cao,CÔNG TY CỔ PHẦN PHÚC AN,Hà Nội,Miền Bắc,4,99.4,Cao,LogisticRegression
KH-00118,373,0,0,1,0.0,0.0,7361111.0,7361111.0,1,0.0,1,0.9941167322395909,Cao,HỘ KINH DOANH HÙNG CƯỜNG,Nam Định,Miền Bắc,1,99.4,Cao,LogisticRegression
KH-00103,374,0,0,1,0.0,0.0,18680556.0,18680556.0,1,0.0,1,0.9941158728860003,Cao,CÔNG TY CỔ PHẦN AN PHÁT,Bắc Giang,Miền Bắc,1,99.4,Cao,LogisticRegression
KH-00126,341,0,0,3,0.0,0.0,106170000.0,35390000.0,4,0.0,1,0.9940801093117314,Cao,HỘ KINH DOANH HOÀ BÌNH,Thanh Hoá,Miền Trung,4,99.4,Cao,LogisticRegression
KH-00086,341,0,0,3,0.0,0.0,110019361.0,36673120.333333336,4,0.0,1,0.9940620183267206,Cao,CÔNG TY TNHH NGỌC ANH,Hà Nội,Miền Bắc,4,99.4,Cao,LogisticRegression
KH-00015,340,0,0,3,0.0,0.0,77930000.0,25976666.666666668,4,0.0,1,0.9940540832818326,Cao,DOANH NGHIỆP TW MINH PHƯƠNG,Phú Thọ,Miền Bắc,4,99.4,Cao,LogisticRegression
KH-00246,340,0,0,2,0.0,0.0,38184000.0,19092000.0,4,0.0,1,0.9940387088878377,Cao,CỬA HÀNG XE ĐẠP TRƯỜNG THỊNH,Hà Nội,Miền Bắc,4,99.4,Cao,LogisticRegression
KH-00195,340,0,0,2,0.0,0.0,38790000.0,19395000.0,4,0.0,1,0.9940344121115846,Cao,CỬA HÀNG XE ĐẠP BÌNH MINH,Hà Nội,Miền Bắc,4,99.4,Cao,LogisticRegression
KH-00182,351,0,0,1,0.0,0.0,13140000.0,13140000.0,3,0.0,1,0.994018469771336,Cao,CÔNG TY CỔ PHẦN PHÚ THỊNH,Sơn La,Miền Bắc,3,99.4,Cao,LogisticRegression
KH-00119,340,0,0,2,0.0,0.0,53513597.0,26756798.5,4,0.0,1,0.9939290648335357,Cao,DOANH NGHIỆP TW MẶT TRỜI,Hà Nội,Miền Bắc,4,99.4,Cao,LogisticRegression
KH-00197,344,0,0,2,0.0,0.0,143952962.0,71976481.0,4,0.0,1,0.9939263567257771,Cao,CÔNG TY TNHH THƯƠNG MẠI MINH PHƯƠNG,Hà Nội,Miền Bắc,4,99.4,Cao,LogisticRegression
KH-00148,338,0,0,4,0.0,0.0,82782643.0,20695660.75,4,0.0,1,0.9939216454138066,Cao,HỘ KINH DOANH THUỶ TIÊN,Hải Dươn,Miền Bắc,4,99.4,Cao,LogisticRegression
KH-00125,373,0,0,1,0.0,0.0,21860000.0,21860000.0,1,0.0,1,0.9939103582657887,Cao,HỘ KINH DOANH BÌNH MINH,Thanh Hóa,Miền Trung,1,99.4,Cao,LogisticRegression
KH-00259,341,0,0,1,0.0,0.0,35050000.0,35050000.0,4,0.0,1,0.9938563779805993,Cao,DOANH NGHIỆP TW MINH PHƯƠNG,Hà Nội,Miền Bắc,4,99.4,Cao,LogisticRegression
KH-00252,343,0,0,1,0.0,0.0,59107574.0,59107574.0,4,0.0,1,0.993833820613401,Cao,CÔNG TY TNHH TÂY BẮC,Hà Nội,Miền Bắc,4,99.4,Cao,LogisticRegression
KH-00264,340,0,0,3,0.0,0.0,131871676.0,43957225.333333336,4,0.0,1,0.9937943705637414,Cao,DOANH NGHIỆP TW NGỌC ANH,Thanh Hoá,Miền Trung,4,99.4,Cao,LogisticRegression
KH-00285,339,0,0,2,0.0,0.0,55041000.0,27520500.0,4,0.0,1,0.9937530449137953,Cao,CÔNG TY TNHH ĐÔNG NAM,Hà Nội,Miền Bắc,4,99.4,Cao,LogisticRegression
KH-00102,376,0,0,1,0.0,0.0,69700000.0,69700000.0,1,0.0,1,0.9937032751977548,Cao,CỬA HÀNG XE ĐẠP AN PHÁT,Bắc Ninh,Miền Bắc,1,99.4,Cao,LogisticRegression
KH-00281,340,0,0,1,0.0,0.0,42075286.0,42075286.0,4,0.0,1,0.9935834696010797,Cao,CỬA HÀNG XE ĐẠP PHÚC AN,Thanh Hoá,Miền Trung,4,99.4,Cao,LogisticRegression
KH-00255,338,0,0,2,0.0,0.0,58060000.0,29030000.0,4,0.0,1,0.9935605498179855,Cao,CÔNG TY TNHH PHÚ THỊNH,Hải Dương,Miền Bắc,4,99.4,Cao,LogisticRegression
KH-00127,373,0,0,1,0.0,0.0,48240000.0,48240000.0,1,0.0,1,0.9935162477900413,Cao,CỬA HÀNG XE ĐẠP TÂN TIẾN,Hà Nam,Miền Bắc,1,99.4,Cao,LogisticRegression
KH-00265,340,0,0,2,0.0,0.0,115376430.0,57688215.0,4,0.0,1,0.9934658567530722,Cao,CÔNG TY TNHH THƯƠNG MẠI PHÚC AN,phố số 6 - Thị trấn Diêm Điền - Huyện Thái Thụy - Thái Bình.,Miền Bắc,4,99.3,Cao,LogisticRegression
KH-00111,338,0,0,2,0.0,0.0,72628500.0,36314250.0,4,0.0,1,0.9934480973049994,Cao,DOANH NGHIỆP TW MẶT TRỜI,Hà Nội,Miền Bắc,4,99.3,Cao,LogisticRegression
KH-00028,337,0,0,2,0.0,0.0,51050000.0,25525000.0,4,0.0,1,0.9934407939599511,Cao,DOANH NGHIỆP TW PHÚ THỊNH,Phú Thọ,Miền Bắc,4,99.3,Cao,LogisticRegression
KH-00209,337,0,0,2,0.0,0.0,52103683.0,26051841.5,4,0.0,1,0.9934325763730466,Cao,CÔNG TY TNHH THƯƠNG MẠI VIỆT ANH,TP Hải Phòng,Miền Bắc,4,99.3,Cao,LogisticRegression
KH-00269,340,0,0,1,0.0,0.0,52678500.0,52678500.0,4,0.0,1,0.9934197158942891,Cao,HỘ KINH DOANH AN PHÁT,Phú Thọ,Miền Bắc,4,99.3,Cao,LogisticRegression
KH-00315,337,0,0,1,0.0,0.0,20889981.0,20889981.0,4,0.0,1,0.9933885929127207,Cao,CÔNG TY CỔ PHẦN THƯƠNG MẠI THUỶ TIÊN,Vĩnh Yên,Miền Bắc,4,99.3,Cao,LogisticRegression
KH-00096,347,0,0,2,0.0,0.0,52127000.0,26063500.0,3,0.0,1,0.9932638266184033,Cao,CÔNG TY TNHH THƯƠNG MẠI SƠN HÀ,Hà Nội,Miền Bắc,3,99.3,Cao,LogisticRegression
KH-00207,336,0,0,3,0.0,0.0,101357296.0,33785765.333333336,4,0.0,1,0.993258303374153,Cao,CỬA HÀNG XE ĐẠP VẠN LỢI,Bắc Giang,Miền Bắc,4,99.3,Cao,LogisticRegression
KH-00307,337,0,0,1,0.0,0.0,29517574.0,29517574.0,4,0.0,1,0.9932516519967504,Cao,DOANH NGHIỆP TW THIÊN AN,Quảng Ninh,Miền Bắc,4,99.3,Cao,LogisticRegression
KH-00163,334,0,0,4,0.0,0.0,82695483.0,20673870.75,4,0.0,1,0.9932353007050148,Cao,HỘ KINH DOANH XUÂN MAI,Hà Nội,Miền Bắc,4,99.3,Cao,LogisticRegression
KH-00192,334,0,0,3,0.0,0.0,47910000.0,15970000.0,4,0.0,1,0.9931825907972179,Cao,HỘ KINH DOANH KHẢI HOÀN,Hà Nội,Miền Bắc,4,99.3,Cao,LogisticRegression
KH-00160,367,0,0,1,0.0,0.0,2768519.0,2768519.0,1,0.0,1,0.9931670253415625,Cao,CÔNG TY TNHH THƯƠNG MẠI TRÍ ĐỨC,Hà Nội,Miền Bắc,1,99.3,Cao,LogisticRegression
KH-00302,337,0,0,1,0.0,0.0,36910000.0,36910000.0,4,0.0,1,0.9931320776061343,Cao,CÔNG TY TNHH XÂY DỰNG,Hà Giang,Miền Bắc,4,99.3,Cao,LogisticRegression
KH-00308,337,0,0,1,0.0,0.0,38840000.0,38840000.0,4,0.0,1,0.9931005144953597,Cao,CÔNG TY TNHH THIÊN AN,Cường Tráng - An Thịnh - Lương Tài - Bắc Ninh,Miền Bắc,4,99.3,Cao,LogisticRegression
KH-00319,336,0,0,1,0.0,0.0,27978500.0,27978500.0,4,0.0,1,0.9930940118707331,Cao,CỬA HÀNG XE ĐẠP QUANG VINH,TP Hưng Yên,Miền Bắc,4,99.3,Cao,LogisticRegression
KH-00298,337,0,0,2,0.0,0.0,96307574.0,48153787.0,4,0.0,1,0.9930784634325722,Cao,CÔNG TY CỔ PHẦN THƯƠNG MẠI ĐÔNG NAM,Hà Nội,Miền Bắc,4,99.3,Cao,LogisticRegression
KH-00248,337,0,0,2,0.0,0.0,100482859.0,50241429.5,4,0.0,1,0.9930440511863932,Cao,CÔNG TY CỔ PHẦN THƯƠNG MẠI ĐẠI DƯƠNG,Nghệ An,Miền Trung,4,99.3,Cao,LogisticRegression
KH-00112,346,0,0,2,0.0,0.0,61441481.0,30720740.5,3,0.0,1,0.993004245594218,Cao,HỘ KINH DOANH TÚ ANH,Khu 2- thị trấn Kim Tân- Thạch Thành - Thanh Hóa,Miền Bắc,3,99.3,Cao,LogisticRegression
KH-00222,334,0,0,2,0.0,0.0,42161481.0,21080740.5,4,0.0,1,0.9929674012380284,Cao,CÔNG TY CỔ PHẦN TÂN TIẾN,Hà Nội,Miền Bắc,4,99.3,Cao,LogisticRegression
KH-00179,355,0,0,1,0.0,0.0,4240741.0,4240741.0,2,0.0,1,0.9929472919394972,Cao,CÔNG TY CỔ PHẦN TÂN TIẾN,Hà Nội,Miền Bắc,2,99.3,Cao,LogisticRegression
KH-00132,337,0,0,4,0.0,0.0,341650000.0,85412500.0,4,0.0,1,0.9927189738766705,Cao,CÔNG TY TNHH THƯƠNG MẠI HOÀ BÌNH,Nghệ An,Miền Trung,4,99.3,Cao,LogisticRegression
KH-00202,344,0,0,2,0.0,0.0,57790000.0,28895000.0,3,0.0,1,0.9926518813577884,Cao,CÔNG TY CỔ PHẦN XUÂN MAI,Hà Nội,Miền Bắc,3,99.3,Cao,LogisticRegression
KH-00164,344,0,0,2,0.0,0.0,61750000.0,30875000.0,3,0.0,1,0.9926172513119157,Cao,HỘ KINH DOANH XÂY DỰNG,Thân Nhân Trung - TT Bích Động - Việt Yên - Bắc Giang,Miền Bắc,3,99.3,Cao,LogisticRegression
KH-00171,366,0,0,1,0.0,0.0,24259259.0,24259259.0,1,0.0,1,0.9926143003228541,Cao,CÔNG TY CỔ PHẦN QUANG VINH,Hà Nội,Miền Bắc,1,99.3,Cao,LogisticRegression
KH-00193,334,0,0,4,0.0,0.0,244765884.0,61191471.0,4,0.0,1,0.9925519182638509,Cao,CÔNG TY TNHH TÚ ANH,Đường Nguyễn Trải - P Ba Đình TP Thanh Hoá,Miền Bắc,4,99.3,Cao,LogisticRegression
KH-00101,341,0,0,3,0.0,0.0,35420000.0,11806666.666666666,3,0.0,1,0.9924982372217426,Cao,CÔNG TY CỔ PHẦN THƯƠNG MẠI QUANG VINH,Hà Nội,Miền Bắc,3,99.2,Cao,LogisticRegression
KH-00244,344,0,0,1,0.0,0.0,33400000.0,33400000.0,3,0.0,1,0.9924309607318419,Cao,CÔNG TY CỔ PHẦN THƯƠNG MẠI AN PHÁT,Phú Thọ,Miền Bắc,3,99.2,Cao,LogisticRegression
KH-00223,344,0,0,1,0.0,0.0,33720000.0,33720000.0,3,0.0,1,0.9924252082439059,Cao,CÔNG TY CỔ PHẦN THƯƠNG MẠI AN PHÁT,Hà Nội,Miền Bắc,3,99.2,Cao,LogisticRegression
KH-00243,344,0,0,1,0.0,0.0,35150000.0,35150000.0,3,0.0,1,0.9923994487546182,Cao,HỘ KINH DOANH VĨNH PHÁT,Hà Nam,Miền Bắc,3,99.2,Cao,LogisticRegression
KH-00083,346,0,0,2,0.0,0.0,141400000.0,70700000.0,3,0.0,1,0.992307539150258,Cao,CÔNG TY CỔ PHẦN THƯƠNG MẠI THANH BÌNH,Hưng Yên,Miền Bắc,3,99.2,Cao,LogisticRegression
KH-00151,345,0,0,2,0.0,0.0,130261924.0,65130962.0,3,0.0,1,0.9922029562774147,Cao,CÔNG TY TNHH LÊ ANH,Hà Tĩnh,Miền Trung,3,99.2,Cao,LogisticRegression
KH-00057,336,0,0,5,0.0,0.0,563575152.0,112715030.4,4,0.0,1,0.9921705128762306,Cao,CÔNG TY CỔ PHẦN THƯƠNG MẠI TOÀN THẮNG,Nam Định,Miền Bắc,4,99.2,Cao,LogisticRegression
KH-00216,345,0,0,1,0.0,0.0,61070000.0,61070000.0,3,0.0,1,0.9921302669299363,Cao,HỘ KINH DOANH NGỌC ANH,Hà Nam,Miền Bắc,3,99.2,Cao,LogisticRegression
KH-00330,334,0,0,1,0.0,0.0,61560000.0,61560000.0,4,0.0,1,0.9921100074537957,Cao,CÔNG TY TNHH THIÊN AN,Hà Giang,Miền Bắc,4,99.2,Cao,LogisticRegression
KH-00110,341,0,0,2,0.0,0.0,57900000.0,28950000.0,3,0.0,1,0.9920374308213787,Cao,CỬA HÀNG XE ĐẠP TÂY BẮC,Hà Nội,Miền Bắc,3,99.2,Cao,LogisticRegression
KH-00242,340,0,0,2,0.0,0.0,36320000.0,18160000.0,3,0.0,1,0.9920285818249504,Cao,CÔNG TY CỔ PHẦN THƯƠNG MẠI HÙNG CƯỜNG,Bắc Kạn,Miền Bắc,3,99.2,Cao,LogisticRegression
KH-00199,341,0,0,2,0.0,0.0,64070000.0,32035000.0,3,0.0,1,0.9919789228127925,Cao,CỬA HÀNG XE ĐẠP TÚ ANH,Thanh Hoá,Miền Trung,3,99.2,Cao,LogisticRegression
KH-00260,341,0,0,2,0.0,0.0,66020000.0,33010000.0,3,0.0,1,0.9919603430933916,Cao,CỬA HÀNG XE ĐẠP XUÂN MAI,Hà Nội,Miền Bắc,3,99.2,Cao,LogisticRegression
KH-00254,340,0,0,2,0.0,0.0,43942860.0,21971430.0,3,0.0,1,0.9919561551787688,Cao,CỬA HÀNG XE ĐẠP ĐÔNG NAM,Hà Nam,Miền Bắc,3,99.2,Cao,LogisticRegression
KH-00183,351,0,0,1,0.0,0.0,20000000.0,20000000.0,2,0.0,1,0.9918523089360239,Cao,DOANH NGHIỆP TW LONG PHÚ,Bắc Giang,Miền Bắc,2,99.2,Cao,LogisticRegression
KH-00271,340,0,0,1,0.0,0.0,20030000.0,20030000.0,3,0.0,1,0.9918402505013902,Cao,CÔNG TY CỔ PHẦN THƯƠNG MẠI HÙNG CƯỜNG,Hà Nội,Miền Bắc,3,99.2,Cao,LogisticRegression
KH-00280,340,0,0,1,0.0,0.0,22480000.0,22480000.0,3,0.0,1,0.9917926799625446,Cao,CÔNG TY TNHH THƯƠNG MẠI MINH PHƯƠNG,Hà Nam,Miền Bắc,3,99.2,Cao,LogisticRegression
KH-00290,339,0,0,1,0.0,0.0,14702643.0,14702643.0,3,0.0,1,0.9917246240560806,Cao,CÔNG TY CỔ PHẦN THƯƠNG MẠI TÂY BẮC,Hưng Yên,Miền Bắc,3,99.2,Cao,LogisticRegression
KH-00011,359,0,0,2,0.0,0.0,4611112.0,2305556.0,1,0.0,1,0.99170572049926,Cao,DOANH NGHIỆP TW NAM TIẾN,Hà Nội,Miền Bắc,1,99.2,Cao,LogisticRegression
KH-00214,340,0,0,2,0.0,0.0,81983500.0,40991750.0,3,0.0,1,0.991584850715098,Cao,DOANH NGHIỆP TW QUANG VINH,Hải Dương,Miền Bắc,3,99.2,Cao,LogisticRegression
KH-00282,337,0,0,3,0.0,0.0,51690000.0,17230000.0,3,0.0,1,0.9915439970128781,Cao,CÔNG TY TNHH THƯƠNG MẠI LONG PHÚ,Hà Nội,Miền Bắc,3,99.2,Cao,LogisticRegression
KH-00275,340,0,0,1,0.0,0.0,35890000.0,35890000.0,3,0.0,1,0.9915273902266212,Cao,CÔNG TY CỔ PHẦN THƯƠNG MẠI QUANG VINH,Thái Nguyên,Miền Bắc,3,99.2,Cao,LogisticRegression
KH-00292,339,0,0,1,0.0,0.0,28127001.0,28127001.0,3,0.0,1,0.9914568625361772,Cao,CÔNG TY TNHH VIỆT ANH,Hà Nội,Miền Bắc,3,99.1,Cao,LogisticRegression
KH-00175,359,0,0,1,0.0,0.0,7490741.0,7490741.0,1,0.0,1,0.9914428047749726,Cao,CÔNG TY CỔ PHẦN THƯƠNG MẠI TÂN TIẾN,Hà Nội,Miền Bắc,1,99.1,Cao,LogisticRegression
KH-00200,338,0,0,2,0.0,0.0,56517000.0,28258500.0,3,0.0,1,0.9913873078428155,Cao,CÔNG TY CỔ PHẦN TOÀN THẮNG,Hà Nội,Miền Bắc,3,99.1,Cao,LogisticRegression
KH-00068,347,0,0,3,0.0,0.0,48010000.0,16003333.333333334,2,0.0,1,0.9913525760530052,Cao,CÔNG TY CỔ PHẦN SÁN LẠP,Vĩnh Phúc,Miền Bắc,2,99.1,Cao,LogisticRegression
KH-00273,340,0,0,1,0.0,0.0,44730000.0,44730000.0,3,0.0,1,0.9913478769160706,Cao,CÔNG TY TNHH THƯƠNG MẠI PHÚ THỊNH,Vĩnh Phúc,Miền Bắc,3,99.1,Cao,LogisticRegression
KH-00176,358,0,0,1,0.0,0.0,1472222.0,1472222.0,1,0.0,1,0.991335808559281,Cao,CÔNG TY TNHH THUỶ TIÊN,Hà Nội,Miền Bắc,1,99.1,Cao,LogisticRegression
KH-00258,337,0,0,2,0.0,0.0,39361481.0,19680740.5,3,0.0,1,0.9913323878285557,Cao,CỬA HÀNG XE ĐẠP HOÀ BÌNH,Hà Nội,Miền Bắc,3,99.1,Cao,LogisticRegression
KH-00257,337,0,0,2,0.0,0.0,39541481.0,19770740.5,3,0.0,1,0.9913305376733105,Cao,HỘ KINH DOANH PHÚC AN,Hà Nội,Miền Bắc,3,99.1,Cao,LogisticRegression
KH-00159,358,0,0,2,0.0,0.0,20750000.0,10375000.0,1,0.0,1,0.9913166344247015,Cao,CÔNG TY TNHH THƯƠNG MẠI THANH BÌNH,Thủ Dầu Một,Miền Bắc,1,99.1,Cao,LogisticRegression
KH-00299,338,0,0,1,0.0,0.0,24430000.0,24430000.0,3,0.0,1,0.9913022876669192,Cao,CỬA HÀNG XE ĐẠP VIỆT ANH,Hà Tĩnh,Miền Trung,3,99.1,Cao,LogisticRegression
KH-00289,336,0,0,3,0.0,0.0,64680000.0,21560000.0,3,0.0,1,0.9912255388826472,Cao,CÔNG TY CỔ PHẦN KHẢI HOÀN,Hưng Yên,Miền Bắc,3,99.1,Cao,LogisticRegression
KH-00309,337,0,0,1,0.0,0.0,21610000.0,21610000.0,3,0.0,1,0.9911265087804898,Cao,CÔNG TY CỔ PHẦN PHÚC AN,Hải Dương,Miền Bắc,3,99.1,Cao,LogisticRegression
KH-00174,359,0,0,1,0.0,0.0,23300000.0,23300000.0,1,0.0,1,0.9911159110562378,Cao,CÔNG TY CỔ PHẦN THƯƠNG MẠI LÊ ANH,Đà Nẵng,Miền Trung,1,99.1,Cao,LogisticRegression
KH-00251,337,0,0,3,0.0,0.0,119020000.0,39673333.333333336,3,0.0,1,0.9910817505683389,Cao,HỘ KINH DOANH KHẢI HOÀN,Hưng Yên,Miền Bắc,3,99.1,Cao,LogisticRegression
KH-00104,340,0,0,3,0.0,0.0,226215286.0,75405095.33333333,3,0.0,1,0.9910402618539043,Cao,DOANH NGHIỆP TW THUỶ TIÊN,Thanh Hóa,Miền Trung,3,99.1,Cao,LogisticRegression
KH-00225,337,0,0,2,0.0,0.0,84160000.0,42080000.0,3,0.0,1,0.9908596353852083,Cao,CÔNG TY TNHH TÂY BẮC,Hà Nam,Miền Bắc,3,99.1,Cao,LogisticRegression
KH-00012,355,0,0,2,0.0,0.0,5185186.0,2592593.0,1,0.0,1,0.9907647278002971,Cao,HỘ KINH DOANH THIÊN AN,Hà Nội,Miền Bắc,1,99.1,Cao,LogisticRegression
KH-00130,334,0,0,5,0.0,0.0,191180000.0,38236000.0,3,0.0,1,0.9907283193347377,Cao,CÔNG TY CỔ PHẦN THƯƠNG MẠI THUỶ TIÊN,Thanh Hoá,Miền Trung,3,99.1,Cao,LogisticRegression
KH-00206,345,0,0,2,0.0,0.0,30030000.0,15015000.0,2,0.0,1,0.9907261751295395,Cao,CÔNG TY TNHH THƯƠNG MẠI MẶT TRỜI,Hà Nội,Miền Bắc,2,99.1,Cao,LogisticRegression
KH-00305,334,0,0,2,0.0,0.0,32170000.0,16085000.0,3,0.0,1,0.9906895457466854,Cao,CÔNG TY CỔ PHẦN TÂY BẮC,Hà Nội,Miền Bắc,3,99.1,Cao,LogisticRegression
KH-00316,337,0,0,1,0.0,0.0,42392500.0,42392500.0,3,0.0,1,0.9906784175436201,Cao,CÔNG TY CỔ PHẦN THƯƠNG MẠI THUỶ TIÊN,Hà Nội,Miền Bắc,3,99.1,Cao,LogisticRegression
KH-00109,334,0,0,3,0.0,0.0,80790000.0,26930000.0,3,0.0,1,0.9906259072582009,Cao,CÔNG TY CỔ PHẦN VẠN LỢI,Hà Nội,Miền Bắc,3,99.1,Cao,LogisticRegression
KH-00178,355,0,0,1,0.0,0.0,2212963.0,2212963.0,1,0.0,1,0.9905970810027028,Cao,CÔNG TY CỔ PHẦN QUANG VINH,Hà Nội,Miền Bắc,1,99.1,Cao,LogisticRegression
KH-00094,334,0,0,2,0.0,0.0,41790000.0,20895000.0,3,0.0,1,0.9905828102919596,Cao,HỘ KINH DOANH SÁN LẠP,Phú Thọ,Miền Bắc,3,99.1,Cao,LogisticRegression
KH-00152,334,0,0,3,0.0,0.0,89045116.0,29681705.333333332,3,0.0,1,0.9905645811908332,Cao,HỘ KINH DOANH TRÍ ĐỨC,Nghệ An,Miền Trung,3,99.1,Cao,LogisticRegression
KH-00326,334,0,0,1,0.0,0.0,13870000.0,13870000.0,3,0.0,1,0.9905616845864078,Cao,CỬA HÀNG XE ĐẠP VĨNH PHÁT,Quảng NinhSố,Miền Bắc,3,99.1,Cao,LogisticRegression
KH-00177,355,0,0,1,0.0,0.0,7388889.0,7388889.0,1,0.0,1,0.9904810459091525,Cao,CÔNG TY CỔ PHẦN TRƯỜNG THỊNH,Hưng Yên,Miền Bắc,1,99.0,Cao,LogisticRegression
KH-00115,334,0,0,2,0.0,0.0,52250000.0,26125000.0,3,0.0,1,0.9904653792566365,Cao,CÔNG TY CỔ PHẦN YÊN BÌNH,Thanh Hóa,Miền Trung,3,99.0,Cao,LogisticRegression
KH-00139,334,0,0,3,0.0,0.0,124298146.0,41432715.333333336,3,0.0,1,0.9902981887851218,Cao,HỘ KINH DOANH YÊN BÌNH,Hà Nội,Miền Bắc,3,99.0,Cao,LogisticRegression
KH-00247,343,0,0,1,0.0,0.0,126890000.0,126890000.0,3,0.0,1,0.9902964358058903,Cao,HỘ KINH DOANH NGỌC ANH,Hưng Yên,Miền Bắc,3,99.0,Cao,LogisticRegression
KH-00228,344,0,0,1,0.0,0.0,18000000.0,18000000.0,2,0.0,1,0.9902249834134653,Cao,CÔNG TY CỔ PHẦN THƯƠNG MẠI XUÂN MAI,Hà Nội,Miền Bắc,2,99.0,Cao,LogisticRegression
KH-00211,345,0,0,1,0.0,0.0,31530000.0,31530000.0,2,0.0,1,0.9901722345900651,Cao,CỬA HÀNG XE ĐẠP NAM TIẾN,Hà Tĩnh,Miền Trung,2,99.0,Cao,LogisticRegression
KH-00230,344,0,0,1,0.0,0.0,20440000.0,20440000.0,2,0.0,1,0.9901683222589502,Cao,DOANH NGHIỆP TW ĐẠI LỢI,Hà Nội,Miền Bắc,2,99.0,Cao,LogisticRegression
KH-00324,334,0,0,1,0.0,0.0,34180000.0,34180000.0,3,0.0,1,0.9900964458256474,Cao,CÔNG TY CỔ PHẦN ĐÔNG NAM,Quảng Ninh,Miền Bắc,3,99.0,Cao,LogisticRegression
KH-00234,344,0,0,1,0.0,0.0,24220000.0,24220000.0,2,0.0,1,0.9900799012053313,Cao,CÔNG TY TNHH KHẢI HOÀN,Thái Bình,Miền Bắc,2,99.0,Cao,LogisticRegression
KH-00328,334,0,0,1,0.0,0.0,37780000.0,37780000.0,3,0.0,1,0.9900116437953155,Cao,CÔNG TY CỔ PHẦN PHÚC AN,Vĩnh Phúc,Miền Bắc,3,99.0,Cao,LogisticRegression
KH-00229,344,0,0,1,0.0,0.0,33980000.0,33980000.0,2,0.0,1,0.9898479401460688,Cao,DOANH NGHIỆP TW TRÍ ĐỨC,Bắc Giang,Miền Bắc,2,99.0,Cao,LogisticRegression
KH-00239,344,0,0,1,0.0,0.0,34357000.0,34357000.0,2,0.0,1,0.9898388732877025,Cao,HỘ KINH DOANH THANH BÌNH,Hội An,Miền Bắc,2,99.0,Cao,LogisticRegression
KH-00235,344,0,0,2,0.0,0.0,87420000.0,43710000.0,2,0.0,1,0.9898055583649897,Cao,CÔNG TY CỔ PHẦN THƯƠNG MẠI CHI THÀNH,Nam Định,Miền Bắc,2,99.0,Cao,LogisticRegression
KH-00224,344,0,0,1,0.0,0.0,36150000.0,36150000.0,2,0.0,1,0.9897956417802677,Cao,DOANH NGHIỆP TW ĐÔNG NAM,Ninh Bình,Miền Bắc,2,99.0,Cao,LogisticRegression
KH-00227,344,0,0,1,0.0,0.0,40920000.0,40920000.0,2,0.0,1,0.9896797427217399,Cao,CÔNG TY TNHH THƯƠNG MẠI TRÍ ĐỨC,Bắc Ninh,Miền Bắc,2,99.0,Cao,LogisticRegression
KH-00249,343,0,0,1,0.0,0.0,37560000.0,37560000.0,2,0.0,1,0.989484969795779,Cao,HỘ KINH DOANH PHÚC AN,Thanh Hóa,Miền Trung,2,98.9,Cao,LogisticRegression
KH-00098,347,0,0,3,0.0,0.0,302480000.0,100826666.66666667,2,0.0,1,0.9894277362135162,Cao,HỘ KINH DOANH MẶT TRỜI,Nghệ An,Miền Trung,2,98.9,Cao,LogisticRegression
KH-00016,339,0,0,4,0.0,0.0,93910000.0,23477500.0,2,0.0,1,0.9893083503583429,Cao,DOANH NGHIỆP TW VIỆT ANH,Quảng Trị,Miền Trung,2,98.9,Cao,LogisticRegression
KH-00279,340,0,0,1,0.0,0.0,17170000.0,17170000.0,2,0.0,1,0.9891465685523384,Cao,CỬA HÀNG XE ĐẠP CHI THÀNH,Hà Nam,Miền Bắc,2,98.9,Cao,LogisticRegression
KH-00274,340,0,0,1,0.0,0.0,18170000.0,18170000.0,2,0.0,1,0.9891208564878886,Cao,CÔNG TY CỔ PHẦN THƯƠNG MẠI YÊN BÌNH,Vĩnh Phúc,Miền Bắc,2,98.9,Cao,LogisticRegression
KH-00196,338,0,0,3,0.0,0.0,51900000.0,17300000.0,2,0.0,1,0.9889730175447246,Cao,CÔNG TY CỔ PHẦN NAM TIẾN,Bắc Ninh,Miền Bắc,2,98.9,Cao,LogisticRegression
KH-00263,341,0,0,1,0.0,0.0,35790000.0,35790000.0,2,0.0,1,0.9889558605408603,Cao,DOANH NGHIỆP TW TRƯỜNG THỊNH,Thanh Hoá,Miền Trung,2,98.9,Cao,LogisticRegression
KH-00035,337,0,0,4,0.0,0.0,63200000.0,15800000.0,2,0.0,1,0.9889262898299404,Cao,CỬA HÀNG XE ĐẠP TÂY BẮC,Đà Nẵng,Miền Trung,2,98.9,Cao,LogisticRegression
KH-00267,340,0,0,2,0.0,0.0,85460000.0,42730000.0,2,0.0,1,0.9886854147504273,Cao,CÔNG TY CỔ PHẦN HÙNG CƯỜNG,Nam Định,Miền Bắc,2,98.9,Cao,LogisticRegression
KH-00185,348,0,0,1,0.0,0.0,2546296.0,2546296.0,1,0.0,1,0.9886594887816018,Cao,CÔNG TY TNHH THƯƠNG MẠI VĨNH PHÁT,Tỉnh Hòa Bình.,Miền Bắc,1,98.9,Cao,LogisticRegression
KH-00261,341,0,0,1,0.0,0.0,49160000.0,49160000.0,2,0.0,1,0.9886010070896223,Cao,CÔNG TY TNHH THƯƠNG MẠI VẠN LỢI,Hà Nội,Miền Bắc,2,98.9,Cao,LogisticRegression
KH-00085,338,0,0,2,0.0,0.0,46780000.0,23390000.0,2,0.0,1,0.9886001048395923,Cao,CÔNG TY CỔ PHẦN THƯƠNG MẠI NGỌC ANH,Hà Nội,Miền Bắc,2,98.9,Cao,LogisticRegression
KH-00221,338,0,0,2,0.0,0.0,59460000.0,29730000.0,2,0.0,1,0.9884279046483562,Cao,CÔNG TY CỔ PHẦN VĨNH PHÁT,Hưng Yên,Miền Bắc,2,98.8,Cao,LogisticRegression
KH-00107,337,0,0,3,0.0,0.0,82830000.0,27610000.0,2,0.0,1,0.9883959176242628,Cao,CÔNG TY TNHH LONG PHÚ,Bắc Ninh,Miền Bắc,2,98.8,Cao,LogisticRegression
KH-00303,337,0,0,1,0.0,0.0,12980000.0,12980000.0,2,0.0,1,0.9883598855215225,Cao,CÔNG TY CỔ PHẦN BÌNH MINH,Hà Nội,Miền Bắc,2,98.8,Cao,LogisticRegression
KH-00187,347,0,0,1,0.0,0.0,2768519.0,2768519.0,1,0.0,1,0.9883474045351578,Cao,HỘ KINH DOANH NGỌC ANH,Hà Nội,Miền Bắc,1,98.8,Cao,LogisticRegression
KH-00317,337,0,0,1,0.0,0.0,17550000.0,17550000.0,2,0.0,1,0.9882334380754031,Cao,CỬA HÀNG XE ĐẠP THIÊN AN,Hà Nội,Miền Bắc,2,98.8,Cao,LogisticRegression
KH-00063,337,0,0,2,0.0,0.0,51715148.0,25857574.0,2,0.0,1,0.9882240613084944,Cao,HỘ KINH DOANH VẠN LỢI,Bắc Giang,Miền Bắc,2,98.8,Cao,LogisticRegression
KH-00270,340,0,0,1,0.0,0.0,57290000.0,57290000.0,2,0.0,1,0.9880663227143686,Cao,DOANH NGHIỆP TW TÚ ANH,Phú Thọ,Miền Bắc,2,98.8,Cao,LogisticRegression
KH-00203,346,0,0,1,0.0,0.0,2305556.0,2305556.0,1,0.0,1,0.9880462108343253,Cao,CÔNG TY CỔ PHẦN THƯƠNG MẠI HOÀ BÌNH,Phú Thọ,Miền Bắc,1,98.8,Cao,LogisticRegression
KH-00268,340,0,0,1,0.0,0.0,58140000.0,58140000.0,2,0.0,1,0.9880423227091708,Cao,CÔNG TY CỔ PHẦN THƯƠNG MẠI TRƯỜNG THỊNH,Hà Nội,Miền Bắc,2,98.8,Cao,LogisticRegression
KH-00191,346,0,0,1,0.0,0.0,2768519.0,2768519.0,1,0.0,1,0.9880331230886226,Cao,CÔNG TY CỔ PHẦN THƯƠNG MẠI XUÂN MAI,Hưng Yên,Miền Bắc,1,98.8,Cao,LogisticRegression
KH-00310,337,0,0,1,0.0,0.0,34770000.0,34770000.0,2,0.0,1,0.987744668400488,Cao,HỘ KINH DOANH VẠN LỢI,Quảng Ninh,Miền Bắc,2,98.8,Cao,LogisticRegression
KH-00092,334,0,0,3,0.0,0.0,51482643.0,17160881.0,2,0.0,1,0.9877381879174967,Cao,CÔNG TY CỔ PHẦN THƯƠNG MẠI XUÂN MAI,Hà Nội,Miền Bắc,2,98.8,Cao,LogisticRegression
KH-00213,345,0,0,1,0.0,0.0,2305556.0,2305556.0,1,0.0,1,0.9877239068110389,Cao,CÔNG TY CỔ PHẦN HOÀ BÌNH,Hà Nội,Miền Bắc,1,98.8,Cao,LogisticRegression
KH-00266,341,0,0,1,0.0,0.0,83590000.0,83590000.0,2,0.0,1,0.987634492091927,Cao,CỬA HÀNG XE ĐẠP TÂN TIẾN,Nam Định,Miền Bắc,2,98.8,Cao,LogisticRegression
KH-00311,337,0,0,1,0.0,0.0,39960000.0,39960000.0,2,0.0,1,0.9875934619248596,Cao,CÔNG TY TNHH THƯƠNG MẠI QUANG VINH,Quảng Ninh,Miền Bắc,2,98.8,Cao,LogisticRegression
KH-00040,336,0,0,3,0.0,0.0,293400000.0,97800000.0,1,-69299999.99999999,1,0.9875252080572792,Cao,CÔNG TY TNHH VẠN LỢI,Vinh,Miền Bắc,1,98.8,Cao,LogisticRegression
KH-00312,337,0,0,1,0.0,0.0,46750000.0,46750000.0,2,0.0,1,0.9873928562313148,Cao,DOANH NGHIỆP TW HOÀ BÌNH,Quảng Ninh,Miền Bắc,2,98.7,Cao,LogisticRegression
KH-00272,334,0,0,2,0.0,0.0,43920000.0,21960000.0,2,0.0,1,0.9873626406689849,Cao,CÔNG TY TNHH THƯƠNG MẠI VĨNH PHÁT,Vĩnh Phúc,Miền Bắc,2,98.7,Cao,LogisticRegression
KH-00117,334,0,0,2,0.0,0.0,48490000.0,24245000.0,2,0.0,1,0.987294253028963,Cao,HỘ KINH DOANH YÊN BÌNH,Hưng yên,Miền Bắc,2,98.7,Cao,LogisticRegression
KH-00322,334,0,0,1,0.0,0.0,16380000.0,16380000.0,2,0.0,1,0.9872910831503312,Cao,CÔNG TY TNHH THƯƠNG MẠI THANH BÌNH,Hải Phòng,Miền Bắc,2,98.7,Cao,LogisticRegression
KH-00331,334,0,0,1,0.0,0.0,16960000.0,16960000.0,2,0.0,1,0.9872736620187623,Cao,HỘ KINH DOANH ĐẠI DƯƠNG,Hà Giang,Miền Bắc,2,98.7,Cao,LogisticRegression
KH-00320,334,0,0,1,0.0,0.0,18020000.0,18020000.0,2,0.0,1,0.9872417624700907,Cao,HỘ KINH DOANH PHÚC AN,Hà Nội,Miền Bắc,2,98.7,Cao,LogisticRegression
KH-00321,334,0,0,1,0.0,0.0,22250000.0,22250000.0,2,0.0,1,0.987113677444665,Cao,CỬA HÀNG XE ĐẠP VIỆT ANH,Hải Phòng,Miền Bắc,2,98.7,Cao,LogisticRegression
KH-00333,334,0,0,1,0.0,0.0,22970000.0,22970000.0,2,0.0,1,0.9870917496963546,Cao,DOANH NGHIỆP TW ĐÔNG NAM,Thanh Hoá,Miền Trung,2,98.7,Cao,LogisticRegression
KH-00073,334,0,0,2,0.0,0.0,62612500.0,31306250.0,2,0.0,1,0.987080600229684,Cao,CỬA HÀNG XE ĐẠP KHẢI HOÀN,Thanh Hoá,Miền Trung,2,98.7,Cao,LogisticRegression
KH-00245,343,0,0,1,0.0,0.0,2120370.0,2120370.0,1,0.0,1,0.987058998698339,Cao,CỬA HÀNG XE ĐẠP TÂN TIẾN,Hà Nội,Miền Bắc,1,98.7,Cao,LogisticRegression
KH-00204,345,0,0,1,0.0,0.0,24907407.0,24907407.0,1,0.0,1,0.98705071573831,Cao,CÔNG TY CỔ PHẦN ĐẠI DƯƠNG,Nam Định,Miền Bắc,1,98.7,Cao,LogisticRegression
KH-00276,334,0,0,2,0.0,0.0,68110000.0,34055000.0,2,0.0,1,0.986996475672053,Cao,CÔNG TY TNHH VẠN LỢI,Hà Nội,Miền Bắc,2,98.7,Cao,LogisticRegression
KH-00232,344,0,0,1,0.0,0.0,19000000.0,19000000.0,1,0.0,1,0.9868860889848634,Cao,HỘ KINH DOANH HOÀ BÌNH,Hội An,Miền Bắc,1,98.7,Cao,LogisticRegression
KH-00236,343,0,0,2,0.0,0.0,35880000.0,17940000.0,1,0.0,1,0.9868169492829277,Cao,CỬA HÀNG XE ĐẠP ĐÔNG NAM,Hà Nội,Miền Bắc,1,98.7,Cao,LogisticRegression
KH-00233,344,0,0,1,0.0,0.0,22840000.0,22840000.0,1,0.0,1,0.9867666695119139,Cao,DOANH NGHIỆP TW CHI THÀNH,Thái Bình,Miền Bắc,1,98.7,Cao,LogisticRegression
KH-00226,344,0,0,1,0.0,0.0,26040000.0,26040000.0,1,0.0,1,0.9866663342138335,Cao,CÔNG TY CỔ PHẦN VĨNH PHÁT,Hà Nội,Miền Bắc,1,98.7,Cao,LogisticRegression
KH-00314,337,0,0,1,0.0,0.0,70640000.0,70640000.0,2,0.0,1,0.9866612608137821,Cao,CÔNG TY TNHH THƯƠNG MẠI YÊN BÌNH,Hải Phòng,Miền Bắc,2,98.7,Cao,LogisticRegression
KH-00277,340,0,0,2,0.0,0.0,232490000.0,116245000.0,2,0.0,1,0.9865391771968587,Cao,CÔNG TY CỔ PHẦN THƯƠNG MẠI VĨNH PHÁT,Vinh,Miền Bắc,2,98.7,Cao,LogisticRegression
KH-00240,344,0,0,1,0.0,0.0,39050000.0,39050000.0,1,0.0,1,0.9862506238441731,Cao,CÔNG TY CỔ PHẦN TRÍ ĐỨC,Sơn La,Miền Bắc,1,98.6,Cao,LogisticRegression
KH-00253,341,0,0,1,0.0,0.0,7490741.0,7490741.0,1,0.0,1,0.9861785910276633,Cao,CÔNG TY TNHH YÊN BÌNH,Hà Nội,Miền Bắc,1,98.6,Cao,LogisticRegression
KH-00001,339,0,0,3,0.0,0.0,11527779.0,3842593.0,1,0.0,1,0.9860828359355186,Cao,HỘ KINH DOANH TÚ ANH,Hà Nội,Miền Bắc,1,98.6,Cao,LogisticRegression
KH-00286,339,0,0,1,0.0,0.0,2398148.0,2398148.0,1,0.0,1,0.9855988016588194,Cao,DOANH NGHIỆP TW VIỆT ANH,Hà Nội,Miền Bắc,1,98.6,Cao,LogisticRegression
KH-00287,339,0,0,1,0.0,0.0,4611111.0,4611111.0,1,0.0,1,0.9855234677035541,Cao,CÔNG TY TNHH THƯƠNG MẠI THUỶ TIÊN,Vĩnh Phúc,Miền Bắc,1,98.6,Cao,LogisticRegression
KH-00294,338,0,0,1,0.0,0.0,2305556.0,2305556.0,1,0.0,1,0.9852147239129484,Cao,HỘ KINH DOANH SÁN LẠP,Hải Phòng,Miền Bắc,1,98.5,Cao,LogisticRegression
KH-00291,339,0,0,1,0.0,0.0,24000000.0,24000000.0,1,0.0,1,0.9848466093858093,Cao,CÔNG TY TNHH VĨNH PHÁT,Hà Nam,Miền Bắc,1,98.5,Cao,LogisticRegression
KH-00241,340,0,0,2,0.0,0.0,88600000.0,44300000.0,1,0.0,1,0.984808313556102,Cao,HỘ KINH DOANH PHÚ THỊNH,Thái Nguyên,Miền Bắc,1,98.5,Cao,LogisticRegression
KH-00283,338,0,0,2,0.0,0.0,54240000.0,27120000.0,1,0.0,1,0.984616150794156,Cao,CỬA HÀNG XE ĐẠP TRƯỜNG THỊNH,Hưng Yên,Miền Bắc,1,98.5,Cao,LogisticRegression
KH-00293,338,0,0,1,0.0,0.0,20277778.0,20277778.0,1,0.0,1,0.98457520936306,Cao,CÔNG TY TNHH THƯƠNG MẠI TÚ ANH,Hà Nội,Miền Bắc,1,98.5,Cao,LogisticRegression
KH-00297,338,0,0,1,0.0,0.0,20650000.0,20650000.0,1,0.0,1,0.9845616805850956,Cao,CỬA HÀNG XE ĐẠP TÂY BẮC,Hà Nội,Miền Bắc,1,98.5,Cao,LogisticRegression
KH-00296,338,0,0,1,0.0,0.0,23580000.0,23580000.0,1,0.0,1,0.9844547782269532,Cao,CÔNG TY TNHH THƯƠNG MẠI HOÀ BÌNH,Hà Nội,Miền Bắc,1,98.4,Cao,LogisticRegression
KH-00262,338,0,0,2,0.0,0.0,64270000.0,32135000.0,1,0.0,1,0.9844333698369224,Cao,CÔNG TY TNHH VIỆT ANH,Hà Nội,Miền Bắc,1,98.4,Cao,LogisticRegression
KH-00278,340,0,0,1,0.0,0.0,47790000.0,47790000.0,1,0.0,1,0.9843926419616074,Cao,CÔNG TY TNHH QUANG VINH,Hà Nội,Miền Bắc,1,98.4,Cao,LogisticRegression
KH-00306,337,0,0,1,0.0,0.0,16430000.0,16430000.0,1,0.0,1,0.9843036671950249,Cao,CÔNG TY TNHH HOÀ BÌNH,Vĩnh Phúc,Miền Bắc,1,98.4,Cao,LogisticRegression
KH-00300,337,0,0,1,0.0,0.0,17490000.0,17490000.0,1,0.0,1,0.9842644417787586,Cao,CÔNG TY TNHH THƯƠNG MẠI QUANG VINH,,,1,98.4,Cao,LogisticRegression
KH-00304,337,0,0,1,0.0,0.0,17710000.0,17710000.0,1,0.0,1,0.9842562885754125,Cao,DOANH NGHIỆP TW TÚ ANH,Hà Nội,Miền Bắc,1,98.4,Cao,LogisticRegression
KH-00313,337,0,0,1,0.0,0.0,18730000.0,18730000.0,1,0.0,1,0.9842184330131116,Cao,DOANH NGHIỆP TW BÌNH MINH,Hà Nội,Miền Bắc,1,98.4,Cao,LogisticRegression
KH-00295,338,0,0,1,0.0,0.0,34400000.0,34400000.0,1,0.0,1,0.984053656083357,Cao,DOANH NGHIỆP TW XÂY DỰNG,Hà Nội,Miền Bắc,1,98.4,Cao,LogisticRegression
KH-00186,334,0,0,4,0.0,0.0,67567129.0,16891782.25,1,0.0,1,0.9839174956048895,Cao,HỘ KINH DOANH XÂY DỰNG,Vĩnh Phúc,Miền Bắc,1,98.4,Cao,LogisticRegression
KH-00318,336,0,0,1,0.0,0.0,30680000.0,30680000.0,1,0.0,1,0.9833324992999373,Cao,HỘ KINH DOANH BÌNH MINH,Hòa Bình,Miền Bắc,1,98.3,Cao,LogisticRegression
KH-00154,334,0,0,3,0.0,0.0,80000000.0,26666666.666666668,1,0.0,1,0.9832317711908849,Cao,DOANH NGHIỆP TW VĨNH PHÁT,Hà Tĩnh,Miền Trung,1,98.3,Cao,LogisticRegression
KH-00323,334,0,0,1,0.0,0.0,10850000.0,10850000.0,1,0.0,1,0.9832268573216644,Cao,CÔNG TY CỔ PHẦN PHÚ THỊNH,Nghệ An,Miền Trung,1,98.3,Cao,LogisticRegression
KH-00329,334,0,0,1,0.0,0.0,21666667.0,21666667.0,1,0.0,1,0.9827947390200319,Cao,HỘ KINH DOANH TRÍ ĐỨC,Hà Nội,Miền Bắc,1,98.3,Cao,LogisticRegression
KH-00332,334,0,0,1,0.0,0.0,24510000.0,24510000.0,1,0.0,1,0.9826793459792709,Cao,DOANH NGHIỆP TW TOÀN THẮNG,Hà Nội,Miền Bắc,1,98.3,Cao,LogisticRegression
KH-00301,337,0,0,1,0.0,0.0,64940000.0,64940000.0,1,0.0,1,0.98240624318926,Cao,CÔNG TY TNHH THƯƠNG MẠI THUỶ TIÊN,Hải Phòng,Miền Bắc,1,98.2,Cao,LogisticRegression
KH-00327,334,0,0,1,0.0,0.0,55970000.0,55970000.0,1,0.0,1,0.9813507496887101,Cao,CÔNG TY TNHH MẶT TRỜI,Vĩnh Phúc,Miền Bắc,1,98.1,Cao,LogisticRegression
KH-00325,334,0,0,1,0.0,0.0,59956468.0,59956468.0,1,0.0,1,0.9811754142344232,Cao,HỘ KINH DOANH THANH BÌNH,Hạ Long,Miền Bắc,1,98.1,Cao,LogisticRegression
KH-00401,37,1,1,1,22144902.0,22144902.0,22144902.0,22144902.0,4,0.0,0,0.02269283458118623,Thấp,HỘ KINH DOANH THUỶ TIÊN,Hà Nội,Miền Bắc,4,2.3,Thap,LogisticRegression
KH-00014,40,1,1,4,39473324.0,39473324.0,158743324.0,39685831.0,4,390997.19999999367,0,0.02187155888693986,Thấp,HỘ KINH DOANH LONG PHÚ,Bắc Ninh,Miền Bắc,4,2.2,Thap,LogisticRegression
KH-00429,35,1,1,1,38662392.0,38662392.0,38662392.0,38662392.0,4,0.0,0,0.018318272421033278,Thấp,CỬA HÀNG XE ĐẠP XUÂN MAI,Quảng Ninh,Miền Bắc,4,1.8,Thap,LogisticRegression
KH-00335,53,1,1,1,3870371.0,3870371.0,3870371.0,3870371.0,1,0.0,0,0.017394496438946264,Thấp,CÔNG TY CỔ PHẦN THUỶ TIÊN,Hà Nội,Miền Bắc,1,1.7,Thap,LogisticRegression
KH-00391,40,1,1,1,27965179.0,27965179.0,27965179.0,27965179.0,3,0.0,0,0.017381065446246884,Thấp,CÔNG TY TNHH THƯƠNG MẠI NAM TIẾN,Hà Tĩnh,Miền Trung,3,1.7,Thap,LogisticRegression
KH-00069,52,1,1,3,5537037.0,5537037.0,16611111.0,5537037.0,1,0.0,0,0.017302086087090128,Thấp,CÔNG TY TNHH MINH PHƯƠNG,Hà Nội,Miền Bắc,1,1.7,Thap,LogisticRegression
KH-00074,32,1,1,3,13197126.0,13197126.0,39028607.0,13009535.666666666,3,-1117177.5000000005,0,0.016995033181937895,Thấp,CÔNG TY TNHH THƯƠNG MẠI HOÀ BÌNH,Hòa Bình,Miền Bắc,3,1.7,Thap,LogisticRegression
KH-00075,33,2,2,7,54772209.0,54772209.0,367627614.0,52518230.571428575,5,-24108895.50000001,0,0.015351322350804969,Thấp,CÔNG TY CỔ PHẦN ĐÔNG NAM,Hà Nội,Miền Bắc,5,1.5,Thap,LogisticRegression
KH-00039,39,1,1,2,61250010.0,61250010.0,214953705.0,107476852.5,4,0.0,0,0.014913569646867377,Thấp,CÔNG TY CỔ PHẦN ĐÔNG NAM,Phú Quốc,Miền Bắc,4,1.5,Thap,LogisticRegression
KH-00464,33,1,1,1,25797586.0,25797586.0,25797586.0,25797586.0,3,0.0,0,0.014748709943361938,Thấp,CÔNG TY TNHH THƯƠNG MẠI KHẢI HOÀN,Phú Thọ,Miền Bắc,3,1.5,Thap,LogisticRegression
KH-00368,43,1,1,1,54000819.0,54000819.0,54000819.0,54000819.0,3,0.0,0,0.014575416503972835,Thấp,HỘ KINH DOANH HOÀ BÌNH,Hà Nội,Miền Bắc,3,1.5,Thap,LogisticRegression
KH-00504,31,1,1,1,22818328.0,22818328.0,22818328.0,22818328.0,3,0.0,0,0.014401907786978906,Thấp,CÔNG TY CỔ PHẦN THƯƠNG MẠI TÂY BẮC,Hà Nội,Miền Bắc,3,1.4,Thap,LogisticRegression
KH-00362,45,1,1,1,2027778.0,2027778.0,2027778.0,2027778.0,1,0.0,0,0.01432771200104515,Thấp,HỘ KINH DOANH MẶT TRỜI,Hà Nội,Miền Bắc,1,1.4,Thap,LogisticRegression
KH-00450,35,1,1,1,35684616.0,35684616.0,35684616.0,35684616.0,3,0.0,0,0.014112302633103615,Thấp,HỘ KINH DOANH QUANG VINH,Thanh Hoá,Miền Trung,3,1.4,Thap,LogisticRegression
KH-00370,43,1,1,1,28205550.0,28205550.0,28205550.0,28205550.0,2,0.0,0,0.01404600570646513,Thấp,CÔNG TY CỔ PHẦN THƯƠNG MẠI PHÚ THỊNH,Bắc Ninh,Miền Bắc,2,1.4,Thap,LogisticRegression
KH-00351,47,1,1,1,39405545.0,39405545.0,39405545.0,39405545.0,2,0.0,0,0.013990895416474396,Thấp,CÔNG TY TNHH AN PHÁT,Bắc Ninh,Miền Bắc,2,1.4,Thap,LogisticRegression
KH-00439,35,1,1,1,37204436.0,37204436.0,37204436.0,37204436.0,3,0.0,0,0.013902934179498514,Thấp,DOANH NGHIỆP TW THUỶ TIÊN,Nghệ An,Miền Trung,3,1.4,Thap,LogisticRegression
KH-00044,47,1,1,2,47775542.0,47775542.0,77025542.0,38512771.0,2,0.0,0,0.013419726846227942,Thấp,CÔNG TY TNHH THƯƠNG MẠI NGỌC ANH,Tam Kỳ,Miền Bắc,2,1.3,Thap,LogisticRegression
KH-00008,42,1,1,2,7037038.0,7037038.0,13685186.0,6842593.0,1,0.0,0,0.012838877430662842,Thấp,CÔNG TY CỔ PHẦN YÊN BÌNH,Hưng Yên,Miền Bắc,1,1.3,Thap,LogisticRegression
KH-00448,35,1,1,1,15771104.0,15771104.0,15771104.0,15771104.0,2,0.0,0,0.012834533896798731,Thấp,CÔNG TY TNHH THUỶ TIÊN,Hà Nội,Miền Bắc,2,1.3,Thap,LogisticRegression
KH-00515,31,1,1,1,34973416.0,34973416.0,34973416.0,34973416.0,3,0.0,0,0.012778525243434351,Thấp,CÔNG TY CỔ PHẦN THƯƠNG MẠI SƠN HÀ,TP Hải Phòng,Miền Bắc,3,1.3,Thap,LogisticRegression
KH-00449,35,1,1,1,16652772.0,16652772.0,16652772.0,16652772.0,2,0.0,0,0.01272358961756629,Thấp,CÔNG TY CỔ PHẦN THUỶ TIÊN,Phú Thọ,Miền Bắc,2,1.3,Thap,LogisticRegression
KH-00431,35,1,1,1,17887217.0,17887217.0,17887217.0,17887217.0,2,0.0,0,0.01256984284311048,Thấp,CÔNG TY CỔ PHẦN THƯƠNG MẠI KHẢI HOÀN,Hà Nội,Miền Bắc,2,1.3,Thap,LogisticRegression
KH-00354,46,1,1,1,77331372.0,77331372.0,77331372.0,77331372.0,3,0.0,0,0.0125469562387711,Thấp,CÔNG TY TNHH THƯƠNG MẠI NAM TIẾN,Thái Nguyên,Miền Bắc,3,1.3,Thap,LogisticRegression
KH-00375,43,1,1,1,10716664.0,10716664.0,10716664.0,10716664.0,1,0.0,0,0.012472740224240421,Thấp,CÔNG TY TNHH ĐẠI DƯƠNG,Hà Nội,Miền Bắc,1,1.2,Thap,LogisticRegression
KH-00388,40,1,1,1,2768519.0,2768519.0,2768519.0,2768519.0,1,0.0,0,0.012454073871398356,Thấp,CÔNG TY CỔ PHẦN MẶT TRỜI,Hà Nội,Miền Bắc,1,1.2,Thap,LogisticRegression
KH-00445,35,1,1,1,20933330.0,20933330.0,20933330.0,20933330.0,2,0.0,0,0.012198261503744806,Thấp,CÔNG TY CỔ PHẦN TÂN TIẾN,Quảng Ngãi,Miền Trung,2,1.2,Thap,LogisticRegression
KH-00284,35,1,1,2,22092772.0,22092772.0,57562772.0,28781386.0,2,0.0,0,0.01209628888892016,Thấp,HỘ KINH DOANH NGỌC ANH,Hưng Yên,Miền Bắc,2,1.2,Thap,LogisticRegression
KH-00399,39,1,1,1,4611112.0,4611112.0,4611112.0,4611112.0,1,0.0,0,0.011908936850176743,Thấp,CÔNG TY TNHH ĐẠI LỢI,Hà Nội,Miền Bắc,1,1.2,Thap,LogisticRegression
KH-00411,37,1,1,1,2361111.0,2361111.0,2361111.0,2361111.0,1,0.0,0,0.011544818771216714,Thấp,CỬA HÀNG XE ĐẠP MẶT TRỜI,Hà Nội,Miền Bắc,1,1.2,Thap,LogisticRegression
KH-00490,32,1,1,1,19349256.0,19349256.0,19349256.0,19349256.0,2,0.0,0,0.011439435103651597,Thấp,CÔNG TY TNHH TÂN TIẾN,Phú Thọ,Miền Bắc,2,1.1,Thap,LogisticRegression
KH-00451,35,1,1,1,28180365.0,28180365.0,28180365.0,28180365.0,2,0.0,0,0.011357283027740053,Thấp,CÔNG TY CỔ PHẦN THƯƠNG MẠI TRƯỜNG THỊNH,Phú Thọ,Miền Bắc,2,1.1,Thap,LogisticRegression
KH-00534,31,1,1,1,19952588.0,19952588.0,19952588.0,19952588.0,2,0.0,0,0.011072758219036093,Thấp,DOANH NGHIỆP TW AN PHÁT,Phú Thọ,Miền Bắc,2,1.1,Thap,LogisticRegression
KH-00471,33,1,1,1,55482205.0,55482205.0,55482205.0,55482205.0,3,0.0,0,0.011010558041182377,Thấp,CÔNG TY CỔ PHẦN TRÍ ĐỨC,Hà Tĩnh,Miền Trung,3,1.1,Thap,LogisticRegression
KH-00598,24,1,1,1,31998692.0,31998692.0,31998692.0,31998692.0,3,0.0,0,0.01092216512752406,Thấp,DOANH NGHIỆP TW SƠN HÀ,Hải Phòng,Miền Bắc,3,1.1,Thap,LogisticRegression
KH-00194,16,1,1,3,72601255.0,72601255.0,227427256.0,75809085.33333333,5,0.0,0,0.01091868154395898,Thấp,CỬA HÀNG XE ĐẠP SÁN LẠP,Hà Nội,Miền Bắc,5,1.1,Thap,LogisticRegression
KH-00412,36,1,1,1,6805556.0,6805556.0,6805556.0,6805556.0,1,0.0,0,0.010759279089355351,Thấp,CÔNG TY TNHH TRÍ ĐỨC,Hưng Yên,Miền Bắc,1,1.1,Thap,LogisticRegression
KH-00602,24,1,1,1,33720915.0,33720915.0,33720915.0,33720915.0,3,0.0,0,0.010738141442996948,Thấp,CÔNG TY TNHH THƯƠNG MẠI THIÊN AN,Hà Nội,Miền Bắc,3,1.1,Thap,LogisticRegression
KH-00418,36,1,1,1,7361112.0,7361112.0,7361112.0,7361112.0,1,0.0,0,0.010700459053294982,Thấp,CÔNG TY CỔ PHẦN PHÚ THỊNH,Hà Nội,Miền Bắc,1,1.1,Thap,LogisticRegression
KH-00468,33,1,1,1,28953046.0,28953046.0,28953046.0,28953046.0,2,0.0,0,0.010686349828349305,Thấp,CÔNG TY CỔ PHẦN KHẢI HOÀN,Nghệ An,Miền Trung,2,1.1,Thap,LogisticRegression
KH-00595,24,1,1,1,34527950.0,34527950.0,34527950.0,34527950.0,3,0.0,0,0.010652966364653646,Thấp,CÔNG TY CỔ PHẦN THƯƠNG MẠI YÊN BÌNH,Tuyên Quang,Miền Bắc,3,1.1,Thap,LogisticRegression
KH-00555,30,1,1,1,21375919.0,21375919.0,21375919.0,21375919.0,2,0.0,0,0.01063133234707961,Thấp,CỬA HÀNG XE ĐẠP TRƯỜNG THỊNH,Ninh Bình,Miền Bắc,2,1.1,Thap,LogisticRegression
KH-00552,30,1,1,1,21451568.0,21451568.0,21451568.0,21451568.0,2,0.0,0,0.010623398608566937,Thấp,CỬA HÀNG XE ĐẠP YÊN BÌNH,Phú Thọ,Miền Bắc,2,1.1,Thap,LogisticRegression
KH-00523,31,1,1,1,24352217.0,24352217.0,24352217.0,24352217.0,2,0.0,0,0.010602390499077578,Thấp,HỘ KINH DOANH KHẢI HOÀN,Hà Nội,Miền Bắc,2,1.1,Thap,LogisticRegression
KH-00583,28,1,1,1,16494903.0,16494903.0,16494903.0,16494903.0,2,0.0,0,0.01057700774173303,Thấp,CÔNG TY TNHH THƯƠNG MẠI THANH BÌNH,Đà Nẵng,Miền Trung,2,1.1,Thap,LogisticRegression
KH-00337,47,1,1,1,9157407.0,9157407.0,9157407.0,9157407.0,0,0.0,0,0.01052721656846661,Thấp,DOANH NGHIỆP TW VĨNH PHÁT,Hà Nội,Miền Bắc,0,1.1,Thap,LogisticRegression
KH-00635,18,1,1,1,49836649.0,49836649.0,49836649.0,49836649.0,4,0.0,0,0.010449841555145282,Thấp,,,,4,1.0,Thap,LogisticRegression
KH-00218,32,1,1,2,30225917.0,30225917.0,70285917.0,35142958.5,2,0.0,0,0.010349975161026547,Thấp,CÔNG TY TNHH THƯƠNG MẠI BÌNH MINH,Hải Dương,Miền Bắc,2,1.0,Thap,LogisticRegression
KH-00549,30,1,1,1,24975551.0,24975551.0,24975551.0,24975551.0,2,0.0,0,0.010260239306667918,Thấp,CỬA HÀNG XE ĐẠP TÚ ANH,Phú Thọ,Miền Bắc,2,1.0,Thap,LogisticRegression
KH-00544,30,1,1,1,26793141.0,26793141.0,26793141.0,26793141.0,2,0.0,0,0.010077760311842451,Thấp,DOANH NGHIỆP TW VIỆT ANH,Hà Nội,Miền Bắc,2,1.0,Thap,LogisticRegression
KH-00465,33,1,1,1,34894436.0,34894436.0,34894436.0,34894436.0,2,0.0,0,0.010077650643772609,Thấp,CÔNG TY CỔ PHẦN KHẢI HOÀN,Quảng Ninh,Miền Bắc,2,1.0,Thap,LogisticRegression
KH-00576,28,1,1,1,21478325.0,21478325.0,21478325.0,21478325.0,2,0.0,0,0.01006927463716791,Thấp,DOANH NGHIỆP TW THIÊN AN,Quảng Ninh,Miền Bắc,2,1.0,Thap,LogisticRegression
KH-00567,29,1,1,1,24564438.0,24564438.0,24564438.0,24564438.0,2,0.0,0,0.010030964366993342,Thấp,CÔNG TY CỔ PHẦN THƯƠNG MẠI SƠN HÀ,TP Hải Phòng,Miền Bắc,2,1.0,Thap,LogisticRegression
KH-00345,47,1,1,1,14872220.0,14872220.0,14872220.0,14872220.0,0,0.0,0,0.009949728566591026,Thấp,DOANH NGHIỆP TW PHÚ THỊNH,Phú Thọ,Miền Bắc,0,1.0,Thap,LogisticRegression
KH-00409,37,1,1,1,18133330.0,18133330.0,18133330.0,18133330.0,1,0.0,0,0.009880858753795435,Thấp,CÔNG TY CỔ PHẦN THƯƠNG MẠI BÌNH MINH,Thanh Hoá,Miền Trung,1,1.0,Thap,LogisticRegression
KH-00526,31,1,1,1,31530549.0,31530549.0,31530549.0,31530549.0,2,0.0,0,0.009877035342957535,Thấp,CÔNG TY CỔ PHẦN NAM TIẾN,Hưng Yên,Miền Bắc,2,1.0,Thap,LogisticRegression
KH-00669,15,1,1,1,18054252.0,18054252.0,18054252.0,18054252.0,3,0.0,0,0.009860825252998596,Thấp,,,,3,1.0,Thap,LogisticRegression
KH-00454,35,1,1,1,42573326.0,42573326.0,42573326.0,42573326.0,2,0.0,0,0.009853406776308044,Thấp,HỘ KINH DOANH LONG PHÚ,Phú Thọ,Miền Bắc,2,1.0,Thap,LogisticRegression
KH-00422,36,1,1,1,15861474.0,15861474.0,15861474.0,15861474.0,1,0.0,0,0.00983916052809694,Thấp,CÔNG TY CỔ PHẦN THƯƠNG MẠI SƠN HÀ,Hà Nội,Miền Bắc,1,1.0,Thap,LogisticRegression
KH-00421,36,1,1,1,75644986.0,75644986.0,75644986.0,75644986.0,3,0.0,0,0.009774586822358943,Thấp,DOANH NGHIỆP TW YÊN BÌNH,Hòa Bình,Miền Bắc,3,1.0,Thap,LogisticRegression
KH-00563,29,1,1,1,28828328.0,28828328.0,28828328.0,28828328.0,2,0.0,0,0.009617309265437675,Thấp,HỘ KINH DOANH YÊN BÌNH,Hà Nội,Miền Bắc,2,1.0,Thap,LogisticRegression
KH-00541,30,1,1,1,2361111.0,2361111.0,2361111.0,2361111.0,1,0.0,0,0.009580220581597694,Thấp,HỘ KINH DOANH SÁN LẠP,TP Đà Nẵng,Miền Bắc,1,1.0,Thap,LogisticRegression
KH-00542,30,1,1,1,2361111.0,2361111.0,2361111.0,2361111.0,1,0.0,0,0.009580220581597694,Thấp,CÔNG TY TNHH THƯƠNG MẠI NAM TIẾN,Lạng Sơn,Miền Bắc,1,1.0,Thap,LogisticRegression
KH-00573,28,1,1,1,26717216.0,26717216.0,26717216.0,26717216.0,2,0.0,0,0.009561516819094921,Thấp,DOANH NGHIỆP TW THANH BÌNH,Quảng Ninh,Miền Bắc,2,1.0,Thap,LogisticRegression
KH-00540,30,1,1,1,2768519.0,2768519.0,2768519.0,2768519.0,1,0.0,0,0.009541739406637184,Thấp,CÔNG TY TNHH NGỌC ANH,Hà Nội,Miền Bắc,1,1.0,Thap,LogisticRegression
KH-00472,31,2,2,2,50409246.0,50409246.0,50409246.0,25204623.0,4,0.0,0,0.009456357475672212,Thấp,CÔNG TY CỔ PHẦN TRÍ ĐỨC,Hà Nội,Miền Bắc,4,0.9,Thap,LogisticRegression
KH-00367,43,1,1,1,68896093.0,68896093.0,68896093.0,68896093.0,2,0.0,0,0.009404316800420656,Thấp,CÔNG TY CỔ PHẦN ĐÔNG NAM,Thanh Hóa,Miền Trung,2,0.9,Thap,LogisticRegression
KH-00651,16,1,1,1,26088879.0,26088879.0,26088879.0,26088879.0,3,0.0,0,0.009354631865699186,Thấp,,,,3,0.9,Thap,LogisticRegression
KH-00601,24,1,1,1,18164071.0,18164071.0,18164071.0,18164071.0,2,0.0,0,0.00935157337655786,Thấp,HỘ KINH DOANH PHÚ THỊNH,Hà Nội,Miền Bắc,2,0.9,Thap,LogisticRegression
KH-00654,16,1,1,1,26218142.0,26218142.0,26218142.0,26218142.0,3,0.0,0,0.009342691059844133,Thấp,,,,3,0.9,Thap,LogisticRegression
KH-00582,28,1,1,1,29156661.0,29156661.0,29156661.0,29156661.0,2,0.0,0,0.009333817663330418,Thấp,HỘ KINH DOANH LONG PHÚ,Điện Biên,Miền Bắc,2,0.9,Thap,LogisticRegression
KH-00615,23,1,1,1,45789063.0,45789063.0,45789063.0,45789063.0,3,0.0,0,0.009280997438722188,Thấp,CÔNG TY CỔ PHẦN THƯƠNG MẠI QUANG VINH,Hải Phòng,Miền Bắc,3,0.9,Thap,LogisticRegression
KH-00113,35,1,1,2,23649439.0,23649439.0,41439439.0,20719719.5,1,0.0,0,0.009102758086824156,Thấp,DOANH NGHIỆP TW XÂY DỰNG,Thanh Hoá,Miền Trung,1,0.9,Thap,LogisticRegression
KH-00167,15,1,1,5,60264618.0,60264618.0,142484618.0,28496923.6,4,17937309.000000004,0,0.009094085164499258,Thấp,CÔNG TY CỔ PHẦN THƯƠNG MẠI LÊ ANH,Hà Nội,Miền Bắc,4,0.9,Thap,LogisticRegression
KH-00550,30,1,1,1,7799812.0,7799812.0,7799812.0,7799812.0,1,0.0,0,0.009078949815540345,Thấp,CÔNG TY TNHH ĐÔNG NAM,Phú Thọ,Miền Bắc,1,0.9,Thap,LogisticRegression
KH-00650,16,1,1,1,29201935.0,29201935.0,29201935.0,29201935.0,3,0.0,0,0.009071218663215414,Thấp,,,,3,0.9,Thap,LogisticRegression
KH-00614,23,1,1,1,48134990.0,48134990.0,48134990.0,48134990.0,3,0.0,0,0.009068295780527346,Thấp,CỬA HÀNG XE ĐẠP NAM TIẾN,Quảng Ninh,Miền Bắc,3,0.9,Thap,LogisticRegression
KH-00629,19,1,1,1,38233229.0,38233229.0,38233229.0,38233229.0,3,0.0,0,0.008988115909959299,Thấp,,,,3,0.9,Thap,LogisticRegression
KH-00446,35,1,1,1,22567396.0,22567396.0,22567396.0,22567396.0,1,0.0,0,0.0089659342952819,Thấp,CÔNG TY TNHH THƯƠNG MẠI MINH PHƯƠNG,Quảng Trị,Miền Trung,1,0.9,Thap,LogisticRegression
KH-00443,35,1,1,1,23242219.0,23242219.0,23242219.0,23242219.0,1,0.0,0,0.008906323002851936,Thấp,CÔNG TY TNHH HÙNG CƯỜNG,Hà Nội,Miền Bắc,1,0.9,Thap,LogisticRegression
KH-00500,31,1,1,1,12458333.0,12458333.0,12458333.0,12458333.0,1,0.0,0,0.008904881726084163,Thấp,CÔNG TY CỔ PHẦN THƯƠNG MẠI VĨNH PHÁT,Hà Nội,Miền Bắc,1,0.9,Thap,LogisticRegression
KH-00168,24,1,1,4,83676273.0,83676273.0,155338390.0,38834597.5,4,25397078.000000007,0,0.008882521617162164,Thấp,DOANH NGHIỆP TW ĐẠI LỢI,Hà Nội,Miền Bắc,4,0.9,Thap,LogisticRegression
KH-00398,39,1,1,1,35105550.0,35105550.0,35105550.0,35105550.0,1,0.0,0,0.008813210914344694,Thấp,CÔNG TY TNHH PHÚC AN,TP Đà Nẵng,Miền Bắc,1,0.9,Thap,LogisticRegression
KH-00597,24,1,1,1,54138131.0,54138131.0,54138131.0,54138131.0,3,0.0,0,0.008776975753007883,Thấp,CÔNG TY TNHH THƯƠNG MẠI PHÚ THỊNH,TP Hải Phòng,Miền Bắc,3,0.9,Thap,LogisticRegression
KH-00511,31,1,1,1,14207958.0,14207958.0,14207958.0,14207958.0,1,0.0,0,0.00875217416766868,Thấp,CÔNG TY TNHH BÌNH MINH,Lào Cai,Miền Bắc,1,0.9,Thap,LogisticRegression
KH-00572,28,1,1,1,36044992.0,36044992.0,36044992.0,36044992.0,2,0.0,0,0.008719454860915365,Thấp,CÔNG TY CỔ PHẦN THƯƠNG MẠI VIỆT ANH,Quảng Ninh,Miền Bắc,2,0.9,Thap,LogisticRegression
KH-00612,23,1,1,1,52107022.0,52107022.0,52107022.0,52107022.0,3,0.0,0,0.00871911556718532,Thấp,DOANH NGHIỆP TW XÂY DỰNG,TP Hải Phòng,Miền Bắc,3,0.9,Thap,LogisticRegression
KH-00473,33,1,1,1,20212216.0,20212216.0,20212216.0,20212216.0,1,0.0,0,0.008700050811227638,Thấp,CÔNG TY TNHH TRÍ ĐỨC,Hà Nội,Miền Bắc,1,0.9,Thap,LogisticRegression
KH-00400,38,1,1,1,4527778.0,4527778.0,4527778.0,4527778.0,0,0.0,0,0.008667966441367412,Thấp,CÔNG TY TNHH XÂY DỰNG,Đồng Nai,Miền Nam,0,0.9,Thap,LogisticRegression
KH-00522,31,1,1,1,15749995.0,15749995.0,15749995.0,15749995.0,1,0.0,0,0.008619738624186243,Thấp,CÔNG TY TNHH HÙNG CƯỜNG,Ninh Bình,Miền Bắc,1,0.9,Thap,LogisticRegression
KH-00590,26,1,1,1,2268519.0,2268519.0,2268519.0,2268519.0,1,0.0,0,0.0086181324582481,Thấp,CÔNG TY TNHH TOÀN THẮNG,Thanh Hóa,Miền Trung,1,0.9,Thap,LogisticRegression
KH-00577,28,1,1,1,66969336.0,66969336.0,66969336.0,66969336.0,3,0.0,0,0.008602478241097972,Thấp,CÔNG TY CỔ PHẦN THƯƠNG MẠI ĐẠI DƯƠNG,Hưng Yên,Miền Bắc,3,0.9,Thap,LogisticRegression
KH-00632,19,1,1,1,13301104.0,13301104.0,13301104.0,13301104.0,2,0.0,0,0.008586265827332124,Thấp,,,,2,0.9,Thap,LogisticRegression
KH-00413,36,1,1,1,29907408.0,29907408.0,29907408.0,29907408.0,1,0.0,0,0.008563910702982422,Thấp,CÔNG TY CỔ PHẦN CHI THÀNH,TP Hải Phòng,Miền Bắc,1,0.9,Thap,LogisticRegression
KH-00610,23,1,1,1,24388144.0,24388144.0,24388144.0,24388144.0,2,0.0,0,0.008561949876933476,Thấp,DOANH NGHIỆP TW HÙNG CƯỜNG,Hưng Yên,Miền Bắc,2,0.9,Thap,LogisticRegression
KH-00288,23,1,1,4,33679990.0,33679990.0,87212952.0,21803238.0,2,0.0,0,0.008502169245829876,Thấp,CÔNG TY TNHH THƯƠNG MẠI TOÀN THẮNG,Nghệ An,Miền Trung,2,0.9,Thap,LogisticRegression
KH-00539,31,1,1,1,17192218.0,17192218.0,17192218.0,17192218.0,1,0.0,0,0.008497674103704047,Thấp,CỬA HÀNG XE ĐẠP CHI THÀNH,Thái Nguyên,Miền Bắc,1,0.8,Thap,LogisticRegression
KH-00416,36,1,1,1,32353328.0,32353328.0,32353328.0,32353328.0,1,0.0,0,0.008359232760854178,Thấp,DOANH NGHIỆP TW HOÀ BÌNH,Quảng Ninh,Miền Bắc,1,0.8,Thap,LogisticRegression
KH-00559,29,1,1,1,43414990.0,43414990.0,43414990.0,43414990.0,2,0.0,0,0.008325920421772964,Thấp,CÔNG TY TNHH THƯƠNG MẠI TÂY BẮC,Thanh Hóa,Miền Trung,2,0.8,Thap,LogisticRegression
KH-00480,32,1,1,1,22314816.0,22314816.0,22314816.0,22314816.0,1,0.0,0,0.008296484983738008,Thấp,DOANH NGHIỆP TW ĐẠI DƯƠNG,Hà Nội,Miền Bắc,1,0.8,Thap,LogisticRegression
KH-00622,21,1,1,1,22282679.0,22282679.0,22282679.0,22282679.0,2,0.0,0,0.008287449899304924,Thấp,CÔNG TY CỔ PHẦN XUÂN MAI,Lào Cai,Miền Bắc,2,0.8,Thap,LogisticRegression
KH-00470,33,1,1,1,25285547.0,25285547.0,25285547.0,25285547.0,1,0.0,0,0.008274301812833805,Thấp,CÔNG TY CỔ PHẦN VĨNH PHÁT,Nghệ An,Miền Trung,1,0.8,Thap,LogisticRegression
KH-00537,31,1,1,1,20135548.0,20135548.0,20135548.0,20135548.0,1,0.0,0,0.008253854111255218,Thấp,CÔNG TY CỔ PHẦN ĐÔNG NAM,Bắc Kạn,Miền Bắc,1,0.8,Thap,LogisticRegression
KH-00530,31,1,1,1,21605551.0,21605551.0,21605551.0,21605551.0,1,0.0,0,0.008134692358183097,Thấp,DOANH NGHIỆP TW TÂY BẮC,Hà Nội,Miền Bắc,1,0.8,Thap,LogisticRegression
KH-00585,28,1,1,1,44041190.0,44041190.0,44041190.0,44041190.0,2,0.0,0,0.008056406834268288,Thấp,CÔNG TY TNHH TÂY BẮC,Tuyên Quang,Miền Bắc,2,0.8,Thap,LogisticRegression
KH-00456,35,1,1,1,63827764.0,63827764.0,63827764.0,63827764.0,2,0.0,0,0.007986079369323709,Thấp,CÔNG TY TNHH THƯƠNG MẠI AN PHÁT,Hà Tĩnh,Miền Trung,2,0.8,Thap,LogisticRegression
KH-00561,29,1,1,1,47910731.0,47910731.0,47910731.0,47910731.0,2,0.0,0,0.007963719757791473,Thấp,CÔNG TY TNHH THƯƠNG MẠI VĨNH PHÁT,Bắc Ninh,Miền Bắc,2,0.8,Thap,LogisticRegression
KH-00528,31,1,1,1,24083328.0,24083328.0,24083328.0,24083328.0,1,0.0,0,0.007937687981325868,Thấp,CÔNG TY CỔ PHẦN VẠN LỢI,Bắc Ninh,Miền Bắc,1,0.8,Thap,LogisticRegression
KH-00548,30,1,1,1,22080551.0,22080551.0,22080551.0,22080551.0,1,0.0,0,0.007883106109705587,Thấp,CÔNG TY TNHH KHẢI HOÀN,Quảng Trị,Miền Trung,1,0.8,Thap,LogisticRegression
KH-00637,18,1,1,1,19377401.0,19377401.0,19377401.0,19377401.0,2,0.0,0,0.007872254116162266,Thấp,,,,2,0.8,Thap,LogisticRegression
KH-00405,37,1,1,1,100248865.0,100248865.0,100248865.0,100248865.0,3,0.0,0,0.007871332843840175,Thấp,CÔNG TY CỔ PHẦN THƯƠNG MẠI QUANG VINH,Thanh Hóa,Miền Trung,3,0.8,Thap,LogisticRegression
KH-00664,15,1,1,1,41239152.0,41239152.0,41239152.0,41239152.0,3,0.0,0,0.007840880138303407,Thấp,,,,3,0.8,Thap,LogisticRegression
KH-00587,28,1,1,1,17595552.0,17595552.0,17595552.0,17595552.0,1,0.0,0,0.007812036729248025,Thấp,DOANH NGHIỆP TW AN PHÁT,Hà Nội,Miền Bắc,1,0.8,Thap,LogisticRegression
KH-00653,16,1,1,1,15308884.0,15308884.0,15308884.0,15308884.0,2,0.0,0,0.007769192345581134,Thấp,,,,2,0.8,Thap,LogisticRegression
KH-00616,22,1,1,1,2768519.0,2768519.0,2768519.0,2768519.0,1,0.0,0,0.007706572662603629,Thấp,CÔNG TY CỔ PHẦN TRÍ ĐỨC,Hà Nội,Miền Bắc,1,0.8,Thap,LogisticRegression
KH-00524,31,1,1,1,27199995.0,27199995.0,27199995.0,27199995.0,1,0.0,0,0.007696594689058474,Thấp,CÔNG TY CỔ PHẦN THƯƠNG MẠI TRÍ ĐỨC,Hưng Yên,Miền Bắc,1,0.8,Thap,LogisticRegression
KH-00533,31,1,1,1,29689996.0,29689996.0,29689996.0,29689996.0,1,0.0,0,0.007509210980717135,Thấp,CÔNG TY TNHH YÊN BÌNH,Phú Thọ,Miền Bắc,1,0.8,Thap,LogisticRegression
KH-00589,26,1,1,1,16527777.0,16527777.0,16527777.0,16527777.0,1,0.0,0,0.007484118868812217,Thấp,DOANH NGHIỆP TW KHẢI HOÀN,Hà Nội,Miền Bắc,1,0.7,Thap,LogisticRegression
KH-00479,32,1,1,1,3333333.0,3333333.0,3333333.0,3333333.0,0,0.0,0,0.007472008291856358,Thấp,DOANH NGHIỆP TW NGỌC ANH,Hà Nội,Miền Bắc,0,0.7,Thap,LogisticRegression
KH-00373,43,2,2,2,47111094.0,47111094.0,47111094.0,23555547.0,2,0.0,0,0.007472000176703947,Thấp,DOANH NGHIỆP TW THIÊN AN,Hưng Yên,Miền Bắc,2,0.7,Thap,LogisticRegression
KH-00619,21,1,1,1,3231481.0,3231481.0,3231481.0,3231481.0,1,0.0,0,0.00746901749330911,Thấp,CỬA HÀNG XE ĐẠP VĨNH PHÁT,TP Đà Nẵng,Miền Bắc,1,0.7,Thap,LogisticRegression
KH-00336,40,2,2,2,4537038.0,4537038.0,4537038.0,2268519.0,1,0.0,0,0.007457964641898889,Thấp,CÔNG TY CỔ PHẦN LONG PHÚ,Bắc Ninh,Miền Bắc,1,0.7,Thap,LogisticRegression
KH-00592,25,1,1,1,14944444.0,14944444.0,14944444.0,14944444.0,1,0.0,0,0.007401831055440475,Thấp,CỬA HÀNG XE ĐẠP SÁN LẠP,TP Đà Nẵng,Miền Bắc,1,0.7,Thap,LogisticRegression
KH-00532,31,1,1,1,31324993.0,31324993.0,31324993.0,31324993.0,1,0.0,0,0.007388639876123708,Thấp,CÔNG TY TNHH THƯƠNG MẠI MẶT TRỜI,Hà Nội,Miền Bắc,1,0.7,Thap,LogisticRegression
KH-00478,32,1,1,1,4527778.0,4527778.0,4527778.0,4527778.0,0,0.0,0,0.007384168885947647,Thấp,CÔNG TY TNHH BÌNH MINH,Hà Nội,Miền Bắc,0,0.7,Thap,LogisticRegression
KH-00162,16,1,1,3,23001103.0,23001103.0,40881103.0,13627034.333333334,2,6245551.500000001,0,0.007366007816608795,Thấp,CÔNG TY CỔ PHẦN THƯƠNG MẠI CHI THÀNH,Hà Nội,Miền Bắc,2,0.7,Thap,LogisticRegression
KH-00554,30,1,1,1,29284994.0,29284994.0,29284994.0,29284994.0,1,0.0,0,0.0073405103008345835,Thấp,CÔNG TY CỔ PHẦN THƯƠNG MẠI SÁN LẠP,Hà Nội,Miền Bắc,1,0.7,Thap,LogisticRegression
KH-00516,31,1,1,1,31988880.0,31988880.0,31988880.0,31988880.0,1,0.0,0,0.007340232543917415,Thấp,CÔNG TY TNHH SÁN LẠP,Hưng Yên,Miền Bắc,1,0.7,Thap,LogisticRegression
KH-00531,23,2,2,2,55249433.0,55249433.0,55249433.0,27624716.5,4,0.0,0,0.007322101447839933,Thấp,CÔNG TY TNHH THƯƠNG MẠI VẠN LỢI,Hà Nội,Miền Bắc,4,0.7,Thap,LogisticRegression
KH-00494,32,1,1,1,34963325.0,34963325.0,34963325.0,34963325.0,1,0.0,0,0.007320318128179579,Thấp,HỘ KINH DOANH AN PHÁT,Hà Nội,Miền Bắc,1,0.7,Thap,LogisticRegression
KH-00517,31,1,1,1,62083320.0,62083320.0,62083320.0,62083320.0,2,0.0,0,0.007301378136028209,Thấp,CỬA HÀNG XE ĐẠP PHÚ THỊNH,Hưng Yên,Miền Bắc,2,0.7,Thap,LogisticRegression
KH-00580,28,1,1,1,24779998.0,24779998.0,24779998.0,24779998.0,1,0.0,0,0.0072757372862693095,Thấp,CÔNG TY CỔ PHẦN THƯƠNG MẠI LONG PHÚ,Đà Nẵng,Miền Trung,1,0.7,Thap,LogisticRegression
KH-00474,33,1,1,1,39804429.0,39804429.0,39804429.0,39804429.0,1,0.0,0,0.0071667535294149196,Thấp,HỘ KINH DOANH MẶT TRỜI,Hưng Yên,Miền Bắc,1,0.7,Thap,LogisticRegression
KH-00507,31,1,1,1,35994437.0,35994437.0,35994437.0,35994437.0,1,0.0,0,0.007054775756340886,Thấp,CỬA HÀNG XE ĐẠP BÌNH MINH,Phú Thọ,Miền Bắc,1,0.7,Thap,LogisticRegression
KH-00406,37,1,1,1,82642778.0,82642778.0,82642778.0,82642778.0,2,0.0,0,0.006992893707491808,Thấp,CÔNG TY CỔ PHẦN THƯƠNG MẠI LONG PHÚ,Hưng Yên,Miền Bắc,2,0.7,Thap,LogisticRegression
KH-00344,47,1,1,1,50565548.0,50565548.0,50565548.0,50565548.0,0,0.0,0,0.006990195836167616,Thấp,CÔNG TY TNHH PHÚC AN,Phú Thọ,Miền Bắc,0,0.7,Thap,LogisticRegression
KH-00581,28,1,1,1,29371102.0,29371102.0,29371102.0,29371102.0,1,0.0,0,0.006952331791560467,Thấp,DOANH NGHIỆP TW SƠN HÀ,Điện Biên,Miền Bắc,1,0.7,Thap,LogisticRegression
KH-00652,16,1,1,1,26590271.0,26590271.0,26590271.0,26590271.0,2,0.0,0,0.0069480962643921115,Thấp,,,,2,0.7,Thap,LogisticRegression
KH-00613,23,1,1,1,16197214.0,16197214.0,16197214.0,16197214.0,1,0.0,0,0.006929888453867244,Thấp,DOANH NGHIỆP TW HÙNG CƯỜNG,Quảng Ninh,Miền Bắc,1,0.7,Thap,LogisticRegression
KH-00661,15,1,1,1,24309254.0,24309254.0,24309254.0,24309254.0,2,0.0,0,0.006919315965911,Thấp,,,,2,0.7,Thap,LogisticRegression
KH-00433,35,1,1,1,49297210.0,49297210.0,49297210.0,49297210.0,1,0.0,0,0.006882056369516965,Thấp,CÔNG TY CỔ PHẦN THƯƠNG MẠI TRƯỜNG THỊNH,Hà Nội,Miền Bắc,1,0.7,Thap,LogisticRegression
KH-00660,15,1,1,1,54438877.0,54438877.0,54438877.0,54438877.0,3,0.0,0,0.006880275861203205,Thấp,,,,3,0.7,Thap,LogisticRegression
KH-00538,31,1,1,1,68250264.0,68250264.0,68250264.0,68250264.0,2,0.0,0,0.006868782628451104,Thấp,HỘ KINH DOANH PHÚC AN,Cao Bằng,Miền Bắc,2,0.7,Thap,LogisticRegression
KH-00657,15,1,1,1,26111103.0,26111103.0,26111103.0,26111103.0,2,0.0,0,0.006796907348068341,Thấp,,,,2,0.7,Thap,LogisticRegression
KH-00648,16,1,1,1,28859431.0,28859431.0,28859431.0,28859431.0,2,0.0,0,0.006793658299742647,Thấp,,,,2,0.7,Thap,LogisticRegression
KH-00642,17,1,1,1,2398148.0,2398148.0,2398148.0,2398148.0,1,0.0,0,0.006766986652065617,Thấp,,,,1,0.7,Thap,LogisticRegression
KH-00460,33,1,1,1,16361110.0,16361110.0,16361110.0,16361110.0,0,0.0,0,0.006745544172880287,Thấp,DOANH NGHIỆP TW THUỶ TIÊN,Phú Thọ,Miền Bắc,0,0.7,Thap,LogisticRegression
KH-00455,35,1,1,1,82253317.0,82253317.0,82253317.0,82253317.0,2,0.0,0,0.0066542565407701855,Thấp,CÔNG TY TNHH THƯƠNG MẠI ĐẠI LỢI,Hà Tĩnh,Miền Trung,2,0.7,Thap,LogisticRegression
KH-00520,31,1,1,1,71704244.0,71704244.0,71704244.0,71704244.0,2,0.0,0,0.006637716188661079,Thấp,CÔNG TY TNHH TÂY BẮC,Ninh Bình,Miền Bắc,2,0.7,Thap,LogisticRegression
KH-00482,32,1,1,1,44872212.0,44872212.0,44872212.0,44872212.0,1,0.0,0,0.0066359854222539216,Thấp,CỬA HÀNG XE ĐẠP KHẢI HOÀN,Hà Nội,Miền Bắc,1,0.7,Thap,LogisticRegression
KH-00643,17,1,1,1,4527778.0,4527778.0,4527778.0,4527778.0,1,0.0,0,0.006625701299013277,Thấp,,,,1,0.7,Thap,LogisticRegression
KH-00649,16,1,1,1,31729991.0,31729991.0,31729991.0,31729991.0,2,0.0,0,0.006603164994765313,Thấp,,,,2,0.7,Thap,LogisticRegression
KH-00599,24,1,1,1,24137774.0,24137774.0,24137774.0,24137774.0,1,0.0,0,0.006579281968691462,Thấp,CÔNG TY CỔ PHẦN XÂY DỰNG,Ninh Bình,Miền Bắc,1,0.7,Thap,LogisticRegression
KH-00546,30,1,1,1,40747215.0,40747215.0,40747215.0,40747215.0,1,0.0,0,0.006552668050178497,Thấp,CÔNG TY CỔ PHẦN SÁN LẠP,Quảng Trị,Miền Trung,1,0.7,Thap,LogisticRegression
KH-00600,24,1,1,1,24913880.0,24913880.0,24913880.0,24913880.0,1,0.0,0,0.006528878075181149,Thấp,CỬA HÀNG XE ĐẠP TOÀN THẮNG,Hưng Yên,Miền Bắc,1,0.7,Thap,LogisticRegression
KH-00604,24,1,1,1,25219441.0,25219441.0,25219441.0,25219441.0,1,0.0,0,0.006509138949875092,Thấp,CÔNG TY CỔ PHẦN THƯƠNG MẠI PHÚC AN,Đà Nẵng,Miền Trung,1,0.7,Thap,LogisticRegression
KH-00606,23,1,1,1,22931385.0,22931385.0,22931385.0,22931385.0,1,0.0,0,0.0064826172046830235,Thấp,CỬA HÀNG XE ĐẠP BÌNH MINH,Bắc Ninh,Miền Bắc,1,0.6,Thap,LogisticRegression
KH-00525,31,1,1,1,44550175.0,44550175.0,44550175.0,44550175.0,1,0.0,0,0.006481443256886454,Thấp,CỬA HÀNG XE ĐẠP SÁN LẠP,Hưng Yên,Miền Bắc,1,0.6,Thap,LogisticRegression
KH-00459,28,2,2,2,51079989.0,51079989.0,51079989.0,25539994.5,3,0.0,0,0.006476491490832411,Thấp,CÔNG TY CỔ PHẦN TOÀN THẮNG,Hà Nội,Miền Bắc,3,0.6,Thap,LogisticRegression
KH-00352,47,1,1,1,88007574.0,88007574.0,88007574.0,88007574.0,1,0.0,0,0.00646499739482116,Thấp,CỬA HÀNG XE ĐẠP LONG PHÚ,Quảng Ninh,Miền Bắc,1,0.6,Thap,LogisticRegression
KH-00692,2,1,1,1,25886013.0,25886013.0,25886013.0,25886013.0,3,0.0,0,0.006448073442956647,Thấp,,,,3,0.6,Thap,LogisticRegression
KH-00596,24,1,1,1,27434438.0,27434438.0,27434438.0,27434438.0,1,0.0,0,0.006367812694707552,Thấp,DOANH NGHIỆP TW THUỶ TIÊN,TP Hải Phòng,Miền Bắc,1,0.6,Thap,LogisticRegression
KH-00394,40,1,1,1,71822204.0,71822204.0,71822204.0,71822204.0,1,0.0,0,0.006293352456855685,Thấp,CÔNG TY TNHH THƯƠNG MẠI NAM TIẾN,Thanh Hóa,Miền Trung,1,0.6,Thap,LogisticRegression
KH-00611,23,1,1,1,26627771.0,26627771.0,26627771.0,26627771.0,1,0.0,0,0.006249425665514127,Thấp,CÔNG TY TNHH VIỆT ANH,Thái Bình,Miền Bắc,1,0.6,Thap,LogisticRegression
KH-00506,24,2,2,2,77829977.0,77829977.0,77829977.0,38914988.5,4,0.0,0,0.0061765664814554715,Thấp,CÔNG TY TNHH THANH BÌNH,Hà Nội,Miền Bắc,4,0.6,Thap,LogisticRegression
KH-00566,29,1,1,1,44172215.0,44172215.0,44172215.0,44172215.0,1,0.0,0,0.006166716611519273,Thấp,DOANH NGHIỆP TW PHÚ THỊNH,Hải Phòng,Miền Bắc,1,0.6,Thap,LogisticRegression
KH-00508,31,2,2,2,33244157.0,33244157.0,33244157.0,16622078.5,2,0.0,0,0.006117023887688102,Thấp,CÔNG TY CỔ PHẦN VĨNH PHÁT,TP Hải Phòng,Miền Bắc,2,0.6,Thap,LogisticRegression
KH-00674,15,1,1,1,9953332.0,9953332.0,9953332.0,9953332.0,1,0.0,0,0.005951565739219531,Thấp,,,,1,0.6,Thap,LogisticRegression
KH-00618,21,1,1,1,26313330.0,26313330.0,26313330.0,26313330.0,1,0.0,0,0.005942154374275554,Thấp,HỘ KINH DOANH ĐÔNG NAM,Nghệ An,Miền Trung,1,0.6,Thap,LogisticRegression
KH-00670,15,1,1,1,40092215.0,40092215.0,40092215.0,40092215.0,2,0.0,0,0.005917409984856713,Thấp,,,,2,0.6,Thap,LogisticRegression
KH-00633,19,1,1,1,21803886.0,21803886.0,21803886.0,21803886.0,1,0.0,0,0.005889907077733842,Thấp,,,,1,0.6,Thap,LogisticRegression
KH-00684,4,1,1,1,40791838.0,40791838.0,40791838.0,40791838.0,3,0.0,0,0.005868216172249265,Thấp,,,,3,0.6,Thap,LogisticRegression
KH-00430,33,2,2,2,44446658.0,44446658.0,44446658.0,22223329.0,2,0.0,0,0.005852481347075311,Thấp,CÔNG TY CỔ PHẦN BÌNH MINH,Hà Nội,Miền Bắc,2,0.6,Thap,LogisticRegression
KH-00591,25,1,1,1,9157407.0,9157407.0,9157407.0,9157407.0,0,0.0,0,0.005848496044079368,Thấp,CÔNG TY TNHH THƯƠNG MẠI KHẢI HOÀN,Hà Nội,Miền Bắc,0,0.6,Thap,LogisticRegression
KH-00638,18,1,1,1,20364997.0,20364997.0,20364997.0,20364997.0,1,0.0,0,0.005816707123286672,Thấp,,,,1,0.6,Thap,LogisticRegression
KH-00623,21,1,1,1,28701662.0,28701662.0,28701662.0,28701662.0,1,0.0,0,0.005803083059397372,Thấp,,,,1,0.6,Thap,LogisticRegression
KH-00535,16,2,2,2,27191100.0,27191100.0,27191100.0,13595550.0,3,0.0,0,0.005785754656102372,Thấp,CỬA HÀNG XE ĐẠP QUANG VINH,Phú Thọ,Miền Bắc,3,0.6,Thap,LogisticRegression
KH-00682,4,1,1,1,13187212.0,13187212.0,13187212.0,13187212.0,2,0.0,0,0.005755615387387769,Thấp,,,,2,0.6,Thap,LogisticRegression
KH-00621,21,1,1,1,59162297.0,59162297.0,59162297.0,59162297.0,2,0.0,0,0.005751393559784284,Thấp,CÔNG TY TNHH SƠN HÀ,Hưng Yên,Miền Bắc,2,0.6,Thap,LogisticRegression
KH-00462,30,2,2,2,4981482.0,4981482.0,4981482.0,2490741.0,1,0.0,0,0.005685101239303791,Thấp,HỘ KINH DOANH TRƯỜNG THỊNH,Hưng Yên,Miền Bắc,1,0.6,Thap,LogisticRegression
KH-00042,16,2,2,8,78345994.0,78345994.0,200660317.0,25082539.625,4,2172960.8999999966,0,0.00567651202446127,Thấp,HỘ KINH DOANH MẶT TRỜI,Hà Nội,Miền Bắc,4,0.6,Thap,LogisticRegression
KH-00603,24,1,1,1,40402775.0,40402775.0,40402775.0,40402775.0,1,0.0,0,0.005599497565976544,Thấp,CÔNG TY CỔ PHẦN QUANG VINH,Đà Nẵng,Miền Trung,1,0.6,Thap,LogisticRegression
KH-00655,15,1,1,1,16713883.0,16713883.0,16713883.0,16713883.0,1,0.0,0,0.005565627254319798,Thấp,,,,1,0.6,Thap,LogisticRegression
KH-00678,4,1,1,1,16797398.0,16797398.0,16797398.0,16797398.0,2,0.0,0,0.005553175457109707,Thấp,,,,2,0.6,Thap,LogisticRegression
KH-00049,2,2,2,5,37276660.0,37276660.0,125206740.0,25041348.0,4,-12625749.20000001,0,0.0054887692331999725,Thấp,CÔNG TY CỔ PHẦN THUỶ TIÊN,Bắc Ninh,Miền Bắc,4,0.5,Thap,LogisticRegression
KH-00625,21,1,1,1,64901093.0,64901093.0,64901093.0,64901093.0,2,0.0,0,0.005433159590860633,Thấp,,,,2,0.5,Thap,LogisticRegression
KH-00617,22,1,1,1,10000000.0,10000000.0,10000000.0,10000000.0,0,0.0,0,0.005352075009382499,Thấp,CÔNG TY CỔ PHẦN ĐẠI LỢI,Hà Nội,Miền Bắc,0,0.5,Thap,LogisticRegression
KH-00499,32,1,1,1,96427756.0,96427756.0,96427756.0,96427756.0,2,0.0,0,0.005335624790937548,Thấp,CÔNG TY CỔ PHẦN THƯƠNG MẠI TÚ ANH,Hưng Yên,Miền Bắc,2,0.5,Thap,LogisticRegression
KH-00493,4,2,2,2,33390543.0,33390543.0,33390543.0,16695271.5,4,0.0,0,0.005328590282133855,Thấp,CÔNG TY CỔ PHẦN THƯƠNG MẠI QUANG VINH,TP Hải Phòng,Miền Bắc,4,0.5,Thap,LogisticRegression
KH-00575,28,1,1,1,57141645.0,57141645.0,57141645.0,57141645.0,1,0.0,0,0.005279147075912585,Thấp,CÔNG TY CỔ PHẦN THƯƠNG MẠI NAM TIẾN,Quảng Ninh,Miền Bắc,1,0.5,Thap,LogisticRegression
KH-00627,19,1,1,1,4527778.0,4527778.0,4527778.0,4527778.0,0,0.0,0,0.005214328086253784,Thấp,,,,0,0.5,Thap,LogisticRegression
KH-00498,16,2,2,2,40158694.0,40158694.0,40158694.0,20079347.0,3,0.0,0,0.005166458691869678,Thấp,CỬA HÀNG XE ĐẠP MINH PHƯƠNG,Hưng Yên,Miền Bắc,3,0.5,Thap,LogisticRegression
KH-00697,1,1,1,1,16371662.0,16371662.0,16371662.0,16371662.0,2,0.0,0,0.005146056523960758,Thấp,,,,2,0.5,Thap,LogisticRegression
KH-00376,15,2,2,2,38117024.0,38117024.0,38117024.0,19058512.0,3,0.0,0,0.005120359406917868,Thấp,CÔNG TY TNHH THƯƠNG MẠI AN PHÁT,Hà Nội,Miền Bắc,3,0.5,Thap,LogisticRegression
KH-00640,17,1,1,1,30611100.0,30611100.0,30611100.0,30611100.0,1,0.0,0,0.005115669270601382,Thấp,,,,1,0.5,Thap,LogisticRegression
KH-00560,29,1,1,1,63440545.0,63440545.0,63440545.0,63440545.0,1,0.0,0,0.005093953652451069,Thấp,CÔNG TY CỔ PHẦN THƯƠNG MẠI NGỌC ANH,Hải Phòng,Miền Bắc,1,0.5,Thap,LogisticRegression
KH-00675,6,1,1,1,2768519.0,2768519.0,2768519.0,2768519.0,1,0.0,0,0.005022201492690956,Thấp,,,,1,0.5,Thap,LogisticRegression
KH-00666,15,1,1,1,86289695.0,86289695.0,86289695.0,86289695.0,3,0.0,0,0.0050170322421807505,Thấp,,,,3,0.5,Thap,LogisticRegression
KH-00636,18,1,1,1,36113882.0,36113882.0,36113882.0,36113882.0,1,0.0,0,0.004975339916685273,Thấp,,,,1,0.5,Thap,LogisticRegression
KH-00579,28,1,1,1,34270830.0,34270830.0,34270830.0,34270830.0,0,0.0,0,0.004940171683547059,Thấp,CÔNG TY TNHH THƯƠNG MẠI XÂY DỰNG,Quảng Ninh,Miền Bắc,0,0.5,Thap,LogisticRegression
KH-00574,28,1,1,1,34270830.0,34270830.0,34270830.0,34270830.0,0,0.0,0,0.004940171683547059,Thấp,CỬA HÀNG XE ĐẠP LONG PHÚ,Quảng Ninh,Miền Bắc,0,0.5,Thap,LogisticRegression
KH-00672,15,1,1,1,28903880.0,28903880.0,28903880.0,28903880.0,1,0.0,0,0.004931575475810004,Thấp,,,,1,0.5,Thap,LogisticRegression
KH-00586,28,1,1,1,152828578.0,152828578.0,152828578.0,152828578.0,4,0.0,0,0.004924306547262515,Thấp,CÔNG TY CỔ PHẦN THƯƠNG MẠI MINH PHƯƠNG,Phú Thọ,Miền Bắc,4,0.5,Thap,LogisticRegression
KH-00434,18,2,2,2,53260355.0,53260355.0,53260355.0,26630177.5,3,0.0,0,0.00486149696821112,Thấp,HỘ KINH DOANH TRƯỜNG THỊNH,Hà Nội,Miền Bắc,3,0.5,Thap,LogisticRegression
KH-00361,25,2,2,2,8055557.0,8055557.0,8055557.0,4027778.5,1,0.0,0,0.004840675020918816,Thấp,CÔNG TY CỔ PHẦN THƯƠNG MẠI TÂY BẮC,Hà Nội,Miền Bắc,1,0.5,Thap,LogisticRegression
KH-00565,29,1,1,1,98196457.0,98196457.0,98196457.0,98196457.0,2,0.0,0,0.004837845467430537,Thấp,CÔNG TY CỔ PHẦN THƯƠNG MẠI KHẢI HOÀN,Hải Phòng,Miền Bắc,2,0.5,Thap,LogisticRegression
KH-00609,16,2,2,2,47958781.0,47958781.0,47958781.0,23979390.5,3,0.0,0,0.004826191245382644,Thấp,DOANH NGHIỆP TW NGỌC ANH,Hưng Yên,Miền Bắc,3,0.5,Thap,LogisticRegression
KH-00569,15,2,2,2,45522665.0,45522665.0,45522665.0,22761332.5,3,0.0,0,0.004799624509293554,Thấp,CÔNG TY TNHH VẠN LỢI,TP Huế,Miền Bắc,3,0.5,Thap,LogisticRegression
KH-00009,19,1,1,2,44444444.0,44444444.0,88888888.0,44444444.0,1,0.0,0,0.0047950359213593296,Thấp,CỬA HÀNG XE ĐẠP THIÊN AN,Hà Nội,Miền Bắc,1,0.5,Thap,LogisticRegression
KH-00620,21,1,1,1,19236110.0,19236110.0,19236110.0,19236110.0,0,0.0,0,0.00475419986381926,Thấp,CỬA HÀNG XE ĐẠP ĐẠI DƯƠNG,Hà Tĩnh,Miền Trung,0,0.5,Thap,LogisticRegression
KH-00356,31,2,2,2,96440808.0,96440808.0,96440808.0,48220404.0,3,0.0,0,0.004723470803091047,Thấp,CÔNG TY TNHH THƯƠNG MẠI QUANG VINH,Thanh Hóa,Miền Trung,3,0.5,Thap,LogisticRegression
KH-00475,23,2,2,2,72541467.0,72541467.0,72541467.0,36270733.5,3,0.0,0,0.004696952186485525,Thấp,CỬA HÀNG XE ĐẠP THIÊN AN,Hưng Yên,Miền Bắc,3,0.5,Thap,LogisticRegression
KH-00694,2,1,1,1,58284432.0,58284432.0,58284432.0,58284432.0,3,0.0,0,0.00467583127028218,Thấp,,,,3,0.5,Thap,LogisticRegression
KH-00501,21,2,2,2,36233323.0,36233323.0,36233323.0,18116661.5,2,0.0,0,0.0045589188687715,Thấp,CÔNG TY CỔ PHẦN VĨNH PHÁT,Thanh Hóa,Miền Trung,2,0.5,Thap,LogisticRegression
KH-00010,21,2,2,7,109468672.0,109468672.0,320339548.0,45762792.571428575,4,10794995.399999995,0,0.004553037210499535,Thấp,CỬA HÀNG XE ĐẠP QUANG VINH,Thái Nguyên,Miền Bắc,4,0.5,Thap,LogisticRegression
KH-00365,4,2,2,2,52021369.0,52021369.0,52021369.0,26010684.5,4,0.0,0,0.004528284399402414,Thấp,CÔNG TY CỔ PHẦN THƯƠNG MẠI TRÍ ĐỨC,Hà Nội,Miền Bắc,4,0.5,Thap,LogisticRegression
KH-00378,31,2,2,2,34553883.0,34553883.0,34553883.0,17276941.5,1,0.0,0,0.004510304437111412,Thấp,CỬA HÀNG XE ĐẠP VĨNH PHÁT,Hà Nội,Miền Bắc,1,0.5,Thap,LogisticRegression
KH-00046,16,1,1,3,78322761.0,78322761.0,292164832.0,97388277.33333333,2,-13677260.499999996,0,0.004480172620602665,Thấp,CÔNG TY CỔ PHẦN THƯƠNG MẠI MẶT TRỜI,Đồng Hới,Miền Bắc,2,0.4,Thap,LogisticRegression
KH-00395,19,2,2,2,67061276.0,67061276.0,67061276.0,33530638.0,3,0.0,0,0.004426308930976121,Thấp,HỘ KINH DOANH TÂY BẮC,Bắc Ninh,Miền Bắc,3,0.4,Thap,LogisticRegression
KH-00693,2,1,1,1,35016657.0,35016657.0,35016657.0,35016657.0,2,0.0,0,0.0043927069508937384,Thấp,,,,2,0.4,Thap,LogisticRegression
KH-00432,16,2,2,2,59849515.0,59849515.0,59849515.0,29924757.5,3,0.0,0,0.004349909732353372,Thấp,CÔNG TY TNHH THƯƠNG MẠI THUỶ TIÊN,Hà Nội,Miền Bắc,3,0.4,Thap,LogisticRegression
KH-00699,1,1,1,1,34066101.0,34066101.0,34066101.0,34066101.0,2,0.0,0,0.004317045491163931,Thấp,,,,2,0.4,Thap,LogisticRegression
KH-00681,4,1,1,1,44205546.0,44205546.0,44205546.0,44205546.0,2,0.0,0,0.004230489687939798,Thấp,,,,2,0.4,Thap,LogisticRegression
KH-00593,19,2,2,2,5185186.0,5185186.0,5185186.0,2592593.0,1,0.0,0,0.0042260960091457045,Thấp,CÔNG TY CỔ PHẦN NGỌC ANH,Hà Nội,Miền Bắc,1,0.4,Thap,LogisticRegression
KH-00701,1,1,1,1,36290551.0,36290551.0,36290551.0,36290551.0,2,0.0,0,0.004222715106656889,Thấp,,,,2,0.4,Thap,LogisticRegression
KH-00571,15,2,2,2,60770529.0,60770529.0,60770529.0,30385264.5,3,0.0,0,0.004200855257135934,Thấp,CỬA HÀNG XE ĐẠP THUỶ TIÊN,Tuyên Quang,Miền Bắc,3,0.4,Thap,LogisticRegression
KH-00425,23,2,2,2,121008860.0,121008860.0,121008860.0,60504430.0,4,0.0,0,0.004124128595750455,Thấp,CỬA HÀNG XE ĐẠP MINH PHƯƠNG,Thanh Hóa,Miền Trung,4,0.4,Thap,LogisticRegression
KH-00384,24,2,2,2,57944428.0,57944428.0,57944428.0,28972214.0,2,0.0,0,0.0040868196496497335,Thấp,CỬA HÀNG XE ĐẠP PHÚC AN,TP Hải Phòng,Miền Bắc,2,0.4,Thap,LogisticRegression
KH-00529,31,1,1,1,120795166.0,120795166.0,120795166.0,120795166.0,2,0.0,0,0.004078323174650943,Thấp,CÔNG TY CỔ PHẦN THƯƠNG MẠI THIÊN AN,Nghệ An,Miền Trung,2,0.4,Thap,LogisticRegression
KH-00668,15,1,1,1,49396660.0,49396660.0,49396660.0,49396660.0,1,0.0,0,0.004023556789561332,Thấp,,,,1,0.4,Thap,LogisticRegression
KH-00634,16,2,2,2,35434991.0,35434991.0,35434991.0,17717495.5,2,0.0,0,0.004014776453581734,Thấp,,,,2,0.4,Thap,LogisticRegression
KH-00673,15,2,2,2,32380548.0,32380548.0,32380548.0,16190274.0,2,0.0,0,0.004014301785723943,Thấp,,,,2,0.4,Thap,LogisticRegression
KH-00562,24,2,2,2,93588502.0,93588502.0,93588502.0,46794251.0,3,0.0,0,0.004013940160050147,Thấp,CÔNG TY CỔ PHẦN THƯƠNG MẠI NAM TIẾN,Hà Nội,Miền Bắc,3,0.4,Thap,LogisticRegression
KH-00665,15,1,1,1,79700538.0,79700538.0,79700538.0,79700538.0,2,0.0,0,0.003993869311274251,Thấp,,,,2,0.4,Thap,LogisticRegression
KH-00628,19,1,1,1,61323876.0,61323876.0,61323876.0,61323876.0,1,0.0,0,0.003978760982876909,Thấp,,,,1,0.4,Thap,LogisticRegression
KH-00691,2,1,1,1,15916666.0,15916666.0,15916666.0,15916666.0,1,0.0,0,0.0039592863651558095,Thấp,,,,1,0.4,Thap,LogisticRegression
KH-00438,23,2,2,2,59563322.0,59563322.0,59563322.0,29781661.0,2,0.0,0,0.003922734306505653,Thấp,CỬA HÀNG XE ĐẠP ĐẠI LỢI,Hưng Yên,Miền Bắc,2,0.4,Thap,LogisticRegression
KH-00442,31,2,2,2,50945544.0,50945544.0,50945544.0,25472772.0,1,0.0,0,0.0039082028076877695,Thấp,CÔNG TY TNHH HOÀ BÌNH,Phú Thọ,Miền Bắc,1,0.4,Thap,LogisticRegression
KH-00435,15,3,3,3,47539618.0,47539618.0,47539618.0,15846539.333333334,4,0.0,0,0.0038959001689806605,Thấp,DOANH NGHIỆP TW NGỌC ANH,Hà Nội,Miền Bắc,4,0.4,Thap,LogisticRegression
KH-00645,17,2,2,2,11398330.0,11398330.0,11398330.0,5699165.0,1,0.0,0,0.0037935734239042183,Thấp,,,,1,0.4,Thap,LogisticRegression
KH-00659,15,1,1,1,56105545.0,56105545.0,56105545.0,56105545.0,1,0.0,0,0.003764101843796605,Thấp,,,,1,0.4,Thap,LogisticRegression
KH-00570,24,3,3,3,45885445.0,45885445.0,45885445.0,15295148.333333334,3,0.0,0,0.0037490015032476424,Thấp,HỘ KINH DOANH TOÀN THẮNG,Hải Phòng,Miền Bắc,3,0.4,Thap,LogisticRegression
KH-00427,35,1,1,1,110648148.0,110648148.0,110648148.0,110648148.0,1,0.0,0,0.0037439088182212713,Thấp,CÔNG TY CỔ PHẦN THƯƠNG MẠI TÚ ANH,Hà Nội,Miền Bắc,1,0.4,Thap,LogisticRegression
KH-00686,3,1,1,1,26074995.0,26074995.0,26074995.0,26074995.0,1,0.0,0,0.003676479215039742,Thấp,,,,1,0.4,Thap,LogisticRegression
KH-00676,5,1,1,1,2500000.0,2500000.0,2500000.0,2500000.0,0,0.0,0,0.0036552294345261476,Thấp,,,,0,0.4,Thap,LogisticRegression
KH-00363,31,3,3,3,109147287.0,109147287.0,109147287.0,36382429.0,4,0.0,0,0.003578343515816672,Thấp,HỘ KINH DOANH ĐẠI LỢI,Hải Phòng,Miền Bắc,4,0.4,Thap,LogisticRegression
KH-00551,24,2,2,2,106954977.0,106954977.0,106954977.0,53477488.5,3,0.0,0,0.0035711307944613305,Thấp,CÔNG TY CỔ PHẦN THƯƠNG MẠI SÁN LẠP,Phú Thọ,Miền Bắc,3,0.4,Thap,LogisticRegression
KH-00481,23,2,2,2,70334427.0,70334427.0,70334427.0,35167213.5,2,0.0,0,0.003570088633365494,Thấp,CÔNG TY CỔ PHẦN HOÀ BÌNH,Hà Nội,Miền Bắc,2,0.4,Thap,LogisticRegression
KH-00022,31,5,5,17,47703881.0,47703881.0,187130528.0,11007678.11764706,5,6921828.999999994,0,0.0035691839222592855,Thấp,CÔNG TY CỔ PHẦN VIỆT ANH,Hà Nội,Miền Bắc,5,0.4,Thap,LogisticRegression
KH-00608,23,2,2,2,70911654.0,70911654.0,70911654.0,35455827.0,2,0.0,0,0.0035521084928047406,Thấp,CÔNG TY TNHH THƯƠNG MẠI TÚ ANH,Quảng Trị,Miền Trung,2,0.4,Thap,LogisticRegression
KH-00536,31,1,1,1,135639972.0,135639972.0,135639972.0,135639972.0,2,0.0,0,0.003519005809971374,Thấp,CỬA HÀNG XE ĐẠP LONG PHÚ,Hà Nội,Miền Bắc,2,0.4,Thap,LogisticRegression
KH-00700,1,1,1,1,26606659.0,26606659.0,26606659.0,26606659.0,1,0.0,0,0.003465997235982347,Thấp,,,,1,0.3,Thap,LogisticRegression
KH-00685,3,1,1,1,2500000.0,2500000.0,2500000.0,2500000.0,0,0.0,0,0.0034642190126524556,Thấp,,,,0,0.3,Thap,LogisticRegression
KH-00588,16,2,2,2,53298878.0,53298878.0,53298878.0,26649439.0,2,0.0,0,0.0034340803254793856,Thấp,CÔNG TY CỔ PHẦN TÂY BẮC,Hà Nội,Miền Bắc,2,0.3,Thap,LogisticRegression
KH-00393,31,2,2,2,101101636.0,101101636.0,101101636.0,50550818.0,2,0.0,0,0.003380921864096398,Thấp,CÔNG TY TNHH THƯƠNG MẠI SƠN HÀ,Thanh Hóa,Miền Trung,2,0.3,Thap,LogisticRegression
KH-00543,4,2,2,2,52429986.0,52429986.0,52429986.0,26214993.0,3,0.0,0,0.0033638833796431995,Thấp,CÔNG TY CỔ PHẦN SƠN HÀ,Hà Nội,Miền Bắc,3,0.3,Thap,LogisticRegression
KH-00677,5,1,1,1,40740740.0,40740740.0,40740740.0,40740740.0,1,0.0,0,0.00335301748578332,Thấp,,,,1,0.3,Thap,LogisticRegression
KH-00687,3,1,1,1,95224982.0,95224982.0,95224982.0,95224982.0,3,0.0,0,0.0033275306185116395,Thấp,,,,3,0.3,Thap,LogisticRegression
KH-00004,4,3,3,10,78361833.0,78361833.0,273740352.0,27374035.2,5,6442255.399999999,0,0.0032956054714712467,Thấp,DOANH NGHIỆP TW KHẢI HOÀN,,,5,0.3,Thap,LogisticRegression
KH-00492,24,2,2,2,83486647.0,83486647.0,83486647.0,41743323.5,2,0.0,0,0.0032686264551893903,Thấp,HỘ KINH DOANH ĐÔNG NAM,Thanh Hóa,Miền Trung,2,0.3,Thap,LogisticRegression
KH-00695,1,1,1,1,3518519.0,3518519.0,3518519.0,3518519.0,0,0.0,0,0.003250079830558939,Thấp,,,,0,0.3,Thap,LogisticRegression
KH-00683,4,1,1,1,41769992.0,41769992.0,41769992.0,41769992.0,1,0.0,0,0.0032309791191007247,Thấp,,,,1,0.3,Thap,LogisticRegression
KH-00680,4,1,1,1,72031096.0,72031096.0,72031096.0,72031096.0,2,0.0,0,0.0032084849885823446,Thấp,,,,2,0.3,Thap,LogisticRegression
KH-00518,4,2,2,2,58840357.0,58840357.0,58840357.0,29420178.5,3,0.0,0,0.003180402314900619,Thấp,CÔNG TY TNHH THƯƠNG MẠI VĨNH PHÁT,Hưng Yên,Miền Bắc,3,0.3,Thap,LogisticRegression
KH-00630,2,2,2,2,53407207.0,53407207.0,53407207.0,26703603.5,3,0.0,0,0.0031609037750646757,Thấp,,,,3,0.3,Thap,LogisticRegression
KH-00389,2,2,2,2,56069708.0,56069708.0,56069708.0,28034854.0,3,0.0,0,0.0030881081683226826,Thấp,CÔNG TY CỔ PHẦN TRƯỜNG THỊNH,Thanh Hoá,Miền Trung,3,0.3,Thap,LogisticRegression
KH-00360,35,2,2,2,191129200.0,191129200.0,191129200.0,95564600.0,4,0.0,0,0.003081881268971201,Thấp,CÔNG TY TNHH THƯƠNG MẠI LONG PHÚ,Thanh Hóa,Miền Trung,4,0.3,Thap,LogisticRegression
KH-00467,15,2,2,2,63071655.0,63071655.0,63071655.0,31535827.5,2,0.0,0,0.003069132052754465,Thấp,DOANH NGHIỆP TW TÂY BẮC,Quảng Trị,Miền Trung,2,0.3,Thap,LogisticRegression
KH-00639,15,2,2,2,63937482.0,63937482.0,63937482.0,31968741.0,2,0.0,0,0.003045964234206334,Thấp,,,,2,0.3,Thap,LogisticRegression
KH-00641,17,1,1,1,84074072.0,84074072.0,84074072.0,84074072.0,1,0.0,0,0.0030076553075778995,Thấp,,,,1,0.3,Thap,LogisticRegression
KH-00369,16,3,3,3,81778027.0,81778027.0,81778027.0,27259342.333333332,4,0.0,0,0.0030066998249240967,Thấp,CÔNG TY TNHH VẠN LỢI,Hà Nội,Miền Bắc,4,0.3,Thap,LogisticRegression
KH-00339,16,2,2,2,70037390.0,70037390.0,70037390.0,35018695.0,2,0.0,0,0.0029662012217023643,Thấp,CỬA HÀNG XE ĐẠP ĐẠI LỢI,Hà Nội,Miền Bắc,2,0.3,Thap,LogisticRegression
KH-00689,2,2,2,2,27132399.0,27132399.0,27132399.0,13566199.5,2,0.0,0,0.0029649932447275173,Thấp,,,,2,0.3,Thap,LogisticRegression
KH-00407,18,3,3,3,90396643.0,90396643.0,90396643.0,30132214.333333332,4,0.0,0,0.0029521690934669774,Thấp,DOANH NGHIỆP TW LONG PHÚ,Đà Nẵng,Miền Trung,4,0.3,Thap,LogisticRegression
KH-00078,28,5,5,17,75514516.0,75514516.0,301886045.0,17758002.647058822,5,-11641444.499999981,0,0.002935016931905622,Thấp,HỘ KINH DOANH VĨNH PHÁT,Hà Nội,Miền Bắc,5,0.3,Thap,LogisticRegression
KH-00452,19,2,2,2,81243320.0,81243320.0,81243320.0,40621660.0,2,0.0,0,0.002914677685381938,Thấp,CÔNG TY CỔ PHẦN THƯƠNG MẠI BÌNH MINH,Thanh Hóa,Miền Trung,2,0.3,Thap,LogisticRegression
KH-00510,16,2,2,2,38976104.0,38976104.0,38976104.0,19488052.0,1,0.0,0,0.0029013748523896497,Thấp,CỬA HÀNG XE ĐẠP NGỌC ANH,Bắc Ninh,Miền Bắc,1,0.3,Thap,LogisticRegression
KH-00662,2,2,2,2,63328316.0,63328316.0,63328316.0,31664158.0,3,0.0,0,0.0028980286718814415,Thấp,,,,3,0.3,Thap,LogisticRegression
KH-00509,16,2,2,2,74128591.0,74128591.0,74128591.0,37064295.5,2,0.0,0,0.0028618628228386806,Thấp,CÔNG TY TNHH THƯƠNG MẠI BÌNH MINH,Bắc Ninh,Miền Bắc,2,0.3,Thap,LogisticRegression
KH-00547,15,2,2,2,38227772.0,38227772.0,38227772.0,19113886.0,1,0.0,0,0.002843059159327501,Thấp,DOANH NGHIỆP TW THANH BÌNH,Quảng Ngãi,Miền Trung,1,0.3,Thap,LogisticRegression
KH-00578,2,2,2,2,32402772.0,32402772.0,32402772.0,16201386.0,2,0.0,0,0.0028313217616258816,Thấp,DOANH NGHIỆP TW NGỌC ANH,Hà Nội,Miền Bắc,2,0.3,Thap,LogisticRegression
KH-00702,0,1,1,1,74234242.0,74234242.0,74234242.0,74234242.0,2,0.0,0,0.0028192964196106745,Thấp,,,,2,0.3,Thap,LogisticRegression
KH-00688,2,1,1,1,50163875.0,50163875.0,50163875.0,50163875.0,1,0.0,0,0.0028168320626305223,Thấp,,,,1,0.3,Thap,LogisticRegression
KH-00340,33,3,3,3,74108412.0,74108412.0,74108412.0,24702804.0,2,0.0,0,0.0028108539272506524,Thấp,CÔNG TY TNHH THANH BÌNH,Hà Nội,Miền Bắc,2,0.3,Thap,LogisticRegression
KH-00436,18,2,2,2,82538029.0,82538029.0,82538029.0,41269014.5,2,0.0,0,0.002805471694505788,Thấp,CÔNG TY TNHH XÂY DỰNG,Hưng Yên,Miền Bắc,2,0.3,Thap,LogisticRegression
KH-00485,16,2,2,2,77854057.0,77854057.0,77854057.0,38927028.5,2,0.0,0,0.00277003900932968,Thấp,CÔNG TY CỔ PHẦN SÁN LẠP,Hà Nội,Miền Bắc,2,0.3,Thap,LogisticRegression
KH-00219,22,3,3,5,166440519.0,166440519.0,239920519.0,47984103.8,5,-18748893.499999993,0,0.0027643251224729964,Thấp,CÔNG TY CỔ PHẦN THƯƠNG MẠI PHÚ THỊNH,Ninh Bình,Miền Bắc,5,0.3,Thap,LogisticRegression
KH-00417,15,2,2,2,75765540.0,75765540.0,75765540.0,37882770.0,2,0.0,0,0.002746389585980037,Thấp,CÔNG TY CỔ PHẦN THƯƠNG MẠI VIỆT ANH,Quảng Ninh,Miền Bắc,2,0.3,Thap,LogisticRegression
KH-00667,15,2,2,2,43433323.0,43433323.0,43433323.0,21716661.5,1,0.0,0,0.002716410974827448,Thấp,,,,1,0.3,Thap,LogisticRegression
KH-00646,17,2,2,2,154201803.0,154201803.0,154201803.0,77100901.5,4,0.0,0,0.002625808829556712,Thấp,,,,4,0.3,Thap,LogisticRegression
KH-00410,35,2,2,2,142988859.0,142988859.0,142988859.0,71494429.5,2,0.0,0,0.00260895262838267,Thấp,CỬA HÀNG XE ĐẠP NAM TIẾN,Nghệ An,Miền Trung,2,0.3,Thap,LogisticRegression
KH-00457,15,2,2,2,81697936.0,81697936.0,81697936.0,40848968.0,2,0.0,0,0.0026073905150375,Thấp,CÔNG TY TNHH THƯƠNG MẠI VIỆT ANH,Thanh Hóa,Miền Trung,2,0.3,Thap,LogisticRegression
KH-00437,1,2,2,2,39942769.0,39942769.0,39942769.0,19971384.5,2,0.0,0,0.002580221025505583,Thấp,DOANH NGHIỆP TW HÙNG CƯỜNG,Hưng Yên,Miền Bắc,2,0.3,Thap,LogisticRegression
KH-00631,1,2,2,2,74037193.0,74037193.0,74037193.0,37018596.5,3,0.0,0,0.0025687592753637486,Thấp,,,,3,0.3,Thap,LogisticRegression
KH-00358,2,2,2,2,45427487.0,45427487.0,45427487.0,22713743.5,2,0.0,0,0.002526194821487997,Thấp,CÔNG TY TNHH SƠN HÀ,Thanh Hóa,Miền Trung,2,0.3,Thap,LogisticRegression
KH-00396,15,2,2,2,119042822.0,119042822.0,119042822.0,59521411.0,3,0.0,0,0.002522971388342633,Thấp,CÔNG TY CỔ PHẦN VIỆT ANH,Bắc Ninh,Miền Bắc,3,0.3,Thap,LogisticRegression
KH-00698,1,1,1,1,118223676.0,118223676.0,118223676.0,118223676.0,3,0.0,0,0.0025087605959138934,Thấp,,,,3,0.3,Thap,LogisticRegression
KH-00690,2,1,1,1,92160534.0,92160534.0,92160534.0,92160534.0,2,0.0,0,0.0024889896930453408,Thấp,,,,2,0.2,Thap,LogisticRegression
KH-00512,2,2,2,2,47577767.0,47577767.0,47577767.0,23788883.5,2,0.0,0,0.002479074942715048,Thấp,CÔNG TY TNHH ĐẠI DƯƠNG,Phú Thọ,Miền Bắc,2,0.2,Thap,LogisticRegression
KH-00514,1,2,2,2,78236554.0,78236554.0,78236554.0,39118277.0,3,0.0,0,0.002476020265713813,Thấp,CỬA HÀNG XE ĐẠP HÙNG CƯỜNG,Hà Nội,Miền Bắc,3,0.2,Thap,LogisticRegression
KH-00420,19,3,3,3,116915536.0,116915536.0,116915536.0,38971845.333333336,4,0.0,0,0.0024297220353600496,Thấp,CÔNG TY CỔ PHẦN QUANG VINH,Đà Nẵng,Miền Trung,4,0.2,Thap,LogisticRegression
KH-00392,4,2,2,2,56393317.0,56393317.0,56393317.0,28196658.5,2,0.0,0,0.002421580711364537,Thấp,HỘ KINH DOANH SƠN HÀ,Hà Tĩnh,Miền Trung,2,0.2,Thap,LogisticRegression
KH-00390,15,2,2,2,123865987.0,123865987.0,123865987.0,61932993.5,3,0.0,0,0.002418633024628973,Thấp,HỘ KINH DOANH ĐẠI LỢI,Hà Nội,Miền Bắc,3,0.2,Thap,LogisticRegression
KH-00521,16,2,2,2,94796087.0,94796087.0,94796087.0,47398043.5,2,0.0,0,0.0023881554079091686,Thấp,CỬA HÀNG XE ĐẠP KHẢI HOÀN,Ninh Bình,Miền Bắc,2,0.2,Thap,LogisticRegression
KH-00679,4,2,2,2,25507860.0,25507860.0,25507860.0,12753930.0,1,0.0,0,0.0023649842640232643,Thấp,,,,1,0.2,Thap,LogisticRegression
KH-00644,16,3,3,3,40240820.0,40240820.0,40240820.0,13413606.666666666,2,0.0,0,0.002362918092947443,Thấp,,,,2,0.2,Thap,LogisticRegression
KH-00496,15,2,2,2,61434986.0,61434986.0,61434986.0,30717493.0,1,0.0,0,0.0023202706258521415,Thấp,CÔNG TY CỔ PHẦN TOÀN THẮNG,Hà Nội,Miền Bắc,1,0.2,Thap,LogisticRegression
KH-00527,1,2,2,2,52840355.0,52840355.0,52840355.0,26420177.5,2,0.0,0,0.0023046569343399717,Thấp,CÔNG TY CỔ PHẦN THƯƠNG MẠI HOÀ BÌNH,Hà Nội,Miền Bắc,2,0.2,Thap,LogisticRegression
KH-00348,2,3,3,3,69311102.0,69311102.0,69311102.0,23103700.666666668,4,0.0,0,0.0022909937153216824,Thấp,CÔNG TY TNHH THƯƠNG MẠI YÊN BÌNH,Thanh Hóa,Miền Trung,4,0.2,Thap,LogisticRegression
KH-00355,23,3,3,3,67620537.0,67620537.0,67620537.0,22540179.0,2,0.0,0,0.002268415357179187,Thấp,DOANH NGHIỆP TW PHÚC AN,Thanh Hóa,Miền Trung,2,0.2,Thap,LogisticRegression
KH-00346,15,3,3,3,77197938.0,77197938.0,77197938.0,25732646.0,3,0.0,0,0.002266425763126185,Thấp,DOANH NGHIỆP TW TRƯỜNG THỊNH,Phú Thọ,Miền Bắc,3,0.2,Thap,LogisticRegression
KH-00440,2,3,3,3,37106379.0,37106379.0,37106379.0,12368793.0,3,0.0,0,0.0022346332463105997,Thấp,CÔNG TY TNHH THƯƠNG MẠI ĐÔNG NAM,Hà Nội,Miền Bắc,3,0.2,Thap,LogisticRegression
KH-00469,1,2,2,2,125293492.0,125293492.0,125293492.0,62646746.0,4,0.0,0,0.002200480502069945,Thấp,CỬA HÀNG XE ĐẠP HOÀ BÌNH,Nghệ An,Miền Trung,4,0.2,Thap,LogisticRegression
KH-00461,22,2,2,2,90740740.0,90740740.0,90740740.0,45370370.0,1,0.0,0,0.0021664797490372548,Thấp,CÔNG TY TNHH THUỶ TIÊN,Hải Dương,Miền Bắc,1,0.2,Thap,LogisticRegression
KH-00419,24,3,3,3,146841073.0,146841073.0,146841073.0,48947024.333333336,4,0.0,0,0.0021639522354779134,Thấp,DOANH NGHIỆP TW ĐẠI DƯƠNG,Hà Nội,Miền Bắc,4,0.2,Thap,LogisticRegression
KH-00486,16,2,2,2,106184231.0,106184231.0,106184231.0,53092115.5,2,0.0,0,0.002161450286650769,Thấp,CÔNG TY TNHH VẠN LỢI,Bắc Ninh,Miền Bắc,2,0.2,Thap,LogisticRegression
KH-00172,0,1,1,3,84722222.0,84722222.0,352444443.0,117481481.0,1,-27111110.99999999,0,0.002139156091187288,Thấp,CỬA HÀNG XE ĐẠP XÂY DỰNG,Đường Trang Quan - Xã An Đồng - Huyện An Dương - Hải Phòng.,Miền Bắc,1,0.2,Thap,LogisticRegression
KH-00371,19,3,3,3,63901840.0,63901840.0,63901840.0,21300613.333333332,2,0.0,0,0.0021015672751244423,Thấp,CÔNG TY TNHH THƯƠNG MẠI LONG PHÚ,Bắc Ninh,Miền Bắc,2,0.2,Thap,LogisticRegression
KH-00663,2,2,2,2,33862215.0,33862215.0,33862215.0,16931107.5,1,0.0,0,0.002083091581412956,Thấp,,,,1,0.2,Thap,LogisticRegression
KH-00513,18,3,3,3,98181923.0,98181923.0,98181923.0,32727307.666666668,3,0.0,0,0.002061360622192398,Thấp,CÔNG TY CỔ PHẦN THƯƠNG MẠI ĐÔNG NAM,Hà Nội,Miền Bắc,3,0.2,Thap,LogisticRegression
KH-00594,24,2,2,2,171441583.0,171441583.0,171441583.0,85720791.5,3,0.0,0,0.0020306204572264285,Thấp,DOANH NGHIỆP TW LONG PHÚ,Nghệ An,Miền Trung,3,0.2,Thap,LogisticRegression
KH-00502,2,3,3,3,48760915.0,48760915.0,48760915.0,16253638.333333334,3,0.0,0,0.002027136507010304,Thấp,CỬA HÀNG XE ĐẠP BÌNH MINH,Hà Nội,Miền Bắc,3,0.2,Thap,LogisticRegression
KH-00568,4,2,2,2,113385524.0,113385524.0,113385524.0,56692762.0,3,0.0,0,0.0019726980547141253,Thấp,DOANH NGHIỆP TW NGỌC ANH,TP Hải Phòng,Miền Bắc,3,0.2,Thap,LogisticRegression
KH-00626,21,1,1,1,167804584.0,167804584.0,167804584.0,167804584.0,2,0.0,0,0.0019534697174208603,Thấp,,,,2,0.2,Thap,LogisticRegression
KH-00018,16,3,3,6,144333378.0,144333378.0,270234859.0,45039143.166666664,4,-1243964.3000000152,0,0.001915104759506056,Thấp,CÔNG TY TNHH THƯƠNG MẠI PHÚ THỊNH,Hà Nội,Miền Bắc,4,0.2,Thap,LogisticRegression
KH-00424,2,2,2,2,77487765.0,77487765.0,77487765.0,38743882.5,2,0.0,0,0.001907698999047445,Thấp,CÔNG TY TNHH TRÍ ĐỨC,Hà Nội,Miền Bắc,2,0.2,Thap,LogisticRegression
KH-00607,16,3,3,3,69146654.0,69146654.0,69146654.0,23048884.666666668,2,0.0,0,0.0018555575242534413,Thấp,CÔNG TY TNHH TÚ ANH,Nghệ An,Miền Trung,2,0.2,Thap,LogisticRegression
KH-00027,24,4,4,10,153786253.0,153786253.0,222053507.0,22205350.7,5,13173129.3,0,0.0018368493185824868,Thấp,HỘ KINH DOANH ĐẠI DƯƠNG,Hà Nội,Miền Bắc,5,0.2,Thap,LogisticRegression
KH-00428,4,2,2,2,155356897.0,155356897.0,155356897.0,77678448.5,4,0.0,0,0.0018329598268173198,Thấp,CỬA HÀNG XE ĐẠP NAM TIẾN,Quảng Ninh,Miền Bắc,4,0.2,Thap,LogisticRegression
KH-00466,4,2,2,2,124908761.0,124908761.0,124908761.0,62454380.5,3,0.0,0,0.0017832490693343943,Thấp,HỘ KINH DOANH HÙNG CƯỜNG,Quảng Ninh,Miền Bắc,3,0.2,Thap,LogisticRegression
KH-00564,23,3,3,3,132364973.0,132364973.0,132364973.0,44121657.666666664,3,0.0,0,0.0017715824768586262,Thấp,CỬA HÀNG XE ĐẠP SÁN LẠP,Thái Bình,Miền Bắc,3,0.2,Thap,LogisticRegression
KH-00408,22,3,3,3,129384237.0,129384237.0,129384237.0,43128079.0,3,0.0,0,0.001768130002277379,Thấp,CÔNG TY CỔ PHẦN MINH PHƯƠNG,Thanh Hóa,Miền Trung,3,0.2,Thap,LogisticRegression
KH-00696,1,2,2,2,118360054.0,118360054.0,118360054.0,59180027.0,3,0.0,0,0.0017422369775267157,Thấp,,,,3,0.2,Thap,LogisticRegression
KH-00181,19,2,2,3,185699122.0,185699122.0,331016209.0,110338736.33333333,3,-21316886.999999996,0,0.0017404483029819966,Thấp,CÔNG TY TNHH LONG PHÚ,Thừa Thiên Huế,Miền Trung,3,0.2,Thap,LogisticRegression
KH-00334,53,2,2,2,244805554.0,244805554.0,244805554.0,122402777.0,2,0.0,0,0.0017346626318040484,Thấp,HỘ KINH DOANH YÊN BÌNH,Hà Nội,Miền Bắc,2,0.2,Thap,LogisticRegression
KH-00503,2,2,2,2,89774988.0,89774988.0,89774988.0,44887494.0,2,0.0,0,0.0017129745898936983,Thấp,DOANH NGHIỆP TW PHÚ THỊNH,Hà Nội,Miền Bắc,2,0.2,Thap,LogisticRegression
KH-00477,2,2,2,2,126257935.0,126257935.0,126257935.0,63128967.5,3,0.0,0,0.0016700333109093246,Thấp,CỬA HÀNG XE ĐẠP ĐẠI LỢI,Hà Nội,Miền Bắc,3,0.2,Thap,LogisticRegression
KH-00079,17,4,4,6,130356634.0,130356634.0,212673064.0,35445510.666666664,5,9275618.599999992,0,0.001670000211212934,Thấp,CÔNG TY TNHH ĐÔNG NAM,Bắc Giang,Miền Bắc,5,0.2,Thap,LogisticRegression
KH-00381,2,3,3,3,72067203.0,72067203.0,72067203.0,24022401.0,3,0.0,0,0.0016681004777354144,Thấp,DOANH NGHIỆP TW TÚ ANH,Ninh Bình,Miền Bắc,3,0.2,Thap,LogisticRegression
KH-00545,4,3,3,3,79392764.0,79392764.0,79392764.0,26464254.666666668,3,0.0,0,0.0016556203945150816,Thấp,CÔNG TY CỔ PHẦN AN PHÁT,Phú Thọ,Miền Bắc,3,0.2,Thap,LogisticRegression
KH-00484,2,2,2,2,128189783.0,128189783.0,128189783.0,64094891.5,3,0.0,0,0.00164199706800024,Thấp,CÔNG TY CỔ PHẦN THƯƠNG MẠI HOÀ BÌNH,Bắc Ninh,Miền Bắc,3,0.2,Thap,LogisticRegression
KH-00444,1,2,2,2,125997747.0,125997747.0,125997747.0,62998873.5,3,0.0,0,0.0016294403004487147,Thấp,CÔNG TY TNHH THƯƠNG MẠI SÁN LẠP,Hà Nội,Miền Bắc,3,0.2,Thap,LogisticRegression
KH-00497,18,3,3,3,105593859.0,105593859.0,105593859.0,35197953.0,2,0.0,0,0.0014434654111029652,Thấp,CÔNG TY TNHH THƯƠNG MẠI QUANG VINH,Hưng Yên,Miền Bắc,2,0.1,Thap,LogisticRegression
KH-00403,2,2,2,2,112403036.0,112403036.0,112403036.0,56201518.0,2,0.0,0,0.0014048115901757385,Thấp,CÔNG TY CỔ PHẦN THƯƠNG MẠI LONG PHÚ,Thanh Hóa,Miền Trung,2,0.1,Thap,LogisticRegression
KH-00483,1,2,2,2,113284416.0,113284416.0,113284416.0,56642208.0,2,0.0,0,0.0013570080782934035,Thấp,HỘ KINH DOANH VẠN LỢI,Bắc Ninh,Miền Bắc,2,0.1,Thap,LogisticRegression
KH-00447,2,3,3,3,100676644.0,100676644.0,100676644.0,33558881.333333336,3,0.0,0,0.001312986465195491,Thấp,CÔNG TY TNHH THƯƠNG MẠI KHẢI HOÀN,Hà Nội,Miền Bắc,3,0.1,Thap,LogisticRegression
KH-00656,15,3,3,3,152467729.0,152467729.0,152467729.0,50822576.333333336,3,0.0,0,0.001207474351041419,Thấp,,,,3,0.1,Thap,LogisticRegression
KH-00476,4,3,3,3,118397370.0,118397370.0,118397370.0,39465790.0,3,0.0,0,0.0011945778173897152,Thấp,CÔNG TY CỔ PHẦN THƯƠNG MẠI MẶT TRỜI,Hưng Yên,Miền Bắc,3,0.1,Thap,LogisticRegression
KH-00671,3,3,3,3,120261816.0,120261816.0,120261816.0,40087272.0,3,0.0,0,0.0011448659308728917,Thấp,,,,3,0.1,Thap,LogisticRegression
KH-00357,2,3,3,3,117056538.0,117056538.0,117056538.0,39018846.0,3,0.0,0,0.001144782927210257,Thấp,CÔNG TY TNHH THƯƠNG MẠI THANH BÌNH,Sầm Sơn,Miền Bắc,3,0.1,Thap,LogisticRegression
KH-00023,21,2,2,6,230648146.0,230648146.0,792315737.0,132052622.83333333,2,-43016759.30000008,0,0.0011147675601185382,Thấp,CÔNG TY TNHH THANH BÌNH,Hà Nội,Miền Bắc,2,0.1,Thap,LogisticRegression
KH-00377,16,3,3,3,202712911.0,202712911.0,202712911.0,67570970.33333333,4,0.0,0,0.0010934841694603481,Thấp,DOANH NGHIỆP TW PHÚ THỊNH,Hà Nội,Miền Bắc,4,0.1,Thap,LogisticRegression
KH-00343,15,2,2,2,157208843.0,157208843.0,157208843.0,78604421.5,1,0.0,0,0.001002270537456191,Thấp,CÔNG TY CỔ PHẦN THƯƠNG MẠI THUỶ TIÊN,Thanh Hóa,Miền Trung,1,0.1,Thap,LogisticRegression
KH-00133,1,3,3,7,137844678.0,137844678.0,193706159.0,27672308.42857143,3,8871240.499999996,0,0.001000911583066955,Thấp,DOANH NGHIỆP TW YÊN BÌNH,Thanh Hoá,Miền Trung,3,0.1,Thap,LogisticRegression
KH-00505,1,3,3,3,130865894.0,130865894.0,130865894.0,43621964.666666664,3,0.0,0,0.000992744543051316,Thấp,CÔNG TY CỔ PHẦN TÚ ANH,Nghệ An,Miền Trung,3,0.1,Thap,LogisticRegression
KH-00397,4,4,4,4,87726720.0,87726720.0,87726720.0,21931680.0,3,0.0,0,0.0009483217056146861,Thấp,CÔNG TY CỔ PHẦN THUỶ TIÊN,Lào Cai,Miền Bắc,3,0.1,Thap,LogisticRegression
KH-00347,2,3,3,3,107256459.0,107256459.0,107256459.0,35752153.0,2,0.0,0,0.0009256366247151024,Thấp,CÔNG TY TNHH THƯƠNG MẠI VẠN LỢI,Vĩnh Phúc,Miền Bắc,2,0.1,Thap,LogisticRegression
KH-00487,15,3,3,3,188365334.0,188365334.0,188365334.0,62788444.666666664,3,0.0,0,0.000894075982231028,Thấp,DOANH NGHIỆP TW TRƯỜNG THỊNH,Bắc Ninh,Miền Bắc,3,0.1,Thap,LogisticRegression
KH-00495,1,3,3,3,113821086.0,113821086.0,113821086.0,37940362.0,2,0.0,0,0.0008528755742515217,Thấp,CÔNG TY CỔ PHẦN THƯƠNG MẠI HOÀ BÌNH,Hà Nội,Miền Bắc,2,0.1,Thap,LogisticRegression
KH-00441,1,3,3,3,121261822.0,121261822.0,121261822.0,40420607.333333336,2,0.0,0,0.0008013633887565756,Thấp,CỬA HÀNG XE ĐẠP NGỌC ANH,Hà Tĩnh,Miền Trung,2,0.1,Thap,LogisticRegression
KH-00624,3,2,2,2,187646074.0,187646074.0,187646074.0,93823037.0,2,0.0,0,0.0007460109141837199,Thấp,,,,2,0.1,Thap,LogisticRegression
KH-00557,1,4,4,4,146904319.0,146904319.0,146904319.0,36726079.75,4,0.0,0,0.0007240513759270202,Thấp,CÔNG TY TNHH THƯƠNG MẠI MINH PHƯƠNG,Hà Nội,Miền Bắc,4,0.1,Thap,LogisticRegression
KH-00088,2,3,3,7,203398015.0,203398015.0,329280658.0,47040094.0,4,26315723.599999994,0,0.0007223473113829969,Thấp,CỬA HÀNG XE ĐẠP SÁN LẠP,Nghệ An,Miền Trung,4,0.1,Thap,LogisticRegression
KH-00350,15,3,3,3,180163850.0,180163850.0,180163850.0,60054616.666666664,2,0.0,0,0.0007132757621861781,Thấp,CÔNG TY TNHH BÌNH MINH,Hà Nội,Miền Bắc,2,0.1,Thap,LogisticRegression
KH-00489,1,3,3,3,100172198.0,100172198.0,100172198.0,33390732.666666668,1,0.0,0,0.0007121568611173549,Thấp,CÔNG TY CỔ PHẦN ĐÔNG NAM,Phủ Lý,Miền Bắc,1,0.1,Thap,LogisticRegression
KH-00458,4,3,3,3,182444860.0,182444860.0,182444860.0,60814953.333333336,3,0.0,0,0.0006987893080581915,Thấp,HỘ KINH DOANH VẠN LỢI,Hà Tĩnh,Miền Trung,3,0.1,Thap,LogisticRegression
KH-00353,2,4,4,4,120052383.0,120052383.0,120052383.0,30013095.75,3,0.0,0,0.000689975212943987,Thấp,CỬA HÀNG XE ĐẠP THANH BÌNH,Hà Nội,Miền Bắc,3,0.1,Thap,LogisticRegression
KH-00491,31,2,2,2,283026601.0,283026601.0,283026601.0,141513300.5,2,0.0,0,0.0006864980011286322,Thấp,CÔNG TY TNHH PHÚC AN,Vinh,Miền Bắc,2,0.1,Thap,LogisticRegression
KH-00556,1,5,5,5,93325151.0,93325151.0,93325151.0,18665030.2,4,0.0,0,0.0006845484357442354,Thấp,DOANH NGHIỆP TW THIÊN AN,Hà Nội,Miền Bắc,4,0.1,Thap,LogisticRegression
KH-00383,16,3,3,3,159137735.0,159137735.0,159137735.0,53045911.666666664,1,0.0,0,0.0006508144067367545,Thấp,HỘ KINH DOANH VẠN LỢI,Ninh Bình,Miền Bắc,1,0.1,Thap,LogisticRegression
KH-00558,28,5,5,5,127875525.0,127875525.0,127875525.0,25575105.0,2,0.0,0,0.0005945749789155237,Thấp,CÔNG TY CỔ PHẦN THƯƠNG MẠI SƠN HÀ,Hà Nội,Miền Bắc,2,0.1,Thap,LogisticRegression
KH-00180,2,3,3,4,135465520.0,135465520.0,182675520.0,45668880.0,1,-5478061.999999996,0,0.0005727109911030742,Thấp,CÔNG TY TNHH THƯƠNG MẠI VẠN LỢI,Thanh Hoá,Miền Trung,1,0.1,Thap,LogisticRegression
KH-00414,16,4,4,4,179998377.0,179998377.0,179998377.0,44999594.25,2,0.0,0,0.00045885099735463287,Thấp,HỘ KINH DOANH ĐẠI LỢI,Hà Nội,Miền Bắc,2,0.0,Thap,LogisticRegression
KH-00519,1,3,3,3,155462755.0,155462755.0,155462755.0,51820918.333333336,1,0.0,0,0.000448203416352303,Thấp,CÔNG TY CỔ PHẦN XUÂN MAI,Hưng Yên,Miền Bắc,1,0.0,Thap,LogisticRegression
KH-00007,31,4,4,7,324075674.0,324075674.0,606456878.0,86636696.85714285,5,38267235.00000003,0,0.0004251474493888776,Thấp,CÔNG TY TNHH THƯƠNG MẠI ĐẠI LỢI,Lê Hoàn - Thị trấn Thọ Xuân - Huyện Thọ Xuân - Thanh Hoá,Miền Bắc,5,0.0,Thap,LogisticRegression
KH-00387,18,2,2,2,337372776.0,337372776.0,337372776.0,168686388.0,3,0.0,0,0.0004032410707873456,Thấp,CÔNG TY CỔ PHẦN THANH BÌNH,Bắc Ninh,Miền Bắc,3,0.0,Thap,LogisticRegression
KH-00584,1,4,4,4,187949942.0,187949942.0,187949942.0,46987485.5,3,0.0,0,0.00038552529527871766,Thấp,CÔNG TY TNHH CHI THÀNH,Hà Nội,Miền Bắc,3,0.0,Thap,LogisticRegression
KH-00380,2,5,5,5,171279116.0,171279116.0,171279116.0,34255823.2,4,0.0,0,0.0003752672839327041,Thấp,DOANH NGHIỆP TW HÙNG CƯỜNG,Ninh Bình,Miền Bắc,4,0.0,Thap,LogisticRegression
KH-00382,4,4,4,4,130206084.0,130206084.0,130206084.0,32551521.0,1,0.0,0,0.0003717118675186149,Thấp,CÔNG TY TNHH LÊ ANH,Ninh Bình,Miền Bắc,1,0.0,Thap,LogisticRegression
KH-00385,1,4,4,4,200372170.0,200372170.0,200372170.0,50093042.5,3,0.0,0,0.0003482869178221228,Thấp,CÔNG TY CỔ PHẦN THƯƠNG MẠI THIÊN AN,Hải Dương,Miền Bắc,3,0.0,Thap,LogisticRegression
KH-00169,15,4,4,5,271788822.0,271788822.0,361208822.0,72241764.4,4,18141094.00000001,0,0.00034394276328012316,Thấp,CÔNG TY TNHH THƯƠNG MẠI VĨNH PHÁT,Ninh Bình,Miền Bắc,4,0.0,Thap,LogisticRegression
KH-00426,1,3,3,3,227020711.0,227020711.0,227020711.0,75673570.33333333,2,0.0,0,0.00033048588128632884,Thấp,CÔNG TY CỔ PHẦN THƯƠNG MẠI THIÊN AN,Thái Nguyên,Miền Bắc,2,0.0,Thap,LogisticRegression
KH-00647,2,7,7,7,71840255.0,71840255.0,71840255.0,10262893.57142857,4,0.0,0,0.0003073155379135481,Thấp,,,,4,0.0,Thap,LogisticRegression
KH-00386,15,4,4,4,298647705.0,298647705.0,298647705.0,74661926.25,4,0.0,0,0.0003052159953143693,Thấp,CÔNG TY TNHH THƯƠNG MẠI KHẢI HOÀN,Hà Nam,Miền Bắc,4,0.0,Thap,LogisticRegression
KH-00488,1,5,5,5,203177562.0,203177562.0,203177562.0,40635512.4,4,0.0,0,0.0002824994153028626,Thấp,CÔNG TY TNHH TRƯỜNG THỊNH,Ninh Bình,Miền Bắc,4,0.0,Thap,LogisticRegression
KH-00404,1,5,5,5,211169406.0,211169406.0,211169406.0,42233881.2,4,0.0,0,0.00026487934124386366,Thấp,HỘ KINH DOANH PHÚ THỊNH,Thanh Hóa,Miền Trung,4,0.0,Thap,LogisticRegression
KH-00658,2,2,2,2,364403087.0,364403087.0,364403087.0,182201543.5,3,0.0,0,0.0002067567440179507,Thấp,,,,3,0.0,Thap,LogisticRegression
KH-00217,4,5,5,8,234641619.0,234641619.0,428521619.0,53565202.375,3,-4943077.0000000065,0,0.00019002251492124925,Thấp,DOANH NGHIỆP TW ĐẠI DƯƠNG,Thái Bình,Miền Bắc,3,0.0,Thap,LogisticRegression
KH-00374,1,5,5,5,273669448.0,273669448.0,273669448.0,54733889.6,4,0.0,0,0.0001600660246703186,Thấp,CÔNG TY CỔ PHẦN XÂY DỰNG,Hưng Yên,Miền Bắc,4,0.0,Thap,LogisticRegression
KH-00453,2,4,4,4,226995509.0,226995509.0,226995509.0,56748877.25,1,0.0,0,0.00015960501992394062,Thấp,CÔNG TY TNHH YÊN BÌNH,Ninh Bình,Miền Bắc,1,0.0,Thap,LogisticRegression
KH-00423,1,5,5,5,248468641.0,248468641.0,248468641.0,49693728.2,3,0.0,0,0.0001460438546381926,Thấp,DOANH NGHIỆP TW THIÊN AN,Bắc Giang,Miền Bắc,3,0.0,Thap,LogisticRegression
KH-00147,4,5,5,8,290326127.0,290326127.0,466724370.0,58340546.25,5,112685542.50000003,0,0.00010955127363229721,Thấp,CÔNG TY TNHH PHÚ THỊNH,Hà Nội,Miền Bắc,5,0.0,Thap,LogisticRegression
KH-00024,2,5,5,11,331010112.0,331010112.0,597440112.0,54312737.45454545,4,30472969.59999999,0,9.949454572046284e-05,Thấp,CÔNG TY TNHH MINH PHƯƠNG,Ninh Bình,Miền Bắc,4,0.0,Thap,LogisticRegression
KH-00349,2,5,5,5,370238430.0,370238430.0,370238430.0,74047686.0,4,0.0,0,7.550440025791637e-05,Thấp,HỘ KINH DOANH TRƯỜNG THỊNH,Hà Nội,Miền Bắc,4,0.0,Thap,LogisticRegression
KH-00364,1,4,4,4,367860667.0,367860667.0,367860667.0,91965166.75,2,0.0,0,6.591560766252633e-05,Thấp,DOANH NGHIỆP TW XUÂN MAI,TP Hải Phòng,Miền Bắc,2,0.0,Thap,LogisticRegression
KH-00342,2,5,5,5,368069456.0,368069456.0,368069456.0,73613891.2,3,0.0,0,5.721771330537063e-05,Thấp,HỘ KINH DOANH VĨNH PHÁT,Hà Nội,Miền Bắc,3,0.0,Thap,LogisticRegression
KH-00415,2,5,5,5,408331186.0,408331186.0,408331186.0,81666237.2,3,0.0,0,4.136116706105265e-05,Thấp,DOANH NGHIỆP TW KHẢI HOÀN,Thanh Hóa,Miền Trung,3,0.0,Thap,LogisticRegression
KH-00463,15,5,5,5,420589919.0,420589919.0,420589919.0,84117983.8,2,0.0,0,3.9599365786578644e-05,Thấp,CÔNG TY TNHH THƯƠNG MẠI YÊN BÌNH,Hà Nội,Miền Bắc,2,0.0,Thap,LogisticRegression
KH-00402,4,6,6,6,369750882.0,369750882.0,369750882.0,61625147.0,3,0.0,0,3.700597638074327e-05,Thấp,CÔNG TY CỔ PHẦN ĐẠI LỢI,Hà Nội,Miền Bắc,3,0.0,Thap,LogisticRegression
KH-00553,1,7,7,7,378472401.0,378472401.0,378472401.0,54067485.85714286,4,0.0,0,2.6350223175370874e-05,Thấp,CÔNG TY CỔ PHẦN SƠN HÀ,Hà Nội,Miền Bắc,4,0.0,Thap,LogisticRegression
KH-00134,3,5,5,8,470267127.0,470267127.0,706946062.0,88368257.75,3,38619095.39999999,0,2.195030645218629e-05,Thấp,DOANH NGHIỆP TW PHÚ THỊNH,Quảng Nam,Miền Trung,3,0.0,Thap,LogisticRegression
KH-00359,1,8,8,8,343228527.0,343228527.0,343228527.0,42903565.875,4,0.0,0,2.1323661233577203e-05,Thấp,CÔNG TY CỔ PHẦN VẠN LỢI,Hà Nội,Miền Bắc,4,0.0,Thap,LogisticRegression
KH-00030,30,1,1,2,685527778.0,685527778.0,1366346297.0,683173148.5,3,0.0,0,1.963287704739711e-05,Thấp,CỬA HÀNG XE ĐẠP BÌNH MINH,Bắc Giang,Miền Bắc,3,0.0,Thap,LogisticRegression
KH-00076,18,4,4,7,632901688.0,632901688.0,774919261.0,110702751.57142857,4,87080020.5,0,1.5110914226931075e-05,Thấp,CỬA HÀNG XE ĐẠP ĐẠI LỢI,Bắc Giang,Miền Bắc,4,0.0,Thap,LogisticRegression
KH-00605,4,12,12,12,197154205.0,197154205.0,197154205.0,16429517.083333334,4,0.0,0,9.866370020422776e-06,Thấp,CÔNG TY CỔ PHẦN VĨNH PHÁT,TP Hải Phòng,Miền Bắc,4,0.0,Thap,LogisticRegression
KH-00379,18,4,4,4,726215337.0,726215337.0,726215337.0,181553834.25,3,0.0,0,7.4607478286564605e-06,Thấp,CÔNG TY TNHH MINH PHƯƠNG,Thái Nguyên,Miền Bắc,3,0.0,Thap,LogisticRegression
KH-00366,16,6,6,6,613513212.0,613513212.0,613513212.0,102252202.0,3,0.0,0,7.307028774280103e-06,Thấp,HỘ KINH DOANH THIÊN AN,Nghệ An,Miền Trung,3,0.0,Thap,LogisticRegression
KH-00372,1,4,4,4,605388748.0,605388748.0,605388748.0,151347187.0,1,0.0,0,7.032597645063417e-06,Thấp,CÔNG TY CỔ PHẦN THƯƠNG MẠI MẶT TRỜI,Thanh Hóa,Miền Trung,1,0.0,Thap,LogisticRegression
KH-00341,15,5,5,5,1019915422.0,1019915422.0,1019915422.0,203983084.4,3,0.0,0,4.243104524100106e-07,Thấp,CỬA HÀNG XE ĐẠP VIỆT ANH,Ninh Bình,Miền Bắc,3,0.0,Thap,LogisticRegression
KH-00338,1,14,14,14,595704823.0,595704823.0,595704823.0,42550344.5,4,0.0,0,1.5148906286194123e-07,Thấp,CÔNG TY TNHH THƯƠNG MẠI ĐẠI LỢI,Hà Nội,Miền Bắc,4,0.0,Thap,LogisticRegression
KH-00006,0,41,41,67,559333665.0,559333665.0,1093917568.0,16327127.880597016,4,51892295.49999999,0,2.9305674158589645e-13,Thấp,CÔNG TY TNHH CHI THÀNH,TP. Hồ Chí Minh,Miền Nam,4,0.0,Thap,LogisticRegression
KH-00157,0,51,51,52,245120380.0,245120380.0,252138899.0,4848824.980769231,5,76083335.50000001,0,1.4985071661721684e-14,Thấp,CÔNG TY TNHH THƯƠNG MẠI LONG PHÚ,Hà Nội,Miền Bắc,5,0.0,Thap,LogisticRegression
KH-00091,1,22,22,29,2290250000.0,2290250000.0,4978859631.0,171684814.86206895,5,142454232.29999992,0,3.3405810899798467e-15,Thấp,CÔNG TY TNHH BÌNH MINH,Hà Nội,Miền Bắc,5,0.0,Thap,LogisticRegression
KH-00019,4,42,42,57,2306399537.0,2306399537.0,3621901755.0,63542136.05263158,5,164500519.8,0,1.718794767147371e-19,Thấp,CÔNG TY CỔ PHẦN THƯƠNG MẠI LÊ ANH,TP. Hồ Chí Minh,Miền Nam,5,0.0,Thap,LogisticRegression
