customer_code,customer_name,product_code,product_name,color,tong_sl,tong_dt
KH-00006,CÔNG TY TNHH CHI THÀNH,000125002009000,Xe đạp Thống Nhất Puppy 20 Hồng,Hồng,18.0,28105002.0
KH-00006,CÔNG TY TNHH CHI THÀNH,000125002013000,Xe đạp Thống Nhất Puppy 20 Xanh,Xanh,14.0,21859446.0
KH-00006,CÔNG TY TNHH CHI THÀNH,000125002023000,Xe đạp Thống Nhất Puppy 20 Kem,Kem,17.0,26543613.0
KH-00006,CÔNG TY TNHH CHI THÀNH,000131002001002,Xe đạp Thống Nhất GN 06 20 2024 Đen,Đen,12.0,17025552.0
KH-00006,CÔNG TY TNHH CHI THÀNH,000131002008001,Xe đạp Thống Nhất GN 06 20 2024 Ghi,Ghi,17.0,24119532.0
KH-00006,CÔNG TY TNHH CHI THÀNH,000224002002000,Xe đạp Thống Nhất New 24 Trắng,Trắng,29.0,53451096.0
KH-00006,CÔNG TY TNHH CHI THÀNH,000224002015000,Xe đạp Thống Nhất New 24 Café/nâu,Café/nâu,2.0,3693148.0
KH-00006,CÔNG TY TNHH CHI THÀNH,000224002023000,Xe đạp Thống Nhất New 24 Kem,Kem,14.0,25816198.0
KH-00006,CÔNG TY TNHH CHI THÀNH,000224002026000,Xe đạp Thống Nhất New 24 Xanh mint,Xanh mint,3.0,5531758.0
KH-00006,CÔNG TY TNHH CHI THÀNH,000225002002000,Xe đạp Thống Nhất New 26 Trắng,Trắng,26.0,49450458.0
KH-00006,CÔNG TY TNHH CHI THÀNH,000225002015000,Xe đạp Thống Nhất New 26 Café/nâu,Café/nâu,17.0,32288238.0
KH-00006,CÔNG TY TNHH CHI THÀNH,000225002023000,Xe đạp Thống Nhất New 26 Kem,Kem,29.0,55125180.0
KH-00006,CÔNG TY TNHH CHI THÀNH,000225002025000,Xe đạp Thống Nhất New 26 Xanh mint,Xanh mint,8.0,15244350.0
KH-00006,CÔNG TY TNHH CHI THÀNH,000226003002000,Xe đạp Thống Nhất LD 24-01_2023 Trắng,Trắng,30.0,60744441.0
KH-00006,CÔNG TY TNHH CHI THÀNH,000226003014000,Xe đạp Thống Nhất LD 24-01_2023 Xanh Santorini,Xanh Santorini,23.0,46688887.0
KH-00006,CÔNG TY TNHH CHI THÀNH,000226003015000,Xe đạp Thống Nhất LD 24-01_2023 Café/nâu,Café/nâu,24.0,48685183.0
KH-00006,CÔNG TY TNHH CHI THÀNH,000226003023000,Xe đạp Thống Nhất LD 24-01_2023 Kem,Kem,30.0,60418513.0
KH-00006,CÔNG TY TNHH CHI THÀNH,000230002023000,Xe đạp Thống Nhất LD 26 Kem,Kem,14.0,29844626.0
KH-00006,CÔNG TY TNHH CHI THÀNH,000331002022000,Xe đạp Thống Nhất MTB 26-02 Xanh dương,Xanh dương,2.0,4152778.0
KH-00007,CÔNG TY TNHH THƯƠNG MẠI ĐẠI LỢI,000125002013000,Xe đạp Thống Nhất Puppy 20 Xanh,Xanh,3.0,3973332.0
KH-00007,CÔNG TY TNHH THƯƠNG MẠI ĐẠI LỢI,000207004000000,Xe đạp Thống Nhất 219-05-26,219-05-26,10.0,13743056.0
KH-00007,CÔNG TY TNHH THƯƠNG MẠI ĐẠI LỢI,000209002025000,Xe đạp Thống Nhất 219-26 Xanh Tím,Xanh Tím,2.0,2300000.0
KH-00007,CÔNG TY TNHH THƯƠNG MẠI ĐẠI LỢI,000214004000000,Xe đạp Thống Nhất GN 05-26,05-26,14.0,20758331.0
KH-00007,CÔNG TY TNHH THƯƠNG MẠI ĐẠI LỢI,000216003001000,Xe đạp Thống Nhất GN 06-24 2.0 Đen,Đen,6.0,9266664.0
KH-00007,CÔNG TY TNHH THƯƠNG MẠI ĐẠI LỢI,000216003008000,Xe đạp Thống Nhất GN 06-24 2.0 Ghi,Ghi,6.0,9266664.0
KH-00007,CÔNG TY TNHH THƯƠNG MẠI ĐẠI LỢI,000217003001000,Xe đạp Thống Nhất GN 06-26 2.0 Đen,Đen,17.0,25818977.0
KH-00007,CÔNG TY TNHH THƯƠNG MẠI ĐẠI LỢI,000217003008000,Xe đạp Thống Nhất GN 06-26 2.0 Ghi,Ghi,8.0,12488885.0
KH-00007,CÔNG TY TNHH THƯƠNG MẠI ĐẠI LỢI,000224002015000,Xe đạp Thống Nhất New 24 Café/nâu,Café/nâu,3.0,4706664.0
KH-00007,CÔNG TY TNHH THƯƠNG MẠI ĐẠI LỢI,000224002023000,Xe đạp Thống Nhất New 24 Kem,Kem,10.0,13494440.0
KH-00007,CÔNG TY TNHH THƯƠNG MẠI ĐẠI LỢI,000224002026000,Xe đạp Thống Nhất New 24 Xanh mint,Xanh mint,5.0,7844440.0
KH-00007,CÔNG TY TNHH THƯƠNG MẠI ĐẠI LỢI,000225002015000,Xe đạp Thống Nhất New 26 Café/nâu,Café/nâu,7.0,11410000.0
KH-00007,CÔNG TY TNHH THƯƠNG MẠI ĐẠI LỢI,000225002023000,Xe đạp Thống Nhất New 26 Kem,Kem,10.0,14050000.0
KH-00007,CÔNG TY TNHH THƯƠNG MẠI ĐẠI LỢI,000225002025000,Xe đạp Thống Nhất New 26 Xanh mint,Xanh mint,5.0,8150000.0
KH-00007,CÔNG TY TNHH THƯƠNG MẠI ĐẠI LỢI,000226003015000,Xe đạp Thống Nhất LD 24-01_2023 Café/nâu,Café/nâu,2.0,3370370.0
KH-00007,CÔNG TY TNHH THƯƠNG MẠI ĐẠI LỢI,000226003023000,Xe đạp Thống Nhất LD 24-01_2023 Kem,Kem,2.0,3394444.0
KH-00007,CÔNG TY TNHH THƯƠNG MẠI ĐẠI LỢI,000331002008000,Xe đạp Thống Nhất MTB 26-02 Ghi,Ghi,11.0,19946663.0
KH-00007,CÔNG TY TNHH THƯƠNG MẠI ĐẠI LỢI,000331002022000,Xe đạp Thống Nhất MTB 26-02 Xanh dương,Xanh dương,10.0,18133330.0
KH-00007,CÔNG TY TNHH THƯƠNG MẠI ĐẠI LỢI,000401002016000,"Xe đạp Thống Nhất Nữ Truyền thống Lốp đỏ, Ngọc",Ngọc,2.0,2600000.0
KH-00010,CỬA HÀNG XE ĐẠP QUANG VINH,000125002009000,Xe đạp Thống Nhất Puppy 20 Hồng,Hồng,10.0,10500000.0
KH-00010,CỬA HÀNG XE ĐẠP QUANG VINH,000125002013000,Xe đạp Thống Nhất Puppy 20 Xanh,Xanh,6.0,6300000.0
KH-00010,CỬA HÀNG XE ĐẠP QUANG VINH,000125002023000,Xe đạp Thống Nhất Puppy 20 Kem,Kem,4.0,4200000.0
KH-00010,CỬA HÀNG XE ĐẠP QUANG VINH,000131002001002,Xe đạp Thống Nhất GN 06 20 2024 Đen,Đen,3.0,3600000.0
KH-00010,CỬA HÀNG XE ĐẠP QUANG VINH,000131002008001,Xe đạp Thống Nhất GN 06 20 2024 Ghi,Ghi,1.0,1200000.0
KH-00010,CỬA HÀNG XE ĐẠP QUANG VINH,000207004000000,Xe đạp Thống Nhất 219-05-26,219-05-26,6.0,9193053.0
KH-00010,CỬA HÀNG XE ĐẠP QUANG VINH,000216003001000,Xe đạp Thống Nhất GN 06-24 2.0 Đen,Đen,2.0,2400000.0
KH-00010,CỬA HÀNG XE ĐẠP QUANG VINH,000216003008000,Xe đạp Thống Nhất GN 06-24 2.0 Ghi,Ghi,1.0,1200000.0
KH-00010,CỬA HÀNG XE ĐẠP QUANG VINH,000217003001000,Xe đạp Thống Nhất GN 06-26 2.0 Đen,Đen,1.0,1250000.0
KH-00010,CỬA HÀNG XE ĐẠP QUANG VINH,000217003008000,Xe đạp Thống Nhất GN 06-26 2.0 Ghi,Ghi,1.0,1250000.0
KH-00010,CỬA HÀNG XE ĐẠP QUANG VINH,000224002015000,Xe đạp Thống Nhất New 24 Café/nâu,Café/nâu,6.0,6780000.0
KH-00010,CỬA HÀNG XE ĐẠP QUANG VINH,000224002023000,Xe đạp Thống Nhất New 24 Kem,Kem,11.0,16273980.0
KH-00010,CỬA HÀNG XE ĐẠP QUANG VINH,000224002026000,Xe đạp Thống Nhất New 24 Xanh mint,Xanh mint,5.0,5650000.0
KH-00010,CỬA HÀNG XE ĐẠP QUANG VINH,000225002002000,Xe đạp Thống Nhất New 26 Trắng,Trắng,16.0,21060555.0
KH-00010,CỬA HÀNG XE ĐẠP QUANG VINH,000225002015000,Xe đạp Thống Nhất New 26 Café/nâu,Café/nâu,16.0,23255460.0
KH-00010,CỬA HÀNG XE ĐẠP QUANG VINH,000225002023000,Xe đạp Thống Nhất New 26 Kem,Kem,29.0,38595460.0
KH-00010,CỬA HÀNG XE ĐẠP QUANG VINH,000225002025000,Xe đạp Thống Nhất New 26 Xanh mint,Xanh mint,9.0,10620000.0
KH-00010,CỬA HÀNG XE ĐẠP QUANG VINH,000230002023000,Xe đạp Thống Nhất LD 26 Kem,Kem,3.0,5439999.0
KH-00010,CỬA HÀNG XE ĐẠP QUANG VINH,000331002008000,Xe đạp Thống Nhất MTB 26-02 Ghi,Ghi,1.0,1813333.0
KH-00010,CỬA HÀNG XE ĐẠP QUANG VINH,000401002016000,"Xe đạp Thống Nhất Nữ Truyền thống Lốp đỏ, Ngọc",Ngọc,3.0,4591665.0
KH-00014,HỘ KINH DOANH LONG PHÚ,000125002009000,Xe đạp Thống Nhất Puppy 20 Hồng,Hồng,4.0,4200000.0
KH-00014,HỘ KINH DOANH LONG PHÚ,000125002013000,Xe đạp Thống Nhất Puppy 20 Xanh,Xanh,3.0,3150000.0
KH-00014,HỘ KINH DOANH LONG PHÚ,000125002023000,Xe đạp Thống Nhất Puppy 20 Kem,Kem,2.0,2100000.0
KH-00014,HỘ KINH DOANH LONG PHÚ,000217003001000,Xe đạp Thống Nhất GN 06-26 2.0 Đen,Đen,8.0,10000000.0
KH-00014,HỘ KINH DOANH LONG PHÚ,000217003008000,Xe đạp Thống Nhất GN 06-26 2.0 Ghi,Ghi,2.0,2500000.0
KH-00014,HỘ KINH DOANH LONG PHÚ,000224002002000,Xe đạp Thống Nhất New 24 Trắng,Trắng,11.0,13746664.0
KH-00014,HỘ KINH DOANH LONG PHÚ,000224002015000,Xe đạp Thống Nhất New 24 Café/nâu,Café/nâu,10.0,12177776.0
KH-00014,HỘ KINH DOANH LONG PHÚ,000224002023000,Xe đạp Thống Nhất New 24 Kem,Kem,11.0,14185552.0
KH-00014,HỘ KINH DOANH LONG PHÚ,000225002002000,Xe đạp Thống Nhất New 26 Trắng,Trắng,10.0,11800000.0
KH-00014,HỘ KINH DOANH LONG PHÚ,000225002015000,Xe đạp Thống Nhất New 26 Café/nâu,Café/nâu,13.0,15340000.0
KH-00014,HỘ KINH DOANH LONG PHÚ,000225002023000,Xe đạp Thống Nhất New 26 Kem,Kem,19.0,23770000.0
KH-00014,HỘ KINH DOANH LONG PHÚ,000225002025000,Xe đạp Thống Nhất New 26 Xanh mint,Xanh mint,2.0,2360000.0
KH-00018,CÔNG TY TNHH THƯƠNG MẠI PHÚ THỊNH,000125002009000,Xe đạp Thống Nhất Puppy 20 Hồng,Hồng,4.0,5023332.0
KH-00018,CÔNG TY TNHH THƯƠNG MẠI PHÚ THỊNH,000125002013000,Xe đạp Thống Nhất Puppy 20 Xanh,Xanh,2.0,2100000.0
KH-00018,CÔNG TY TNHH THƯƠNG MẠI PHÚ THỊNH,000125002023000,Xe đạp Thống Nhất Puppy 20 Kem,Kem,2.0,2648888.0
KH-00018,CÔNG TY TNHH THƯƠNG MẠI PHÚ THỊNH,000131002001002,Xe đạp Thống Nhất GN 06 20 2024 Đen,Đen,1.0,1183796.0
KH-00018,CÔNG TY TNHH THƯƠNG MẠI PHÚ THỊNH,000131002008001,Xe đạp Thống Nhất GN 06 20 2024 Ghi,Ghi,1.0,1183796.0
KH-00018,CÔNG TY TNHH THƯƠNG MẠI PHÚ THỊNH,000214004000000,Xe đạp Thống Nhất GN 05-26,05-26,1.0,1544444.0
KH-00018,CÔNG TY TNHH THƯƠNG MẠI PHÚ THỊNH,000217003001000,Xe đạp Thống Nhất GN 06-26 2.0 Đen,Đen,1.0,1605555.0
KH-00018,CÔNG TY TNHH THƯƠNG MẠI PHÚ THỊNH,000217003008000,Xe đạp Thống Nhất GN 06-26 2.0 Ghi,Ghi,3.0,4816665.0
KH-00018,CÔNG TY TNHH THƯƠNG MẠI PHÚ THỊNH,000224002015000,Xe đạp Thống Nhất New 24 Café/nâu,Café/nâu,3.0,4253888.0
KH-00018,CÔNG TY TNHH THƯƠNG MẠI PHÚ THỊNH,000224002023000,Xe đạp Thống Nhất New 24 Kem,Kem,2.0,3137776.0
KH-00018,CÔNG TY TNHH THƯƠNG MẠI PHÚ THỊNH,000224002026000,Xe đạp Thống Nhất New 24 Xanh mint,Xanh mint,1.0,1130000.0
KH-00018,CÔNG TY TNHH THƯƠNG MẠI PHÚ THỊNH,000225002002000,Xe đạp Thống Nhất New 26 Trắng,Trắng,6.0,8416111.0
KH-00018,CÔNG TY TNHH THƯƠNG MẠI PHÚ THỊNH,000225002015000,Xe đạp Thống Nhất New 26 Café/nâu,Café/nâu,3.0,3990000.0
KH-00018,CÔNG TY TNHH THƯƠNG MẠI PHÚ THỊNH,000225002023000,Xe đạp Thống Nhất New 26 Kem,Kem,6.0,7952222.0
KH-00018,CÔNG TY TNHH THƯƠNG MẠI PHÚ THỊNH,000225002025000,Xe đạp Thống Nhất New 26 Xanh mint,Xanh mint,1.0,1180000.0
KH-00018,CÔNG TY TNHH THƯƠNG MẠI PHÚ THỊNH,000226003002000,Xe đạp Thống Nhất LD 24-01_2023 Trắng,Trắng,7.0,10347221.0
KH-00018,CÔNG TY TNHH THƯƠNG MẠI PHÚ THỊNH,000226003014000,Xe đạp Thống Nhất LD 24-01_2023 Xanh Santorini,Xanh Santorini,3.0,3600000.0
KH-00018,CÔNG TY TNHH THƯƠNG MẠI PHÚ THỊNH,000226003023000,Xe đạp Thống Nhất LD 24-01_2023 Kem,Kem,2.0,3366666.0
KH-00018,CÔNG TY TNHH THƯƠNG MẠI PHÚ THỊNH,000230002023000,Xe đạp Thống Nhất LD 26 Kem,Kem,5.0,8997220.0
KH-00018,CÔNG TY TNHH THƯƠNG MẠI PHÚ THỊNH,000331002008000,Xe đạp Thống Nhất MTB 26-02 Ghi,Ghi,4.0,6689999.0
KH-00018,CÔNG TY TNHH THƯƠNG MẠI PHÚ THỊNH,000335002001000,Xe đạp Thống Nhất Super 24 Đen,Đen,1.0,1200000.0
KH-00019,CÔNG TY CỔ PHẦN THƯƠNG MẠI LÊ ANH,000125002009000,Xe đạp Thống Nhất Puppy 20 Hồng,Hồng,61.0,95244726.0
KH-00019,CÔNG TY CỔ PHẦN THƯƠNG MẠI LÊ ANH,000217003001000,Xe đạp Thống Nhất GN 06-26 2.0 Đen,Đen,89.0,164345086.0
KH-00019,CÔNG TY CỔ PHẦN THƯƠNG MẠI LÊ ANH,000225002002000,Xe đạp Thống Nhất New 26 Trắng,Trắng,123.0,235898050.0
KH-00019,CÔNG TY CỔ PHẦN THƯƠNG MẠI LÊ ANH,000225002023000,Xe đạp Thống Nhất New 26 Kem,Kem,11.0,21096574.0
KH-00019,CÔNG TY CỔ PHẦN THƯƠNG MẠI LÊ ANH,000226003015000,Xe đạp Thống Nhất LD 24-01_2023 Café/nâu,Café/nâu,28.0,55896297.0
KH-00019,CÔNG TY CỔ PHẦN THƯƠNG MẠI LÊ ANH,000226003023000,Xe đạp Thống Nhất LD 24-01_2023 Kem,Kem,109.0,217596295.0
KH-00019,CÔNG TY CỔ PHẦN THƯƠNG MẠI LÊ ANH,000335002001000,Xe đạp Thống Nhất Super 24 Đen,Đen,97.0,241359360.0
KH-00019,CÔNG TY CỔ PHẦN THƯƠNG MẠI LÊ ANH,1000310050010000,Xe đạp Thống Nhất Road RPD 700C Đen,Đen,21.0,73214167.0
KH-00022,CÔNG TY CỔ PHẦN VIỆT ANH,000125002009000,Xe đạp Thống Nhất Puppy 20 Hồng,Hồng,3.0,3150000.0
KH-00022,CÔNG TY CỔ PHẦN VIỆT ANH,000125002013000,Xe đạp Thống Nhất Puppy 20 Xanh,Xanh,1.0,1050000.0
KH-00022,CÔNG TY CỔ PHẦN VIỆT ANH,000125002023000,Xe đạp Thống Nhất Puppy 20 Kem,Kem,2.0,2100000.0
KH-00022,CÔNG TY CỔ PHẦN VIỆT ANH,000131002008001,Xe đạp Thống Nhất GN 06 20 2024 Ghi,Ghi,2.0,2400000.0
KH-00022,CÔNG TY CỔ PHẦN VIỆT ANH,000216003001000,Xe đạp Thống Nhất GN 06-24 2.0 Đen,Đen,1.0,1200000.0
KH-00022,CÔNG TY CỔ PHẦN VIỆT ANH,000216003008000,Xe đạp Thống Nhất GN 06-24 2.0 Ghi,Ghi,3.0,3600000.0
KH-00022,CÔNG TY CỔ PHẦN VIỆT ANH,000217003001000,Xe đạp Thống Nhất GN 06-26 2.0 Đen,Đen,3.0,3750000.0
KH-00022,CÔNG TY CỔ PHẦN VIỆT ANH,000217003008000,Xe đạp Thống Nhất GN 06-26 2.0 Ghi,Ghi,4.0,5000000.0
KH-00022,CÔNG TY CỔ PHẦN VIỆT ANH,000224002023000,Xe đạp Thống Nhất New 24 Kem,Kem,2.0,2260000.0
KH-00022,CÔNG TY CỔ PHẦN VIỆT ANH,000224002026000,Xe đạp Thống Nhất New 24 Xanh mint,Xanh mint,1.0,1130000.0
KH-00022,CÔNG TY CỔ PHẦN VIỆT ANH,000225002002000,Xe đạp Thống Nhất New 26 Trắng,Trắng,7.0,8710000.0
KH-00022,CÔNG TY CỔ PHẦN VIỆT ANH,000225002015000,Xe đạp Thống Nhất New 26 Café/nâu,Café/nâu,1.0,1630000.0
KH-00022,CÔNG TY CỔ PHẦN VIỆT ANH,000225002023000,Xe đạp Thống Nhất New 26 Kem,Kem,8.0,10340000.0
KH-00022,CÔNG TY CỔ PHẦN VIỆT ANH,000225002025000,Xe đạp Thống Nhất New 26 Xanh mint,Xanh mint,4.0,4720000.0
KH-00022,CÔNG TY CỔ PHẦN VIỆT ANH,000226003023000,Xe đạp Thống Nhất LD 24-01_2023 Kem,Kem,5.0,6497222.0
KH-00022,CÔNG TY CỔ PHẦN VIỆT ANH,000230002023000,Xe đạp Thống Nhất LD 26 Kem,Kem,1.0,1813333.0
KH-00022,CÔNG TY CỔ PHẦN VIỆT ANH,000331002008000,Xe đạp Thống Nhất MTB 26-02 Ghi,Ghi,1.0,1250000.0
KH-00022,CÔNG TY CỔ PHẦN VIỆT ANH,000331002022000,Xe đạp Thống Nhất MTB 26-02 Xanh dương,Xanh dương,3.0,3750000.0
KH-00023,CÔNG TY TNHH THANH BÌNH,000131002001002,Xe đạp Thống Nhất GN 06 20 2024 Đen,Đen,49.0,63200926.0
KH-00024,CÔNG TY TNHH MINH PHƯƠNG,000125002009000,Xe đạp Thống Nhất Puppy 20 Hồng,Hồng,1.0,1050000.0
KH-00024,CÔNG TY TNHH MINH PHƯƠNG,000125002013000,Xe đạp Thống Nhất Puppy 20 Xanh,Xanh,2.0,2100000.0
KH-00024,CÔNG TY TNHH MINH PHƯƠNG,000125002023000,Xe đạp Thống Nhất Puppy 20 Kem,Kem,2.0,2100000.0
KH-00024,CÔNG TY TNHH MINH PHƯƠNG,000131002008001,Xe đạp Thống Nhất GN 06 20 2024 Ghi,Ghi,4.0,4767592.0
KH-00024,CÔNG TY TNHH MINH PHƯƠNG,000207004000000,Xe đạp Thống Nhất 219-05-26,219-05-26,18.0,23902775.0
KH-00024,CÔNG TY TNHH MINH PHƯƠNG,000209002025000,Xe đạp Thống Nhất 219-26 Xanh Tím,Xanh Tím,11.0,14566664.0
KH-00024,CÔNG TY TNHH MINH PHƯƠNG,000214004000000,Xe đạp Thống Nhất GN 05-26,05-26,7.0,8750000.0
KH-00024,CÔNG TY TNHH MINH PHƯƠNG,000216003001000,Xe đạp Thống Nhất GN 06-24 2.0 Đen,Đen,6.0,7888888.0
KH-00024,CÔNG TY TNHH MINH PHƯƠNG,000216003008000,Xe đạp Thống Nhất GN 06-24 2.0 Ghi,Ghi,4.0,5488888.0
KH-00024,CÔNG TY TNHH MINH PHƯƠNG,000217003001000,Xe đạp Thống Nhất GN 06-26 2.0 Đen,Đen,3.0,4461110.0
KH-00024,CÔNG TY TNHH MINH PHƯƠNG,000217003008000,Xe đạp Thống Nhất GN 06-26 2.0 Ghi,Ghi,3.0,4461110.0
KH-00024,CÔNG TY TNHH MINH PHƯƠNG,000224002002000,Xe đạp Thống Nhất New 24 Trắng,Trắng,3.0,3390000.0
KH-00024,CÔNG TY TNHH MINH PHƯƠNG,000224002015000,Xe đạp Thống Nhất New 24 Café/nâu,Café/nâu,3.0,4706664.0
KH-00024,CÔNG TY TNHH MINH PHƯƠNG,000224002026000,Xe đạp Thống Nhất New 24 Xanh mint,Xanh mint,1.0,1130000.0
KH-00024,CÔNG TY TNHH MINH PHƯƠNG,000225002015000,Xe đạp Thống Nhất New 26 Café/nâu,Café/nâu,10.0,14458333.0
KH-00024,CÔNG TY TNHH MINH PHƯƠNG,000225002023000,Xe đạp Thống Nhất New 26 Kem,Kem,8.0,10790000.0
KH-00024,CÔNG TY TNHH MINH PHƯƠNG,000225002025000,Xe đạp Thống Nhất New 26 Xanh mint,Xanh mint,5.0,7208333.0
KH-00024,CÔNG TY TNHH MINH PHƯƠNG,000226003002000,Xe đạp Thống Nhất LD 24-01_2023 Trắng,Trắng,6.0,7683333.0
KH-00024,CÔNG TY TNHH MINH PHƯƠNG,000226003014000,Xe đạp Thống Nhất LD 24-01_2023 Xanh Santorini,Xanh Santorini,6.0,8194444.0
KH-00024,CÔNG TY TNHH MINH PHƯƠNG,000226003015000,Xe đạp Thống Nhất LD 24-01_2023 Café/nâu,Café/nâu,4.0,4800000.0
KH-00024,CÔNG TY TNHH MINH PHƯƠNG,000226003023000,Xe đạp Thống Nhất LD 24-01_2023 Kem,Kem,14.0,19286110.0
KH-00024,CÔNG TY TNHH MINH PHƯƠNG,000230002023000,Xe đạp Thống Nhất LD 26 Kem,Kem,6.0,10838331.0
KH-00024,CÔNG TY TNHH MINH PHƯƠNG,000331002008000,Xe đạp Thống Nhất MTB 26-02 Ghi,Ghi,49.0,72349992.0
KH-00024,CÔNG TY TNHH MINH PHƯƠNG,000331002022000,Xe đạp Thống Nhất MTB 26-02 Xanh dương,Xanh dương,52.0,66126666.0
KH-00027,HỘ KINH DOANH ĐẠI DƯƠNG,000125002009000,Xe đạp Thống Nhất Puppy 20 Hồng,Hồng,4.0,4748888.0
KH-00027,HỘ KINH DOANH ĐẠI DƯƠNG,000125002013000,Xe đạp Thống Nhất Puppy 20 Xanh,Xanh,3.0,3671110.0
KH-00027,HỘ KINH DOANH ĐẠI DƯƠNG,000125002023000,Xe đạp Thống Nhất Puppy 20 Kem,Kem,4.0,5023332.0
KH-00027,HỘ KINH DOANH ĐẠI DƯƠNG,000207004000000,Xe đạp Thống Nhất 219-05-26,219-05-26,8.0,10869443.0
KH-00027,HỘ KINH DOANH ĐẠI DƯƠNG,000209002025000,Xe đạp Thống Nhất 219-26 Xanh Tím,Xanh Tím,2.0,2300000.0
KH-00027,HỘ KINH DOANH ĐẠI DƯƠNG,000214004000000,Xe đạp Thống Nhất GN 05-26,05-26,7.0,9311110.0
KH-00027,HỘ KINH DOANH ĐẠI DƯƠNG,000217003001000,Xe đạp Thống Nhất GN 06-26 2.0 Đen,Đen,3.0,3750000.0
KH-00027,HỘ KINH DOANH ĐẠI DƯƠNG,000217003008000,Xe đạp Thống Nhất GN 06-26 2.0 Ghi,Ghi,2.0,3211110.0
KH-00027,HỘ KINH DOANH ĐẠI DƯƠNG,000224002002000,Xe đạp Thống Nhất New 24 Trắng,Trắng,6.0,9413328.0
KH-00027,HỘ KINH DOANH ĐẠI DƯƠNG,000224002023000,Xe đạp Thống Nhất New 24 Kem,Kem,6.0,9413328.0
KH-00027,HỘ KINH DOANH ĐẠI DƯƠNG,000225002002000,Xe đạp Thống Nhất New 26 Trắng,Trắng,5.0,8122222.0
KH-00027,HỘ KINH DOANH ĐẠI DƯƠNG,000225002015000,Xe đạp Thống Nhất New 26 Café/nâu,Café/nâu,4.0,5592222.0
KH-00027,HỘ KINH DOANH ĐẠI DƯƠNG,000226003014000,Xe đạp Thống Nhất LD 24-01_2023 Xanh Santorini,Xanh Santorini,2.0,3394444.0
KH-00027,HỘ KINH DOANH ĐẠI DƯƠNG,000226003023000,Xe đạp Thống Nhất LD 24-01_2023 Kem,Kem,2.0,3366666.0
KH-00027,HỘ KINH DOANH ĐẠI DƯƠNG,000335002001000,Xe đạp Thống Nhất Super 24 Đen,Đen,1.0,1200000.0
KH-00027,HỘ KINH DOANH ĐẠI DƯƠNG,000401002016000,"Xe đạp Thống Nhất Nữ Truyền thống Lốp đỏ, Ngọc",Ngọc,4.0,6177776.0
KH-00030,CỬA HÀNG XE ĐẠP BÌNH MINH,000225002002000,Xe đạp Thống Nhất New 26 Trắng,Trắng,35.0,63194445.0
KH-00030,CỬA HÀNG XE ĐẠP BÌNH MINH,000225002015000,Xe đạp Thống Nhất New 26 Café/nâu,Café/nâu,40.0,72222222.0
KH-00042,HỘ KINH DOANH MẶT TRỜI,000125002009000,Xe đạp Thống Nhất Puppy 20 Hồng,Hồng,4.0,5277498.0
KH-00042,HỘ KINH DOANH MẶT TRỜI,000125002023000,Xe đạp Thống Nhất Puppy 20 Kem,Kem,2.0,2642499.0
KH-00042,HỘ KINH DOANH MẶT TRỜI,000131002001002,Xe đạp Thống Nhất GN 06 20 2024 Đen,Đen,2.0,2367592.0
KH-00042,HỘ KINH DOANH MẶT TRỜI,000207004000000,Xe đạp Thống Nhất 219-05-26,219-05-26,4.0,6026388.0
KH-00042,HỘ KINH DOANH MẶT TRỜI,000209002025000,Xe đạp Thống Nhất 219-26 Xanh Tím,Xanh Tím,2.0,2876850.0
KH-00042,HỘ KINH DOANH MẶT TRỜI,000214004000000,Xe đạp Thống Nhất GN 05-26,05-26,4.0,6040277.0
KH-00042,HỘ KINH DOANH MẶT TRỜI,000224002002000,Xe đạp Thống Nhất New 24 Trắng,Trắng,2.0,3127684.0
KH-00042,HỘ KINH DOANH MẶT TRỜI,000224002023000,Xe đạp Thống Nhất New 24 Kem,Kem,5.0,7800276.0
KH-00042,HỘ KINH DOANH MẶT TRỜI,000224002026000,Xe đạp Thống Nhất New 24 Xanh mint,Xanh mint,1.0,1568888.0
KH-00042,HỘ KINH DOANH MẶT TRỜI,000225002002000,Xe đạp Thống Nhất New 26 Trắng,Trắng,2.0,3237962.0
KH-00042,HỘ KINH DOANH MẶT TRỜI,000225002015000,Xe đạp Thống Nhất New 26 Café/nâu,Café/nâu,4.0,6475924.0
KH-00042,HỘ KINH DOANH MẶT TRỜI,000225002023000,Xe đạp Thống Nhất New 26 Kem,Kem,14.0,22698792.0
KH-00042,HỘ KINH DOANH MẶT TRỜI,000225002025000,Xe đạp Thống Nhất New 26 Xanh mint,Xanh mint,5.0,8103054.0
KH-00042,HỘ KINH DOANH MẶT TRỜI,000226003002000,Xe đạp Thống Nhất LD 24-01_2023 Trắng,Trắng,2.0,3380555.0
KH-00042,HỘ KINH DOANH MẶT TRỜI,000226003014000,Xe đạp Thống Nhất LD 24-01_2023 Xanh Santorini,Xanh Santorini,5.0,8437962.0
KH-00042,HỘ KINH DOANH MẶT TRỜI,000226003023000,Xe đạp Thống Nhất LD 24-01_2023 Kem,Kem,3.0,5051851.0
KH-00042,HỘ KINH DOANH MẶT TRỜI,000331002008000,Xe đạp Thống Nhất MTB 26-02 Ghi,Ghi,9.0,16223332.0
KH-00042,HỘ KINH DOANH MẶT TRỜI,000331002022000,Xe đạp Thống Nhất MTB 26-02 Xanh dương,Xanh dương,1.0,1813333.0
KH-00042,HỘ KINH DOANH MẶT TRỜI,000335002001000,Xe đạp Thống Nhất Super 24 Đen,Đen,1.0,2100462.0
KH-00042,HỘ KINH DOANH MẶT TRỜI,000401002016000,"Xe đạp Thống Nhất Nữ Truyền thống Lốp đỏ, Ngọc",Ngọc,4.0,6108331.0
KH-00046,CÔNG TY CỔ PHẦN THƯƠNG MẠI MẶT TRỜI,000125002013000,Xe đạp Thống Nhất Puppy 20 Xanh,Xanh,5.0,6590275.0
KH-00046,CÔNG TY CỔ PHẦN THƯƠNG MẠI MẶT TRỜI,000125002023000,Xe đạp Thống Nhất Puppy 20 Kem,Kem,5.0,6590275.0
KH-00046,CÔNG TY CỔ PHẦN THƯƠNG MẠI MẶT TRỜI,000131002008001,Xe đạp Thống Nhất GN 06 20 2024 Ghi,Ghi,1.0,1197685.0
KH-00046,CÔNG TY CỔ PHẦN THƯƠNG MẠI MẶT TRỜI,000207004000000,Xe đạp Thống Nhất 219-05-26,219-05-26,4.0,6058332.0
KH-00046,CÔNG TY CỔ PHẦN THƯƠNG MẠI MẶT TRỜI,000224002015000,Xe đạp Thống Nhất New 24 Café/nâu,Café/nâu,3.0,4676388.0
KH-00046,CÔNG TY CỔ PHẦN THƯƠNG MẠI MẶT TRỜI,000224002023000,Xe đạp Thống Nhất New 24 Kem,Kem,3.0,4676388.0
KH-00046,CÔNG TY CỔ PHẦN THƯƠNG MẠI MẶT TRỜI,000224002026000,Xe đạp Thống Nhất New 24 Xanh mint,Xanh mint,1.0,1558796.0
KH-00046,CÔNG TY CỔ PHẦN THƯƠNG MẠI MẶT TRỜI,000225002002000,Xe đạp Thống Nhất New 26 Trắng,Trắng,15.0,24270365.0
KH-00046,CÔNG TY CỔ PHẦN THƯƠNG MẠI MẶT TRỜI,000225002015000,Xe đạp Thống Nhất New 26 Café/nâu,Café/nâu,20.0,32379620.0
KH-00046,CÔNG TY CỔ PHẦN THƯƠNG MẠI MẶT TRỜI,000225002023000,Xe đạp Thống Nhất New 26 Kem,Kem,40.0,64759240.0
KH-00046,CÔNG TY CỔ PHẦN THƯƠNG MẠI MẶT TRỜI,000225002025000,Xe đạp Thống Nhất New 26 Xanh mint,Xanh mint,15.0,24270365.0
KH-00046,CÔNG TY CỔ PHẦN THƯƠNG MẠI MẶT TRỜI,000226003015000,Xe đạp Thống Nhất LD 24-01_2023 Café/nâu,Café/nâu,7.0,11792591.0
KH-00046,CÔNG TY CỔ PHẦN THƯƠNG MẠI MẶT TRỜI,000226003023000,Xe đạp Thống Nhất LD 24-01_2023 Kem,Kem,9.0,15159257.0
KH-00046,CÔNG TY CỔ PHẦN THƯƠNG MẠI MẶT TRỜI,000230002023000,Xe đạp Thống Nhất LD 26 Kem,Kem,15.0,26991660.0
KH-00057,CÔNG TY CỔ PHẦN THƯƠNG MẠI TOÀN THẮNG,000125002009000,Xe đạp Thống Nhất Puppy 20 Hồng,Hồng,5.0,5250000.0
KH-00057,CÔNG TY CỔ PHẦN THƯƠNG MẠI TOÀN THẮNG,000125002023000,Xe đạp Thống Nhất Puppy 20 Kem,Kem,5.0,5250000.0
KH-00057,CÔNG TY CỔ PHẦN THƯƠNG MẠI TOÀN THẮNG,000207004000000,Xe đạp Thống Nhất 219-05-26,219-05-26,52.0,65000000.0
KH-00057,CÔNG TY CỔ PHẦN THƯƠNG MẠI TOÀN THẮNG,000209002025000,Xe đạp Thống Nhất 219-26 Xanh Tím,Xanh Tím,24.0,27600000.0
KH-00057,CÔNG TY CỔ PHẦN THƯƠNG MẠI TOÀN THẮNG,000214004000000,Xe đạp Thống Nhất GN 05-26,05-26,17.0,21250000.0
KH-00057,CÔNG TY CỔ PHẦN THƯƠNG MẠI TOÀN THẮNG,000216003001000,Xe đạp Thống Nhất GN 06-24 2.0 Đen,Đen,10.0,12000000.0
KH-00057,CÔNG TY CỔ PHẦN THƯƠNG MẠI TOÀN THẮNG,000216003008000,Xe đạp Thống Nhất GN 06-24 2.0 Ghi,Ghi,5.0,6000000.0
KH-00057,CÔNG TY CỔ PHẦN THƯƠNG MẠI TOÀN THẮNG,000217003001000,Xe đạp Thống Nhất GN 06-26 2.0 Đen,Đen,26.0,32500000.0
KH-00057,CÔNG TY CỔ PHẦN THƯƠNG MẠI TOÀN THẮNG,000217003008000,Xe đạp Thống Nhất GN 06-26 2.0 Ghi,Ghi,17.0,21250000.0
KH-00057,CÔNG TY CỔ PHẦN THƯƠNG MẠI TOÀN THẮNG,000224002002000,Xe đạp Thống Nhất New 24 Trắng,Trắng,14.0,15820000.0
KH-00057,CÔNG TY CỔ PHẦN THƯƠNG MẠI TOÀN THẮNG,000224002015000,Xe đạp Thống Nhất New 24 Café/nâu,Café/nâu,10.0,11300000.0
KH-00057,CÔNG TY CỔ PHẦN THƯƠNG MẠI TOÀN THẮNG,000224002023000,Xe đạp Thống Nhất New 24 Kem,Kem,10.0,11300000.0
KH-00057,CÔNG TY CỔ PHẦN THƯƠNG MẠI TOÀN THẮNG,000224002026000,Xe đạp Thống Nhất New 24 Xanh mint,Xanh mint,2.0,2260000.0
KH-00057,CÔNG TY CỔ PHẦN THƯƠNG MẠI TOÀN THẮNG,000225002002000,Xe đạp Thống Nhất New 26 Trắng,Trắng,16.0,18880000.0
KH-00057,CÔNG TY CỔ PHẦN THƯƠNG MẠI TOÀN THẮNG,000225002015000,Xe đạp Thống Nhất New 26 Café/nâu,Café/nâu,32.0,37760000.0
KH-00057,CÔNG TY CỔ PHẦN THƯƠNG MẠI TOÀN THẮNG,000225002023000,Xe đạp Thống Nhất New 26 Kem,Kem,39.0,46020000.0
KH-00057,CÔNG TY CỔ PHẦN THƯƠNG MẠI TOÀN THẮNG,000225002025000,Xe đạp Thống Nhất New 26 Xanh mint,Xanh mint,20.0,23600000.0
KH-00057,CÔNG TY CỔ PHẦN THƯƠNG MẠI TOÀN THẮNG,000331002008000,Xe đạp Thống Nhất MTB 26-02 Ghi,Ghi,8.0,10000000.0
KH-00057,CÔNG TY CỔ PHẦN THƯƠNG MẠI TOÀN THẮNG,000331002022000,Xe đạp Thống Nhất MTB 26-02 Xanh dương,Xanh dương,4.0,5000000.0
KH-00064,CÔNG TY TNHH SƠN HÀ,000125002013000,Xe đạp Thống Nhất Puppy 20 Xanh,Xanh,3.0,3150000.0
KH-00064,CÔNG TY TNHH SƠN HÀ,000125002023000,Xe đạp Thống Nhất Puppy 20 Kem,Kem,5.0,5250000.0
KH-00064,CÔNG TY TNHH SƠN HÀ,000131002001002,Xe đạp Thống Nhất GN 06 20 2024 Đen,Đen,2.0,2400000.0
KH-00064,CÔNG TY TNHH SƠN HÀ,000207004000000,Xe đạp Thống Nhất 219-05-26,219-05-26,20.0,25000000.0
KH-00064,CÔNG TY TNHH SƠN HÀ,000209002025000,Xe đạp Thống Nhất 219-26 Xanh Tím,Xanh Tím,23.0,26450000.0
KH-00064,CÔNG TY TNHH SƠN HÀ,000214004000000,Xe đạp Thống Nhất GN 05-26,05-26,8.0,10000000.0
KH-00064,CÔNG TY TNHH SƠN HÀ,000216003001000,Xe đạp Thống Nhất GN 06-24 2.0 Đen,Đen,7.0,8400000.0
KH-00064,CÔNG TY TNHH SƠN HÀ,000216003008000,Xe đạp Thống Nhất GN 06-24 2.0 Ghi,Ghi,4.0,4800000.0
KH-00064,CÔNG TY TNHH SƠN HÀ,000217003001000,Xe đạp Thống Nhất GN 06-26 2.0 Đen,Đen,10.0,12500000.0
KH-00064,CÔNG TY TNHH SƠN HÀ,000217003008000,Xe đạp Thống Nhất GN 06-26 2.0 Ghi,Ghi,10.0,12500000.0
KH-00064,CÔNG TY TNHH SƠN HÀ,000224002002000,Xe đạp Thống Nhất New 24 Trắng,Trắng,3.0,3390000.0
KH-00064,CÔNG TY TNHH SƠN HÀ,000224002015000,Xe đạp Thống Nhất New 24 Café/nâu,Café/nâu,5.0,5650000.0
KH-00064,CÔNG TY TNHH SƠN HÀ,000224002023000,Xe đạp Thống Nhất New 24 Kem,Kem,26.0,29380000.0
KH-00064,CÔNG TY TNHH SƠN HÀ,000224002026000,Xe đạp Thống Nhất New 24 Xanh mint,Xanh mint,9.0,10170000.0
KH-00064,CÔNG TY TNHH SƠN HÀ,000225002002000,Xe đạp Thống Nhất New 26 Trắng,Trắng,3.0,3540000.0
KH-00064,CÔNG TY TNHH SƠN HÀ,000225002015000,Xe đạp Thống Nhất New 26 Café/nâu,Café/nâu,5.0,5900000.0
KH-00064,CÔNG TY TNHH SƠN HÀ,000225002023000,Xe đạp Thống Nhất New 26 Kem,Kem,21.0,24780000.0
KH-00064,CÔNG TY TNHH SƠN HÀ,000225002025000,Xe đạp Thống Nhất New 26 Xanh mint,Xanh mint,10.0,11800000.0
KH-00064,CÔNG TY TNHH SƠN HÀ,000226003014000,Xe đạp Thống Nhất LD 24-01_2023 Xanh Santorini,Xanh Santorini,9.0,10800000.0
KH-00064,CÔNG TY TNHH SƠN HÀ,000226003015000,Xe đạp Thống Nhất LD 24-01_2023 Café/nâu,Café/nâu,6.0,7200000.0
KH-00064,CÔNG TY TNHH SƠN HÀ,000226003023000,Xe đạp Thống Nhất LD 24-01_2023 Kem,Kem,6.0,7200000.0
KH-00064,CÔNG TY TNHH SƠN HÀ,000331002008000,Xe đạp Thống Nhất MTB 26-02 Ghi,Ghi,11.0,13750000.0
KH-00064,CÔNG TY TNHH SƠN HÀ,000331002022000,Xe đạp Thống Nhất MTB 26-02 Xanh dương,Xanh dương,5.0,6250000.0
KH-00065,CÔNG TY CỔ PHẦN QUANG VINH,000125002009000,Xe đạp Thống Nhất Puppy 20 Hồng,Hồng,14.0,14700000.0
KH-00065,CÔNG TY CỔ PHẦN QUANG VINH,000125002013000,Xe đạp Thống Nhất Puppy 20 Xanh,Xanh,15.0,15750000.0
KH-00065,CÔNG TY CỔ PHẦN QUANG VINH,000125002023000,Xe đạp Thống Nhất Puppy 20 Kem,Kem,5.0,5250000.0
KH-00065,CÔNG TY CỔ PHẦN QUANG VINH,000207004000000,Xe đạp Thống Nhất 219-05-26,219-05-26,6.0,7500000.0
KH-00065,CÔNG TY CỔ PHẦN QUANG VINH,000209002025000,Xe đạp Thống Nhất 219-26 Xanh Tím,Xanh Tím,22.0,25300000.0
KH-00065,CÔNG TY CỔ PHẦN QUANG VINH,000214004000000,Xe đạp Thống Nhất GN 05-26,05-26,8.0,10000000.0
KH-00065,CÔNG TY CỔ PHẦN QUANG VINH,000216003001000,Xe đạp Thống Nhất GN 06-24 2.0 Đen,Đen,12.0,14400000.0
KH-00065,CÔNG TY CỔ PHẦN QUANG VINH,000216003008000,Xe đạp Thống Nhất GN 06-24 2.0 Ghi,Ghi,11.0,13200000.0
KH-00065,CÔNG TY CỔ PHẦN QUANG VINH,000217003001000,Xe đạp Thống Nhất GN 06-26 2.0 Đen,Đen,6.0,7500000.0
KH-00065,CÔNG TY CỔ PHẦN QUANG VINH,000217003008000,Xe đạp Thống Nhất GN 06-26 2.0 Ghi,Ghi,12.0,15000000.0
KH-00065,CÔNG TY CỔ PHẦN QUANG VINH,000224002002000,Xe đạp Thống Nhất New 24 Trắng,Trắng,19.0,21470000.0
KH-00065,CÔNG TY CỔ PHẦN QUANG VINH,000224002015000,Xe đạp Thống Nhất New 24 Café/nâu,Café/nâu,11.0,12430000.0
KH-00065,CÔNG TY CỔ PHẦN QUANG VINH,000224002023000,Xe đạp Thống Nhất New 24 Kem,Kem,26.0,29380000.0
KH-00065,CÔNG TY CỔ PHẦN QUANG VINH,000224002026000,Xe đạp Thống Nhất New 24 Xanh mint,Xanh mint,5.0,5650000.0
KH-00065,CÔNG TY CỔ PHẦN QUANG VINH,000225002002000,Xe đạp Thống Nhất New 26 Trắng,Trắng,38.0,44840000.0
KH-00065,CÔNG TY CỔ PHẦN QUANG VINH,000225002015000,Xe đạp Thống Nhất New 26 Café/nâu,Café/nâu,15.0,17700000.0
KH-00065,CÔNG TY CỔ PHẦN QUANG VINH,000225002023000,Xe đạp Thống Nhất New 26 Kem,Kem,45.0,53100000.0
KH-00065,CÔNG TY CỔ PHẦN QUANG VINH,000225002025000,Xe đạp Thống Nhất New 26 Xanh mint,Xanh mint,11.0,12980000.0
KH-00065,CÔNG TY CỔ PHẦN QUANG VINH,000226003002000,Xe đạp Thống Nhất LD 24-01_2023 Trắng,Trắng,5.0,6000000.0
KH-00065,CÔNG TY CỔ PHẦN QUANG VINH,000226003014000,Xe đạp Thống Nhất LD 24-01_2023 Xanh Santorini,Xanh Santorini,1.0,1200000.0
KH-00065,CÔNG TY CỔ PHẦN QUANG VINH,000226003015000,Xe đạp Thống Nhất LD 24-01_2023 Café/nâu,Café/nâu,5.0,6000000.0
KH-00065,CÔNG TY CỔ PHẦN QUANG VINH,000226003023000,Xe đạp Thống Nhất LD 24-01_2023 Kem,Kem,15.0,18000000.0
KH-00065,CÔNG TY CỔ PHẦN QUANG VINH,000331002008000,Xe đạp Thống Nhất MTB 26-02 Ghi,Ghi,10.0,12500000.0
KH-00065,CÔNG TY CỔ PHẦN QUANG VINH,000331002022000,Xe đạp Thống Nhất MTB 26-02 Xanh dương,Xanh dương,1.0,1250000.0
KH-00065,CÔNG TY CỔ PHẦN QUANG VINH,000335002001000,Xe đạp Thống Nhất Super 24 Đen,Đen,5.0,6000000.0
KH-00065,CÔNG TY CỔ PHẦN QUANG VINH,000401002016000,"Xe đạp Thống Nhất Nữ Truyền thống Lốp đỏ, Ngọc",Ngọc,1.0,1300000.0
KH-00067,DOANH NGHIỆP TW NGỌC ANH,000125002009000,Xe đạp Thống Nhất Puppy 20 Hồng,Hồng,3.0,3150000.0
KH-00067,DOANH NGHIỆP TW NGỌC ANH,000131002001002,Xe đạp Thống Nhất GN 06 20 2024 Đen,Đen,2.0,2400000.0
KH-00067,DOANH NGHIỆP TW NGỌC ANH,000131002008001,Xe đạp Thống Nhất GN 06 20 2024 Ghi,Ghi,2.0,2400000.0
KH-00067,DOANH NGHIỆP TW NGỌC ANH,000207004000000,Xe đạp Thống Nhất 219-05-26,219-05-26,3.0,3750000.0
KH-00067,DOANH NGHIỆP TW NGỌC ANH,000214004000000,Xe đạp Thống Nhất GN 05-26,05-26,13.0,16250000.0
KH-00067,DOANH NGHIỆP TW NGỌC ANH,000216003001000,Xe đạp Thống Nhất GN 06-24 2.0 Đen,Đen,3.0,3600000.0
KH-00067,DOANH NGHIỆP TW NGỌC ANH,000216003008000,Xe đạp Thống Nhất GN 06-24 2.0 Ghi,Ghi,6.0,7200000.0
KH-00067,DOANH NGHIỆP TW NGỌC ANH,000217003001000,Xe đạp Thống Nhất GN 06-26 2.0 Đen,Đen,2.0,2500000.0
KH-00067,DOANH NGHIỆP TW NGỌC ANH,000217003008000,Xe đạp Thống Nhất GN 06-26 2.0 Ghi,Ghi,3.0,3750000.0
KH-00067,DOANH NGHIỆP TW NGỌC ANH,000224002002000,Xe đạp Thống Nhất New 24 Trắng,Trắng,3.0,3390000.0
KH-00067,DOANH NGHIỆP TW NGỌC ANH,000224002015000,Xe đạp Thống Nhất New 24 Café/nâu,Café/nâu,2.0,2260000.0
KH-00067,DOANH NGHIỆP TW NGỌC ANH,000224002023000,Xe đạp Thống Nhất New 24 Kem,Kem,8.0,9040000.0
KH-00067,DOANH NGHIỆP TW NGỌC ANH,000224002026000,Xe đạp Thống Nhất New 24 Xanh mint,Xanh mint,1.0,1130000.0
KH-00067,DOANH NGHIỆP TW NGỌC ANH,000225002002000,Xe đạp Thống Nhất New 26 Trắng,Trắng,10.0,11800000.0
KH-00067,DOANH NGHIỆP TW NGỌC ANH,000225002015000,Xe đạp Thống Nhất New 26 Café/nâu,Café/nâu,4.0,4720000.0
KH-00067,DOANH NGHIỆP TW NGỌC ANH,000225002023000,Xe đạp Thống Nhất New 26 Kem,Kem,11.0,12980000.0
KH-00067,DOANH NGHIỆP TW NGỌC ANH,000225002025000,Xe đạp Thống Nhất New 26 Xanh mint,Xanh mint,3.0,3540000.0
KH-00067,DOANH NGHIỆP TW NGỌC ANH,000226003002000,Xe đạp Thống Nhất LD 24-01_2023 Trắng,Trắng,1.0,1200000.0
KH-00067,DOANH NGHIỆP TW NGỌC ANH,000226003023000,Xe đạp Thống Nhất LD 24-01_2023 Kem,Kem,1.0,1200000.0
KH-00067,DOANH NGHIỆP TW NGỌC ANH,000335002001000,Xe đạp Thống Nhất Super 24 Đen,Đen,1.0,1200000.0
KH-00067,DOANH NGHIỆP TW NGỌC ANH,000401002016000,"Xe đạp Thống Nhất Nữ Truyền thống Lốp đỏ, Ngọc",Ngọc,1.0,1300000.0
KH-00075,CÔNG TY CỔ PHẦN ĐÔNG NAM,000125002009000,Xe đạp Thống Nhất Puppy 20 Hồng,Hồng,3.0,3150000.0
KH-00075,CÔNG TY CỔ PHẦN ĐÔNG NAM,000125002013000,Xe đạp Thống Nhất Puppy 20 Xanh,Xanh,1.0,1050000.0
KH-00075,CÔNG TY CỔ PHẦN ĐÔNG NAM,000125002023000,Xe đạp Thống Nhất Puppy 20 Kem,Kem,4.0,4200000.0
KH-00075,CÔNG TY CỔ PHẦN ĐÔNG NAM,000207004000000,Xe đạp Thống Nhất 219-05-26,219-05-26,14.0,18383332.0
KH-00075,CÔNG TY CỔ PHẦN ĐÔNG NAM,000209002025000,Xe đạp Thống Nhất 219-26 Xanh Tím,Xanh Tím,9.0,10350000.0
KH-00075,CÔNG TY CỔ PHẦN ĐÔNG NAM,000214004000000,Xe đạp Thống Nhất GN 05-26,05-26,16.0,21177776.0
KH-00075,CÔNG TY CỔ PHẦN ĐÔNG NAM,000217003001000,Xe đạp Thống Nhất GN 06-26 2.0 Đen,Đen,5.0,6250000.0
KH-00075,CÔNG TY CỔ PHẦN ĐÔNG NAM,000217003008000,Xe đạp Thống Nhất GN 06-26 2.0 Ghi,Ghi,8.0,10000000.0
KH-00075,CÔNG TY CỔ PHẦN ĐÔNG NAM,000224002002000,Xe đạp Thống Nhất New 24 Trắng,Trắng,3.0,3828888.0
KH-00075,CÔNG TY CỔ PHẦN ĐÔNG NAM,000224002015000,Xe đạp Thống Nhất New 24 Café/nâu,Café/nâu,1.0,1130000.0
KH-00075,CÔNG TY CỔ PHẦN ĐÔNG NAM,000224002023000,Xe đạp Thống Nhất New 24 Kem,Kem,3.0,3390000.0
KH-00075,CÔNG TY CỔ PHẦN ĐÔNG NAM,000225002002000,Xe đạp Thống Nhất New 26 Trắng,Trắng,3.0,3540000.0
KH-00075,CÔNG TY CỔ PHẦN ĐÔNG NAM,000225002015000,Xe đạp Thống Nhất New 26 Café/nâu,Café/nâu,9.0,10620000.0
KH-00075,CÔNG TY CỔ PHẦN ĐÔNG NAM,000225002023000,Xe đạp Thống Nhất New 26 Kem,Kem,7.0,8260000.0
KH-00075,CÔNG TY CỔ PHẦN ĐÔNG NAM,000225002025000,Xe đạp Thống Nhất New 26 Xanh mint,Xanh mint,2.0,2360000.0
KH-00075,CÔNG TY CỔ PHẦN ĐÔNG NAM,000226003002000,Xe đạp Thống Nhất LD 24-01_2023 Trắng,Trắng,3.0,3600000.0
KH-00075,CÔNG TY CỔ PHẦN ĐÔNG NAM,000226003014000,Xe đạp Thống Nhất LD 24-01_2023 Xanh Santorini,Xanh Santorini,4.0,4800000.0
KH-00075,CÔNG TY CỔ PHẦN ĐÔNG NAM,000226003015000,Xe đạp Thống Nhất LD 24-01_2023 Café/nâu,Café/nâu,3.0,3600000.0
KH-00075,CÔNG TY CỔ PHẦN ĐÔNG NAM,000226003023000,Xe đạp Thống Nhất LD 24-01_2023 Kem,Kem,33.0,43577776.0
KH-00075,CÔNG TY CỔ PHẦN ĐÔNG NAM,000331002008000,Xe đạp Thống Nhất MTB 26-02 Ghi,Ghi,21.0,26250000.0
KH-00075,CÔNG TY CỔ PHẦN ĐÔNG NAM,000331002022000,Xe đạp Thống Nhất MTB 26-02 Xanh dương,Xanh dương,5.0,7376666.0
KH-00075,CÔNG TY CỔ PHẦN ĐÔNG NAM,000335002001000,Xe đạp Thống Nhất Super 24 Đen,Đen,3.0,3600000.0
KH-00075,CÔNG TY CỔ PHẦN ĐÔNG NAM,000401002016000,"Xe đạp Thống Nhất Nữ Truyền thống Lốp đỏ, Ngọc",Ngọc,3.0,3900000.0
KH-00075,CÔNG TY CỔ PHẦN ĐÔNG NAM,1000310050010000,Xe đạp Thống Nhất Road RPD 700C Đen,Đen,9.0,19350000.0
KH-00076,CỬA HÀNG XE ĐẠP ĐẠI LỢI,000125002009000,Xe đạp Thống Nhất Puppy 20 Hồng,Hồng,12.0,14246664.0
KH-00076,CỬA HÀNG XE ĐẠP ĐẠI LỢI,000125002013000,Xe đạp Thống Nhất Puppy 20 Xanh,Xanh,1.0,1050000.0
KH-00076,CỬA HÀNG XE ĐẠP ĐẠI LỢI,000125002023000,Xe đạp Thống Nhất Puppy 20 Kem,Kem,3.0,3150000.0
KH-00076,CỬA HÀNG XE ĐẠP ĐẠI LỢI,000131002001002,Xe đạp Thống Nhất GN 06 20 2024 Đen,Đen,3.0,3551388.0
KH-00076,CỬA HÀNG XE ĐẠP ĐẠI LỢI,000207004000000,Xe đạp Thống Nhất 219-05-26,219-05-26,2.0,3088888.0
KH-00076,CỬA HÀNG XE ĐẠP ĐẠI LỢI,000216003008000,Xe đạp Thống Nhất GN 06-24 2.0 Ghi,Ghi,5.0,7722220.0
KH-00076,CỬA HÀNG XE ĐẠP ĐẠI LỢI,000224002002000,Xe đạp Thống Nhất New 24 Trắng,Trắng,7.0,10912776.0
KH-00076,CỬA HÀNG XE ĐẠP ĐẠI LỢI,000224002015000,Xe đạp Thống Nhất New 24 Café/nâu,Café/nâu,7.0,10912776.0
KH-00076,CỬA HÀNG XE ĐẠP ĐẠI LỢI,000224002023000,Xe đạp Thống Nhất New 24 Kem,Kem,7.0,8760000.0
KH-00076,CỬA HÀNG XE ĐẠP ĐẠI LỢI,000224002026000,Xe đạp Thống Nhất New 24 Xanh mint,Xanh mint,7.0,10912776.0
KH-00076,CỬA HÀNG XE ĐẠP ĐẠI LỢI,000225002002000,Xe đạp Thống Nhất New 26 Trắng,Trắng,5.0,5900000.0
KH-00076,CỬA HÀNG XE ĐẠP ĐẠI LỢI,000225002015000,Xe đạp Thống Nhất New 26 Café/nâu,Café/nâu,23.0,31640000.0
KH-00076,CỬA HÀNG XE ĐẠP ĐẠI LỢI,000225002023000,Xe đạp Thống Nhất New 26 Kem,Kem,40.0,56200000.0
KH-00076,CỬA HÀNG XE ĐẠP ĐẠI LỢI,000225002025000,Xe đạp Thống Nhất New 26 Xanh mint,Xanh mint,13.0,18940000.0
KH-00076,CỬA HÀNG XE ĐẠP ĐẠI LỢI,000226003023000,Xe đạp Thống Nhất LD 24-01_2023 Kem,Kem,19.0,27772220.0
KH-00076,CỬA HÀNG XE ĐẠP ĐẠI LỢI,000230002023000,Xe đạp Thống Nhất LD 26 Kem,Kem,30.0,54399990.0
KH-00076,CỬA HÀNG XE ĐẠP ĐẠI LỢI,000331002008000,Xe đạp Thống Nhất MTB 26-02 Ghi,Ghi,42.0,70318321.0
KH-00076,CỬA HÀNG XE ĐẠP ĐẠI LỢI,000331002022000,Xe đạp Thống Nhất MTB 26-02 Xanh dương,Xanh dương,1.0,1813333.0
KH-00076,CỬA HÀNG XE ĐẠP ĐẠI LỢI,1000310050010000,Xe đạp Thống Nhất Road RPD 700C Đen,Đen,3.0,6450000.0
KH-00078,HỘ KINH DOANH VĨNH PHÁT,000125002009000,Xe đạp Thống Nhất Puppy 20 Hồng,Hồng,8.0,8400000.0
KH-00078,HỘ KINH DOANH VĨNH PHÁT,000125002013000,Xe đạp Thống Nhất Puppy 20 Xanh,Xanh,3.0,3150000.0
KH-00078,HỘ KINH DOANH VĨNH PHÁT,000125002023000,Xe đạp Thống Nhất Puppy 20 Kem,Kem,3.0,3424444.0
KH-00078,HỘ KINH DOANH VĨNH PHÁT,000209002025000,Xe đạp Thống Nhất 219-26 Xanh Tím,Xanh Tím,4.0,4600000.0
KH-00078,HỘ KINH DOANH VĨNH PHÁT,000216003001000,Xe đạp Thống Nhất GN 06-24 2.0 Đen,Đen,2.0,2744444.0
KH-00078,HỘ KINH DOANH VĨNH PHÁT,000216003008000,Xe đạp Thống Nhất GN 06-24 2.0 Ghi,Ghi,2.0,2744444.0
KH-00078,HỘ KINH DOANH VĨNH PHÁT,000217003001000,Xe đạp Thống Nhất GN 06-26 2.0 Đen,Đen,1.0,1250000.0
KH-00078,HỘ KINH DOANH VĨNH PHÁT,000217003008000,Xe đạp Thống Nhất GN 06-26 2.0 Ghi,Ghi,9.0,11961110.0
KH-00078,HỘ KINH DOANH VĨNH PHÁT,000224002002000,Xe đạp Thống Nhất New 24 Trắng,Trắng,2.0,2260000.0
KH-00078,HỘ KINH DOANH VĨNH PHÁT,000224002015000,Xe đạp Thống Nhất New 24 Café/nâu,Café/nâu,10.0,11300000.0
KH-00078,HỘ KINH DOANH VĨNH PHÁT,000224002023000,Xe đạp Thống Nhất New 24 Kem,Kem,17.0,19210000.0
KH-00078,HỘ KINH DOANH VĨNH PHÁT,000224002026000,Xe đạp Thống Nhất New 24 Xanh mint,Xanh mint,3.0,3390000.0
KH-00078,HỘ KINH DOANH VĨNH PHÁT,000225002002000,Xe đạp Thống Nhất New 26 Trắng,Trắng,4.0,4720000.0
KH-00078,HỘ KINH DOANH VĨNH PHÁT,000225002015000,Xe đạp Thống Nhất New 26 Café/nâu,Café/nâu,10.0,13150000.0
KH-00078,HỘ KINH DOANH VĨNH PHÁT,000225002023000,Xe đạp Thống Nhất New 26 Kem,Kem,27.0,34110000.0
KH-00078,HỘ KINH DOANH VĨNH PHÁT,000225002025000,Xe đạp Thống Nhất New 26 Xanh mint,Xanh mint,1.0,1630000.0
KH-00078,HỘ KINH DOANH VĨNH PHÁT,000226003002000,Xe đạp Thống Nhất LD 24-01_2023 Trắng,Trắng,1.0,1200000.0
KH-00078,HỘ KINH DOANH VĨNH PHÁT,000226003014000,Xe đạp Thống Nhất LD 24-01_2023 Xanh Santorini,Xanh Santorini,3.0,3600000.0
KH-00078,HỘ KINH DOANH VĨNH PHÁT,000226003015000,Xe đạp Thống Nhất LD 24-01_2023 Café/nâu,Café/nâu,2.0,2400000.0
KH-00078,HỘ KINH DOANH VĨNH PHÁT,000226003023000,Xe đạp Thống Nhất LD 24-01_2023 Kem,Kem,14.0,19286110.0
KH-00078,HỘ KINH DOANH VĨNH PHÁT,000230002023000,Xe đạp Thống Nhất LD 26 Kem,Kem,5.0,9066665.0
KH-00078,HỘ KINH DOANH VĨNH PHÁT,000331002008000,Xe đạp Thống Nhất MTB 26-02 Ghi,Ghi,13.0,17939999.0
KH-00078,HỘ KINH DOANH VĨNH PHÁT,000331002022000,Xe đạp Thống Nhất MTB 26-02 Xanh dương,Xanh dương,3.0,3750000.0
KH-00078,HỘ KINH DOANH VĨNH PHÁT,000335002001000,Xe đạp Thống Nhất Super 24 Đen,Đen,2.0,2400000.0
KH-00078,HỘ KINH DOANH VĨNH PHÁT,1000310050010000,Xe đạp Thống Nhất Road RPD 700C Đen,Đen,2.0,4300000.0
KH-00079,CÔNG TY TNHH ĐÔNG NAM,000125002009000,Xe đạp Thống Nhất Puppy 20 Hồng,Hồng,5.0,6347776.0
KH-00079,CÔNG TY TNHH ĐÔNG NAM,000125002013000,Xe đạp Thống Nhất Puppy 20 Xanh,Xanh,1.0,1324444.0
KH-00079,CÔNG TY TNHH ĐÔNG NAM,000207004000000,Xe đạp Thống Nhất 219-05-26,219-05-26,4.0,5000000.0
KH-00079,CÔNG TY TNHH ĐÔNG NAM,000209002025000,Xe đạp Thống Nhất 219-26 Xanh Tím,Xanh Tím,2.0,2300000.0
KH-00079,CÔNG TY TNHH ĐÔNG NAM,000214004000000,Xe đạp Thống Nhất GN 05-26,05-26,1.0,1250000.0
KH-00079,CÔNG TY TNHH ĐÔNG NAM,000224002002000,Xe đạp Thống Nhất New 24 Trắng,Trắng,5.0,6075000.0
KH-00079,CÔNG TY TNHH ĐÔNG NAM,000224002023000,Xe đạp Thống Nhất New 24 Kem,Kem,7.0,8773888.0
KH-00079,CÔNG TY TNHH ĐÔNG NAM,000225002002000,Xe đạp Thống Nhất New 26 Trắng,Trắng,4.0,6492222.0
KH-00079,CÔNG TY TNHH ĐÔNG NAM,000225002015000,Xe đạp Thống Nhất New 26 Café/nâu,Café/nâu,9.0,13278333.0
KH-00079,CÔNG TY TNHH ĐÔNG NAM,000225002023000,Xe đạp Thống Nhất New 26 Kem,Kem,18.0,23898333.0
KH-00079,CÔNG TY TNHH ĐÔNG NAM,000225002025000,Xe đạp Thống Nhất New 26 Xanh mint,Xanh mint,7.0,8696111.0
KH-00079,CÔNG TY TNHH ĐÔNG NAM,000331002008000,Xe đạp Thống Nhất MTB 26-02 Ghi,Ghi,4.0,7225554.0
KH-00079,CÔNG TY TNHH ĐÔNG NAM,000331002022000,Xe đạp Thống Nhất MTB 26-02 Xanh dương,Xanh dương,2.0,3063333.0
KH-00083,CÔNG TY CỔ PHẦN THƯƠNG MẠI THANH BÌNH,000125002009000,Xe đạp Thống Nhất Puppy 20 Hồng,Hồng,8.0,8400000.0
KH-00083,CÔNG TY CỔ PHẦN THƯƠNG MẠI THANH BÌNH,000125002013000,Xe đạp Thống Nhất Puppy 20 Xanh,Xanh,3.0,3150000.0
KH-00083,CÔNG TY CỔ PHẦN THƯƠNG MẠI THANH BÌNH,000125002023000,Xe đạp Thống Nhất Puppy 20 Kem,Kem,6.0,6300000.0
KH-00083,CÔNG TY CỔ PHẦN THƯƠNG MẠI THANH BÌNH,000131002001002,Xe đạp Thống Nhất GN 06 20 2024 Đen,Đen,3.0,3600000.0
KH-00083,CÔNG TY CỔ PHẦN THƯƠNG MẠI THANH BÌNH,000131002008001,Xe đạp Thống Nhất GN 06 20 2024 Ghi,Ghi,3.0,3600000.0
KH-00083,CÔNG TY CỔ PHẦN THƯƠNG MẠI THANH BÌNH,000207004000000,Xe đạp Thống Nhất 219-05-26,219-05-26,3.0,3750000.0
KH-00083,CÔNG TY CỔ PHẦN THƯƠNG MẠI THANH BÌNH,000216003001000,Xe đạp Thống Nhất GN 06-24 2.0 Đen,Đen,8.0,9600000.0
KH-00083,CÔNG TY CỔ PHẦN THƯƠNG MẠI THANH BÌNH,000217003001000,Xe đạp Thống Nhất GN 06-26 2.0 Đen,Đen,6.0,7500000.0
KH-00083,CÔNG TY CỔ PHẦN THƯƠNG MẠI THANH BÌNH,000217003008000,Xe đạp Thống Nhất GN 06-26 2.0 Ghi,Ghi,6.0,7500000.0
KH-00083,CÔNG TY CỔ PHẦN THƯƠNG MẠI THANH BÌNH,000224002015000,Xe đạp Thống Nhất New 24 Café/nâu,Café/nâu,3.0,3390000.0
KH-00083,CÔNG TY CỔ PHẦN THƯƠNG MẠI THANH BÌNH,000224002023000,Xe đạp Thống Nhất New 24 Kem,Kem,5.0,5650000.0
KH-00083,CÔNG TY CỔ PHẦN THƯƠNG MẠI THANH BÌNH,000224002026000,Xe đạp Thống Nhất New 24 Xanh mint,Xanh mint,5.0,5650000.0
KH-00083,CÔNG TY CỔ PHẦN THƯƠNG MẠI THANH BÌNH,000225002002000,Xe đạp Thống Nhất New 26 Trắng,Trắng,1.0,1180000.0
KH-00083,CÔNG TY CỔ PHẦN THƯƠNG MẠI THANH BÌNH,000225002015000,Xe đạp Thống Nhất New 26 Café/nâu,Café/nâu,3.0,3540000.0
KH-00083,CÔNG TY CỔ PHẦN THƯƠNG MẠI THANH BÌNH,000225002023000,Xe đạp Thống Nhất New 26 Kem,Kem,4.0,4720000.0
KH-00083,CÔNG TY CỔ PHẦN THƯƠNG MẠI THANH BÌNH,000225002025000,Xe đạp Thống Nhất New 26 Xanh mint,Xanh mint,4.0,4720000.0
KH-00083,CÔNG TY CỔ PHẦN THƯƠNG MẠI THANH BÌNH,000226003002000,Xe đạp Thống Nhất LD 24-01_2023 Trắng,Trắng,5.0,6000000.0
KH-00083,CÔNG TY CỔ PHẦN THƯƠNG MẠI THANH BÌNH,000226003014000,Xe đạp Thống Nhất LD 24-01_2023 Xanh Santorini,Xanh Santorini,3.0,3600000.0
KH-00083,CÔNG TY CỔ PHẦN THƯƠNG MẠI THANH BÌNH,000226003015000,Xe đạp Thống Nhất LD 24-01_2023 Café/nâu,Café/nâu,3.0,3600000.0
KH-00083,CÔNG TY CỔ PHẦN THƯƠNG MẠI THANH BÌNH,000226003023000,Xe đạp Thống Nhất LD 24-01_2023 Kem,Kem,3.0,3600000.0
KH-00083,CÔNG TY CỔ PHẦN THƯƠNG MẠI THANH BÌNH,000335002001000,Xe đạp Thống Nhất Super 24 Đen,Đen,1.0,1200000.0
KH-00088,CỬA HÀNG XE ĐẠP SÁN LẠP,000125002009000,Xe đạp Thống Nhất Puppy 20 Hồng,Hồng,2.0,2100000.0
KH-00088,CỬA HÀNG XE ĐẠP SÁN LẠP,000125002013000,Xe đạp Thống Nhất Puppy 20 Xanh,Xanh,5.0,5250000.0
KH-00088,CỬA HÀNG XE ĐẠP SÁN LẠP,000125002023000,Xe đạp Thống Nhất Puppy 20 Kem,Kem,3.0,3150000.0
KH-00088,CỬA HÀNG XE ĐẠP SÁN LẠP,000131002001002,Xe đạp Thống Nhất GN 06 20 2024 Đen,Đen,5.0,5849535.0
KH-00088,CỬA HÀNG XE ĐẠP SÁN LẠP,000131002008001,Xe đạp Thống Nhất GN 06 20 2024 Ghi,Ghi,5.0,5849535.0
KH-00088,CỬA HÀNG XE ĐẠP SÁN LẠP,000207004000000,Xe đạp Thống Nhất 219-05-26,219-05-26,5.0,6250000.0
KH-00088,CỬA HÀNG XE ĐẠP SÁN LẠP,000209002025000,Xe đạp Thống Nhất 219-26 Xanh Tím,Xanh Tím,2.0,2300000.0
KH-00088,CỬA HÀNG XE ĐẠP SÁN LẠP,000216003001000,Xe đạp Thống Nhất GN 06-24 2.0 Đen,Đen,14.0,18452775.0
KH-00088,CỬA HÀNG XE ĐẠP SÁN LẠP,000216003008000,Xe đạp Thống Nhất GN 06-24 2.0 Ghi,Ghi,12.0,17705550.0
KH-00088,CỬA HÀNG XE ĐẠP SÁN LẠP,000217003001000,Xe đạp Thống Nhất GN 06-26 2.0 Đen,Đen,18.0,25916660.0
KH-00088,CỬA HÀNG XE ĐẠP SÁN LẠP,000217003008000,Xe đạp Thống Nhất GN 06-26 2.0 Ghi,Ghi,26.0,35916660.0
KH-00088,CỬA HÀNG XE ĐẠP SÁN LẠP,000224002002000,Xe đạp Thống Nhất New 24 Trắng,Trắng,2.0,2260000.0
KH-00088,CỬA HÀNG XE ĐẠP SÁN LẠP,000224002015000,Xe đạp Thống Nhất New 24 Café/nâu,Café/nâu,8.0,12440000.0
KH-00088,CỬA HÀNG XE ĐẠP SÁN LẠP,000224002023000,Xe đạp Thống Nhất New 24 Kem,Kem,16.0,23605000.0
KH-00088,CỬA HÀNG XE ĐẠP SÁN LẠP,000224002026000,Xe đạp Thống Nhất New 24 Xanh mint,Xanh mint,2.0,2260000.0
KH-00088,CỬA HÀNG XE ĐẠP SÁN LẠP,000225002015000,Xe đạp Thống Nhất New 26 Café/nâu,Café/nâu,6.0,9780000.0
KH-00088,CỬA HÀNG XE ĐẠP SÁN LẠP,000225002023000,Xe đạp Thống Nhất New 26 Kem,Kem,8.0,13040000.0
KH-00088,CỬA HÀNG XE ĐẠP SÁN LẠP,000225002025000,Xe đạp Thống Nhất New 26 Xanh mint,Xanh mint,3.0,4890000.0
KH-00088,CỬA HÀNG XE ĐẠP SÁN LẠP,000401002016000,"Xe đạp Thống Nhất Nữ Truyền thống Lốp đỏ, Ngọc",Ngọc,13.0,16900000.0
KH-00089,HỘ KINH DOANH TOÀN THẮNG,000131002001002,Xe đạp Thống Nhất GN 06 20 2024 Đen,Đen,17.0,20400000.0
KH-00089,HỘ KINH DOANH TOÀN THẮNG,000131002008001,Xe đạp Thống Nhất GN 06 20 2024 Ghi,Ghi,22.0,26400000.0
KH-00089,HỘ KINH DOANH TOÀN THẮNG,000216003001000,Xe đạp Thống Nhất GN 06-24 2.0 Đen,Đen,3.0,3600000.0
KH-00089,HỘ KINH DOANH TOÀN THẮNG,000217003001000,Xe đạp Thống Nhất GN 06-26 2.0 Đen,Đen,5.0,6250000.0
KH-00089,HỘ KINH DOANH TOÀN THẮNG,000217003008000,Xe đạp Thống Nhất GN 06-26 2.0 Ghi,Ghi,26.0,32500000.0
KH-00089,HỘ KINH DOANH TOÀN THẮNG,000224002015000,Xe đạp Thống Nhất New 24 Café/nâu,Café/nâu,2.0,2260000.0
KH-00089,HỘ KINH DOANH TOÀN THẮNG,000224002023000,Xe đạp Thống Nhất New 24 Kem,Kem,5.0,5650000.0
KH-00089,HỘ KINH DOANH TOÀN THẮNG,000225002023000,Xe đạp Thống Nhất New 26 Kem,Kem,3.0,3540000.0
KH-00091,CÔNG TY TNHH BÌNH MINH,000125002009000,Xe đạp Thống Nhất Puppy 20 Hồng,Hồng,189.0,198450000.0
KH-00091,CÔNG TY TNHH BÌNH MINH,000125002013000,Xe đạp Thống Nhất Puppy 20 Xanh,Xanh,89.0,93450000.0
KH-00091,CÔNG TY TNHH BÌNH MINH,000125002023000,Xe đạp Thống Nhất Puppy 20 Kem,Kem,89.0,93450000.0
KH-00091,CÔNG TY TNHH BÌNH MINH,000131002001002,Xe đạp Thống Nhất GN 06 20 2024 Đen,Đen,53.0,60950000.0
KH-00091,CÔNG TY TNHH BÌNH MINH,000131002008001,Xe đạp Thống Nhất GN 06 20 2024 Ghi,Ghi,48.0,55200000.0
KH-00091,CÔNG TY TNHH BÌNH MINH,000207004000000,Xe đạp Thống Nhất 219-05-26,219-05-26,2.0,2500000.0
KH-00091,CÔNG TY TNHH BÌNH MINH,000214004000000,Xe đạp Thống Nhất GN 05-26,05-26,40.0,50000000.0
KH-00091,CÔNG TY TNHH BÌNH MINH,000216003001000,Xe đạp Thống Nhất GN 06-24 2.0 Đen,Đen,17.0,20060000.0
KH-00091,CÔNG TY TNHH BÌNH MINH,000217003001000,Xe đạp Thống Nhất GN 06-26 2.0 Đen,Đen,30.0,37500000.0
KH-00091,CÔNG TY TNHH BÌNH MINH,000217003008000,Xe đạp Thống Nhất GN 06-26 2.0 Ghi,Ghi,18.0,22500000.0
KH-00091,CÔNG TY TNHH BÌNH MINH,000224002002000,Xe đạp Thống Nhất New 24 Trắng,Trắng,32.0,36160000.0
KH-00091,CÔNG TY TNHH BÌNH MINH,000224002015000,Xe đạp Thống Nhất New 24 Café/nâu,Café/nâu,20.0,22600000.0
KH-00091,CÔNG TY TNHH BÌNH MINH,000224002023000,Xe đạp Thống Nhất New 24 Kem,Kem,87.0,98310000.0
KH-00091,CÔNG TY TNHH BÌNH MINH,000224002026000,Xe đạp Thống Nhất New 24 Xanh mint,Xanh mint,45.0,50850000.0
KH-00091,CÔNG TY TNHH BÌNH MINH,000225002002000,Xe đạp Thống Nhất New 26 Trắng,Trắng,20.0,23600000.0
KH-00091,CÔNG TY TNHH BÌNH MINH,000225002015000,Xe đạp Thống Nhất New 26 Café/nâu,Café/nâu,20.0,23600000.0
KH-00091,CÔNG TY TNHH BÌNH MINH,000225002023000,Xe đạp Thống Nhất New 26 Kem,Kem,29.0,34400000.0
KH-00091,CÔNG TY TNHH BÌNH MINH,000225002025000,Xe đạp Thống Nhất New 26 Xanh mint,Xanh mint,20.0,23600000.0
KH-00091,CÔNG TY TNHH BÌNH MINH,000226003002000,Xe đạp Thống Nhất LD 24-01_2023 Trắng,Trắng,105.0,126000000.0
KH-00091,CÔNG TY TNHH BÌNH MINH,000226003014000,Xe đạp Thống Nhất LD 24-01_2023 Xanh Santorini,Xanh Santorini,78.0,93600000.0
KH-00091,CÔNG TY TNHH BÌNH MINH,000226003015000,Xe đạp Thống Nhất LD 24-01_2023 Café/nâu,Café/nâu,77.0,92400000.0
KH-00091,CÔNG TY TNHH BÌNH MINH,000226003023000,Xe đạp Thống Nhất LD 24-01_2023 Kem,Kem,123.0,147600000.0
KH-00091,CÔNG TY TNHH BÌNH MINH,000230002023000,Xe đạp Thống Nhất LD 26 Kem,Kem,64.0,81920000.0
KH-00091,CÔNG TY TNHH BÌNH MINH,000331002008000,Xe đạp Thống Nhất MTB 26-02 Ghi,Ghi,19.0,24700000.0
KH-00091,CÔNG TY TNHH BÌNH MINH,000331002022000,Xe đạp Thống Nhất MTB 26-02 Xanh dương,Xanh dương,8.0,10400000.0
KH-00091,CÔNG TY TNHH BÌNH MINH,000335002001000,Xe đạp Thống Nhất Super 24 Đen,Đen,36.0,45600000.0
KH-00091,CÔNG TY TNHH BÌNH MINH,1000310050010000,Xe đạp Thống Nhất Road RPD 700C Đen,Đen,27.0,58050000.0
KH-00097,CÔNG TY TNHH XUÂN MAI,000125002009000,Xe đạp Thống Nhất Puppy 20 Hồng,Hồng,3.0,3150000.0
KH-00097,CÔNG TY TNHH XUÂN MAI,000125002013000,Xe đạp Thống Nhất Puppy 20 Xanh,Xanh,2.0,2100000.0
KH-00097,CÔNG TY TNHH XUÂN MAI,000125002023000,Xe đạp Thống Nhất Puppy 20 Kem,Kem,3.0,3150000.0
KH-00097,CÔNG TY TNHH XUÂN MAI,000131002001002,Xe đạp Thống Nhất GN 06 20 2024 Đen,Đen,5.0,6000000.0
KH-00097,CÔNG TY TNHH XUÂN MAI,000131002008001,Xe đạp Thống Nhất GN 06 20 2024 Ghi,Ghi,4.0,4800000.0
KH-00097,CÔNG TY TNHH XUÂN MAI,000207004000000,Xe đạp Thống Nhất 219-05-26,219-05-26,2.0,2500000.0
KH-00097,CÔNG TY TNHH XUÂN MAI,000209002025000,Xe đạp Thống Nhất 219-26 Xanh Tím,Xanh Tím,2.0,2300000.0
KH-00097,CÔNG TY TNHH XUÂN MAI,000216003001000,Xe đạp Thống Nhất GN 06-24 2.0 Đen,Đen,4.0,4800000.0
KH-00097,CÔNG TY TNHH XUÂN MAI,000216003008000,Xe đạp Thống Nhất GN 06-24 2.0 Ghi,Ghi,6.0,7200000.0
KH-00097,CÔNG TY TNHH XUÂN MAI,000217003001000,Xe đạp Thống Nhất GN 06-26 2.0 Đen,Đen,3.0,3750000.0
KH-00097,CÔNG TY TNHH XUÂN MAI,000217003008000,Xe đạp Thống Nhất GN 06-26 2.0 Ghi,Ghi,5.0,6250000.0
KH-00097,CÔNG TY TNHH XUÂN MAI,000224002002000,Xe đạp Thống Nhất New 24 Trắng,Trắng,5.0,5650000.0
KH-00097,CÔNG TY TNHH XUÂN MAI,000224002015000,Xe đạp Thống Nhất New 24 Café/nâu,Café/nâu,1.0,1130000.0
KH-00097,CÔNG TY TNHH XUÂN MAI,000224002023000,Xe đạp Thống Nhất New 24 Kem,Kem,10.0,11300000.0
KH-00097,CÔNG TY TNHH XUÂN MAI,000224002026000,Xe đạp Thống Nhất New 24 Xanh mint,Xanh mint,2.0,2260000.0
KH-00097,CÔNG TY TNHH XUÂN MAI,000225002002000,Xe đạp Thống Nhất New 26 Trắng,Trắng,8.0,9440000.0
KH-00097,CÔNG TY TNHH XUÂN MAI,000225002015000,Xe đạp Thống Nhất New 26 Café/nâu,Café/nâu,3.0,3540000.0
KH-00097,CÔNG TY TNHH XUÂN MAI,000225002023000,Xe đạp Thống Nhất New 26 Kem,Kem,15.0,17700000.0
KH-00097,CÔNG TY TNHH XUÂN MAI,000225002025000,Xe đạp Thống Nhất New 26 Xanh mint,Xanh mint,1.0,1180000.0
KH-00097,CÔNG TY TNHH XUÂN MAI,000226003002000,Xe đạp Thống Nhất LD 24-01_2023 Trắng,Trắng,9.0,10800000.0
KH-00097,CÔNG TY TNHH XUÂN MAI,000226003014000,Xe đạp Thống Nhất LD 24-01_2023 Xanh Santorini,Xanh Santorini,4.0,4800000.0
KH-00097,CÔNG TY TNHH XUÂN MAI,000226003015000,Xe đạp Thống Nhất LD 24-01_2023 Café/nâu,Café/nâu,3.0,3600000.0
KH-00097,CÔNG TY TNHH XUÂN MAI,000226003023000,Xe đạp Thống Nhất LD 24-01_2023 Kem,Kem,7.0,8400000.0
KH-00097,CÔNG TY TNHH XUÂN MAI,000331002008000,Xe đạp Thống Nhất MTB 26-02 Ghi,Ghi,2.0,2500000.0
KH-00097,CÔNG TY TNHH XUÂN MAI,000331002022000,Xe đạp Thống Nhất MTB 26-02 Xanh dương,Xanh dương,2.0,2500000.0
KH-00097,CÔNG TY TNHH XUÂN MAI,000401002016000,"Xe đạp Thống Nhất Nữ Truyền thống Lốp đỏ, Ngọc",Ngọc,3.0,3900000.0
KH-00098,HỘ KINH DOANH MẶT TRỜI,000125002009000,Xe đạp Thống Nhất Puppy 20 Hồng,Hồng,8.0,8400000.0
KH-00098,HỘ KINH DOANH MẶT TRỜI,000125002013000,Xe đạp Thống Nhất Puppy 20 Xanh,Xanh,2.0,2100000.0
KH-00098,HỘ KINH DOANH MẶT TRỜI,000125002023000,Xe đạp Thống Nhất Puppy 20 Kem,Kem,3.0,3150000.0
KH-00098,HỘ KINH DOANH MẶT TRỜI,000131002008001,Xe đạp Thống Nhất GN 06 20 2024 Ghi,Ghi,3.0,3600000.0
KH-00098,HỘ KINH DOANH MẶT TRỜI,000207004000000,Xe đạp Thống Nhất 219-05-26,219-05-26,5.0,6250000.0
KH-00098,HỘ KINH DOANH MẶT TRỜI,000209002025000,Xe đạp Thống Nhất 219-26 Xanh Tím,Xanh Tím,2.0,2300000.0
KH-00098,HỘ KINH DOANH MẶT TRỜI,000216003001000,Xe đạp Thống Nhất GN 06-24 2.0 Đen,Đen,15.0,18000000.0
KH-00098,HỘ KINH DOANH MẶT TRỜI,000216003008000,Xe đạp Thống Nhất GN 06-24 2.0 Ghi,Ghi,1.0,1200000.0
KH-00098,HỘ KINH DOANH MẶT TRỜI,000217003001000,Xe đạp Thống Nhất GN 06-26 2.0 Đen,Đen,16.0,20000000.0
KH-00098,HỘ KINH DOANH MẶT TRỜI,000217003008000,Xe đạp Thống Nhất GN 06-26 2.0 Ghi,Ghi,1.0,1250000.0
KH-00098,HỘ KINH DOANH MẶT TRỜI,000224002015000,Xe đạp Thống Nhất New 24 Café/nâu,Café/nâu,19.0,21470000.0
KH-00098,HỘ KINH DOANH MẶT TRỜI,000224002023000,Xe đạp Thống Nhất New 24 Kem,Kem,40.0,45200000.0
KH-00098,HỘ KINH DOANH MẶT TRỜI,000224002026000,Xe đạp Thống Nhất New 24 Xanh mint,Xanh mint,2.0,2260000.0
KH-00098,HỘ KINH DOANH MẶT TRỜI,000225002002000,Xe đạp Thống Nhất New 26 Trắng,Trắng,5.0,5900000.0
KH-00098,HỘ KINH DOANH MẶT TRỜI,000225002015000,Xe đạp Thống Nhất New 26 Café/nâu,Café/nâu,12.0,14160000.0
KH-00098,HỘ KINH DOANH MẶT TRỜI,000225002023000,Xe đạp Thống Nhất New 26 Kem,Kem,36.0,42480000.0
KH-00098,HỘ KINH DOANH MẶT TRỜI,000225002025000,Xe đạp Thống Nhất New 26 Xanh mint,Xanh mint,22.0,25960000.0
KH-00098,HỘ KINH DOANH MẶT TRỜI,000226003002000,Xe đạp Thống Nhất LD 24-01_2023 Trắng,Trắng,5.0,6000000.0
KH-00098,HỘ KINH DOANH MẶT TRỜI,000226003014000,Xe đạp Thống Nhất LD 24-01_2023 Xanh Santorini,Xanh Santorini,5.0,6000000.0
KH-00098,HỘ KINH DOANH MẶT TRỜI,000226003015000,Xe đạp Thống Nhất LD 24-01_2023 Café/nâu,Café/nâu,5.0,6000000.0
KH-00098,HỘ KINH DOANH MẶT TRỜI,000226003023000,Xe đạp Thống Nhất LD 24-01_2023 Kem,Kem,5.0,6000000.0
KH-00104,DOANH NGHIỆP TW THUỶ TIÊN,000209002025000,Xe đạp Thống Nhất 219-26 Xanh Tím,Xanh Tím,3.0,3450000.0
KH-00104,DOANH NGHIỆP TW THUỶ TIÊN,000217003001000,Xe đạp Thống Nhất GN 06-26 2.0 Đen,Đen,5.0,6250000.0
KH-00104,DOANH NGHIỆP TW THUỶ TIÊN,000217003008000,Xe đạp Thống Nhất GN 06-26 2.0 Ghi,Ghi,5.0,6250000.0
KH-00104,DOANH NGHIỆP TW THUỶ TIÊN,000224002002000,Xe đạp Thống Nhất New 24 Trắng,Trắng,5.0,5650000.0
KH-00104,DOANH NGHIỆP TW THUỶ TIÊN,000224002015000,Xe đạp Thống Nhất New 24 Café/nâu,Café/nâu,3.0,3390000.0
KH-00104,DOANH NGHIỆP TW THUỶ TIÊN,000224002023000,Xe đạp Thống Nhất New 24 Kem,Kem,14.0,15820000.0
KH-00104,DOANH NGHIỆP TW THUỶ TIÊN,000224002026000,Xe đạp Thống Nhất New 24 Xanh mint,Xanh mint,6.0,6780000.0
KH-00104,DOANH NGHIỆP TW THUỶ TIÊN,000225002002000,Xe đạp Thống Nhất New 26 Trắng,Trắng,9.0,10620000.0
KH-00104,DOANH NGHIỆP TW THUỶ TIÊN,000225002015000,Xe đạp Thống Nhất New 26 Café/nâu,Café/nâu,3.0,3540000.0
KH-00104,DOANH NGHIỆP TW THUỶ TIÊN,000225002023000,Xe đạp Thống Nhất New 26 Kem,Kem,18.0,21240000.0
KH-00104,DOANH NGHIỆP TW THUỶ TIÊN,000225002025000,Xe đạp Thống Nhất New 26 Xanh mint,Xanh mint,5.0,5900000.0
KH-00104,DOANH NGHIỆP TW THUỶ TIÊN,000226003002000,Xe đạp Thống Nhất LD 24-01_2023 Trắng,Trắng,5.0,6000000.0
KH-00104,DOANH NGHIỆP TW THUỶ TIÊN,000226003023000,Xe đạp Thống Nhất LD 24-01_2023 Kem,Kem,8.0,9600000.0
KH-00104,DOANH NGHIỆP TW THUỶ TIÊN,000331002008000,Xe đạp Thống Nhất MTB 26-02 Ghi,Ghi,1.0,1250000.0
KH-00104,DOANH NGHIỆP TW THUỶ TIÊN,000331002022000,Xe đạp Thống Nhất MTB 26-02 Xanh dương,Xanh dương,1.0,1250000.0
KH-00104,DOANH NGHIỆP TW THUỶ TIÊN,000335002001000,Xe đạp Thống Nhất Super 24 Đen,Đen,1.0,1200000.0
KH-00104,DOANH NGHIỆP TW THUỶ TIÊN,000401002016000,"Xe đạp Thống Nhất Nữ Truyền thống Lốp đỏ, Ngọc",Ngọc,47.0,61100000.0
KH-00130,CÔNG TY CỔ PHẦN THƯƠNG MẠI THUỶ TIÊN,000125002009000,Xe đạp Thống Nhất Puppy 20 Hồng,Hồng,1.0,1050000.0
KH-00130,CÔNG TY CỔ PHẦN THƯƠNG MẠI THUỶ TIÊN,000125002023000,Xe đạp Thống Nhất Puppy 20 Kem,Kem,2.0,2100000.0
KH-00130,CÔNG TY CỔ PHẦN THƯƠNG MẠI THUỶ TIÊN,000131002001002,Xe đạp Thống Nhất GN 06 20 2024 Đen,Đen,1.0,1200000.0
KH-00130,CÔNG TY CỔ PHẦN THƯƠNG MẠI THUỶ TIÊN,000131002008001,Xe đạp Thống Nhất GN 06 20 2024 Ghi,Ghi,2.0,2400000.0
KH-00130,CÔNG TY CỔ PHẦN THƯƠNG MẠI THUỶ TIÊN,000216003001000,Xe đạp Thống Nhất GN 06-24 2.0 Đen,Đen,1.0,1200000.0
KH-00130,CÔNG TY CỔ PHẦN THƯƠNG MẠI THUỶ TIÊN,000217003001000,Xe đạp Thống Nhất GN 06-26 2.0 Đen,Đen,3.0,3750000.0
KH-00130,CÔNG TY CỔ PHẦN THƯƠNG MẠI THUỶ TIÊN,000217003008000,Xe đạp Thống Nhất GN 06-26 2.0 Ghi,Ghi,2.0,2500000.0
KH-00130,CÔNG TY CỔ PHẦN THƯƠNG MẠI THUỶ TIÊN,000224002002000,Xe đạp Thống Nhất New 24 Trắng,Trắng,4.0,4520000.0
KH-00130,CÔNG TY CỔ PHẦN THƯƠNG MẠI THUỶ TIÊN,000224002015000,Xe đạp Thống Nhất New 24 Café/nâu,Café/nâu,8.0,9040000.0
KH-00130,CÔNG TY CỔ PHẦN THƯƠNG MẠI THUỶ TIÊN,000224002023000,Xe đạp Thống Nhất New 24 Kem,Kem,10.0,11300000.0
KH-00130,CÔNG TY CỔ PHẦN THƯƠNG MẠI THUỶ TIÊN,000225002002000,Xe đạp Thống Nhất New 26 Trắng,Trắng,5.0,5900000.0
KH-00130,CÔNG TY CỔ PHẦN THƯƠNG MẠI THUỶ TIÊN,000225002015000,Xe đạp Thống Nhất New 26 Café/nâu,Café/nâu,6.0,7080000.0
KH-00130,CÔNG TY CỔ PHẦN THƯƠNG MẠI THUỶ TIÊN,000225002023000,Xe đạp Thống Nhất New 26 Kem,Kem,7.0,8260000.0
KH-00130,CÔNG TY CỔ PHẦN THƯƠNG MẠI THUỶ TIÊN,000226003002000,Xe đạp Thống Nhất LD 24-01_2023 Trắng,Trắng,5.0,6000000.0
KH-00130,CÔNG TY CỔ PHẦN THƯƠNG MẠI THUỶ TIÊN,000226003014000,Xe đạp Thống Nhất LD 24-01_2023 Xanh Santorini,Xanh Santorini,3.0,3600000.0
KH-00130,CÔNG TY CỔ PHẦN THƯƠNG MẠI THUỶ TIÊN,000226003015000,Xe đạp Thống Nhất LD 24-01_2023 Café/nâu,Café/nâu,3.0,3600000.0
KH-00130,CÔNG TY CỔ PHẦN THƯƠNG MẠI THUỶ TIÊN,000226003023000,Xe đạp Thống Nhất LD 24-01_2023 Kem,Kem,15.0,18000000.0
KH-00130,CÔNG TY CỔ PHẦN THƯƠNG MẠI THUỶ TIÊN,000331002008000,Xe đạp Thống Nhất MTB 26-02 Ghi,Ghi,1.0,1250000.0
KH-00130,CÔNG TY CỔ PHẦN THƯƠNG MẠI THUỶ TIÊN,000331002022000,Xe đạp Thống Nhất MTB 26-02 Xanh dương,Xanh dương,2.0,2500000.0
KH-00130,CÔNG TY CỔ PHẦN THƯƠNG MẠI THUỶ TIÊN,000335002001000,Xe đạp Thống Nhất Super 24 Đen,Đen,1.0,1200000.0
KH-00130,CÔNG TY CỔ PHẦN THƯƠNG MẠI THUỶ TIÊN,000401002016000,"Xe đạp Thống Nhất Nữ Truyền thống Lốp đỏ, Ngọc",Ngọc,33.0,42900000.0
KH-00132,CÔNG TY TNHH THƯƠNG MẠI HOÀ BÌNH,000207004000000,Xe đạp Thống Nhất 219-05-26,219-05-26,2.0,2500000.0
KH-00132,CÔNG TY TNHH THƯƠNG MẠI HOÀ BÌNH,000216003001000,Xe đạp Thống Nhất GN 06-24 2.0 Đen,Đen,16.0,19200000.0
KH-00132,CÔNG TY TNHH THƯƠNG MẠI HOÀ BÌNH,000216003008000,Xe đạp Thống Nhất GN 06-24 2.0 Ghi,Ghi,10.0,12000000.0
KH-00132,CÔNG TY TNHH THƯƠNG MẠI HOÀ BÌNH,000217003001000,Xe đạp Thống Nhất GN 06-26 2.0 Đen,Đen,35.0,43750000.0
KH-00132,CÔNG TY TNHH THƯƠNG MẠI HOÀ BÌNH,000217003008000,Xe đạp Thống Nhất GN 06-26 2.0 Ghi,Ghi,30.0,37500000.0
KH-00132,CÔNG TY TNHH THƯƠNG MẠI HOÀ BÌNH,000224002002000,Xe đạp Thống Nhất New 24 Trắng,Trắng,3.0,3390000.0
KH-00132,CÔNG TY TNHH THƯƠNG MẠI HOÀ BÌNH,000224002015000,Xe đạp Thống Nhất New 24 Café/nâu,Café/nâu,20.0,22600000.0
KH-00132,CÔNG TY TNHH THƯƠNG MẠI HOÀ BÌNH,000224002023000,Xe đạp Thống Nhất New 24 Kem,Kem,30.0,33900000.0
KH-00132,CÔNG TY TNHH THƯƠNG MẠI HOÀ BÌNH,000224002026000,Xe đạp Thống Nhất New 24 Xanh mint,Xanh mint,8.0,9040000.0
KH-00132,CÔNG TY TNHH THƯƠNG MẠI HOÀ BÌNH,000225002002000,Xe đạp Thống Nhất New 26 Trắng,Trắng,3.0,3540000.0
KH-00132,CÔNG TY TNHH THƯƠNG MẠI HOÀ BÌNH,000225002015000,Xe đạp Thống Nhất New 26 Café/nâu,Café/nâu,15.0,17700000.0
KH-00132,CÔNG TY TNHH THƯƠNG MẠI HOÀ BÌNH,000225002023000,Xe đạp Thống Nhất New 26 Kem,Kem,30.0,35400000.0
KH-00132,CÔNG TY TNHH THƯƠNG MẠI HOÀ BÌNH,000225002025000,Xe đạp Thống Nhất New 26 Xanh mint,Xanh mint,7.0,8260000.0
KH-00132,CÔNG TY TNHH THƯƠNG MẠI HOÀ BÌNH,000226003002000,Xe đạp Thống Nhất LD 24-01_2023 Trắng,Trắng,1.0,1200000.0
KH-00132,CÔNG TY TNHH THƯƠNG MẠI HOÀ BÌNH,000226003014000,Xe đạp Thống Nhất LD 24-01_2023 Xanh Santorini,Xanh Santorini,1.0,1200000.0
KH-00132,CÔNG TY TNHH THƯƠNG MẠI HOÀ BÌNH,000226003015000,Xe đạp Thống Nhất LD 24-01_2023 Café/nâu,Café/nâu,1.0,1200000.0
KH-00132,CÔNG TY TNHH THƯƠNG MẠI HOÀ BÌNH,000226003023000,Xe đạp Thống Nhất LD 24-01_2023 Kem,Kem,3.0,3600000.0
KH-00132,CÔNG TY TNHH THƯƠNG MẠI HOÀ BÌNH,000331002008000,Xe đạp Thống Nhất MTB 26-02 Ghi,Ghi,1.0,1250000.0
KH-00132,CÔNG TY TNHH THƯƠNG MẠI HOÀ BÌNH,000331002022000,Xe đạp Thống Nhất MTB 26-02 Xanh dương,Xanh dương,1.0,1250000.0
KH-00132,CÔNG TY TNHH THƯƠNG MẠI HOÀ BÌNH,1000310050010000,Xe đạp Thống Nhất Road RPD 700C Đen,Đen,1.0,2150000.0
KH-00133,DOANH NGHIỆP TW YÊN BÌNH,000207004000000,Xe đạp Thống Nhất 219-05-26,219-05-26,6.0,7500000.0
KH-00133,DOANH NGHIỆP TW YÊN BÌNH,000209002025000,Xe đạp Thống Nhất 219-26 Xanh Tím,Xanh Tím,7.0,10286108.0
KH-00133,DOANH NGHIỆP TW YÊN BÌNH,000214004000000,Xe đạp Thống Nhất GN 05-26,05-26,5.0,6250000.0
KH-00133,DOANH NGHIỆP TW YÊN BÌNH,000225002002000,Xe đạp Thống Nhất New 26 Trắng,Trắng,5.0,5900000.0
KH-00133,DOANH NGHIỆP TW YÊN BÌNH,000225002015000,Xe đạp Thống Nhất New 26 Café/nâu,Café/nâu,5.0,8150000.0
KH-00133,DOANH NGHIỆP TW YÊN BÌNH,000226003002000,Xe đạp Thống Nhất LD 24-01_2023 Trắng,Trắng,3.0,5091666.0
KH-00133,DOANH NGHIỆP TW YÊN BÌNH,000226003014000,Xe đạp Thống Nhất LD 24-01_2023 Xanh Santorini,Xanh Santorini,2.0,3394444.0
KH-00133,DOANH NGHIỆP TW YÊN BÌNH,000226003015000,Xe đạp Thống Nhất LD 24-01_2023 Café/nâu,Café/nâu,2.0,3394444.0
KH-00133,DOANH NGHIỆP TW YÊN BÌNH,000226003023000,Xe đạp Thống Nhất LD 24-01_2023 Kem,Kem,3.0,5091666.0
KH-00133,DOANH NGHIỆP TW YÊN BÌNH,000230002023000,Xe đạp Thống Nhất LD 26 Kem,Kem,2.0,3598888.0
KH-00134,DOANH NGHIỆP TW PHÚ THỊNH,000125002009000,Xe đạp Thống Nhất Puppy 20 Hồng,Hồng,7.0,9271108.0
KH-00134,DOANH NGHIỆP TW PHÚ THỊNH,000125002013000,Xe đạp Thống Nhất Puppy 20 Xanh,Xanh,2.0,2648888.0
KH-00134,DOANH NGHIỆP TW PHÚ THỊNH,000125002023000,Xe đạp Thống Nhất Puppy 20 Kem,Kem,1.0,1324444.0
KH-00134,DOANH NGHIỆP TW PHÚ THỊNH,000207004000000,Xe đạp Thống Nhất 219-05-26,219-05-26,6.0,9197219.0
KH-00134,DOANH NGHIỆP TW PHÚ THỊNH,000217003001000,Xe đạp Thống Nhất GN 06-26 2.0 Đen,Đen,5.0,8027775.0
KH-00134,DOANH NGHIỆP TW PHÚ THỊNH,000217003008000,Xe đạp Thống Nhất GN 06-26 2.0 Ghi,Ghi,3.0,4816665.0
KH-00134,DOANH NGHIỆP TW PHÚ THỊNH,000224002002000,Xe đạp Thống Nhất New 24 Trắng,Trắng,10.0,15619440.0
KH-00134,DOANH NGHIỆP TW PHÚ THỊNH,000224002015000,Xe đạp Thống Nhất New 24 Café/nâu,Café/nâu,19.0,29697860.0
KH-00134,DOANH NGHIỆP TW PHÚ THỊNH,000224002023000,Xe đạp Thống Nhất New 24 Kem,Kem,20.0,31266748.0
KH-00134,DOANH NGHIỆP TW PHÚ THỊNH,000224002026000,Xe đạp Thống Nhất New 24 Xanh mint,Xanh mint,7.0,10982216.0
KH-00134,DOANH NGHIỆP TW PHÚ THỊNH,000225002002000,Xe đạp Thống Nhất New 26 Trắng,Trắng,46.0,74587673.0
KH-00134,DOANH NGHIỆP TW PHÚ THỊNH,000225002015000,Xe đạp Thống Nhất New 26 Café/nâu,Café/nâu,28.0,45302768.0
KH-00134,DOANH NGHIỆP TW PHÚ THỊNH,000225002023000,Xe đạp Thống Nhất New 26 Kem,Kem,56.0,90909711.0
KH-00134,DOANH NGHIỆP TW PHÚ THỊNH,000225002025000,Xe đạp Thống Nhất New 26 Xanh mint,Xanh mint,31.0,50313977.0
KH-00134,DOANH NGHIỆP TW PHÚ THỊNH,000230002023000,Xe đạp Thống Nhất LD 26 Kem,Kem,10.0,17994440.0
KH-00134,DOANH NGHIỆP TW PHÚ THỊNH,000331002008000,Xe đạp Thống Nhất MTB 26-02 Ghi,Ghi,23.0,41567769.0
KH-00147,CÔNG TY TNHH PHÚ THỊNH,000125002009000,Xe đạp Thống Nhất Puppy 20 Hồng,Hồng,17.0,20976660.0
KH-00147,CÔNG TY TNHH PHÚ THỊNH,000125002013000,Xe đạp Thống Nhất Puppy 20 Xanh,Xanh,5.0,5250000.0
KH-00147,CÔNG TY TNHH PHÚ THỊNH,000125002023000,Xe đạp Thống Nhất Puppy 20 Kem,Kem,5.0,5250000.0
KH-00147,CÔNG TY TNHH PHÚ THỊNH,000131002001002,Xe đạp Thống Nhất GN 06 20 2024 Đen,Đen,2.0,2400000.0
KH-00147,CÔNG TY TNHH PHÚ THỊNH,000131002008001,Xe đạp Thống Nhất GN 06 20 2024 Ghi,Ghi,2.0,2400000.0
KH-00147,CÔNG TY TNHH PHÚ THỊNH,000207004000000,Xe đạp Thống Nhất 219-05-26,219-05-26,2.0,2500000.0
KH-00147,CÔNG TY TNHH PHÚ THỊNH,000214004000000,Xe đạp Thống Nhất GN 05-26,05-26,6.0,8622220.0
KH-00147,CÔNG TY TNHH PHÚ THỊNH,000217003001000,Xe đạp Thống Nhất GN 06-26 2.0 Đen,Đen,2.0,2500000.0
KH-00147,CÔNG TY TNHH PHÚ THỊNH,000217003008000,Xe đạp Thống Nhất GN 06-26 2.0 Ghi,Ghi,4.0,5000000.0
KH-00147,CÔNG TY TNHH PHÚ THỊNH,000224002002000,Xe đạp Thống Nhất New 24 Trắng,Trắng,2.0,3110000.0
KH-00147,CÔNG TY TNHH PHÚ THỊNH,000224002015000,Xe đạp Thống Nhất New 24 Café/nâu,Café/nâu,2.0,3110000.0
KH-00147,CÔNG TY TNHH PHÚ THỊNH,000224002023000,Xe đạp Thống Nhất New 24 Kem,Kem,2.0,3110000.0
KH-00147,CÔNG TY TNHH PHÚ THỊNH,000224002026000,Xe đạp Thống Nhất New 24 Xanh mint,Xanh mint,2.0,3110000.0
KH-00147,CÔNG TY TNHH PHÚ THỊNH,000225002002000,Xe đạp Thống Nhất New 26 Trắng,Trắng,3.0,4848333.0
KH-00147,CÔNG TY TNHH PHÚ THỊNH,000225002015000,Xe đạp Thống Nhất New 26 Café/nâu,Café/nâu,4.0,5592222.0
KH-00147,CÔNG TY TNHH PHÚ THỊNH,000225002023000,Xe đạp Thống Nhất New 26 Kem,Kem,7.0,9568333.0
KH-00147,CÔNG TY TNHH PHÚ THỊNH,000225002025000,Xe đạp Thống Nhất New 26 Xanh mint,Xanh mint,2.0,3232222.0
KH-00147,CÔNG TY TNHH PHÚ THỊNH,000226003002000,Xe đạp Thống Nhất LD 24-01_2023 Trắng,Trắng,8.0,9600000.0
KH-00147,CÔNG TY TNHH PHÚ THỊNH,000226003015000,Xe đạp Thống Nhất LD 24-01_2023 Café/nâu,Café/nâu,3.0,3600000.0
KH-00147,CÔNG TY TNHH PHÚ THỊNH,000226003023000,Xe đạp Thống Nhất LD 24-01_2023 Kem,Kem,3.0,3600000.0
KH-00147,CÔNG TY TNHH PHÚ THỊNH,000401002016000,"Xe đạp Thống Nhất Nữ Truyền thống Lốp đỏ, Ngọc",Ngọc,2.0,2600000.0
KH-00151,CÔNG TY TNHH LÊ ANH,000207004000000,Xe đạp Thống Nhất 219-05-26,219-05-26,2.0,2500000.0
KH-00151,CÔNG TY TNHH LÊ ANH,000216003001000,Xe đạp Thống Nhất GN 06-24 2.0 Đen,Đen,4.0,4800000.0
KH-00151,CÔNG TY TNHH LÊ ANH,000217003001000,Xe đạp Thống Nhất GN 06-26 2.0 Đen,Đen,4.0,5000000.0
KH-00151,CÔNG TY TNHH LÊ ANH,000224002015000,Xe đạp Thống Nhất New 24 Café/nâu,Café/nâu,4.0,4520000.0
KH-00151,CÔNG TY TNHH LÊ ANH,000224002023000,Xe đạp Thống Nhất New 24 Kem,Kem,6.0,6780000.0
KH-00151,CÔNG TY TNHH LÊ ANH,000224002026000,Xe đạp Thống Nhất New 24 Xanh mint,Xanh mint,2.0,2260000.0
KH-00151,CÔNG TY TNHH LÊ ANH,000225002015000,Xe đạp Thống Nhất New 26 Café/nâu,Café/nâu,3.0,3540000.0
KH-00151,CÔNG TY TNHH LÊ ANH,000225002023000,Xe đạp Thống Nhất New 26 Kem,Kem,6.0,7080000.0
KH-00151,CÔNG TY TNHH LÊ ANH,000225002025000,Xe đạp Thống Nhất New 26 Xanh mint,Xanh mint,3.0,3540000.0
KH-00151,CÔNG TY TNHH LÊ ANH,000331002008000,Xe đạp Thống Nhất MTB 26-02 Ghi,Ghi,3.0,3750000.0
KH-00151,CÔNG TY TNHH LÊ ANH,000335002001000,Xe đạp Thống Nhất Super 24 Đen,Đen,2.0,2400000.0
KH-00155,DOANH NGHIỆP TW HÙNG CƯỜNG,000125002009000,Xe đạp Thống Nhất Puppy 20 Hồng,Hồng,6.0,6300000.0
KH-00155,DOANH NGHIỆP TW HÙNG CƯỜNG,000125002013000,Xe đạp Thống Nhất Puppy 20 Xanh,Xanh,3.0,3150000.0
KH-00155,DOANH NGHIỆP TW HÙNG CƯỜNG,000125002023000,Xe đạp Thống Nhất Puppy 20 Kem,Kem,5.0,5250000.0
KH-00155,DOANH NGHIỆP TW HÙNG CƯỜNG,000131002001002,Xe đạp Thống Nhất GN 06 20 2024 Đen,Đen,6.0,7200000.0
KH-00155,DOANH NGHIỆP TW HÙNG CƯỜNG,000131002008001,Xe đạp Thống Nhất GN 06 20 2024 Ghi,Ghi,5.0,6000000.0
KH-00155,DOANH NGHIỆP TW HÙNG CƯỜNG,000207004000000,Xe đạp Thống Nhất 219-05-26,219-05-26,2.0,2500000.0
KH-00155,DOANH NGHIỆP TW HÙNG CƯỜNG,000209002025000,Xe đạp Thống Nhất 219-26 Xanh Tím,Xanh Tím,1.0,1150000.0
KH-00155,DOANH NGHIỆP TW HÙNG CƯỜNG,000225002002000,Xe đạp Thống Nhất New 26 Trắng,Trắng,3.0,3540000.0
KH-00155,DOANH NGHIỆP TW HÙNG CƯỜNG,000225002015000,Xe đạp Thống Nhất New 26 Café/nâu,Café/nâu,1.0,1180000.0
KH-00155,DOANH NGHIỆP TW HÙNG CƯỜNG,000225002023000,Xe đạp Thống Nhất New 26 Kem,Kem,3.0,3540000.0
KH-00155,DOANH NGHIỆP TW HÙNG CƯỜNG,000226003002000,Xe đạp Thống Nhất LD 24-01_2023 Trắng,Trắng,3.0,3600000.0
KH-00155,DOANH NGHIỆP TW HÙNG CƯỜNG,000226003014000,Xe đạp Thống Nhất LD 24-01_2023 Xanh Santorini,Xanh Santorini,3.0,3600000.0
KH-00155,DOANH NGHIỆP TW HÙNG CƯỜNG,000226003023000,Xe đạp Thống Nhất LD 24-01_2023 Kem,Kem,15.0,18000000.0
KH-00155,DOANH NGHIỆP TW HÙNG CƯỜNG,000331002008000,Xe đạp Thống Nhất MTB 26-02 Ghi,Ghi,8.0,10000000.0
KH-00155,DOANH NGHIỆP TW HÙNG CƯỜNG,000401002016000,"Xe đạp Thống Nhất Nữ Truyền thống Lốp đỏ, Ngọc",Ngọc,1.0,1300000.0
KH-00157,CÔNG TY TNHH THƯƠNG MẠI LONG PHÚ,000125002009000,Xe đạp Thống Nhất Puppy 20 Hồng,Hồng,1.0,2027778.0
KH-00157,CÔNG TY TNHH THƯƠNG MẠI LONG PHÚ,000125002013000,Xe đạp Thống Nhất Puppy 20 Xanh,Xanh,2.0,4055556.0
KH-00157,CÔNG TY TNHH THƯƠNG MẠI LONG PHÚ,000131002001002,Xe đạp Thống Nhất GN 06 20 2024 Đen,Đen,1.0,1842593.0
KH-00157,CÔNG TY TNHH THƯƠNG MẠI LONG PHÚ,000131002008001,Xe đạp Thống Nhất GN 06 20 2024 Ghi,Ghi,2.0,3685186.0
KH-00157,CÔNG TY TNHH THƯƠNG MẠI LONG PHÚ,000207004000000,Xe đạp Thống Nhất 219-05-26,219-05-26,1.0,2361111.0
KH-00157,CÔNG TY TNHH THƯƠNG MẠI LONG PHÚ,000217003008000,Xe đạp Thống Nhất GN 06-26 2.0 Ghi,Ghi,1.0,2453704.0
KH-00157,CÔNG TY TNHH THƯƠNG MẠI LONG PHÚ,000230002023000,Xe đạp Thống Nhất LD 26 Kem,Kem,1.0,2768519.0
KH-00157,CÔNG TY TNHH THƯƠNG MẠI LONG PHÚ,000401002016000,"Xe đạp Thống Nhất Nữ Truyền thống Lốp đỏ, Ngọc",Ngọc,1.0,2361111.0
KH-00161,CÔNG TY TNHH THIÊN AN,000125002009000,Xe đạp Thống Nhất Puppy 20 Hồng,Hồng,5.0,6590277.0
KH-00161,CÔNG TY TNHH THIÊN AN,000125002023000,Xe đạp Thống Nhất Puppy 20 Kem,Kem,1.0,1318056.0
KH-00161,CÔNG TY TNHH THIÊN AN,000209002025000,Xe đạp Thống Nhất 219-26 Xanh Tím,Xanh Tím,1.0,1086111.0
KH-00161,CÔNG TY TNHH THIÊN AN,000214004000000,Xe đạp Thống Nhất GN 05-26,05-26,2.0,2997222.0
KH-00161,CÔNG TY TNHH THIÊN AN,000216003001000,Xe đạp Thống Nhất GN 06-24 2.0 Đen,Đen,1.0,1534722.0
KH-00161,CÔNG TY TNHH THIÊN AN,000216003008000,Xe đạp Thống Nhất GN 06-24 2.0 Ghi,Ghi,1.0,1534722.0
KH-00161,CÔNG TY TNHH THIÊN AN,000217003001000,Xe đạp Thống Nhất GN 06-26 2.0 Đen,Đen,2.0,3189814.0
KH-00161,CÔNG TY TNHH THIÊN AN,000217003008000,Xe đạp Thống Nhất GN 06-26 2.0 Ghi,Ghi,5.0,7974535.0
KH-00161,CÔNG TY TNHH THIÊN AN,000224002002000,Xe đạp Thống Nhất New 24 Trắng,Trắng,1.0,1558796.0
KH-00161,CÔNG TY TNHH THIÊN AN,000224002023000,Xe đạp Thống Nhất New 24 Kem,Kem,2.0,3117592.0
KH-00161,CÔNG TY TNHH THIÊN AN,000225002002000,Xe đạp Thống Nhất New 26 Trắng,Trắng,4.0,6475924.0
KH-00161,CÔNG TY TNHH THIÊN AN,000225002015000,Xe đạp Thống Nhất New 26 Café/nâu,Café/nâu,8.0,12951851.0
KH-00161,CÔNG TY TNHH THIÊN AN,000225002023000,Xe đạp Thống Nhất New 26 Kem,Kem,1.0,1618981.0
KH-00161,CÔNG TY TNHH THIÊN AN,000226003023000,Xe đạp Thống Nhất LD 24-01_2023 Kem,Kem,1.0,1685185.0
KH-00161,CÔNG TY TNHH THIÊN AN,000331002008000,Xe đạp Thống Nhất MTB 26-02 Ghi,Ghi,2.0,3599074.0
KH-00161,CÔNG TY TNHH THIÊN AN,000331002022000,Xe đạp Thống Nhất MTB 26-02 Xanh dương,Xanh dương,4.0,7198148.0
KH-00161,CÔNG TY TNHH THIÊN AN,1000310050010000,Xe đạp Thống Nhất Road RPD 700C Đen,Đen,2.0,5886111.0
KH-00167,CÔNG TY CỔ PHẦN THƯƠNG MẠI LÊ ANH,000125002009000,Xe đạp Thống Nhất Puppy 20 Hồng,Hồng,2.0,2621110.0
KH-00167,CÔNG TY CỔ PHẦN THƯƠNG MẠI LÊ ANH,000217003001000,Xe đạp Thống Nhất GN 06-26 2.0 Đen,Đen,2.0,2500000.0
KH-00167,CÔNG TY CỔ PHẦN THƯƠNG MẠI LÊ ANH,000217003008000,Xe đạp Thống Nhất GN 06-26 2.0 Ghi,Ghi,5.0,6250000.0
KH-00167,CÔNG TY CỔ PHẦN THƯƠNG MẠI LÊ ANH,000224002002000,Xe đạp Thống Nhất New 24 Trắng,Trắng,2.0,2260000.0
KH-00167,CÔNG TY CỔ PHẦN THƯƠNG MẠI LÊ ANH,000224002015000,Xe đạp Thống Nhất New 24 Café/nâu,Café/nâu,5.0,5650000.0
KH-00167,CÔNG TY CỔ PHẦN THƯƠNG MẠI LÊ ANH,000224002023000,Xe đạp Thống Nhất New 24 Kem,Kem,11.0,12430000.0
KH-00167,CÔNG TY CỔ PHẦN THƯƠNG MẠI LÊ ANH,000224002026000,Xe đạp Thống Nhất New 24 Xanh mint,Xanh mint,2.0,2260000.0
KH-00167,CÔNG TY CỔ PHẦN THƯƠNG MẠI LÊ ANH,000225002002000,Xe đạp Thống Nhất New 26 Trắng,Trắng,4.0,4720000.0
KH-00167,CÔNG TY CỔ PHẦN THƯƠNG MẠI LÊ ANH,000225002015000,Xe đạp Thống Nhất New 26 Café/nâu,Café/nâu,1.0,1180000.0
KH-00167,CÔNG TY CỔ PHẦN THƯƠNG MẠI LÊ ANH,000225002023000,Xe đạp Thống Nhất New 26 Kem,Kem,12.0,16776666.0
KH-00167,CÔNG TY CỔ PHẦN THƯƠNG MẠI LÊ ANH,000225002025000,Xe đạp Thống Nhất New 26 Xanh mint,Xanh mint,3.0,3540000.0
KH-00167,CÔNG TY CỔ PHẦN THƯƠNG MẠI LÊ ANH,000226003002000,Xe đạp Thống Nhất LD 24-01_2023 Trắng,Trắng,5.0,6000000.0
KH-00167,CÔNG TY CỔ PHẦN THƯƠNG MẠI LÊ ANH,000226003023000,Xe đạp Thống Nhất LD 24-01_2023 Kem,Kem,2.0,3366666.0
KH-00167,CÔNG TY CỔ PHẦN THƯƠNG MẠI LÊ ANH,000230002023000,Xe đạp Thống Nhất LD 26 Kem,Kem,2.0,3598888.0
KH-00167,CÔNG TY CỔ PHẦN THƯƠNG MẠI LÊ ANH,000331002008000,Xe đạp Thống Nhất MTB 26-02 Ghi,Ghi,2.0,2500000.0
KH-00167,CÔNG TY CỔ PHẦN THƯƠNG MẠI LÊ ANH,000331002022000,Xe đạp Thống Nhất MTB 26-02 Xanh dương,Xanh dương,3.0,3750000.0
KH-00168,DOANH NGHIỆP TW ĐẠI LỢI,000224002015000,Xe đạp Thống Nhất New 24 Café/nâu,Café/nâu,3.0,4240000.0
KH-00168,DOANH NGHIỆP TW ĐẠI LỢI,000224002023000,Xe đạp Thống Nhất New 24 Kem,Kem,4.0,5370000.0
KH-00168,DOANH NGHIỆP TW ĐẠI LỢI,000225002002000,Xe đạp Thống Nhất New 26 Trắng,Trắng,11.0,14288333.0
KH-00168,DOANH NGHIỆP TW ĐẠI LỢI,000225002015000,Xe đạp Thống Nhất New 26 Café/nâu,Café/nâu,2.0,2360000.0
KH-00168,DOANH NGHIỆP TW ĐẠI LỢI,000225002023000,Xe đạp Thống Nhất New 26 Kem,Kem,14.0,17828333.0
KH-00168,DOANH NGHIỆP TW ĐẠI LỢI,000226003002000,Xe đạp Thống Nhất LD 24-01_2023 Trắng,Trắng,4.0,4800000.0
KH-00168,DOANH NGHIỆP TW ĐẠI LỢI,000226003023000,Xe đạp Thống Nhất LD 24-01_2023 Kem,Kem,4.0,4800000.0
KH-00168,DOANH NGHIỆP TW ĐẠI LỢI,000230002023000,Xe đạp Thống Nhất LD 26 Kem,Kem,3.0,5398332.0
KH-00168,DOANH NGHIỆP TW ĐẠI LỢI,000331002008000,Xe đạp Thống Nhất MTB 26-02 Ghi,Ghi,4.0,6098888.0
KH-00168,DOANH NGHIỆP TW ĐẠI LỢI,000331002022000,Xe đạp Thống Nhất MTB 26-02 Xanh dương,Xanh dương,2.0,2500000.0
KH-00168,DOANH NGHIỆP TW ĐẠI LỢI,000335002001000,Xe đạp Thống Nhất Super 24 Đen,Đen,2.0,4210000.0
KH-00169,CÔNG TY TNHH THƯƠNG MẠI VĨNH PHÁT,000125002009000,Xe đạp Thống Nhất Puppy 20 Hồng,Hồng,10.0,11802775.0
KH-00169,CÔNG TY TNHH THƯƠNG MẠI VĨNH PHÁT,000125002013000,Xe đạp Thống Nhất Puppy 20 Xanh,Xanh,18.0,21505550.0
KH-00169,CÔNG TY TNHH THƯƠNG MẠI VĨNH PHÁT,000125002023000,Xe đạp Thống Nhất Puppy 20 Kem,Kem,5.0,5250000.0
KH-00169,CÔNG TY TNHH THƯƠNG MẠI VĨNH PHÁT,000131002001002,Xe đạp Thống Nhất GN 06 20 2024 Đen,Đen,2.0,2400000.0
KH-00169,CÔNG TY TNHH THƯƠNG MẠI VĨNH PHÁT,000131002008001,Xe đạp Thống Nhất GN 06 20 2024 Ghi,Ghi,3.0,3600000.0
KH-00169,CÔNG TY TNHH THƯƠNG MẠI VĨNH PHÁT,000207004000000,Xe đạp Thống Nhất 219-05-26,219-05-26,1.0,1250000.0
KH-00169,CÔNG TY TNHH THƯƠNG MẠI VĨNH PHÁT,000209002025000,Xe đạp Thống Nhất 219-26 Xanh Tím,Xanh Tím,2.0,2300000.0
KH-00169,CÔNG TY TNHH THƯƠNG MẠI VĨNH PHÁT,000216003008000,Xe đạp Thống Nhất GN 06-24 2.0 Ghi,Ghi,5.0,7652775.0
KH-00169,CÔNG TY TNHH THƯƠNG MẠI VĨNH PHÁT,000217003001000,Xe đạp Thống Nhất GN 06-26 2.0 Đen,Đen,19.0,30505545.0
KH-00169,CÔNG TY TNHH THƯƠNG MẠI VĨNH PHÁT,000217003008000,Xe đạp Thống Nhất GN 06-26 2.0 Ghi,Ghi,11.0,17661105.0
KH-00169,CÔNG TY TNHH THƯƠNG MẠI VĨNH PHÁT,000224002015000,Xe đạp Thống Nhất New 24 Café/nâu,Café/nâu,2.0,3110000.0
KH-00169,CÔNG TY TNHH THƯƠNG MẠI VĨNH PHÁT,000224002026000,Xe đạp Thống Nhất New 24 Xanh mint,Xanh mint,2.0,3110000.0
KH-00169,CÔNG TY TNHH THƯƠNG MẠI VĨNH PHÁT,000225002002000,Xe đạp Thống Nhất New 26 Trắng,Trắng,2.0,2360000.0
KH-00169,CÔNG TY TNHH THƯƠNG MẠI VĨNH PHÁT,000225002015000,Xe đạp Thống Nhất New 26 Café/nâu,Café/nâu,9.0,13278333.0
KH-00169,CÔNG TY TNHH THƯƠNG MẠI VĨNH PHÁT,000225002023000,Xe đạp Thống Nhất New 26 Kem,Kem,5.0,8080555.0
KH-00169,CÔNG TY TNHH THƯƠNG MẠI VĨNH PHÁT,000225002025000,Xe đạp Thống Nhất New 26 Xanh mint,Xanh mint,12.0,14160000.0
KH-00169,CÔNG TY TNHH THƯƠNG MẠI VĨNH PHÁT,000226003014000,Xe đạp Thống Nhất LD 24-01_2023 Xanh Santorini,Xanh Santorini,2.0,3394444.0
KH-00169,CÔNG TY TNHH THƯƠNG MẠI VĨNH PHÁT,000230002023000,Xe đạp Thống Nhất LD 26 Kem,Kem,5.0,8997220.0
KH-00169,CÔNG TY TNHH THƯƠNG MẠI VĨNH PHÁT,000331002008000,Xe đạp Thống Nhất MTB 26-02 Ghi,Ghi,4.0,7225554.0
KH-00169,CÔNG TY TNHH THƯƠNG MẠI VĨNH PHÁT,000331002022000,Xe đạp Thống Nhất MTB 26-02 Xanh dương,Xanh dương,7.0,9876666.0
KH-00169,CÔNG TY TNHH THƯƠNG MẠI VĨNH PHÁT,000335002001000,Xe đạp Thống Nhất Super 24 Đen,Đen,1.0,1200000.0
KH-00169,CÔNG TY TNHH THƯƠNG MẠI VĨNH PHÁT,000401002016000,"Xe đạp Thống Nhất Nữ Truyền thống Lốp đỏ, Ngọc",Ngọc,2.0,3088888.0
KH-00172,CỬA HÀNG XE ĐẠP XÂY DỰNG,000207004000000,Xe đạp Thống Nhất 219-05-26,219-05-26,208.0,352444443.0
KH-00173,DOANH NGHIỆP TW PHÚ THỊNH,000125002009000,Xe đạp Thống Nhất Puppy 20 Hồng,Hồng,72.0,112420002.0
KH-00173,DOANH NGHIỆP TW PHÚ THỊNH,000225002002000,Xe đạp Thống Nhất New 26 Trắng,Trắng,29.0,55618239.0
KH-00173,DOANH NGHIỆP TW PHÚ THỊNH,000225002023000,Xe đạp Thống Nhất New 26 Kem,Kem,21.0,40275278.0
KH-00173,DOANH NGHIỆP TW PHÚ THỊNH,000226003023000,Xe đạp Thống Nhất LD 24-01_2023 Kem,Kem,21.0,41922223.0
KH-00173,DOANH NGHIỆP TW PHÚ THỊNH,000335002001000,Xe đạp Thống Nhất Super 24 Đen,Đen,62.0,154270923.0
KH-00173,DOANH NGHIỆP TW PHÚ THỊNH,1000310050010000,Xe đạp Thống Nhất Road RPD 700C Đen,Đen,62.0,216156114.0
KH-00180,CÔNG TY TNHH THƯƠNG MẠI VẠN LỢI,000207004000000,Xe đạp Thống Nhất 219-05-26,219-05-26,7.0,10741663.0
KH-00180,CÔNG TY TNHH THƯƠNG MẠI VẠN LỢI,000209002025000,Xe đạp Thống Nhất 219-26 Xanh Tím,Xanh Tím,2.0,2300000.0
KH-00180,CÔNG TY TNHH THƯƠNG MẠI VẠN LỢI,000216003001000,Xe đạp Thống Nhất GN 06-24 2.0 Đen,Đen,4.0,5461110.0
KH-00180,CÔNG TY TNHH THƯƠNG MẠI VẠN LỢI,000216003008000,Xe đạp Thống Nhất GN 06-24 2.0 Ghi,Ghi,7.0,10094442.0
KH-00180,CÔNG TY TNHH THƯƠNG MẠI VẠN LỢI,000217003001000,Xe đạp Thống Nhất GN 06-26 2.0 Đen,Đen,4.0,5683332.0
KH-00180,CÔNG TY TNHH THƯƠNG MẠI VẠN LỢI,000217003008000,Xe đạp Thống Nhất GN 06-26 2.0 Ghi,Ghi,7.0,10499997.0
KH-00180,CÔNG TY TNHH THƯƠNG MẠI VẠN LỢI,000224002002000,Xe đạp Thống Nhất New 24 Trắng,Trắng,1.0,1130000.0
KH-00180,CÔNG TY TNHH THƯƠNG MẠI VẠN LỢI,000224002015000,Xe đạp Thống Nhất New 24 Café/nâu,Café/nâu,7.0,10104440.0
KH-00180,CÔNG TY TNHH THƯƠNG MẠI VẠN LỢI,000224002023000,Xe đạp Thống Nhất New 24 Kem,Kem,8.0,11234440.0
KH-00180,CÔNG TY TNHH THƯƠNG MẠI VẠN LỢI,000225002002000,Xe đạp Thống Nhất New 26 Trắng,Trắng,4.0,4720000.0
KH-00180,CÔNG TY TNHH THƯƠNG MẠI VẠN LỢI,000225002015000,Xe đạp Thống Nhất New 26 Café/nâu,Café/nâu,8.0,11690000.0
KH-00180,CÔNG TY TNHH THƯƠNG MẠI VẠN LỢI,000225002023000,Xe đạp Thống Nhất New 26 Kem,Kem,13.0,19840000.0
KH-00180,CÔNG TY TNHH THƯƠNG MẠI VẠN LỢI,000225002025000,Xe đạp Thống Nhất New 26 Xanh mint,Xanh mint,4.0,4720000.0
KH-00180,CÔNG TY TNHH THƯƠNG MẠI VẠN LỢI,000226003002000,Xe đạp Thống Nhất LD 24-01_2023 Trắng,Trắng,1.0,1200000.0
KH-00180,CÔNG TY TNHH THƯƠNG MẠI VẠN LỢI,000226003015000,Xe đạp Thống Nhất LD 24-01_2023 Café/nâu,Café/nâu,4.0,6291666.0
KH-00180,CÔNG TY TNHH THƯƠNG MẠI VẠN LỢI,000226003023000,Xe đạp Thống Nhất LD 24-01_2023 Kem,Kem,4.0,6291666.0
KH-00180,CÔNG TY TNHH THƯƠNG MẠI VẠN LỢI,000230002023000,Xe đạp Thống Nhất LD 26 Kem,Kem,6.0,10838331.0
KH-00180,CÔNG TY TNHH THƯƠNG MẠI VẠN LỢI,000401002016000,"Xe đạp Thống Nhất Nữ Truyền thống Lốp đỏ, Ngọc",Ngọc,5.0,7722220.0
KH-00181,CÔNG TY TNHH LONG PHÚ,000125002009000,Xe đạp Thống Nhất Puppy 20 Hồng,Hồng,8.0,10544440.0
KH-00181,CÔNG TY TNHH LONG PHÚ,000125002013000,Xe đạp Thống Nhất Puppy 20 Xanh,Xanh,10.0,13180550.0
KH-00181,CÔNG TY TNHH LONG PHÚ,000125002023000,Xe đạp Thống Nhất Puppy 20 Kem,Kem,11.0,14498605.0
KH-00181,CÔNG TY TNHH LONG PHÚ,000131002001002,Xe đạp Thống Nhất GN 06 20 2024 Đen,Đen,10.0,11935183.0
KH-00181,CÔNG TY TNHH LONG PHÚ,000131002008001,Xe đạp Thống Nhất GN 06 20 2024 Ghi,Ghi,8.0,9581480.0
KH-00181,CÔNG TY TNHH LONG PHÚ,000207004000000,Xe đạp Thống Nhất 219-05-26,219-05-26,4.0,5994444.0
KH-00181,CÔNG TY TNHH LONG PHÚ,000214004000000,Xe đạp Thống Nhất GN 05-26,05-26,10.0,15077776.0
KH-00181,CÔNG TY TNHH LONG PHÚ,000216003001000,Xe đạp Thống Nhất GN 06-24 2.0 Đen,Đen,9.0,13899996.0
KH-00181,CÔNG TY TNHH LONG PHÚ,000216003008000,Xe đạp Thống Nhất GN 06-24 2.0 Ghi,Ghi,10.0,15444440.0
KH-00181,CÔNG TY TNHH LONG PHÚ,000217003001000,Xe đạp Thống Nhất GN 06-26 2.0 Đen,Đen,6.0,9601386.0
KH-00181,CÔNG TY TNHH LONG PHÚ,000217003008000,Xe đạp Thống Nhất GN 06-26 2.0 Ghi,Ghi,2.0,3211110.0
KH-00181,CÔNG TY TNHH LONG PHÚ,000224002002000,Xe đạp Thống Nhất New 24 Trắng,Trắng,5.0,7814164.0
KH-00181,CÔNG TY TNHH LONG PHÚ,000224002015000,Xe đạp Thống Nhất New 24 Café/nâu,Café/nâu,4.0,6245276.0
KH-00181,CÔNG TY TNHH LONG PHÚ,000224002023000,Xe đạp Thống Nhất New 24 Kem,Kem,2.0,3137776.0
KH-00181,CÔNG TY TNHH LONG PHÚ,000225002002000,Xe đạp Thống Nhất New 26 Trắng,Trắng,3.0,4856943.0
KH-00181,CÔNG TY TNHH LONG PHÚ,000225002015000,Xe đạp Thống Nhất New 26 Café/nâu,Café/nâu,4.0,6475924.0
KH-00181,CÔNG TY TNHH LONG PHÚ,000225002023000,Xe đạp Thống Nhất New 26 Kem,Kem,2.0,3237962.0
KH-00181,CÔNG TY TNHH LONG PHÚ,000225002025000,Xe đạp Thống Nhất New 26 Xanh mint,Xanh mint,2.0,3237962.0
KH-00181,CÔNG TY TNHH LONG PHÚ,000226003015000,Xe đạp Thống Nhất LD 24-01_2023 Café/nâu,Café/nâu,2.0,3394444.0
KH-00181,CÔNG TY TNHH LONG PHÚ,000230002023000,Xe đạp Thống Nhất LD 26 Kem,Kem,2.0,3626666.0
KH-00181,CÔNG TY TNHH LONG PHÚ,000331002008000,Xe đạp Thống Nhất MTB 26-02 Ghi,Ghi,2.0,3626666.0
KH-00193,CÔNG TY TNHH TÚ ANH,000207004000000,Xe đạp Thống Nhất 219-05-26,219-05-26,11.0,13750000.0
KH-00193,CÔNG TY TNHH TÚ ANH,000209002025000,Xe đạp Thống Nhất 219-26 Xanh Tím,Xanh Tím,2.0,2300000.0
KH-00193,CÔNG TY TNHH TÚ ANH,000214004000000,Xe đạp Thống Nhất GN 05-26,05-26,4.0,5000000.0
KH-00193,CÔNG TY TNHH TÚ ANH,000216003001000,Xe đạp Thống Nhất GN 06-24 2.0 Đen,Đen,2.0,2400000.0
KH-00193,CÔNG TY TNHH TÚ ANH,000216003008000,Xe đạp Thống Nhất GN 06-24 2.0 Ghi,Ghi,2.0,2400000.0
KH-00193,CÔNG TY TNHH TÚ ANH,000217003001000,Xe đạp Thống Nhất GN 06-26 2.0 Đen,Đen,12.0,15000000.0
KH-00193,CÔNG TY TNHH TÚ ANH,000217003008000,Xe đạp Thống Nhất GN 06-26 2.0 Ghi,Ghi,12.0,15000000.0
KH-00193,CÔNG TY TNHH TÚ ANH,000224002002000,Xe đạp Thống Nhất New 24 Trắng,Trắng,3.0,3390000.0
KH-00193,CÔNG TY TNHH TÚ ANH,000224002015000,Xe đạp Thống Nhất New 24 Café/nâu,Café/nâu,3.0,3390000.0
KH-00193,CÔNG TY TNHH TÚ ANH,000224002023000,Xe đạp Thống Nhất New 24 Kem,Kem,8.0,9040000.0
KH-00193,CÔNG TY TNHH TÚ ANH,000224002026000,Xe đạp Thống Nhất New 24 Xanh mint,Xanh mint,5.0,5650000.0
KH-00193,CÔNG TY TNHH TÚ ANH,000225002002000,Xe đạp Thống Nhất New 26 Trắng,Trắng,5.0,5900000.0
KH-00193,CÔNG TY TNHH TÚ ANH,000225002015000,Xe đạp Thống Nhất New 26 Café/nâu,Café/nâu,2.0,2360000.0
KH-00193,CÔNG TY TNHH TÚ ANH,000225002023000,Xe đạp Thống Nhất New 26 Kem,Kem,8.0,9440000.0
KH-00193,CÔNG TY TNHH TÚ ANH,000225002025000,Xe đạp Thống Nhất New 26 Xanh mint,Xanh mint,4.0,4720000.0
KH-00193,CÔNG TY TNHH TÚ ANH,000226003002000,Xe đạp Thống Nhất LD 24-01_2023 Trắng,Trắng,4.0,4800000.0
KH-00193,CÔNG TY TNHH TÚ ANH,000226003014000,Xe đạp Thống Nhất LD 24-01_2023 Xanh Santorini,Xanh Santorini,2.0,2400000.0
KH-00193,CÔNG TY TNHH TÚ ANH,000226003015000,Xe đạp Thống Nhất LD 24-01_2023 Café/nâu,Café/nâu,3.0,3600000.0
KH-00193,CÔNG TY TNHH TÚ ANH,000226003023000,Xe đạp Thống Nhất LD 24-01_2023 Kem,Kem,1.0,1200000.0
KH-00193,CÔNG TY TNHH TÚ ANH,000331002008000,Xe đạp Thống Nhất MTB 26-02 Ghi,Ghi,6.0,7500000.0
KH-00193,CÔNG TY TNHH TÚ ANH,000331002022000,Xe đạp Thống Nhất MTB 26-02 Xanh dương,Xanh dương,2.0,2500000.0
KH-00193,CÔNG TY TNHH TÚ ANH,000335002001000,Xe đạp Thống Nhất Super 24 Đen,Đen,3.0,3600000.0
KH-00193,CÔNG TY TNHH TÚ ANH,000401002016000,"Xe đạp Thống Nhất Nữ Truyền thống Lốp đỏ, Ngọc",Ngọc,8.0,10400000.0
KH-00194,CỬA HÀNG XE ĐẠP SÁN LẠP,000125002009000,Xe đạp Thống Nhất Puppy 20 Hồng,Hồng,6.0,6300000.0
KH-00194,CỬA HÀNG XE ĐẠP SÁN LẠP,000125002013000,Xe đạp Thống Nhất Puppy 20 Xanh,Xanh,5.0,5250000.0
KH-00194,CỬA HÀNG XE ĐẠP SÁN LẠP,000125002023000,Xe đạp Thống Nhất Puppy 20 Kem,Kem,5.0,5250000.0
KH-00194,CỬA HÀNG XE ĐẠP SÁN LẠP,000131002001002,Xe đạp Thống Nhất GN 06 20 2024 Đen,Đen,6.0,7200000.0
KH-00194,CỬA HÀNG XE ĐẠP SÁN LẠP,000131002008001,Xe đạp Thống Nhất GN 06 20 2024 Ghi,Ghi,6.0,7200000.0
KH-00194,CỬA HÀNG XE ĐẠP SÁN LẠP,000225002023000,Xe đạp Thống Nhất New 26 Kem,Kem,2.0,2360000.0
KH-00194,CỬA HÀNG XE ĐẠP SÁN LẠP,000226003023000,Xe đạp Thống Nhất LD 24-01_2023 Kem,Kem,1.0,1200000.0
KH-00194,CỬA HÀNG XE ĐẠP SÁN LẠP,000335002001000,Xe đạp Thống Nhất Super 24 Đen,Đen,2.0,2400000.0
KH-00194,CỬA HÀNG XE ĐẠP SÁN LẠP,1000310050010000,Xe đạp Thống Nhất Road RPD 700C Đen,Đen,2.0,4300000.0
KH-00197,CÔNG TY TNHH THƯƠNG MẠI MINH PHƯƠNG,000125002009000,Xe đạp Thống Nhất Puppy 20 Hồng,Hồng,6.0,6300000.0
KH-00197,CÔNG TY TNHH THƯƠNG MẠI MINH PHƯƠNG,000125002023000,Xe đạp Thống Nhất Puppy 20 Kem,Kem,10.0,10500000.0
KH-00197,CÔNG TY TNHH THƯƠNG MẠI MINH PHƯƠNG,000131002001002,Xe đạp Thống Nhất GN 06 20 2024 Đen,Đen,4.0,4800000.0
KH-00197,CÔNG TY TNHH THƯƠNG MẠI MINH PHƯƠNG,000131002008001,Xe đạp Thống Nhất GN 06 20 2024 Ghi,Ghi,4.0,4800000.0
KH-00197,CÔNG TY TNHH THƯƠNG MẠI MINH PHƯƠNG,000207004000000,Xe đạp Thống Nhất 219-05-26,219-05-26,2.0,2500000.0
KH-00197,CÔNG TY TNHH THƯƠNG MẠI MINH PHƯƠNG,000209002025000,Xe đạp Thống Nhất 219-26 Xanh Tím,Xanh Tím,4.0,4600000.0
KH-00197,CÔNG TY TNHH THƯƠNG MẠI MINH PHƯƠNG,000216003001000,Xe đạp Thống Nhất GN 06-24 2.0 Đen,Đen,6.0,7200000.0
KH-00197,CÔNG TY TNHH THƯƠNG MẠI MINH PHƯƠNG,000216003008000,Xe đạp Thống Nhất GN 06-24 2.0 Ghi,Ghi,2.0,2400000.0
KH-00197,CÔNG TY TNHH THƯƠNG MẠI MINH PHƯƠNG,000217003001000,Xe đạp Thống Nhất GN 06-26 2.0 Đen,Đen,3.0,3750000.0
KH-00197,CÔNG TY TNHH THƯƠNG MẠI MINH PHƯƠNG,000217003008000,Xe đạp Thống Nhất GN 06-26 2.0 Ghi,Ghi,5.0,6250000.0
KH-00197,CÔNG TY TNHH THƯƠNG MẠI MINH PHƯƠNG,000224002002000,Xe đạp Thống Nhất New 24 Trắng,Trắng,8.0,9040000.0
KH-00197,CÔNG TY TNHH THƯƠNG MẠI MINH PHƯƠNG,000224002023000,Xe đạp Thống Nhất New 24 Kem,Kem,7.0,7910000.0
KH-00197,CÔNG TY TNHH THƯƠNG MẠI MINH PHƯƠNG,000225002002000,Xe đạp Thống Nhất New 26 Trắng,Trắng,8.0,9440000.0
KH-00197,CÔNG TY TNHH THƯƠNG MẠI MINH PHƯƠNG,000225002015000,Xe đạp Thống Nhất New 26 Café/nâu,Café/nâu,2.0,2360000.0
KH-00197,CÔNG TY TNHH THƯƠNG MẠI MINH PHƯƠNG,000225002023000,Xe đạp Thống Nhất New 26 Kem,Kem,13.0,15340000.0
KH-00197,CÔNG TY TNHH THƯƠNG MẠI MINH PHƯƠNG,000225002025000,Xe đạp Thống Nhất New 26 Xanh mint,Xanh mint,2.0,2360000.0
KH-00197,CÔNG TY TNHH THƯƠNG MẠI MINH PHƯƠNG,000226003002000,Xe đạp Thống Nhất LD 24-01_2023 Trắng,Trắng,5.0,6000000.0
KH-00197,CÔNG TY TNHH THƯƠNG MẠI MINH PHƯƠNG,000226003014000,Xe đạp Thống Nhất LD 24-01_2023 Xanh Santorini,Xanh Santorini,1.0,1200000.0
KH-00197,CÔNG TY TNHH THƯƠNG MẠI MINH PHƯƠNG,000226003023000,Xe đạp Thống Nhất LD 24-01_2023 Kem,Kem,5.0,6000000.0
KH-00197,CÔNG TY TNHH THƯƠNG MẠI MINH PHƯƠNG,000331002008000,Xe đạp Thống Nhất MTB 26-02 Ghi,Ghi,1.0,1250000.0
KH-00197,CÔNG TY TNHH THƯƠNG MẠI MINH PHƯƠNG,000331002022000,Xe đạp Thống Nhất MTB 26-02 Xanh dương,Xanh dương,1.0,1250000.0
KH-00198,CÔNG TY TNHH TRÍ ĐỨC,000125002009000,Xe đạp Thống Nhất Puppy 20 Hồng,Hồng,2.0,2100000.0
KH-00198,CÔNG TY TNHH TRÍ ĐỨC,000131002001002,Xe đạp Thống Nhất GN 06 20 2024 Đen,Đen,4.0,4800000.0
KH-00198,CÔNG TY TNHH TRÍ ĐỨC,000131002008001,Xe đạp Thống Nhất GN 06 20 2024 Ghi,Ghi,1.0,1200000.0
KH-00198,CÔNG TY TNHH TRÍ ĐỨC,000207004000000,Xe đạp Thống Nhất 219-05-26,219-05-26,3.0,3750000.0
KH-00198,CÔNG TY TNHH TRÍ ĐỨC,000209002025000,Xe đạp Thống Nhất 219-26 Xanh Tím,Xanh Tím,6.0,6900000.0
KH-00198,CÔNG TY TNHH TRÍ ĐỨC,000214004000000,Xe đạp Thống Nhất GN 05-26,05-26,3.0,3750000.0
KH-00198,CÔNG TY TNHH TRÍ ĐỨC,000216003001000,Xe đạp Thống Nhất GN 06-24 2.0 Đen,Đen,8.0,9600000.0
KH-00198,CÔNG TY TNHH TRÍ ĐỨC,000216003008000,Xe đạp Thống Nhất GN 06-24 2.0 Ghi,Ghi,6.0,7200000.0
KH-00198,CÔNG TY TNHH TRÍ ĐỨC,000217003001000,Xe đạp Thống Nhất GN 06-26 2.0 Đen,Đen,5.0,6250000.0
KH-00198,CÔNG TY TNHH TRÍ ĐỨC,000217003008000,Xe đạp Thống Nhất GN 06-26 2.0 Ghi,Ghi,5.0,6250000.0
KH-00198,CÔNG TY TNHH TRÍ ĐỨC,000224002002000,Xe đạp Thống Nhất New 24 Trắng,Trắng,1.0,1130000.0
KH-00198,CÔNG TY TNHH TRÍ ĐỨC,000224002023000,Xe đạp Thống Nhất New 24 Kem,Kem,1.0,1130000.0
KH-00198,CÔNG TY TNHH TRÍ ĐỨC,000225002002000,Xe đạp Thống Nhất New 26 Trắng,Trắng,2.0,2360000.0
KH-00198,CÔNG TY TNHH TRÍ ĐỨC,000225002015000,Xe đạp Thống Nhất New 26 Café/nâu,Café/nâu,2.0,2360000.0
KH-00198,CÔNG TY TNHH TRÍ ĐỨC,000225002023000,Xe đạp Thống Nhất New 26 Kem,Kem,1.0,1180000.0
KH-00198,CÔNG TY TNHH TRÍ ĐỨC,000226003002000,Xe đạp Thống Nhất LD 24-01_2023 Trắng,Trắng,1.0,1200000.0
KH-00198,CÔNG TY TNHH TRÍ ĐỨC,000226003023000,Xe đạp Thống Nhất LD 24-01_2023 Kem,Kem,4.0,4800000.0
KH-00198,CÔNG TY TNHH TRÍ ĐỨC,1000310050010000,Xe đạp Thống Nhất Road RPD 700C Đen,Đen,1.0,2150000.0
KH-00217,DOANH NGHIỆP TW ĐẠI DƯƠNG,000125002023000,Xe đạp Thống Nhất Puppy 20 Kem,Kem,3.0,3931665.0
KH-00217,DOANH NGHIỆP TW ĐẠI DƯƠNG,000207004000000,Xe đạp Thống Nhất 219-05-26,219-05-26,32.0,44769435.0
KH-00217,DOANH NGHIỆP TW ĐẠI DƯƠNG,000209002025000,Xe đạp Thống Nhất 219-26 Xanh Tím,Xanh Tím,11.0,12650000.0
KH-00217,DOANH NGHIỆP TW ĐẠI DƯƠNG,000214004000000,Xe đạp Thống Nhất GN 05-26,05-26,10.0,14491663.0
KH-00217,DOANH NGHIỆP TW ĐẠI DƯƠNG,000216003001000,Xe đạp Thống Nhất GN 06-24 2.0 Đen,Đen,2.0,2400000.0
KH-00217,DOANH NGHIỆP TW ĐẠI DƯƠNG,000216003008000,Xe đạp Thống Nhất GN 06-24 2.0 Ghi,Ghi,2.0,2400000.0
KH-00217,DOANH NGHIỆP TW ĐẠI DƯƠNG,000217003001000,Xe đạp Thống Nhất GN 06-26 2.0 Đen,Đen,8.0,11708330.0
KH-00217,DOANH NGHIỆP TW ĐẠI DƯƠNG,000217003008000,Xe đạp Thống Nhất GN 06-26 2.0 Ghi,Ghi,3.0,3750000.0
KH-00217,DOANH NGHIỆP TW ĐẠI DƯƠNG,000224002002000,Xe đạp Thống Nhất New 24 Trắng,Trắng,7.0,7910000.0
KH-00217,DOANH NGHIỆP TW ĐẠI DƯƠNG,000224002015000,Xe đạp Thống Nhất New 24 Café/nâu,Café/nâu,13.0,15540000.0
KH-00217,DOANH NGHIỆP TW ĐẠI DƯƠNG,000224002023000,Xe đạp Thống Nhất New 24 Kem,Kem,21.0,27555000.0
KH-00217,DOANH NGHIỆP TW ĐẠI DƯƠNG,000224002026000,Xe đạp Thống Nhất New 24 Xanh mint,Xanh mint,11.0,12430000.0
KH-00217,DOANH NGHIỆP TW ĐẠI DƯƠNG,000225002002000,Xe đạp Thống Nhất New 26 Trắng,Trắng,1.0,1180000.0
KH-00217,DOANH NGHIỆP TW ĐẠI DƯƠNG,000225002015000,Xe đạp Thống Nhất New 26 Café/nâu,Café/nâu,12.0,15468333.0
KH-00217,DOANH NGHIỆP TW ĐẠI DƯƠNG,000225002023000,Xe đạp Thống Nhất New 26 Kem,Kem,54.0,76575554.0
KH-00217,DOANH NGHIỆP TW ĐẠI DƯƠNG,000225002025000,Xe đạp Thống Nhất New 26 Xanh mint,Xanh mint,10.0,11800000.0
KH-00217,DOANH NGHIỆP TW ĐẠI DƯƠNG,000226003002000,Xe đạp Thống Nhất LD 24-01_2023 Trắng,Trắng,1.0,1200000.0
KH-00217,DOANH NGHIỆP TW ĐẠI DƯƠNG,000226003015000,Xe đạp Thống Nhất LD 24-01_2023 Café/nâu,Café/nâu,4.0,4800000.0
KH-00217,DOANH NGHIỆP TW ĐẠI DƯƠNG,000226003023000,Xe đạp Thống Nhất LD 24-01_2023 Kem,Kem,8.0,12555554.0
KH-00217,DOANH NGHIỆP TW ĐẠI DƯƠNG,000230002023000,Xe đạp Thống Nhất LD 26 Kem,Kem,12.0,21648884.0
KH-00217,DOANH NGHIỆP TW ĐẠI DƯƠNG,000331002008000,Xe đạp Thống Nhất MTB 26-02 Ghi,Ghi,3.0,4848888.0
KH-00217,DOANH NGHIỆP TW ĐẠI DƯƠNG,000331002022000,Xe đạp Thống Nhất MTB 26-02 Xanh dương,Xanh dương,2.0,3049444.0
KH-00219,CÔNG TY CỔ PHẦN THƯƠNG MẠI PHÚ THỊNH,000125002013000,Xe đạp Thống Nhất Puppy 20 Xanh,Xanh,1.0,1324444.0
KH-00219,CÔNG TY CỔ PHẦN THƯƠNG MẠI PHÚ THỊNH,000125002023000,Xe đạp Thống Nhất Puppy 20 Kem,Kem,1.0,1324444.0
KH-00219,CÔNG TY CỔ PHẦN THƯƠNG MẠI PHÚ THỊNH,000131002008001,Xe đạp Thống Nhất GN 06 20 2024 Ghi,Ghi,1.0,1200000.0
KH-00219,CÔNG TY CỔ PHẦN THƯƠNG MẠI PHÚ THỊNH,000209002025000,Xe đạp Thống Nhất 219-26 Xanh Tím,Xanh Tím,2.0,2300000.0
KH-00219,CÔNG TY CỔ PHẦN THƯƠNG MẠI PHÚ THỊNH,000216003001000,Xe đạp Thống Nhất GN 06-24 2.0 Đen,Đen,3.0,4633332.0
KH-00219,CÔNG TY CỔ PHẦN THƯƠNG MẠI PHÚ THỊNH,000216003008000,Xe đạp Thống Nhất GN 06-24 2.0 Ghi,Ghi,7.0,10122220.0
KH-00219,CÔNG TY CỔ PHẦN THƯƠNG MẠI PHÚ THỊNH,000224002015000,Xe đạp Thống Nhất New 24 Café/nâu,Café/nâu,4.0,5397776.0
KH-00219,CÔNG TY CỔ PHẦN THƯƠNG MẠI PHÚ THỊNH,000224002023000,Xe đạp Thống Nhất New 24 Kem,Kem,5.0,7844440.0
KH-00219,CÔNG TY CỔ PHẦN THƯƠNG MẠI PHÚ THỊNH,000224002026000,Xe đạp Thống Nhất New 24 Xanh mint,Xanh mint,2.0,2260000.0
KH-00219,CÔNG TY CỔ PHẦN THƯƠNG MẠI PHÚ THỊNH,000225002015000,Xe đạp Thống Nhất New 26 Café/nâu,Café/nâu,10.0,15358333.0
KH-00219,CÔNG TY CỔ PHẦN THƯƠNG MẠI PHÚ THỊNH,000225002023000,Xe đạp Thống Nhất New 26 Kem,Kem,8.0,12112222.0
KH-00219,CÔNG TY CỔ PHẦN THƯƠNG MẠI PHÚ THỊNH,000225002025000,Xe đạp Thống Nhất New 26 Xanh mint,Xanh mint,2.0,3260000.0
KH-00219,CÔNG TY CỔ PHẦN THƯƠNG MẠI PHÚ THỊNH,000226003023000,Xe đạp Thống Nhất LD 24-01_2023 Kem,Kem,3.0,5091666.0
KH-00219,CÔNG TY CỔ PHẦN THƯƠNG MẠI PHÚ THỊNH,000230002023000,Xe đạp Thống Nhất LD 26 Kem,Kem,7.0,12665553.0
KH-00219,CÔNG TY CỔ PHẦN THƯƠNG MẠI PHÚ THỊNH,000331002008000,Xe đạp Thống Nhất MTB 26-02 Ghi,Ghi,24.0,33873886.0
KH-00219,CÔNG TY CỔ PHẦN THƯƠNG MẠI PHÚ THỊNH,000331002022000,Xe đạp Thống Nhất MTB 26-02 Xanh dương,Xanh dương,18.0,28696663.0
KH-00219,CÔNG TY CỔ PHẦN THƯƠNG MẠI PHÚ THỊNH,000335002001000,Xe đạp Thống Nhất Super 24 Đen,Đen,1.0,1200000.0
KH-00219,CÔNG TY CỔ PHẦN THƯƠNG MẠI PHÚ THỊNH,000401002016000,"Xe đạp Thống Nhất Nữ Truyền thống Lốp đỏ, Ngọc",Ngọc,3.0,3900000.0
KH-00256,CÔNG TY TNHH XUÂN MAI,000125002023000,Xe đạp Thống Nhất Puppy 20 Kem,Kem,3.0,3150000.0
KH-00256,CÔNG TY TNHH XUÂN MAI,000131002001002,Xe đạp Thống Nhất GN 06 20 2024 Đen,Đen,5.0,6000000.0
KH-00256,CÔNG TY TNHH XUÂN MAI,000131002008001,Xe đạp Thống Nhất GN 06 20 2024 Ghi,Ghi,9.0,10800000.0
KH-00256,CÔNG TY TNHH XUÂN MAI,000214004000000,Xe đạp Thống Nhất GN 05-26,05-26,1.0,1250000.0
KH-00256,CÔNG TY TNHH XUÂN MAI,000216003001000,Xe đạp Thống Nhất GN 06-24 2.0 Đen,Đen,1.0,1200000.0
KH-00256,CÔNG TY TNHH XUÂN MAI,000216003008000,Xe đạp Thống Nhất GN 06-24 2.0 Ghi,Ghi,1.0,1200000.0
KH-00256,CÔNG TY TNHH XUÂN MAI,000217003001000,Xe đạp Thống Nhất GN 06-26 2.0 Đen,Đen,2.0,2500000.0
KH-00256,CÔNG TY TNHH XUÂN MAI,000217003008000,Xe đạp Thống Nhất GN 06-26 2.0 Ghi,Ghi,2.0,2500000.0
KH-00256,CÔNG TY TNHH XUÂN MAI,000224002002000,Xe đạp Thống Nhất New 24 Trắng,Trắng,5.0,5650000.0
KH-00256,CÔNG TY TNHH XUÂN MAI,000224002015000,Xe đạp Thống Nhất New 24 Café/nâu,Café/nâu,2.0,2260000.0
KH-00256,CÔNG TY TNHH XUÂN MAI,000224002023000,Xe đạp Thống Nhất New 24 Kem,Kem,6.0,6780000.0
KH-00256,CÔNG TY TNHH XUÂN MAI,000224002026000,Xe đạp Thống Nhất New 24 Xanh mint,Xanh mint,3.0,3390000.0
KH-00256,CÔNG TY TNHH XUÂN MAI,000225002002000,Xe đạp Thống Nhất New 26 Trắng,Trắng,9.0,10620000.0
KH-00256,CÔNG TY TNHH XUÂN MAI,000225002015000,Xe đạp Thống Nhất New 26 Café/nâu,Café/nâu,3.0,3540000.0
KH-00256,CÔNG TY TNHH XUÂN MAI,000225002023000,Xe đạp Thống Nhất New 26 Kem,Kem,5.0,5900000.0
KH-00256,CÔNG TY TNHH XUÂN MAI,000225002025000,Xe đạp Thống Nhất New 26 Xanh mint,Xanh mint,1.0,1180000.0
KH-00256,CÔNG TY TNHH XUÂN MAI,000226003002000,Xe đạp Thống Nhất LD 24-01_2023 Trắng,Trắng,4.0,4800000.0
KH-00256,CÔNG TY TNHH XUÂN MAI,000226003014000,Xe đạp Thống Nhất LD 24-01_2023 Xanh Santorini,Xanh Santorini,3.0,3600000.0
KH-00256,CÔNG TY TNHH XUÂN MAI,000226003023000,Xe đạp Thống Nhất LD 24-01_2023 Kem,Kem,6.0,7200000.0
KH-00256,CÔNG TY TNHH XUÂN MAI,000331002008000,Xe đạp Thống Nhất MTB 26-02 Ghi,Ghi,6.0,7500000.0
KH-00256,CÔNG TY TNHH XUÂN MAI,000331002022000,Xe đạp Thống Nhất MTB 26-02 Xanh dương,Xanh dương,5.0,6250000.0
KH-00256,CÔNG TY TNHH XUÂN MAI,000335002001000,Xe đạp Thống Nhất Super 24 Đen,Đen,6.0,7200000.0
KH-00264,DOANH NGHIỆP TW NGỌC ANH,000131002001002,Xe đạp Thống Nhất GN 06 20 2024 Đen,Đen,7.0,8400000.0
KH-00264,DOANH NGHIỆP TW NGỌC ANH,000131002008001,Xe đạp Thống Nhất GN 06 20 2024 Ghi,Ghi,3.0,3600000.0
KH-00264,DOANH NGHIỆP TW NGỌC ANH,000207004000000,Xe đạp Thống Nhất 219-05-26,219-05-26,5.0,6250000.0
KH-00264,DOANH NGHIỆP TW NGỌC ANH,000209002025000,Xe đạp Thống Nhất 219-26 Xanh Tím,Xanh Tím,5.0,5750000.0
KH-00264,DOANH NGHIỆP TW NGỌC ANH,000214004000000,Xe đạp Thống Nhất GN 05-26,05-26,3.0,3750000.0
KH-00264,DOANH NGHIỆP TW NGỌC ANH,000217003001000,Xe đạp Thống Nhất GN 06-26 2.0 Đen,Đen,5.0,6250000.0
KH-00264,DOANH NGHIỆP TW NGỌC ANH,000224002002000,Xe đạp Thống Nhất New 24 Trắng,Trắng,1.0,1130000.0
KH-00264,DOANH NGHIỆP TW NGỌC ANH,000224002023000,Xe đạp Thống Nhất New 24 Kem,Kem,7.0,7910000.0
KH-00264,DOANH NGHIỆP TW NGỌC ANH,000225002002000,Xe đạp Thống Nhất New 26 Trắng,Trắng,1.0,1180000.0
KH-00264,DOANH NGHIỆP TW NGỌC ANH,000225002015000,Xe đạp Thống Nhất New 26 Café/nâu,Café/nâu,2.0,2360000.0
KH-00264,DOANH NGHIỆP TW NGỌC ANH,000225002023000,Xe đạp Thống Nhất New 26 Kem,Kem,10.0,11800000.0
KH-00264,DOANH NGHIỆP TW NGỌC ANH,000226003002000,Xe đạp Thống Nhất LD 24-01_2023 Trắng,Trắng,1.0,1200000.0
KH-00264,DOANH NGHIỆP TW NGỌC ANH,000226003023000,Xe đạp Thống Nhất LD 24-01_2023 Kem,Kem,1.0,1200000.0
KH-00264,DOANH NGHIỆP TW NGỌC ANH,000331002008000,Xe đạp Thống Nhất MTB 26-02 Ghi,Ghi,5.0,6250000.0
KH-00264,DOANH NGHIỆP TW NGỌC ANH,000331002022000,Xe đạp Thống Nhất MTB 26-02 Xanh dương,Xanh dương,2.0,2500000.0
KH-00264,DOANH NGHIỆP TW NGỌC ANH,000335002001000,Xe đạp Thống Nhất Super 24 Đen,Đen,2.0,2400000.0
KH-00277,CÔNG TY CỔ PHẦN THƯƠNG MẠI VĨNH PHÁT,000125002009000,Xe đạp Thống Nhất Puppy 20 Hồng,Hồng,5.0,5250000.0
KH-00277,CÔNG TY CỔ PHẦN THƯƠNG MẠI VĨNH PHÁT,000207004000000,Xe đạp Thống Nhất 219-05-26,219-05-26,4.0,5000000.0
KH-00277,CÔNG TY CỔ PHẦN THƯƠNG MẠI VĨNH PHÁT,000209002025000,Xe đạp Thống Nhất 219-26 Xanh Tím,Xanh Tím,3.0,3450000.0
KH-00277,CÔNG TY CỔ PHẦN THƯƠNG MẠI VĨNH PHÁT,000217003008000,Xe đạp Thống Nhất GN 06-26 2.0 Ghi,Ghi,1.0,1250000.0
KH-00277,CÔNG TY CỔ PHẦN THƯƠNG MẠI VĨNH PHÁT,000224002002000,Xe đạp Thống Nhất New 24 Trắng,Trắng,5.0,5650000.0
KH-00277,CÔNG TY CỔ PHẦN THƯƠNG MẠI VĨNH PHÁT,000224002015000,Xe đạp Thống Nhất New 24 Café/nâu,Café/nâu,10.0,11300000.0
KH-00277,CÔNG TY CỔ PHẦN THƯƠNG MẠI VĨNH PHÁT,000224002023000,Xe đạp Thống Nhất New 24 Kem,Kem,12.0,13560000.0
KH-00277,CÔNG TY CỔ PHẦN THƯƠNG MẠI VĨNH PHÁT,000224002026000,Xe đạp Thống Nhất New 24 Xanh mint,Xanh mint,10.0,11300000.0
KH-00277,CÔNG TY CỔ PHẦN THƯƠNG MẠI VĨNH PHÁT,000225002015000,Xe đạp Thống Nhất New 26 Café/nâu,Café/nâu,20.0,23600000.0
KH-00277,CÔNG TY CỔ PHẦN THƯƠNG MẠI VĨNH PHÁT,000225002023000,Xe đạp Thống Nhất New 26 Kem,Kem,12.0,14160000.0
KH-00277,CÔNG TY CỔ PHẦN THƯƠNG MẠI VĨNH PHÁT,000225002025000,Xe đạp Thống Nhất New 26 Xanh mint,Xanh mint,11.0,12980000.0
KH-00277,CÔNG TY CỔ PHẦN THƯƠNG MẠI VĨNH PHÁT,000226003002000,Xe đạp Thống Nhất LD 24-01_2023 Trắng,Trắng,3.0,3600000.0
KH-00277,CÔNG TY CỔ PHẦN THƯƠNG MẠI VĨNH PHÁT,000226003014000,Xe đạp Thống Nhất LD 24-01_2023 Xanh Santorini,Xanh Santorini,8.0,9600000.0
KH-00277,CÔNG TY CỔ PHẦN THƯƠNG MẠI VĨNH PHÁT,000226003015000,Xe đạp Thống Nhất LD 24-01_2023 Café/nâu,Café/nâu,8.0,9600000.0
KH-00277,CÔNG TY CỔ PHẦN THƯƠNG MẠI VĨNH PHÁT,000226003023000,Xe đạp Thống Nhất LD 24-01_2023 Kem,Kem,4.0,4800000.0
KH-00277,CÔNG TY CỔ PHẦN THƯƠNG MẠI VĨNH PHÁT,000331002008000,Xe đạp Thống Nhất MTB 26-02 Ghi,Ghi,5.0,6250000.0
KH-00334,HỘ KINH DOANH YÊN BÌNH,000131002001002,Xe đạp Thống Nhất GN 06 20 2024 Đen,Đen,45.0,58041669.0
KH-00338,CÔNG TY TNHH THƯƠNG MẠI ĐẠI LỢI,000125002009000,Xe đạp Thống Nhất Puppy 20 Hồng,Hồng,5.0,6622220.0
KH-00338,CÔNG TY TNHH THƯƠNG MẠI ĐẠI LỢI,000125002013000,Xe đạp Thống Nhất Puppy 20 Xanh,Xanh,3.0,3973332.0
KH-00338,CÔNG TY TNHH THƯƠNG MẠI ĐẠI LỢI,000125002023000,Xe đạp Thống Nhất Puppy 20 Kem,Kem,2.0,2621110.0
KH-00338,CÔNG TY TNHH THƯƠNG MẠI ĐẠI LỢI,000131002001002,Xe đạp Thống Nhất GN 06 20 2024 Đen,Đen,8.0,9373145.0
KH-00338,CÔNG TY TNHH THƯƠNG MẠI ĐẠI LỢI,000131002008001,Xe đạp Thống Nhất GN 06 20 2024 Ghi,Ghi,10.0,11768515.0
KH-00338,CÔNG TY TNHH THƯƠNG MẠI ĐẠI LỢI,000207004000000,Xe đạp Thống Nhất 219-05-26,219-05-26,4.0,6149998.0
KH-00338,CÔNG TY TNHH THƯƠNG MẠI ĐẠI LỢI,000209002025000,Xe đạp Thống Nhất 219-26 Xanh Tím,Xanh Tím,6.0,8830553.0
KH-00338,CÔNG TY TNHH THƯƠNG MẠI ĐẠI LỢI,000214004000000,Xe đạp Thống Nhất GN 05-26,05-26,4.0,6177776.0
KH-00338,CÔNG TY TNHH THƯƠNG MẠI ĐẠI LỢI,000216003001000,Xe đạp Thống Nhất GN 06-24 2.0 Đen,Đen,5.0,7680553.0
KH-00338,CÔNG TY TNHH THƯƠNG MẠI ĐẠI LỢI,000216003008000,Xe đạp Thống Nhất GN 06-24 2.0 Ghi,Ghi,13.0,19994438.0
KH-00338,CÔNG TY TNHH THƯƠNG MẠI ĐẠI LỢI,000217003001000,Xe đạp Thống Nhất GN 06-26 2.0 Đen,Đen,17.0,27113878.0
KH-00338,CÔNG TY TNHH THƯƠNG MẠI ĐẠI LỢI,000217003008000,Xe đạp Thống Nhất GN 06-26 2.0 Ghi,Ghi,18.0,28761100.0
KH-00338,CÔNG TY TNHH THƯƠNG MẠI ĐẠI LỢI,000224002002000,Xe đạp Thống Nhất New 24 Trắng,Trắng,9.0,14050552.0
KH-00338,CÔNG TY TNHH THƯƠNG MẠI ĐẠI LỢI,000224002015000,Xe đạp Thống Nhất New 24 Café/nâu,Café/nâu,1.0,1555000.0
KH-00338,CÔNG TY TNHH THƯƠNG MẠI ĐẠI LỢI,000224002023000,Xe đạp Thống Nhất New 24 Kem,Kem,8.0,12467776.0
KH-00338,CÔNG TY TNHH THƯƠNG MẠI ĐẠI LỢI,000224002026000,Xe đạp Thống Nhất New 24 Xanh mint,Xanh mint,3.0,4692776.0
KH-00338,CÔNG TY TNHH THƯƠNG MẠI ĐẠI LỢI,000225002002000,Xe đạp Thống Nhất New 26 Trắng,Trắng,9.0,14614444.0
KH-00338,CÔNG TY TNHH THƯƠNG MẠI ĐẠI LỢI,000225002015000,Xe đạp Thống Nhất New 26 Café/nâu,Café/nâu,7.0,11410000.0
KH-00338,CÔNG TY TNHH THƯƠNG MẠI ĐẠI LỢI,000225002023000,Xe đạp Thống Nhất New 26 Kem,Kem,17.0,27584999.0
KH-00338,CÔNG TY TNHH THƯƠNG MẠI ĐẠI LỢI,000225002025000,Xe đạp Thống Nhất New 26 Xanh mint,Xanh mint,3.0,4862222.0
KH-00338,CÔNG TY TNHH THƯƠNG MẠI ĐẠI LỢI,000226003002000,Xe đạp Thống Nhất LD 24-01_2023 Trắng,Trắng,4.0,6747221.0
KH-00338,CÔNG TY TNHH THƯƠNG MẠI ĐẠI LỢI,000226003014000,Xe đạp Thống Nhất LD 24-01_2023 Xanh Santorini,Xanh Santorini,1.0,1683333.0
KH-00338,CÔNG TY TNHH THƯƠNG MẠI ĐẠI LỢI,000226003015000,Xe đạp Thống Nhất LD 24-01_2023 Café/nâu,Café/nâu,2.0,3380555.0
KH-00338,CÔNG TY TNHH THƯƠNG MẠI ĐẠI LỢI,000226003023000,Xe đạp Thống Nhất LD 24-01_2023 Kem,Kem,5.0,8430554.0
KH-00338,CÔNG TY TNHH THƯƠNG MẠI ĐẠI LỢI,000230002023000,Xe đạp Thống Nhất LD 26 Kem,Kem,11.0,19849440.0
KH-00338,CÔNG TY TNHH THƯƠNG MẠI ĐẠI LỢI,000331002008000,Xe đạp Thống Nhất MTB 26-02 Ghi,Ghi,11.0,19821662.0
KH-00338,CÔNG TY TNHH THƯƠNG MẠI ĐẠI LỢI,000331002022000,Xe đạp Thống Nhất MTB 26-02 Xanh dương,Xanh dương,6.0,10796664.0
KH-00338,CÔNG TY TNHH THƯƠNG MẠI ĐẠI LỢI,000401002016000,"Xe đạp Thống Nhất Nữ Truyền thống Lốp đỏ, Ngọc",Ngọc,7.0,10769441.0
KH-00341,CỬA HÀNG XE ĐẠP VIỆT ANH,000125002009000,Xe đạp Thống Nhất Puppy 20 Hồng,Hồng,15.0,19797215.0
KH-00341,CỬA HÀNG XE ĐẠP VIỆT ANH,000125002013000,Xe đạp Thống Nhất Puppy 20 Xanh,Xanh,12.0,15796105.0
KH-00341,CỬA HÀNG XE ĐẠP VIỆT ANH,000125002023000,Xe đạp Thống Nhất Puppy 20 Kem,Kem,4.0,5242220.0
KH-00341,CỬA HÀNG XE ĐẠP VIỆT ANH,000131002001002,Xe đạp Thống Nhất GN 06 20 2024 Đen,Đen,9.0,10598608.0
KH-00341,CỬA HÀNG XE ĐẠP VIỆT ANH,000131002008001,Xe đạp Thống Nhất GN 06 20 2024 Ghi,Ghi,8.0,9359256.0
KH-00341,CỬA HÀNG XE ĐẠP VIỆT ANH,000207004000000,Xe đạp Thống Nhất 219-05-26,219-05-26,40.0,61361090.0
KH-00341,CỬA HÀNG XE ĐẠP VIỆT ANH,000209002025000,Xe đạp Thống Nhất 219-26 Xanh Tím,Xanh Tím,34.0,50433322.0
KH-00341,CỬA HÀNG XE ĐẠP VIỆT ANH,000214004000000,Xe đạp Thống Nhất GN 05-26,05-26,5.0,7722220.0
KH-00341,CỬA HÀNG XE ĐẠP VIỆT ANH,000216003001000,Xe đạp Thống Nhất GN 06-24 2.0 Đen,Đen,26.0,40044432.0
KH-00341,CỬA HÀNG XE ĐẠP VIỆT ANH,000216003008000,Xe đạp Thống Nhất GN 06-24 2.0 Ghi,Ghi,19.0,29288880.0
KH-00341,CỬA HÀNG XE ĐẠP VIỆT ANH,000217003001000,Xe đạp Thống Nhất GN 06-26 2.0 Đen,Đen,53.0,84774968.0
KH-00341,CỬA HÀNG XE ĐẠP VIỆT ANH,000217003008000,Xe đạp Thống Nhất GN 06-26 2.0 Ghi,Ghi,25.0,40069430.0
KH-00341,CỬA HÀNG XE ĐẠP VIỆT ANH,000224002015000,Xe đạp Thống Nhất New 24 Café/nâu,Café/nâu,20.0,31238880.0
KH-00341,CỬA HÀNG XE ĐẠP VIỆT ANH,000224002023000,Xe đạp Thống Nhất New 24 Kem,Kem,28.0,43678880.0
KH-00341,CỬA HÀNG XE ĐẠP VIỆT ANH,000224002026000,Xe đạp Thống Nhất New 24 Xanh mint,Xanh mint,10.0,15619440.0
KH-00341,CỬA HÀNG XE ĐẠP VIỆT ANH,000225002002000,Xe đạp Thống Nhất New 26 Trắng,Trắng,15.0,24450000.0
KH-00341,CỬA HÀNG XE ĐẠP VIỆT ANH,000225002015000,Xe đạp Thống Nhất New 26 Café/nâu,Café/nâu,52.0,84384997.0
KH-00341,CỬA HÀNG XE ĐẠP VIỆT ANH,000225002023000,Xe đạp Thống Nhất New 26 Kem,Kem,72.0,116846107.0
KH-00341,CỬA HÀNG XE ĐẠP VIỆT ANH,000225002025000,Xe đạp Thống Nhất New 26 Xanh mint,Xanh mint,15.0,24380555.0
KH-00341,CỬA HÀNG XE ĐẠP VIỆT ANH,000226003002000,Xe đạp Thống Nhất LD 24-01_2023 Trắng,Trắng,6.0,10141665.0
KH-00341,CỬA HÀNG XE ĐẠP VIỆT ANH,000226003023000,Xe đạp Thống Nhất LD 24-01_2023 Kem,Kem,13.0,21994441.0
KH-00341,CỬA HÀNG XE ĐẠP VIỆT ANH,000230002023000,Xe đạp Thống Nhất LD 26 Kem,Kem,5.0,9066665.0
KH-00341,CỬA HÀNG XE ĐẠP VIỆT ANH,000331002008000,Xe đạp Thống Nhất MTB 26-02 Ghi,Ghi,2.0,3598888.0
KH-00341,CỬA HÀNG XE ĐẠP VIỆT ANH,000401002016000,"Xe đạp Thống Nhất Nữ Truyền thống Lốp đỏ, Ngọc",Ngọc,5.0,7652775.0
KH-00342,HỘ KINH DOANH VĨNH PHÁT,000125002009000,Xe đạp Thống Nhất Puppy 20 Hồng,Hồng,6.0,7877219.0
KH-00342,HỘ KINH DOANH VĨNH PHÁT,000125002013000,Xe đạp Thống Nhất Puppy 20 Xanh,Xanh,4.0,5242220.0
KH-00342,HỘ KINH DOANH VĨNH PHÁT,000125002023000,Xe đạp Thống Nhất Puppy 20 Kem,Kem,6.0,7863330.0
KH-00342,HỘ KINH DOANH VĨNH PHÁT,000131002001002,Xe đạp Thống Nhất GN 06 20 2024 Đen,Đen,6.0,7019442.0
KH-00342,HỘ KINH DOANH VĨNH PHÁT,000207004000000,Xe đạp Thống Nhất 219-05-26,219-05-26,8.0,12244440.0
KH-00342,HỘ KINH DOANH VĨNH PHÁT,000214004000000,Xe đạp Thống Nhất GN 05-26,05-26,4.0,6177776.0
KH-00342,HỘ KINH DOANH VĨNH PHÁT,000216003001000,Xe đạp Thống Nhất GN 06-24 2.0 Đen,Đen,4.0,6122220.0
KH-00342,HỘ KINH DOANH VĨNH PHÁT,000216003008000,Xe đạp Thống Nhất GN 06-24 2.0 Ghi,Ghi,2.0,3061110.0
KH-00342,HỘ KINH DOANH VĨNH PHÁT,000217003001000,Xe đạp Thống Nhất GN 06-26 2.0 Đen,Đen,4.0,6366664.0
KH-00342,HỘ KINH DOANH VĨNH PHÁT,000217003008000,Xe đạp Thống Nhất GN 06-26 2.0 Ghi,Ghi,9.0,14352772.0
KH-00342,HỘ KINH DOANH VĨNH PHÁT,000224002002000,Xe đạp Thống Nhất New 24 Trắng,Trắng,2.0,3110000.0
KH-00342,HỘ KINH DOANH VĨNH PHÁT,000224002015000,Xe đạp Thống Nhất New 24 Café/nâu,Café/nâu,4.0,6220000.0
KH-00342,HỘ KINH DOANH VĨNH PHÁT,000224002023000,Xe đạp Thống Nhất New 24 Kem,Kem,12.0,18660000.0
KH-00342,HỘ KINH DOANH VĨNH PHÁT,000225002002000,Xe đạp Thống Nhất New 26 Trắng,Trắng,7.0,11382222.0
KH-00342,HỘ KINH DOANH VĨNH PHÁT,000225002015000,Xe đạp Thống Nhất New 26 Café/nâu,Café/nâu,7.0,11312777.0
KH-00342,HỘ KINH DOANH VĨNH PHÁT,000225002023000,Xe đạp Thống Nhất New 26 Kem,Kem,15.0,24297221.0
KH-00342,HỘ KINH DOANH VĨNH PHÁT,000225002025000,Xe đạp Thống Nhất New 26 Xanh mint,Xanh mint,2.0,3232222.0
KH-00342,HỘ KINH DOANH VĨNH PHÁT,000226003002000,Xe đạp Thống Nhất LD 24-01_2023 Trắng,Trắng,2.0,3366666.0
KH-00342,HỘ KINH DOANH VĨNH PHÁT,000226003015000,Xe đạp Thống Nhất LD 24-01_2023 Café/nâu,Café/nâu,2.0,3366666.0
KH-00342,HỘ KINH DOANH VĨNH PHÁT,000226003023000,Xe đạp Thống Nhất LD 24-01_2023 Kem,Kem,10.0,16902775.0
KH-00342,HỘ KINH DOANH VĨNH PHÁT,000230002023000,Xe đạp Thống Nhất LD 26 Kem,Kem,1.0,1799444.0
KH-00342,HỘ KINH DOANH VĨNH PHÁT,000331002008000,Xe đạp Thống Nhất MTB 26-02 Ghi,Ghi,12.0,21704440.0
KH-00342,HỘ KINH DOANH VĨNH PHÁT,000331002022000,Xe đạp Thống Nhất MTB 26-02 Xanh dương,Xanh dương,4.0,7253332.0
KH-00343,CÔNG TY CỔ PHẦN THƯƠNG MẠI THUỶ TIÊN,000214004000000,Xe đạp Thống Nhất GN 05-26,05-26,2.0,3088888.0
KH-00343,CÔNG TY CỔ PHẦN THƯƠNG MẠI THUỶ TIÊN,000224002015000,Xe đạp Thống Nhất New 24 Café/nâu,Café/nâu,3.0,4706664.0
KH-00343,CÔNG TY CỔ PHẦN THƯƠNG MẠI THUỶ TIÊN,000224002023000,Xe đạp Thống Nhất New 24 Kem,Kem,4.0,6275552.0
KH-00343,CÔNG TY CỔ PHẦN THƯƠNG MẠI THUỶ TIÊN,000225002015000,Xe đạp Thống Nhất New 26 Café/nâu,Café/nâu,2.0,3260000.0
KH-00343,CÔNG TY CỔ PHẦN THƯƠNG MẠI THUỶ TIÊN,000225002025000,Xe đạp Thống Nhất New 26 Xanh mint,Xanh mint,3.0,4890000.0
KH-00343,CÔNG TY CỔ PHẦN THƯƠNG MẠI THUỶ TIÊN,000226003014000,Xe đạp Thống Nhất LD 24-01_2023 Xanh Santorini,Xanh Santorini,2.0,3366666.0
KH-00343,CÔNG TY CỔ PHẦN THƯƠNG MẠI THUỶ TIÊN,000226003023000,Xe đạp Thống Nhất LD 24-01_2023 Kem,Kem,4.0,6733332.0
KH-00343,CÔNG TY CỔ PHẦN THƯƠNG MẠI THUỶ TIÊN,000230002023000,Xe đạp Thống Nhất LD 26 Kem,Kem,3.0,5439999.0
KH-00349,HỘ KINH DOANH TRƯỜNG THỊNH,000216003001000,Xe đạp Thống Nhất GN 06-24 2.0 Đen,Đen,1.0,1544444.0
KH-00349,HỘ KINH DOANH TRƯỜNG THỊNH,000216003008000,Xe đạp Thống Nhất GN 06-24 2.0 Ghi,Ghi,1.0,1544444.0
KH-00349,HỘ KINH DOANH TRƯỜNG THỊNH,000217003001000,Xe đạp Thống Nhất GN 06-26 2.0 Đen,Đen,4.0,6394442.0
KH-00349,HỘ KINH DOANH TRƯỜNG THỊNH,000217003008000,Xe đạp Thống Nhất GN 06-26 2.0 Ghi,Ghi,7.0,11169440.0
KH-00349,HỘ KINH DOANH TRƯỜNG THỊNH,000224002015000,Xe đạp Thống Nhất New 24 Café/nâu,Café/nâu,2.0,3110000.0
KH-00349,HỘ KINH DOANH TRƯỜNG THỊNH,000224002023000,Xe đạp Thống Nhất New 24 Kem,Kem,5.0,7802776.0
KH-00349,HỘ KINH DOANH TRƯỜNG THỊNH,000224002026000,Xe đạp Thống Nhất New 24 Xanh mint,Xanh mint,3.0,4665000.0
KH-00349,HỘ KINH DOANH TRƯỜNG THỊNH,000225002015000,Xe đạp Thống Nhất New 26 Café/nâu,Café/nâu,4.0,6464444.0
KH-00349,HỘ KINH DOANH TRƯỜNG THỊNH,000225002023000,Xe đạp Thống Nhất New 26 Kem,Kem,5.0,8080555.0
KH-00349,HỘ KINH DOANH TRƯỜNG THỊNH,000225002025000,Xe đạp Thống Nhất New 26 Xanh mint,Xanh mint,5.0,8080555.0
KH-00349,HỘ KINH DOANH TRƯỜNG THỊNH,000226003002000,Xe đạp Thống Nhất LD 24-01_2023 Trắng,Trắng,3.0,5063888.0
KH-00349,HỘ KINH DOANH TRƯỜNG THỊNH,000226003014000,Xe đạp Thống Nhất LD 24-01_2023 Xanh Santorini,Xanh Santorini,5.0,8444443.0
KH-00349,HỘ KINH DOANH TRƯỜNG THỊNH,000226003023000,Xe đạp Thống Nhất LD 24-01_2023 Kem,Kem,4.0,6761110.0
KH-00349,HỘ KINH DOANH TRƯỜNG THỊNH,000230002023000,Xe đạp Thống Nhất LD 26 Kem,Kem,9.0,16194996.0
KH-00349,HỘ KINH DOANH TRƯỜNG THỊNH,000331002008000,Xe đạp Thống Nhất MTB 26-02 Ghi,Ghi,8.0,14437219.0
KH-00349,HỘ KINH DOANH TRƯỜNG THỊNH,000331002022000,Xe đạp Thống Nhất MTB 26-02 Xanh dương,Xanh dương,4.0,7225554.0
KH-00349,HỘ KINH DOANH TRƯỜNG THỊNH,000335002001000,Xe đạp Thống Nhất Super 24 Đen,Đen,2.0,4210000.0
KH-00349,HỘ KINH DOANH TRƯỜNG THỊNH,000401002016000,"Xe đạp Thống Nhất Nữ Truyền thống Lốp đỏ, Ngọc",Ngọc,6.0,9266664.0
KH-00350,CÔNG TY TNHH BÌNH MINH,000125002009000,Xe đạp Thống Nhất Puppy 20 Hồng,Hồng,2.0,2621110.0
KH-00350,CÔNG TY TNHH BÌNH MINH,000125002013000,Xe đạp Thống Nhất Puppy 20 Xanh,Xanh,2.0,2621110.0
KH-00350,CÔNG TY TNHH BÌNH MINH,000125002023000,Xe đạp Thống Nhất Puppy 20 Kem,Kem,2.0,2621110.0
KH-00350,CÔNG TY TNHH BÌNH MINH,000224002002000,Xe đạp Thống Nhất New 24 Trắng,Trắng,5.0,7844440.0
KH-00350,CÔNG TY TNHH BÌNH MINH,000224002015000,Xe đạp Thống Nhất New 24 Café/nâu,Café/nâu,10.0,15688880.0
KH-00350,CÔNG TY TNHH BÌNH MINH,000224002023000,Xe đạp Thống Nhất New 24 Kem,Kem,10.0,15688880.0
KH-00350,CÔNG TY TNHH BÌNH MINH,000224002026000,Xe đạp Thống Nhất New 24 Xanh mint,Xanh mint,3.0,4706664.0
KH-00350,CÔNG TY TNHH BÌNH MINH,000225002002000,Xe đạp Thống Nhất New 26 Trắng,Trắng,5.0,8150000.0
KH-00350,CÔNG TY TNHH BÌNH MINH,000225002015000,Xe đạp Thống Nhất New 26 Café/nâu,Café/nâu,23.0,37462222.0
KH-00350,CÔNG TY TNHH BÌNH MINH,000225002023000,Xe đạp Thống Nhất New 26 Kem,Kem,12.0,19532222.0
KH-00350,CÔNG TY TNHH BÌNH MINH,000225002025000,Xe đạp Thống Nhất New 26 Xanh mint,Xanh mint,7.0,11382222.0
KH-00350,CÔNG TY TNHH BÌNH MINH,000226003014000,Xe đạp Thống Nhất LD 24-01_2023 Xanh Santorini,Xanh Santorini,1.0,1683333.0
KH-00350,CÔNG TY TNHH BÌNH MINH,000226003023000,Xe đạp Thống Nhất LD 24-01_2023 Kem,Kem,1.0,1683333.0
KH-00350,CÔNG TY TNHH BÌNH MINH,000230002023000,Xe đạp Thống Nhất LD 26 Kem,Kem,2.0,3598888.0
KH-00359,CÔNG TY CỔ PHẦN VẠN LỢI,000125002009000,Xe đạp Thống Nhất Puppy 20 Hồng,Hồng,1.0,1324444.0
KH-00359,CÔNG TY CỔ PHẦN VẠN LỢI,000131002001002,Xe đạp Thống Nhất GN 06 20 2024 Đen,Đen,1.0,1169907.0
KH-00359,CÔNG TY CỔ PHẦN VẠN LỢI,000131002008001,Xe đạp Thống Nhất GN 06 20 2024 Ghi,Ghi,5.0,5849535.0
KH-00359,CÔNG TY CỔ PHẦN VẠN LỢI,000207004000000,Xe đạp Thống Nhất 219-05-26,219-05-26,2.0,3088888.0
KH-00359,CÔNG TY CỔ PHẦN VẠN LỢI,000209002025000,Xe đạp Thống Nhất 219-26 Xanh Tím,Xanh Tím,7.0,10341664.0
KH-00359,CÔNG TY CỔ PHẦN VẠN LỢI,000217003008000,Xe đạp Thống Nhất GN 06-26 2.0 Ghi,Ghi,4.0,6422220.0
KH-00359,CÔNG TY CỔ PHẦN VẠN LỢI,000224002002000,Xe đạp Thống Nhất New 24 Trắng,Trắng,4.0,6275552.0
KH-00359,CÔNG TY CỔ PHẦN VẠN LỢI,000224002015000,Xe đạp Thống Nhất New 24 Café/nâu,Café/nâu,1.0,1568888.0
KH-00359,CÔNG TY CỔ PHẦN VẠN LỢI,000224002023000,Xe đạp Thống Nhất New 24 Kem,Kem,4.0,6233888.0
KH-00359,CÔNG TY CỔ PHẦN VẠN LỢI,000224002026000,Xe đạp Thống Nhất New 24 Xanh mint,Xanh mint,1.0,1568888.0
KH-00359,CÔNG TY CỔ PHẦN VẠN LỢI,000225002002000,Xe đạp Thống Nhất New 26 Trắng,Trắng,2.0,3246111.0
KH-00359,CÔNG TY CỔ PHẦN VẠN LỢI,000225002015000,Xe đạp Thống Nhất New 26 Café/nâu,Café/nâu,1.0,1630000.0
KH-00359,CÔNG TY CỔ PHẦN VẠN LỢI,000225002023000,Xe đạp Thống Nhất New 26 Kem,Kem,8.0,12942777.0
KH-00359,CÔNG TY CỔ PHẦN VẠN LỢI,000225002025000,Xe đạp Thống Nhất New 26 Xanh mint,Xanh mint,1.0,1630000.0
KH-00359,CÔNG TY CỔ PHẦN VẠN LỢI,000226003002000,Xe đạp Thống Nhất LD 24-01_2023 Trắng,Trắng,7.0,11838887.0
KH-00359,CÔNG TY CỔ PHẦN VẠN LỢI,000226003014000,Xe đạp Thống Nhất LD 24-01_2023 Xanh Santorini,Xanh Santorini,2.0,3394444.0
KH-00359,CÔNG TY CỔ PHẦN VẠN LỢI,000226003023000,Xe đạp Thống Nhất LD 24-01_2023 Kem,Kem,4.0,6788888.0
KH-00359,CÔNG TY CỔ PHẦN VẠN LỢI,000230002023000,Xe đạp Thống Nhất LD 26 Kem,Kem,10.0,18022218.0
KH-00359,CÔNG TY CỔ PHẦN VẠN LỢI,000331002022000,Xe đạp Thống Nhất MTB 26-02 Xanh dương,Xanh dương,1.0,1799444.0
KH-00359,CÔNG TY CỔ PHẦN VẠN LỢI,000401002016000,"Xe đạp Thống Nhất Nữ Truyền thống Lốp đỏ, Ngọc",Ngọc,14.0,21552771.0
KH-00360,CÔNG TY TNHH THƯƠNG MẠI LONG PHÚ,000125002009000,Xe đạp Thống Nhất Puppy 20 Hồng,Hồng,3.0,3973332.0
KH-00360,CÔNG TY TNHH THƯƠNG MẠI LONG PHÚ,000209002025000,Xe đạp Thống Nhất 219-26 Xanh Tím,Xanh Tím,1.0,1483333.0
KH-00360,CÔNG TY TNHH THƯƠNG MẠI LONG PHÚ,000214004000000,Xe đạp Thống Nhất GN 05-26,05-26,3.0,4633332.0
KH-00360,CÔNG TY TNHH THƯƠNG MẠI LONG PHÚ,000224002002000,Xe đạp Thống Nhất New 24 Trắng,Trắng,2.0,3137776.0
KH-00360,CÔNG TY TNHH THƯƠNG MẠI LONG PHÚ,000224002015000,Xe đạp Thống Nhất New 24 Café/nâu,Café/nâu,8.0,12551104.0
KH-00360,CÔNG TY TNHH THƯƠNG MẠI LONG PHÚ,000224002023000,Xe đạp Thống Nhất New 24 Kem,Kem,8.0,12551104.0
KH-00360,CÔNG TY TNHH THƯƠNG MẠI LONG PHÚ,000224002026000,Xe đạp Thống Nhất New 24 Xanh mint,Xanh mint,5.0,7844440.0
KH-00360,CÔNG TY TNHH THƯƠNG MẠI LONG PHÚ,000225002002000,Xe đạp Thống Nhất New 26 Trắng,Trắng,5.0,8150000.0
KH-00360,CÔNG TY TNHH THƯƠNG MẠI LONG PHÚ,000225002015000,Xe đạp Thống Nhất New 26 Café/nâu,Café/nâu,2.0,3260000.0
KH-00360,CÔNG TY TNHH THƯƠNG MẠI LONG PHÚ,000225002023000,Xe đạp Thống Nhất New 26 Kem,Kem,5.0,8150000.0
KH-00360,CÔNG TY TNHH THƯƠNG MẠI LONG PHÚ,000225002025000,Xe đạp Thống Nhất New 26 Xanh mint,Xanh mint,3.0,4890000.0
KH-00360,CÔNG TY TNHH THƯƠNG MẠI LONG PHÚ,000226003014000,Xe đạp Thống Nhất LD 24-01_2023 Xanh Santorini,Xanh Santorini,2.0,3394444.0
KH-00360,CÔNG TY TNHH THƯƠNG MẠI LONG PHÚ,000226003015000,Xe đạp Thống Nhất LD 24-01_2023 Café/nâu,Café/nâu,2.0,3394444.0
KH-00360,CÔNG TY TNHH THƯƠNG MẠI LONG PHÚ,000226003023000,Xe đạp Thống Nhất LD 24-01_2023 Kem,Kem,2.0,3394444.0
KH-00360,CÔNG TY TNHH THƯƠNG MẠI LONG PHÚ,000230002023000,Xe đạp Thống Nhất LD 26 Kem,Kem,3.0,5439999.0
KH-00364,DOANH NGHIỆP TW XUÂN MAI,000125002009000,Xe đạp Thống Nhất Puppy 20 Hồng,Hồng,6.0,7904997.0
KH-00364,DOANH NGHIỆP TW XUÂN MAI,000125002013000,Xe đạp Thống Nhất Puppy 20 Xanh,Xanh,1.0,1310555.0
KH-00364,DOANH NGHIỆP TW XUÂN MAI,000125002023000,Xe đạp Thống Nhất Puppy 20 Kem,Kem,2.0,2621110.0
KH-00364,DOANH NGHIỆP TW XUÂN MAI,000131002001002,Xe đạp Thống Nhất GN 06 20 2024 Đen,Đen,1.0,1169907.0
KH-00364,DOANH NGHIỆP TW XUÂN MAI,000131002008001,Xe đạp Thống Nhất GN 06 20 2024 Ghi,Ghi,3.0,3509721.0
KH-00364,DOANH NGHIỆP TW XUÂN MAI,000207004000000,Xe đạp Thống Nhất 219-05-26,219-05-26,1.0,1530555.0
KH-00364,DOANH NGHIỆP TW XUÂN MAI,000209002025000,Xe đạp Thống Nhất 219-26 Xanh Tím,Xanh Tím,3.0,4408332.0
KH-00364,DOANH NGHIỆP TW XUÂN MAI,000216003001000,Xe đạp Thống Nhất GN 06-24 2.0 Đen,Đen,3.0,4633332.0
KH-00364,DOANH NGHIỆP TW XUÂN MAI,000216003008000,Xe đạp Thống Nhất GN 06-24 2.0 Ghi,Ghi,2.0,3088888.0
KH-00364,DOANH NGHIỆP TW XUÂN MAI,000217003001000,Xe đạp Thống Nhất GN 06-26 2.0 Đen,Đen,9.0,14394439.0
KH-00364,DOANH NGHIỆP TW XUÂN MAI,000217003008000,Xe đạp Thống Nhất GN 06-26 2.0 Ghi,Ghi,10.0,15986105.0
KH-00364,DOANH NGHIỆP TW XUÂN MAI,000224002002000,Xe đạp Thống Nhất New 24 Trắng,Trắng,1.0,1568888.0
KH-00364,DOANH NGHIỆP TW XUÂN MAI,000224002015000,Xe đạp Thống Nhất New 24 Café/nâu,Café/nâu,3.0,4678888.0
KH-00364,DOANH NGHIỆP TW XUÂN MAI,000224002023000,Xe đạp Thống Nhất New 24 Kem,Kem,10.0,15647216.0
KH-00364,DOANH NGHIỆP TW XUÂN MAI,000224002026000,Xe đạp Thống Nhất New 24 Xanh mint,Xanh mint,1.0,1568888.0
KH-00364,DOANH NGHIỆP TW XUÂN MAI,000225002002000,Xe đạp Thống Nhất New 26 Trắng,Trắng,12.0,19462777.0
KH-00364,DOANH NGHIỆP TW XUÂN MAI,000225002015000,Xe đạp Thống Nhất New 26 Café/nâu,Café/nâu,10.0,16188888.0
KH-00364,DOANH NGHIỆP TW XUÂN MAI,000225002023000,Xe đạp Thống Nhất New 26 Kem,Kem,32.0,51840553.0
KH-00364,DOANH NGHIỆP TW XUÂN MAI,000225002025000,Xe đạp Thống Nhất New 26 Xanh mint,Xanh mint,5.0,8080555.0
KH-00364,DOANH NGHIỆP TW XUÂN MAI,000226003002000,Xe đạp Thống Nhất LD 24-01_2023 Trắng,Trắng,1.0,1683333.0
KH-00364,DOANH NGHIỆP TW XUÂN MAI,000226003014000,Xe đạp Thống Nhất LD 24-01_2023 Xanh Santorini,Xanh Santorini,1.0,1683333.0
KH-00364,DOANH NGHIỆP TW XUÂN MAI,000226003023000,Xe đạp Thống Nhất LD 24-01_2023 Kem,Kem,6.0,10141665.0
KH-00364,DOANH NGHIỆP TW XUÂN MAI,000230002023000,Xe đạp Thống Nhất LD 26 Kem,Kem,13.0,23392772.0
KH-00364,DOANH NGHIỆP TW XUÂN MAI,000331002008000,Xe đạp Thống Nhất MTB 26-02 Ghi,Ghi,5.0,9066665.0
KH-00364,DOANH NGHIỆP TW XUÂN MAI,000401002016000,"Xe đạp Thống Nhất Nữ Truyền thống Lốp đỏ, Ngọc",Ngọc,1.0,1530555.0
KH-00366,HỘ KINH DOANH THIÊN AN,000125002009000,Xe đạp Thống Nhất Puppy 20 Hồng,Hồng,5.0,6622220.0
KH-00366,HỘ KINH DOANH THIÊN AN,000131002008001,Xe đạp Thống Nhất GN 06 20 2024 Ghi,Ghi,3.0,3509721.0
KH-00366,HỘ KINH DOANH THIÊN AN,000207004000000,Xe đạp Thống Nhất 219-05-26,219-05-26,4.0,6136109.0
KH-00366,HỘ KINH DOANH THIÊN AN,000216003008000,Xe đạp Thống Nhất GN 06-24 2.0 Ghi,Ghi,25.0,38402765.0
KH-00366,HỘ KINH DOANH THIÊN AN,000217003001000,Xe đạp Thống Nhất GN 06-26 2.0 Đen,Đen,15.0,23874990.0
KH-00366,HỘ KINH DOANH THIÊN AN,000217003008000,Xe đạp Thống Nhất GN 06-26 2.0 Ghi,Ghi,25.0,39930540.0
KH-00366,HỘ KINH DOANH THIÊN AN,000224002015000,Xe đạp Thống Nhất New 24 Café/nâu,Café/nâu,20.0,31238880.0
KH-00366,HỘ KINH DOANH THIÊN AN,000224002023000,Xe đạp Thống Nhất New 24 Kem,Kem,50.0,78027760.0
KH-00366,HỘ KINH DOANH THIÊN AN,000224002026000,Xe đạp Thống Nhất New 24 Xanh mint,Xanh mint,5.0,7775000.0
KH-00366,HỘ KINH DOANH THIÊN AN,000225002002000,Xe đạp Thống Nhất New 26 Trắng,Trắng,2.0,3232222.0
KH-00366,HỘ KINH DOANH THIÊN AN,000225002015000,Xe đạp Thống Nhất New 26 Café/nâu,Café/nâu,20.0,32461110.0
KH-00366,HỘ KINH DOANH THIÊN AN,000225002023000,Xe đạp Thống Nhất New 26 Kem,Kem,45.0,73002775.0
KH-00366,HỘ KINH DOANH THIÊN AN,000225002025000,Xe đạp Thống Nhất New 26 Xanh mint,Xanh mint,10.0,16230555.0
KH-00366,HỘ KINH DOANH THIÊN AN,000226003014000,Xe đạp Thống Nhất LD 24-01_2023 Xanh Santorini,Xanh Santorini,5.0,8486110.0
KH-00366,HỘ KINH DOANH THIÊN AN,000226003015000,Xe đạp Thống Nhất LD 24-01_2023 Café/nâu,Café/nâu,5.0,8486110.0
KH-00366,HỘ KINH DOANH THIÊN AN,000226003023000,Xe đạp Thống Nhất LD 24-01_2023 Kem,Kem,10.0,16972220.0
KH-00366,HỘ KINH DOANH THIÊN AN,000230002023000,Xe đạp Thống Nhất LD 26 Kem,Kem,10.0,18133330.0
KH-00366,HỘ KINH DOANH THIÊN AN,000331002008000,Xe đạp Thống Nhất MTB 26-02 Ghi,Ghi,3.0,5439999.0
KH-00366,HỘ KINH DOANH THIÊN AN,000401002016000,"Xe đạp Thống Nhất Nữ Truyền thống Lốp đỏ, Ngọc",Ngọc,20.0,30749990.0
KH-00372,CÔNG TY CỔ PHẦN THƯƠNG MẠI MẶT TRỜI,000209002025000,Xe đạp Thống Nhất 219-26 Xanh Tím,Xanh Tím,4.0,5933332.0
KH-00372,CÔNG TY CỔ PHẦN THƯƠNG MẠI MẶT TRỜI,000216003001000,Xe đạp Thống Nhất GN 06-24 2.0 Đen,Đen,5.0,7652775.0
KH-00372,CÔNG TY CỔ PHẦN THƯƠNG MẠI MẶT TRỜI,000216003008000,Xe đạp Thống Nhất GN 06-24 2.0 Ghi,Ghi,5.0,7652775.0
KH-00372,CÔNG TY CỔ PHẦN THƯƠNG MẠI MẶT TRỜI,000217003001000,Xe đạp Thống Nhất GN 06-26 2.0 Đen,Đen,15.0,24013880.0
KH-00372,CÔNG TY CỔ PHẦN THƯƠNG MẠI MẶT TRỜI,000217003008000,Xe đạp Thống Nhất GN 06-26 2.0 Ghi,Ghi,10.0,15986105.0
KH-00372,CÔNG TY CỔ PHẦN THƯƠNG MẠI MẶT TRỜI,000224002015000,Xe đạp Thống Nhất New 24 Café/nâu,Café/nâu,10.0,15619440.0
KH-00372,CÔNG TY CỔ PHẦN THƯƠNG MẠI MẶT TRỜI,000224002023000,Xe đạp Thống Nhất New 24 Kem,Kem,40.0,62338880.0
KH-00372,CÔNG TY CỔ PHẦN THƯƠNG MẠI MẶT TRỜI,000224002026000,Xe đạp Thống Nhất New 24 Xanh mint,Xanh mint,5.0,7775000.0
KH-00372,CÔNG TY CỔ PHẦN THƯƠNG MẠI MẶT TRỜI,000225002002000,Xe đạp Thống Nhất New 26 Trắng,Trắng,5.0,8080555.0
KH-00372,CÔNG TY CỔ PHẦN THƯƠNG MẠI MẶT TRỜI,000225002015000,Xe đạp Thống Nhất New 26 Café/nâu,Café/nâu,20.0,32461110.0
KH-00372,CÔNG TY CỔ PHẦN THƯƠNG MẠI MẶT TRỜI,000225002023000,Xe đạp Thống Nhất New 26 Kem,Kem,30.0,48483330.0
KH-00372,CÔNG TY CỔ PHẦN THƯƠNG MẠI MẶT TRỜI,000225002025000,Xe đạp Thống Nhất New 26 Xanh mint,Xanh mint,10.0,16161110.0
KH-00372,CÔNG TY CỔ PHẦN THƯƠNG MẠI MẶT TRỜI,000226003023000,Xe đạp Thống Nhất LD 24-01_2023 Kem,Kem,5.0,8486110.0
KH-00372,CÔNG TY CỔ PHẦN THƯƠNG MẠI MẶT TRỜI,000230002023000,Xe đạp Thống Nhất LD 26 Kem,Kem,5.0,8997220.0
KH-00372,CÔNG TY CỔ PHẦN THƯƠNG MẠI MẶT TRỜI,000331002008000,Xe đạp Thống Nhất MTB 26-02 Ghi,Ghi,3.0,5398332.0
KH-00372,CÔNG TY CỔ PHẦN THƯƠNG MẠI MẶT TRỜI,000331002022000,Xe đạp Thống Nhất MTB 26-02 Xanh dương,Xanh dương,3.0,5398332.0
KH-00372,CÔNG TY CỔ PHẦN THƯƠNG MẠI MẶT TRỜI,000401002016000,"Xe đạp Thống Nhất Nữ Truyền thống Lốp đỏ, Ngọc",Ngọc,95.0,145749950.0
KH-00374,CÔNG TY CỔ PHẦN XÂY DỰNG,000125002009000,Xe đạp Thống Nhất Puppy 20 Hồng,Hồng,12.0,15837772.0
KH-00374,CÔNG TY CỔ PHẦN XÂY DỰNG,000125002023000,Xe đạp Thống Nhất Puppy 20 Kem,Kem,8.0,10595552.0
KH-00374,CÔNG TY CỔ PHẦN XÂY DỰNG,000131002001002,Xe đạp Thống Nhất GN 06 20 2024 Đen,Đen,3.0,3509721.0
KH-00374,CÔNG TY CỔ PHẦN XÂY DỰNG,000209002025000,Xe đạp Thống Nhất 219-26 Xanh Tím,Xanh Tím,2.0,2938888.0
KH-00374,CÔNG TY CỔ PHẦN XÂY DỰNG,000216003001000,Xe đạp Thống Nhất GN 06-24 2.0 Đen,Đen,5.0,7652775.0
KH-00374,CÔNG TY CỔ PHẦN XÂY DỰNG,000216003008000,Xe đạp Thống Nhất GN 06-24 2.0 Ghi,Ghi,2.0,3061110.0
KH-00374,CÔNG TY CỔ PHẦN XÂY DỰNG,000217003001000,Xe đạp Thống Nhất GN 06-26 2.0 Đen,Đen,11.0,17549993.0
KH-00374,CÔNG TY CỔ PHẦN XÂY DỰNG,000217003008000,Xe đạp Thống Nhất GN 06-26 2.0 Ghi,Ghi,8.0,12733328.0
KH-00374,CÔNG TY CỔ PHẦN XÂY DỰNG,000224002002000,Xe đạp Thống Nhất New 24 Trắng,Trắng,4.0,6247776.0
KH-00374,CÔNG TY CỔ PHẦN XÂY DỰNG,000224002023000,Xe đạp Thống Nhất New 24 Kem,Kem,10.0,15619440.0
KH-00374,CÔNG TY CỔ PHẦN XÂY DỰNG,000224002026000,Xe đạp Thống Nhất New 24 Xanh mint,Xanh mint,4.0,6261664.0
KH-00374,CÔNG TY CỔ PHẦN XÂY DỰNG,000225002002000,Xe đạp Thống Nhất New 26 Trắng,Trắng,2.0,3232222.0
KH-00374,CÔNG TY CỔ PHẦN XÂY DỰNG,000225002023000,Xe đạp Thống Nhất New 26 Kem,Kem,5.0,8080555.0
KH-00374,CÔNG TY CỔ PHẦN XÂY DỰNG,000225002025000,Xe đạp Thống Nhất New 26 Xanh mint,Xanh mint,2.0,3232222.0
KH-00374,CÔNG TY CỔ PHẦN XÂY DỰNG,000230002023000,Xe đạp Thống Nhất LD 26 Kem,Kem,5.0,8997220.0
KH-00374,CÔNG TY CỔ PHẦN XÂY DỰNG,000331002008000,Xe đạp Thống Nhất MTB 26-02 Ghi,Ghi,1.0,1813333.0
KH-00374,CÔNG TY CỔ PHẦN XÂY DỰNG,000331002022000,Xe đạp Thống Nhất MTB 26-02 Xanh dương,Xanh dương,1.0,1813333.0
KH-00377,DOANH NGHIỆP TW PHÚ THỊNH,000125002009000,Xe đạp Thống Nhất Puppy 20 Hồng,Hồng,4.0,5269998.0
KH-00377,DOANH NGHIỆP TW PHÚ THỊNH,000125002013000,Xe đạp Thống Nhất Puppy 20 Xanh,Xanh,1.0,1310555.0
KH-00377,DOANH NGHIỆP TW PHÚ THỊNH,000125002023000,Xe đạp Thống Nhất Puppy 20 Kem,Kem,3.0,3973332.0
KH-00377,DOANH NGHIỆP TW PHÚ THỊNH,000216003008000,Xe đạp Thống Nhất GN 06-24 2.0 Ghi,Ghi,4.0,6149998.0
KH-00377,DOANH NGHIỆP TW PHÚ THỊNH,000217003001000,Xe đạp Thống Nhất GN 06-26 2.0 Đen,Đen,1.0,1605555.0
KH-00377,DOANH NGHIỆP TW PHÚ THỊNH,000217003008000,Xe đạp Thống Nhất GN 06-26 2.0 Ghi,Ghi,4.0,6394442.0
KH-00377,DOANH NGHIỆP TW PHÚ THỊNH,000224002002000,Xe đạp Thống Nhất New 24 Trắng,Trắng,3.0,4692776.0
KH-00377,DOANH NGHIỆP TW PHÚ THỊNH,000224002023000,Xe đạp Thống Nhất New 24 Kem,Kem,8.0,12523328.0
KH-00377,DOANH NGHIỆP TW PHÚ THỊNH,000225002002000,Xe đạp Thống Nhất New 26 Trắng,Trắng,2.0,3246111.0
KH-00377,DOANH NGHIỆP TW PHÚ THỊNH,000225002015000,Xe đạp Thống Nhất New 26 Café/nâu,Café/nâu,2.0,3232222.0
KH-00377,DOANH NGHIỆP TW PHÚ THỊNH,000225002023000,Xe đạp Thống Nhất New 26 Kem,Kem,12.0,19476666.0
KH-00377,DOANH NGHIỆP TW PHÚ THỊNH,000225002025000,Xe đạp Thống Nhất New 26 Xanh mint,Xanh mint,1.0,1616111.0
KH-00377,DOANH NGHIỆP TW PHÚ THỊNH,000226003002000,Xe đạp Thống Nhất LD 24-01_2023 Trắng,Trắng,2.0,3394444.0
KH-00377,DOANH NGHIỆP TW PHÚ THỊNH,000226003023000,Xe đạp Thống Nhất LD 24-01_2023 Kem,Kem,3.0,5091666.0
KH-00377,DOANH NGHIỆP TW PHÚ THỊNH,000230002023000,Xe đạp Thống Nhất LD 26 Kem,Kem,13.0,23531662.0
KH-00377,DOANH NGHIỆP TW PHÚ THỊNH,000331002008000,Xe đạp Thống Nhất MTB 26-02 Ghi,Ghi,3.0,5426110.0
KH-00377,DOANH NGHIỆP TW PHÚ THỊNH,000331002022000,Xe đạp Thống Nhất MTB 26-02 Xanh dương,Xanh dương,1.0,1813333.0
KH-00377,DOANH NGHIỆP TW PHÚ THỊNH,000335002001000,Xe đạp Thống Nhất Super 24 Đen,Đen,2.0,4237776.0
KH-00379,CÔNG TY TNHH MINH PHƯƠNG,000125002013000,Xe đạp Thống Nhất Puppy 20 Xanh,Xanh,10.0,13244440.0
KH-00379,CÔNG TY TNHH MINH PHƯƠNG,000125002023000,Xe đạp Thống Nhất Puppy 20 Kem,Kem,10.0,13244440.0
KH-00379,CÔNG TY TNHH MINH PHƯƠNG,000209002025000,Xe đạp Thống Nhất 219-26 Xanh Tím,Xanh Tím,4.0,5933332.0
KH-00379,CÔNG TY TNHH MINH PHƯƠNG,000216003001000,Xe đạp Thống Nhất GN 06-24 2.0 Đen,Đen,20.0,30888880.0
KH-00379,CÔNG TY TNHH MINH PHƯƠNG,000216003008000,Xe đạp Thống Nhất GN 06-24 2.0 Ghi,Ghi,25.0,38611100.0
KH-00379,CÔNG TY TNHH MINH PHƯƠNG,000226003002000,Xe đạp Thống Nhất LD 24-01_2023 Trắng,Trắng,10.0,16972220.0
KH-00379,CÔNG TY TNHH MINH PHƯƠNG,000226003014000,Xe đạp Thống Nhất LD 24-01_2023 Xanh Santorini,Xanh Santorini,10.0,16972220.0
KH-00379,CÔNG TY TNHH MINH PHƯƠNG,000226003023000,Xe đạp Thống Nhất LD 24-01_2023 Kem,Kem,10.0,16972220.0
KH-00379,CÔNG TY TNHH MINH PHƯƠNG,000230002023000,Xe đạp Thống Nhất LD 26 Kem,Kem,10.0,18133330.0
KH-00379,CÔNG TY TNHH MINH PHƯƠNG,000401002016000,"Xe đạp Thống Nhất Nữ Truyền thống Lốp đỏ, Ngọc",Ngọc,205.0,316611020.0
KH-00380,DOANH NGHIỆP TW HÙNG CƯỜNG,000125002009000,Xe đạp Thống Nhất Puppy 20 Hồng,Hồng,4.0,5242220.0
KH-00380,DOANH NGHIỆP TW HÙNG CƯỜNG,000125002013000,Xe đạp Thống Nhất Puppy 20 Xanh,Xanh,2.0,2621110.0
KH-00380,DOANH NGHIỆP TW HÙNG CƯỜNG,000125002023000,Xe đạp Thống Nhất Puppy 20 Kem,Kem,3.0,3931665.0
KH-00380,DOANH NGHIỆP TW HÙNG CƯỜNG,000131002001002,Xe đạp Thống Nhất GN 06 20 2024 Đen,Đen,1.0,1169907.0
KH-00380,DOANH NGHIỆP TW HÙNG CƯỜNG,000207004000000,Xe đạp Thống Nhất 219-05-26,219-05-26,6.0,9197219.0
KH-00380,DOANH NGHIỆP TW HÙNG CƯỜNG,000216003001000,Xe đạp Thống Nhất GN 06-24 2.0 Đen,Đen,1.0,1530555.0
KH-00380,DOANH NGHIỆP TW HÙNG CƯỜNG,000216003008000,Xe đạp Thống Nhất GN 06-24 2.0 Ghi,Ghi,1.0,1544444.0
KH-00380,DOANH NGHIỆP TW HÙNG CƯỜNG,000217003001000,Xe đạp Thống Nhất GN 06-26 2.0 Đen,Đen,2.0,3211110.0
KH-00380,DOANH NGHIỆP TW HÙNG CƯỜNG,000217003008000,Xe đạp Thống Nhất GN 06-26 2.0 Ghi,Ghi,3.0,4802776.0
KH-00380,DOANH NGHIỆP TW HÙNG CƯỜNG,000224002015000,Xe đạp Thống Nhất New 24 Café/nâu,Café/nâu,3.0,4665000.0
KH-00380,DOANH NGHIỆP TW HÙNG CƯỜNG,000224002023000,Xe đạp Thống Nhất New 24 Kem,Kem,5.0,7775000.0
KH-00380,DOANH NGHIỆP TW HÙNG CƯỜNG,000224002026000,Xe đạp Thống Nhất New 24 Xanh mint,Xanh mint,2.0,3110000.0
KH-00380,DOANH NGHIỆP TW HÙNG CƯỜNG,000226003023000,Xe đạp Thống Nhất LD 24-01_2023 Kem,Kem,10.0,16833330.0
KH-00380,DOANH NGHIỆP TW HÙNG CƯỜNG,000230002023000,Xe đạp Thống Nhất LD 26 Kem,Kem,3.0,5439999.0
KH-00380,DOANH NGHIỆP TW HÙNG CƯỜNG,000331002008000,Xe đạp Thống Nhất MTB 26-02 Ghi,Ghi,1.0,1799444.0
KH-00380,DOANH NGHIỆP TW HÙNG CƯỜNG,000335002001000,Xe đạp Thống Nhất Super 24 Đen,Đen,2.0,4210000.0
KH-00383,HỘ KINH DOANH VẠN LỢI,000207004000000,Xe đạp Thống Nhất 219-05-26,219-05-26,8.0,12286107.0
KH-00383,HỘ KINH DOANH VẠN LỢI,000209002025000,Xe đạp Thống Nhất 219-26 Xanh Tím,Xanh Tím,3.0,4449999.0
KH-00383,HỘ KINH DOANH VẠN LỢI,000214004000000,Xe đạp Thống Nhất GN 05-26,05-26,3.0,4633332.0
KH-00383,HỘ KINH DOANH VẠN LỢI,000216003001000,Xe đạp Thống Nhất GN 06-24 2.0 Đen,Đen,5.0,7722220.0
KH-00383,HỘ KINH DOANH VẠN LỢI,000216003008000,Xe đạp Thống Nhất GN 06-24 2.0 Ghi,Ghi,14.0,21483326.0
KH-00383,HỘ KINH DOANH VẠN LỢI,000217003001000,Xe đạp Thống Nhất GN 06-26 2.0 Đen,Đen,10.0,15986105.0
KH-00383,HỘ KINH DOANH VẠN LỢI,000217003008000,Xe đạp Thống Nhất GN 06-26 2.0 Ghi,Ghi,9.0,14380550.0
KH-00383,HỘ KINH DOANH VẠN LỢI,000224002015000,Xe đạp Thống Nhất New 24 Café/nâu,Café/nâu,7.0,10982216.0
KH-00383,HỘ KINH DOANH VẠN LỢI,000224002023000,Xe đạp Thống Nhất New 24 Kem,Kem,7.0,10912776.0
KH-00383,HỘ KINH DOANH VẠN LỢI,000224002026000,Xe đạp Thống Nhất New 24 Xanh mint,Xanh mint,2.0,3137776.0
KH-00383,HỘ KINH DOANH VẠN LỢI,000225002002000,Xe đạp Thống Nhất New 26 Trắng,Trắng,3.0,4890000.0
KH-00383,HỘ KINH DOANH VẠN LỢI,000225002015000,Xe đạp Thống Nhất New 26 Café/nâu,Café/nâu,9.0,14614444.0
KH-00383,HỘ KINH DOANH VẠN LỢI,000225002023000,Xe đạp Thống Nhất New 26 Kem,Kem,6.0,9724444.0
KH-00383,HỘ KINH DOANH VẠN LỢI,000225002025000,Xe đạp Thống Nhất New 26 Xanh mint,Xanh mint,2.0,3232222.0
KH-00383,HỘ KINH DOANH VẠN LỢI,000230002023000,Xe đạp Thống Nhất LD 26 Kem,Kem,3.0,5426110.0
KH-00385,CÔNG TY CỔ PHẦN THƯƠNG MẠI THIÊN AN,000125002023000,Xe đạp Thống Nhất Puppy 20 Kem,Kem,5.0,6552775.0
KH-00385,CÔNG TY CỔ PHẦN THƯƠNG MẠI THIÊN AN,000217003001000,Xe đạp Thống Nhất GN 06-26 2.0 Đen,Đen,5.0,8027775.0
KH-00385,CÔNG TY CỔ PHẦN THƯƠNG MẠI THIÊN AN,000224002002000,Xe đạp Thống Nhất New 24 Trắng,Trắng,5.0,7844440.0
KH-00385,CÔNG TY CỔ PHẦN THƯƠNG MẠI THIÊN AN,000224002015000,Xe đạp Thống Nhất New 24 Café/nâu,Café/nâu,5.0,7844440.0
KH-00385,CÔNG TY CỔ PHẦN THƯƠNG MẠI THIÊN AN,000224002023000,Xe đạp Thống Nhất New 24 Kem,Kem,10.0,15619440.0
KH-00385,CÔNG TY CỔ PHẦN THƯƠNG MẠI THIÊN AN,000224002026000,Xe đạp Thống Nhất New 24 Xanh mint,Xanh mint,5.0,7844440.0
KH-00385,CÔNG TY CỔ PHẦN THƯƠNG MẠI THIÊN AN,000225002023000,Xe đạp Thống Nhất New 26 Kem,Kem,10.0,16161110.0
KH-00385,CÔNG TY CỔ PHẦN THƯƠNG MẠI THIÊN AN,000225002025000,Xe đạp Thống Nhất New 26 Xanh mint,Xanh mint,5.0,8080555.0
KH-00385,CÔNG TY CỔ PHẦN THƯƠNG MẠI THIÊN AN,000226003015000,Xe đạp Thống Nhất LD 24-01_2023 Café/nâu,Café/nâu,4.0,6733332.0
KH-00385,CÔNG TY CỔ PHẦN THƯƠNG MẠI THIÊN AN,000230002023000,Xe đạp Thống Nhất LD 26 Kem,Kem,10.0,17994440.0
KH-00386,CÔNG TY TNHH THƯƠNG MẠI KHẢI HOÀN,000125002009000,Xe đạp Thống Nhất Puppy 20 Hồng,Hồng,10.0,13244440.0
KH-00386,CÔNG TY TNHH THƯƠNG MẠI KHẢI HOÀN,000131002001002,Xe đạp Thống Nhất GN 06 20 2024 Đen,Đen,2.0,2339814.0
KH-00386,CÔNG TY TNHH THƯƠNG MẠI KHẢI HOÀN,000207004000000,Xe đạp Thống Nhất 219-05-26,219-05-26,3.0,4591665.0
KH-00386,CÔNG TY TNHH THƯƠNG MẠI KHẢI HOÀN,000214004000000,Xe đạp Thống Nhất GN 05-26,05-26,3.0,4633332.0
KH-00386,CÔNG TY TNHH THƯƠNG MẠI KHẢI HOÀN,000216003001000,Xe đạp Thống Nhất GN 06-24 2.0 Đen,Đen,9.0,13816662.0
KH-00386,CÔNG TY TNHH THƯƠNG MẠI KHẢI HOÀN,000216003008000,Xe đạp Thống Nhất GN 06-24 2.0 Ghi,Ghi,11.0,16905550.0
KH-00386,CÔNG TY TNHH THƯƠNG MẠI KHẢI HOÀN,000217003001000,Xe đạp Thống Nhất GN 06-26 2.0 Đen,Đen,6.0,9549996.0
KH-00386,CÔNG TY TNHH THƯƠNG MẠI KHẢI HOÀN,000217003008000,Xe đạp Thống Nhất GN 06-26 2.0 Ghi,Ghi,5.0,8027775.0
KH-00386,CÔNG TY TNHH THƯƠNG MẠI KHẢI HOÀN,000224002002000,Xe đạp Thống Nhất New 24 Trắng,Trắng,3.0,4706664.0
KH-00386,CÔNG TY TNHH THƯƠNG MẠI KHẢI HOÀN,000224002015000,Xe đạp Thống Nhất New 24 Café/nâu,Café/nâu,6.0,9371664.0
KH-00386,CÔNG TY TNHH THƯƠNG MẠI KHẢI HOÀN,000224002026000,Xe đạp Thống Nhất New 24 Xanh mint,Xanh mint,3.0,4706664.0
KH-00386,CÔNG TY TNHH THƯƠNG MẠI KHẢI HOÀN,000225002002000,Xe đạp Thống Nhất New 26 Trắng,Trắng,3.0,4848333.0
KH-00386,CÔNG TY TNHH THƯƠNG MẠI KHẢI HOÀN,000225002015000,Xe đạp Thống Nhất New 26 Café/nâu,Café/nâu,6.0,9696666.0
KH-00386,CÔNG TY TNHH THƯƠNG MẠI KHẢI HOÀN,000225002023000,Xe đạp Thống Nhất New 26 Kem,Kem,13.0,21051110.0
KH-00386,CÔNG TY TNHH THƯƠNG MẠI KHẢI HOÀN,000225002025000,Xe đạp Thống Nhất New 26 Xanh mint,Xanh mint,5.0,8080555.0
KH-00386,CÔNG TY TNHH THƯƠNG MẠI KHẢI HOÀN,000226003002000,Xe đạp Thống Nhất LD 24-01_2023 Trắng,Trắng,1.0,1683333.0
KH-00386,CÔNG TY TNHH THƯƠNG MẠI KHẢI HOÀN,000226003014000,Xe đạp Thống Nhất LD 24-01_2023 Xanh Santorini,Xanh Santorini,2.0,3394444.0
KH-00386,CÔNG TY TNHH THƯƠNG MẠI KHẢI HOÀN,000226003023000,Xe đạp Thống Nhất LD 24-01_2023 Kem,Kem,5.0,8458332.0
KH-00386,CÔNG TY TNHH THƯƠNG MẠI KHẢI HOÀN,000230002023000,Xe đạp Thống Nhất LD 26 Kem,Kem,5.0,8997220.0
KH-00386,CÔNG TY TNHH THƯƠNG MẠI KHẢI HOÀN,000331002008000,Xe đạp Thống Nhất MTB 26-02 Ghi,Ghi,2.0,3598888.0
KH-00386,CÔNG TY TNHH THƯƠNG MẠI KHẢI HOÀN,000401002016000,"Xe đạp Thống Nhất Nữ Truyền thống Lốp đỏ, Ngọc",Ngọc,16.0,24558325.0
KH-00387,CÔNG TY CỔ PHẦN THANH BÌNH,000125002013000,Xe đạp Thống Nhất Puppy 20 Xanh,Xanh,9.0,11822773.0
KH-00387,CÔNG TY CỔ PHẦN THANH BÌNH,000125002023000,Xe đạp Thống Nhất Puppy 20 Kem,Kem,9.0,11822773.0
KH-00387,CÔNG TY CỔ PHẦN THANH BÌNH,000131002001002,Xe đạp Thống Nhất GN 06 20 2024 Đen,Đen,5.0,5863424.0
KH-00387,CÔNG TY CỔ PHẦN THANH BÌNH,000131002008001,Xe đạp Thống Nhất GN 06 20 2024 Ghi,Ghi,5.0,5863424.0
KH-00387,CÔNG TY CỔ PHẦN THANH BÌNH,000207004000000,Xe đạp Thống Nhất 219-05-26,219-05-26,1.0,1544444.0
KH-00387,CÔNG TY CỔ PHẦN THANH BÌNH,000214004000000,Xe đạp Thống Nhất GN 05-26,05-26,1.0,1544444.0
KH-00387,CÔNG TY CỔ PHẦN THANH BÌNH,000216003001000,Xe đạp Thống Nhất GN 06-24 2.0 Đen,Đen,3.0,4605554.0
KH-00387,CÔNG TY CỔ PHẦN THANH BÌNH,000216003008000,Xe đạp Thống Nhất GN 06-24 2.0 Ghi,Ghi,3.0,4605554.0
KH-00387,CÔNG TY CỔ PHẦN THANH BÌNH,000217003001000,Xe đạp Thống Nhất GN 06-26 2.0 Đen,Đen,2.0,3211110.0
KH-00387,CÔNG TY CỔ PHẦN THANH BÌNH,000217003008000,Xe đạp Thống Nhất GN 06-26 2.0 Ghi,Ghi,2.0,3211110.0
KH-00387,CÔNG TY CỔ PHẦN THANH BÌNH,000224002002000,Xe đạp Thống Nhất New 24 Trắng,Trắng,6.0,9385552.0
KH-00387,CÔNG TY CỔ PHẦN THANH BÌNH,000224002015000,Xe đạp Thống Nhất New 24 Café/nâu,Café/nâu,6.0,9385552.0
KH-00387,CÔNG TY CỔ PHẦN THANH BÌNH,000224002023000,Xe đạp Thống Nhất New 24 Kem,Kem,7.0,10954440.0
KH-00387,CÔNG TY CỔ PHẦN THANH BÌNH,000224002026000,Xe đạp Thống Nhất New 24 Xanh mint,Xanh mint,5.0,7816664.0
KH-00387,CÔNG TY CỔ PHẦN THANH BÌNH,000225002002000,Xe đạp Thống Nhất New 26 Trắng,Trắng,5.0,8122222.0
KH-00387,CÔNG TY CỔ PHẦN THANH BÌNH,000225002015000,Xe đạp Thống Nhất New 26 Café/nâu,Café/nâu,5.0,8122222.0
KH-00387,CÔNG TY CỔ PHẦN THANH BÌNH,000225002023000,Xe đạp Thống Nhất New 26 Kem,Kem,8.0,12998333.0
KH-00387,CÔNG TY CỔ PHẦN THANH BÌNH,000225002025000,Xe đạp Thống Nhất New 26 Xanh mint,Xanh mint,5.0,8122222.0
KH-00387,CÔNG TY CỔ PHẦN THANH BÌNH,000226003002000,Xe đạp Thống Nhất LD 24-01_2023 Trắng,Trắng,2.0,3394444.0
KH-00387,CÔNG TY CỔ PHẦN THANH BÌNH,000226003014000,Xe đạp Thống Nhất LD 24-01_2023 Xanh Santorini,Xanh Santorini,1.0,1697222.0
KH-00387,CÔNG TY CỔ PHẦN THANH BÌNH,000226003015000,Xe đạp Thống Nhất LD 24-01_2023 Café/nâu,Café/nâu,1.0,1697222.0
KH-00387,CÔNG TY CỔ PHẦN THANH BÌNH,000226003023000,Xe đạp Thống Nhất LD 24-01_2023 Kem,Kem,3.0,5091666.0
KH-00387,CÔNG TY CỔ PHẦN THANH BÌNH,000230002023000,Xe đạp Thống Nhất LD 26 Kem,Kem,7.0,12651664.0
KH-00387,CÔNG TY CỔ PHẦN THANH BÌNH,000331002008000,Xe đạp Thống Nhất MTB 26-02 Ghi,Ghi,2.0,3598888.0
KH-00387,CÔNG TY CỔ PHẦN THANH BÌNH,000401002016000,"Xe đạp Thống Nhất Nữ Truyền thống Lốp đỏ, Ngọc",Ngọc,2.0,3061110.0
KH-00402,CÔNG TY CỔ PHẦN ĐẠI LỢI,000125002009000,Xe đạp Thống Nhất Puppy 20 Hồng,Hồng,2.0,2648888.0
KH-00402,CÔNG TY CỔ PHẦN ĐẠI LỢI,000125002013000,Xe đạp Thống Nhất Puppy 20 Xanh,Xanh,3.0,3973332.0
KH-00402,CÔNG TY CỔ PHẦN ĐẠI LỢI,000125002023000,Xe đạp Thống Nhất Puppy 20 Kem,Kem,2.0,2648888.0
KH-00402,CÔNG TY CỔ PHẦN ĐẠI LỢI,000131002008001,Xe đạp Thống Nhất GN 06 20 2024 Ghi,Ghi,3.0,3509721.0
KH-00402,CÔNG TY CỔ PHẦN ĐẠI LỢI,000207004000000,Xe đạp Thống Nhất 219-05-26,219-05-26,16.0,24530547.0
KH-00402,CÔNG TY CỔ PHẦN ĐẠI LỢI,000209002025000,Xe đạp Thống Nhất 219-26 Xanh Tím,Xanh Tím,2.0,2966666.0
KH-00402,CÔNG TY CỔ PHẦN ĐẠI LỢI,000216003001000,Xe đạp Thống Nhất GN 06-24 2.0 Đen,Đen,5.0,7694442.0
KH-00402,CÔNG TY CỔ PHẦN ĐẠI LỢI,000216003008000,Xe đạp Thống Nhất GN 06-24 2.0 Ghi,Ghi,8.0,12327774.0
KH-00402,CÔNG TY CỔ PHẦN ĐẠI LỢI,000217003001000,Xe đạp Thống Nhất GN 06-26 2.0 Đen,Đen,7.0,11238885.0
KH-00402,CÔNG TY CỔ PHẦN ĐẠI LỢI,000217003008000,Xe đạp Thống Nhất GN 06-26 2.0 Ghi,Ghi,12.0,19266660.0
KH-00402,CÔNG TY CỔ PHẦN ĐẠI LỢI,000224002002000,Xe đạp Thống Nhất New 24 Trắng,Trắng,2.0,3110000.0
KH-00402,CÔNG TY CỔ PHẦN ĐẠI LỢI,000224002023000,Xe đạp Thống Nhất New 24 Kem,Kem,5.0,7775000.0
KH-00402,CÔNG TY CỔ PHẦN ĐẠI LỢI,000225002002000,Xe đạp Thống Nhất New 26 Trắng,Trắng,2.0,3232222.0
KH-00402,CÔNG TY CỔ PHẦN ĐẠI LỢI,000225002023000,Xe đạp Thống Nhất New 26 Kem,Kem,5.0,8122222.0
KH-00402,CÔNG TY CỔ PHẦN ĐẠI LỢI,000226003002000,Xe đạp Thống Nhất LD 24-01_2023 Trắng,Trắng,3.0,5091666.0
KH-00402,CÔNG TY CỔ PHẦN ĐẠI LỢI,000226003015000,Xe đạp Thống Nhất LD 24-01_2023 Café/nâu,Café/nâu,2.0,3394444.0
KH-00402,CÔNG TY CỔ PHẦN ĐẠI LỢI,000226003023000,Xe đạp Thống Nhất LD 24-01_2023 Kem,Kem,5.0,8486110.0
KH-00402,CÔNG TY CỔ PHẦN ĐẠI LỢI,000331002008000,Xe đạp Thống Nhất MTB 26-02 Ghi,Ghi,4.0,7225554.0
KH-00402,CÔNG TY CỔ PHẦN ĐẠI LỢI,000401002016000,"Xe đạp Thống Nhất Nữ Truyền thống Lốp đỏ, Ngọc",Ngọc,12.0,18533328.0
KH-00404,HỘ KINH DOANH PHÚ THỊNH,000125002009000,Xe đạp Thống Nhất Puppy 20 Hồng,Hồng,5.0,6622220.0
KH-00404,HỘ KINH DOANH PHÚ THỊNH,000207004000000,Xe đạp Thống Nhất 219-05-26,219-05-26,10.0,15305550.0
KH-00404,HỘ KINH DOANH PHÚ THỊNH,000216003008000,Xe đạp Thống Nhất GN 06-24 2.0 Ghi,Ghi,6.0,9183330.0
KH-00404,HỘ KINH DOANH PHÚ THỊNH,000217003001000,Xe đạp Thống Nhất GN 06-26 2.0 Đen,Đen,6.0,9549996.0
KH-00404,HỘ KINH DOANH PHÚ THỊNH,000224002023000,Xe đạp Thống Nhất New 24 Kem,Kem,16.0,24880000.0
KH-00404,HỘ KINH DOANH PHÚ THỊNH,000225002023000,Xe đạp Thống Nhất New 26 Kem,Kem,26.0,42227221.0
KH-00404,HỘ KINH DOANH PHÚ THỊNH,000230002023000,Xe đạp Thống Nhất LD 26 Kem,Kem,15.0,27199995.0
KH-00404,HỘ KINH DOANH PHÚ THỊNH,000331002008000,Xe đạp Thống Nhất MTB 26-02 Ghi,Ghi,3.0,5398332.0
KH-00404,HỘ KINH DOANH PHÚ THỊNH,000335002001000,Xe đạp Thống Nhất Super 24 Đen,Đen,2.0,4210000.0
KH-00404,HỘ KINH DOANH PHÚ THỊNH,000401002016000,"Xe đạp Thống Nhất Nữ Truyền thống Lốp đỏ, Ngọc",Ngọc,5.0,7652775.0
KH-00410,CỬA HÀNG XE ĐẠP NAM TIẾN,000335002001000,Xe đạp Thống Nhất Super 24 Đen,Đen,10.0,21188880.0
KH-00414,HỘ KINH DOANH ĐẠI LỢI,000125002009000,Xe đạp Thống Nhất Puppy 20 Hồng,Hồng,1.0,1310555.0
KH-00414,HỘ KINH DOANH ĐẠI LỢI,000125002013000,Xe đạp Thống Nhất Puppy 20 Xanh,Xanh,1.0,1310555.0
KH-00414,HỘ KINH DOANH ĐẠI LỢI,000125002023000,Xe đạp Thống Nhất Puppy 20 Kem,Kem,2.0,2621110.0
KH-00414,HỘ KINH DOANH ĐẠI LỢI,000131002001002,Xe đạp Thống Nhất GN 06 20 2024 Đen,Đen,2.0,2339814.0
KH-00414,HỘ KINH DOANH ĐẠI LỢI,000216003001000,Xe đạp Thống Nhất GN 06-24 2.0 Đen,Đen,2.0,3088888.0
KH-00414,HỘ KINH DOANH ĐẠI LỢI,000216003008000,Xe đạp Thống Nhất GN 06-24 2.0 Ghi,Ghi,6.0,9266664.0
KH-00414,HỘ KINH DOANH ĐẠI LỢI,000217003001000,Xe đạp Thống Nhất GN 06-26 2.0 Đen,Đen,10.0,16055550.0
KH-00414,HỘ KINH DOANH ĐẠI LỢI,000217003008000,Xe đạp Thống Nhất GN 06-26 2.0 Ghi,Ghi,20.0,32055544.0
KH-00414,HỘ KINH DOANH ĐẠI LỢI,000225002002000,Xe đạp Thống Nhất New 26 Trắng,Trắng,2.0,3246111.0
KH-00414,HỘ KINH DOANH ĐẠI LỢI,000225002015000,Xe đạp Thống Nhất New 26 Café/nâu,Café/nâu,1.0,1616111.0
KH-00414,HỘ KINH DOANH ĐẠI LỢI,000225002023000,Xe đạp Thống Nhất New 26 Kem,Kem,4.0,6478333.0
KH-00414,HỘ KINH DOANH ĐẠI LỢI,000226003002000,Xe đạp Thống Nhất LD 24-01_2023 Trắng,Trắng,2.0,3366666.0
KH-00414,HỘ KINH DOANH ĐẠI LỢI,000230002023000,Xe đạp Thống Nhất LD 26 Kem,Kem,5.0,9052776.0
KH-00414,HỘ KINH DOANH ĐẠI LỢI,000331002008000,Xe đạp Thống Nhất MTB 26-02 Ghi,Ghi,7.0,12679442.0
KH-00414,HỘ KINH DOANH ĐẠI LỢI,000331002022000,Xe đạp Thống Nhất MTB 26-02 Xanh dương,Xanh dương,1.0,1813333.0
KH-00415,DOANH NGHIỆP TW KHẢI HOÀN,000125002009000,Xe đạp Thống Nhất Puppy 20 Hồng,Hồng,5.0,6552775.0
KH-00415,DOANH NGHIỆP TW KHẢI HOÀN,000125002013000,Xe đạp Thống Nhất Puppy 20 Xanh,Xanh,7.0,9201663.0
KH-00415,DOANH NGHIỆP TW KHẢI HOÀN,000125002023000,Xe đạp Thống Nhất Puppy 20 Kem,Kem,2.0,2621110.0
KH-00415,DOANH NGHIỆP TW KHẢI HOÀN,000214004000000,Xe đạp Thống Nhất GN 05-26,05-26,13.0,19938882.0
KH-00415,DOANH NGHIỆP TW KHẢI HOÀN,000216003001000,Xe đạp Thống Nhất GN 06-24 2.0 Đen,Đen,3.0,4591665.0
KH-00415,DOANH NGHIỆP TW KHẢI HOÀN,000216003008000,Xe đạp Thống Nhất GN 06-24 2.0 Ghi,Ghi,2.0,3061110.0
KH-00415,DOANH NGHIỆP TW KHẢI HOÀN,000217003001000,Xe đạp Thống Nhất GN 06-26 2.0 Đen,Đen,3.0,4774998.0
KH-00415,DOANH NGHIỆP TW KHẢI HOÀN,000217003008000,Xe đạp Thống Nhất GN 06-26 2.0 Ghi,Ghi,2.0,3183332.0
KH-00415,DOANH NGHIỆP TW KHẢI HOÀN,000224002023000,Xe đạp Thống Nhất New 24 Kem,Kem,9.0,14022776.0
KH-00415,DOANH NGHIỆP TW KHẢI HOÀN,000225002002000,Xe đạp Thống Nhất New 26 Trắng,Trắng,3.0,4848333.0
KH-00415,DOANH NGHIỆP TW KHẢI HOÀN,000225002015000,Xe đạp Thống Nhất New 26 Café/nâu,Café/nâu,3.0,4848333.0
KH-00415,DOANH NGHIỆP TW KHẢI HOÀN,000225002023000,Xe đạp Thống Nhất New 26 Kem,Kem,10.0,16161110.0
KH-00415,DOANH NGHIỆP TW KHẢI HOÀN,000225002025000,Xe đạp Thống Nhất New 26 Xanh mint,Xanh mint,3.0,4848333.0
KH-00415,DOANH NGHIỆP TW KHẢI HOÀN,000226003014000,Xe đạp Thống Nhất LD 24-01_2023 Xanh Santorini,Xanh Santorini,2.0,3394444.0
KH-00415,DOANH NGHIỆP TW KHẢI HOÀN,000226003015000,Xe đạp Thống Nhất LD 24-01_2023 Café/nâu,Café/nâu,3.0,5091666.0
KH-00415,DOANH NGHIỆP TW KHẢI HOÀN,000226003023000,Xe đạp Thống Nhất LD 24-01_2023 Kem,Kem,9.0,15191664.0
KH-00415,DOANH NGHIỆP TW KHẢI HOÀN,000230002023000,Xe đạp Thống Nhất LD 26 Kem,Kem,6.0,10838331.0
KH-00415,DOANH NGHIỆP TW KHẢI HOÀN,000331002008000,Xe đạp Thống Nhất MTB 26-02 Ghi,Ghi,7.0,12596108.0
KH-00415,DOANH NGHIỆP TW KHẢI HOÀN,000331002022000,Xe đạp Thống Nhất MTB 26-02 Xanh dương,Xanh dương,2.0,3598888.0
KH-00415,DOANH NGHIỆP TW KHẢI HOÀN,000401002016000,"Xe đạp Thống Nhất Nữ Truyền thống Lốp đỏ, Ngọc",Ngọc,5.0,7722220.0
KH-00419,DOANH NGHIỆP TW ĐẠI DƯƠNG,000125002023000,Xe đạp Thống Nhất Puppy 20 Kem,Kem,2.0,2621110.0
KH-00419,DOANH NGHIỆP TW ĐẠI DƯƠNG,000214004000000,Xe đạp Thống Nhất GN 05-26,05-26,2.0,3061110.0
KH-00419,DOANH NGHIỆP TW ĐẠI DƯƠNG,000216003008000,Xe đạp Thống Nhất GN 06-24 2.0 Ghi,Ghi,2.0,3061110.0
KH-00419,DOANH NGHIỆP TW ĐẠI DƯƠNG,000217003001000,Xe đạp Thống Nhất GN 06-26 2.0 Đen,Đen,2.0,3211110.0
KH-00419,DOANH NGHIỆP TW ĐẠI DƯƠNG,000217003008000,Xe đạp Thống Nhất GN 06-26 2.0 Ghi,Ghi,4.0,6394442.0
KH-00419,DOANH NGHIỆP TW ĐẠI DƯƠNG,000224002002000,Xe đạp Thống Nhất New 24 Trắng,Trắng,2.0,3137776.0
KH-00419,DOANH NGHIỆP TW ĐẠI DƯƠNG,000224002015000,Xe đạp Thống Nhất New 24 Café/nâu,Café/nâu,3.0,4706664.0
KH-00419,DOANH NGHIỆP TW ĐẠI DƯƠNG,000224002023000,Xe đạp Thống Nhất New 24 Kem,Kem,7.0,10912776.0
KH-00419,DOANH NGHIỆP TW ĐẠI DƯƠNG,000225002015000,Xe đạp Thống Nhất New 26 Café/nâu,Café/nâu,4.0,6520000.0
KH-00419,DOANH NGHIỆP TW ĐẠI DƯƠNG,000225002023000,Xe đạp Thống Nhất New 26 Kem,Kem,3.0,4890000.0
KH-00419,DOANH NGHIỆP TW ĐẠI DƯƠNG,000226003002000,Xe đạp Thống Nhất LD 24-01_2023 Trắng,Trắng,4.0,6788888.0
KH-00419,DOANH NGHIỆP TW ĐẠI DƯƠNG,000226003023000,Xe đạp Thống Nhất LD 24-01_2023 Kem,Kem,7.0,11838887.0
KH-00419,DOANH NGHIỆP TW ĐẠI DƯƠNG,000230002023000,Xe đạp Thống Nhất LD 26 Kem,Kem,6.0,10879998.0
KH-00419,DOANH NGHIỆP TW ĐẠI DƯƠNG,000331002022000,Xe đạp Thống Nhất MTB 26-02 Xanh dương,Xanh dương,1.0,1799444.0
KH-00419,DOANH NGHIỆP TW ĐẠI DƯƠNG,000401002016000,"Xe đạp Thống Nhất Nữ Truyền thống Lốp đỏ, Ngọc",Ngọc,1.0,1544444.0
KH-00423,DOANH NGHIỆP TW THIÊN AN,000125002009000,Xe đạp Thống Nhất Puppy 20 Hồng,Hồng,5.0,6622220.0
KH-00423,DOANH NGHIỆP TW THIÊN AN,000216003001000,Xe đạp Thống Nhất GN 06-24 2.0 Đen,Đen,15.0,23027770.0
KH-00423,DOANH NGHIỆP TW THIÊN AN,000216003008000,Xe đạp Thống Nhất GN 06-24 2.0 Ghi,Ghi,7.0,10713885.0
KH-00423,DOANH NGHIỆP TW THIÊN AN,000217003001000,Xe đạp Thống Nhất GN 06-26 2.0 Đen,Đen,5.0,8027775.0
KH-00423,DOANH NGHIỆP TW THIÊN AN,000225002002000,Xe đạp Thống Nhất New 26 Trắng,Trắng,5.0,8150000.0
KH-00423,DOANH NGHIỆP TW THIÊN AN,000225002025000,Xe đạp Thống Nhất New 26 Xanh mint,Xanh mint,3.0,4890000.0
KH-00423,DOANH NGHIỆP TW THIÊN AN,000230002023000,Xe đạp Thống Nhất LD 26 Kem,Kem,13.0,23503884.0
KH-00423,DOANH NGHIỆP TW THIÊN AN,000331002008000,Xe đạp Thống Nhất MTB 26-02 Ghi,Ghi,20.0,35988880.0
KH-00423,DOANH NGHIỆP TW THIÊN AN,000401002016000,"Xe đạp Thống Nhất Nữ Truyền thống Lốp đỏ, Ngọc",Ngọc,1.0,1544444.0
KH-00426,CÔNG TY CỔ PHẦN THƯƠNG MẠI THIÊN AN,000125002013000,Xe đạp Thống Nhất Puppy 20 Xanh,Xanh,2.0,2621110.0
KH-00426,CÔNG TY CỔ PHẦN THƯƠNG MẠI THIÊN AN,000131002008001,Xe đạp Thống Nhất GN 06 20 2024 Ghi,Ghi,1.0,1169907.0
KH-00426,CÔNG TY CỔ PHẦN THƯƠNG MẠI THIÊN AN,000207004000000,Xe đạp Thống Nhất 219-05-26,219-05-26,5.0,7652775.0
KH-00426,CÔNG TY CỔ PHẦN THƯƠNG MẠI THIÊN AN,000214004000000,Xe đạp Thống Nhất GN 05-26,05-26,5.0,7652775.0
KH-00426,CÔNG TY CỔ PHẦN THƯƠNG MẠI THIÊN AN,000216003001000,Xe đạp Thống Nhất GN 06-24 2.0 Đen,Đen,1.0,1530555.0
KH-00426,CÔNG TY CỔ PHẦN THƯƠNG MẠI THIÊN AN,000217003001000,Xe đạp Thống Nhất GN 06-26 2.0 Đen,Đen,2.0,3197221.0
KH-00426,CÔNG TY CỔ PHẦN THƯƠNG MẠI THIÊN AN,000217003008000,Xe đạp Thống Nhất GN 06-26 2.0 Ghi,Ghi,1.0,1591666.0
KH-00426,CÔNG TY CỔ PHẦN THƯƠNG MẠI THIÊN AN,000224002023000,Xe đạp Thống Nhất New 24 Kem,Kem,30.0,46650000.0
KH-00426,CÔNG TY CỔ PHẦN THƯƠNG MẠI THIÊN AN,000225002002000,Xe đạp Thống Nhất New 26 Trắng,Trắng,12.0,19421110.0
KH-00426,CÔNG TY CỔ PHẦN THƯƠNG MẠI THIÊN AN,000225002023000,Xe đạp Thống Nhất New 26 Kem,Kem,2.0,3260000.0
KH-00426,CÔNG TY CỔ PHẦN THƯƠNG MẠI THIÊN AN,000225002025000,Xe đạp Thống Nhất New 26 Xanh mint,Xanh mint,16.0,25871665.0
KH-00426,CÔNG TY CỔ PHẦN THƯƠNG MẠI THIÊN AN,000226003014000,Xe đạp Thống Nhất LD 24-01_2023 Xanh Santorini,Xanh Santorini,3.0,5091666.0
KH-00426,CÔNG TY CỔ PHẦN THƯƠNG MẠI THIÊN AN,000226003023000,Xe đạp Thống Nhất LD 24-01_2023 Kem,Kem,5.0,8486110.0
KH-00426,CÔNG TY CỔ PHẦN THƯƠNG MẠI THIÊN AN,000230002023000,Xe đạp Thống Nhất LD 26 Kem,Kem,3.0,5398332.0
KH-00426,CÔNG TY CỔ PHẦN THƯƠNG MẠI THIÊN AN,000331002008000,Xe đạp Thống Nhất MTB 26-02 Ghi,Ghi,2.0,3598888.0
KH-00426,CÔNG TY CỔ PHẦN THƯƠNG MẠI THIÊN AN,000331002022000,Xe đạp Thống Nhất MTB 26-02 Xanh dương,Xanh dương,1.0,1799444.0
KH-00426,CÔNG TY CỔ PHẦN THƯƠNG MẠI THIÊN AN,000401002016000,"Xe đạp Thống Nhất Nữ Truyền thống Lốp đỏ, Ngọc",Ngọc,5.0,7722220.0
KH-00428,CỬA HÀNG XE ĐẠP NAM TIẾN,000125002009000,Xe đạp Thống Nhất Puppy 20 Hồng,Hồng,11.0,14568884.0
KH-00428,CỬA HÀNG XE ĐẠP NAM TIẾN,000125002023000,Xe đạp Thống Nhất Puppy 20 Kem,Kem,7.0,9271108.0
KH-00428,CỬA HÀNG XE ĐẠP NAM TIẾN,000230002023000,Xe đạp Thống Nhất LD 26 Kem,Kem,6.0,10879998.0
KH-00428,CỬA HÀNG XE ĐẠP NAM TIẾN,000335002001000,Xe đạp Thống Nhất Super 24 Đen,Đen,5.0,10594440.0
KH-00453,CÔNG TY TNHH YÊN BÌNH,000207004000000,Xe đạp Thống Nhất 219-05-26,219-05-26,10.0,15374995.0
KH-00453,CÔNG TY TNHH YÊN BÌNH,000209002025000,Xe đạp Thống Nhất 219-26 Xanh Tím,Xanh Tím,10.0,14694440.0
KH-00453,CÔNG TY TNHH YÊN BÌNH,000214004000000,Xe đạp Thống Nhất GN 05-26,05-26,2.0,3088888.0
KH-00453,CÔNG TY TNHH YÊN BÌNH,000216003001000,Xe đạp Thống Nhất GN 06-24 2.0 Đen,Đen,3.0,4633332.0
KH-00453,CÔNG TY TNHH YÊN BÌNH,000216003008000,Xe đạp Thống Nhất GN 06-24 2.0 Ghi,Ghi,2.0,3061110.0
KH-00453,CÔNG TY TNHH YÊN BÌNH,000217003001000,Xe đạp Thống Nhất GN 06-26 2.0 Đen,Đen,3.0,4774998.0
KH-00453,CÔNG TY TNHH YÊN BÌNH,000217003008000,Xe đạp Thống Nhất GN 06-26 2.0 Ghi,Ghi,5.0,7986108.0
KH-00453,CÔNG TY TNHH YÊN BÌNH,000224002002000,Xe đạp Thống Nhất New 24 Trắng,Trắng,3.0,4665000.0
KH-00453,CÔNG TY TNHH YÊN BÌNH,000224002015000,Xe đạp Thống Nhất New 24 Café/nâu,Café/nâu,3.0,4706664.0
KH-00453,CÔNG TY TNHH YÊN BÌNH,000224002026000,Xe đạp Thống Nhất New 24 Xanh mint,Xanh mint,2.0,3137776.0
KH-00453,CÔNG TY TNHH YÊN BÌNH,000225002002000,Xe đạp Thống Nhất New 26 Trắng,Trắng,6.0,9780000.0
KH-00453,CÔNG TY TNHH YÊN BÌNH,000225002015000,Xe đạp Thống Nhất New 26 Café/nâu,Café/nâu,13.0,21120555.0
KH-00453,CÔNG TY TNHH YÊN BÌNH,000225002023000,Xe đạp Thống Nhất New 26 Kem,Kem,20.0,32405554.0
KH-00453,CÔNG TY TNHH YÊN BÌNH,000225002025000,Xe đạp Thống Nhất New 26 Xanh mint,Xanh mint,3.0,4890000.0
KH-00453,CÔNG TY TNHH YÊN BÌNH,000230002023000,Xe đạp Thống Nhất LD 26 Kem,Kem,8.0,14395552.0
KH-00453,CÔNG TY TNHH YÊN BÌNH,000401002016000,"Xe đạp Thống Nhất Nữ Truyền thống Lốp đỏ, Ngọc",Ngọc,7.0,10741663.0
KH-00458,HỘ KINH DOANH VẠN LỢI,000125002013000,Xe đạp Thống Nhất Puppy 20 Xanh,Xanh,3.0,3931665.0
KH-00458,HỘ KINH DOANH VẠN LỢI,000125002023000,Xe đạp Thống Nhất Puppy 20 Kem,Kem,2.0,2621110.0
KH-00458,HỘ KINH DOANH VẠN LỢI,000131002001002,Xe đạp Thống Nhất GN 06 20 2024 Đen,Đen,1.0,1169907.0
KH-00458,HỘ KINH DOANH VẠN LỢI,000131002008001,Xe đạp Thống Nhất GN 06 20 2024 Ghi,Ghi,1.0,1169907.0
KH-00458,HỘ KINH DOANH VẠN LỢI,000207004000000,Xe đạp Thống Nhất 219-05-26,219-05-26,5.0,7652775.0
KH-00458,HỘ KINH DOANH VẠN LỢI,000216003008000,Xe đạp Thống Nhất GN 06-24 2.0 Ghi,Ghi,3.0,4633332.0
KH-00458,HỘ KINH DOANH VẠN LỢI,000217003001000,Xe đạp Thống Nhất GN 06-26 2.0 Đen,Đen,7.0,11238885.0
KH-00458,HỘ KINH DOANH VẠN LỢI,000217003008000,Xe đạp Thống Nhất GN 06-26 2.0 Ghi,Ghi,5.0,8027775.0
KH-00458,HỘ KINH DOANH VẠN LỢI,000224002015000,Xe đạp Thống Nhất New 24 Café/nâu,Café/nâu,8.0,12509440.0
KH-00458,HỘ KINH DOANH VẠN LỢI,000224002023000,Xe đạp Thống Nhất New 24 Kem,Kem,3.0,4706664.0
KH-00458,HỘ KINH DOANH VẠN LỢI,000225002015000,Xe đạp Thống Nhất New 26 Café/nâu,Café/nâu,6.0,9738333.0
KH-00458,HỘ KINH DOANH VẠN LỢI,000225002023000,Xe đạp Thống Nhất New 26 Kem,Kem,5.0,8150000.0
KH-00458,HỘ KINH DOANH VẠN LỢI,000226003014000,Xe đạp Thống Nhất LD 24-01_2023 Xanh Santorini,Xanh Santorini,3.0,5091666.0
KH-00458,HỘ KINH DOANH VẠN LỢI,000226003015000,Xe đạp Thống Nhất LD 24-01_2023 Café/nâu,Café/nâu,3.0,5091666.0
KH-00458,HỘ KINH DOANH VẠN LỢI,000226003023000,Xe đạp Thống Nhất LD 24-01_2023 Kem,Kem,4.0,6788888.0
KH-00458,HỘ KINH DOANH VẠN LỢI,000230002023000,Xe đạp Thống Nhất LD 26 Kem,Kem,9.0,16250552.0
KH-00458,HỘ KINH DOANH VẠN LỢI,000331002008000,Xe đạp Thống Nhất MTB 26-02 Ghi,Ghi,2.0,3626666.0
KH-00458,HỘ KINH DOANH VẠN LỢI,000331002022000,Xe đạp Thống Nhất MTB 26-02 Xanh dương,Xanh dương,1.0,1813333.0
KH-00458,HỘ KINH DOANH VẠN LỢI,000401002016000,"Xe đạp Thống Nhất Nữ Truyền thống Lốp đỏ, Ngọc",Ngọc,3.0,4633332.0
KH-00463,CÔNG TY TNHH THƯƠNG MẠI YÊN BÌNH,000125002009000,Xe đạp Thống Nhất Puppy 20 Hồng,Hồng,5.0,6622220.0
KH-00463,CÔNG TY TNHH THƯƠNG MẠI YÊN BÌNH,000125002023000,Xe đạp Thống Nhất Puppy 20 Kem,Kem,6.0,7891108.0
KH-00463,CÔNG TY TNHH THƯƠNG MẠI YÊN BÌNH,000207004000000,Xe đạp Thống Nhất 219-05-26,219-05-26,5.0,7652775.0
KH-00463,CÔNG TY TNHH THƯƠNG MẠI YÊN BÌNH,000216003001000,Xe đạp Thống Nhất GN 06-24 2.0 Đen,Đen,2.0,3088888.0
KH-00463,CÔNG TY TNHH THƯƠNG MẠI YÊN BÌNH,000216003008000,Xe đạp Thống Nhất GN 06-24 2.0 Ghi,Ghi,2.0,3088888.0
KH-00463,CÔNG TY TNHH THƯƠNG MẠI YÊN BÌNH,000217003001000,Xe đạp Thống Nhất GN 06-26 2.0 Đen,Đen,3.0,4816665.0
KH-00463,CÔNG TY TNHH THƯƠNG MẠI YÊN BÌNH,000217003008000,Xe đạp Thống Nhất GN 06-26 2.0 Ghi,Ghi,3.0,4816665.0
KH-00463,CÔNG TY TNHH THƯƠNG MẠI YÊN BÌNH,000224002002000,Xe đạp Thống Nhất New 24 Trắng,Trắng,9.0,14078328.0
KH-00463,CÔNG TY TNHH THƯƠNG MẠI YÊN BÌNH,000224002023000,Xe đạp Thống Nhất New 24 Kem,Kem,19.0,29614440.0
KH-00463,CÔNG TY TNHH THƯƠNG MẠI YÊN BÌNH,000224002026000,Xe đạp Thống Nhất New 24 Xanh mint,Xanh mint,2.0,3110000.0
KH-00463,CÔNG TY TNHH THƯƠNG MẠI YÊN BÌNH,000225002002000,Xe đạp Thống Nhất New 26 Trắng,Trắng,5.0,8150000.0
KH-00463,CÔNG TY TNHH THƯƠNG MẠI YÊN BÌNH,000225002015000,Xe đạp Thống Nhất New 26 Café/nâu,Café/nâu,5.0,8122222.0
KH-00463,CÔNG TY TNHH THƯƠNG MẠI YÊN BÌNH,000225002023000,Xe đạp Thống Nhất New 26 Kem,Kem,27.0,43773887.0
KH-00463,CÔNG TY TNHH THƯƠNG MẠI YÊN BÌNH,000225002025000,Xe đạp Thống Nhất New 26 Xanh mint,Xanh mint,7.0,11410000.0
KH-00463,CÔNG TY TNHH THƯƠNG MẠI YÊN BÌNH,000226003002000,Xe đạp Thống Nhất LD 24-01_2023 Trắng,Trắng,4.0,6733332.0
KH-00463,CÔNG TY TNHH THƯƠNG MẠI YÊN BÌNH,000226003014000,Xe đạp Thống Nhất LD 24-01_2023 Xanh Santorini,Xanh Santorini,3.0,5091666.0
KH-00463,CÔNG TY TNHH THƯƠNG MẠI YÊN BÌNH,000226003015000,Xe đạp Thống Nhất LD 24-01_2023 Café/nâu,Café/nâu,2.0,3366666.0
KH-00463,CÔNG TY TNHH THƯƠNG MẠI YÊN BÌNH,000230002023000,Xe đạp Thống Nhất LD 26 Kem,Kem,14.0,25289439.0
KH-00463,CÔNG TY TNHH THƯƠNG MẠI YÊN BÌNH,000331002008000,Xe đạp Thống Nhất MTB 26-02 Ghi,Ghi,6.0,10796664.0
KH-00463,CÔNG TY TNHH THƯƠNG MẠI YÊN BÌNH,000331002022000,Xe đạp Thống Nhất MTB 26-02 Xanh dương,Xanh dương,1.0,1799444.0
KH-00487,DOANH NGHIỆP TW TRƯỜNG THỊNH,000125002009000,Xe đạp Thống Nhất Puppy 20 Hồng,Hồng,5.0,6594442.0
KH-00487,DOANH NGHIỆP TW TRƯỜNG THỊNH,000125002013000,Xe đạp Thống Nhất Puppy 20 Xanh,Xanh,2.0,2621110.0
KH-00487,DOANH NGHIỆP TW TRƯỜNG THỊNH,000209002025000,Xe đạp Thống Nhất 219-26 Xanh Tím,Xanh Tím,2.0,2966666.0
KH-00487,DOANH NGHIỆP TW TRƯỜNG THỊNH,000216003001000,Xe đạp Thống Nhất GN 06-24 2.0 Đen,Đen,2.0,3088888.0
KH-00487,DOANH NGHIỆP TW TRƯỜNG THỊNH,000216003008000,Xe đạp Thống Nhất GN 06-24 2.0 Ghi,Ghi,2.0,3088888.0
KH-00487,DOANH NGHIỆP TW TRƯỜNG THỊNH,000217003001000,Xe đạp Thống Nhất GN 06-26 2.0 Đen,Đen,3.0,4816665.0
KH-00487,DOANH NGHIỆP TW TRƯỜNG THỊNH,000217003008000,Xe đạp Thống Nhất GN 06-26 2.0 Ghi,Ghi,4.0,6422220.0
KH-00487,DOANH NGHIỆP TW TRƯỜNG THỊNH,000224002002000,Xe đạp Thống Nhất New 24 Trắng,Trắng,2.0,3137776.0
KH-00487,DOANH NGHIỆP TW TRƯỜNG THỊNH,000224002015000,Xe đạp Thống Nhất New 24 Café/nâu,Café/nâu,3.0,4692776.0
KH-00487,DOANH NGHIỆP TW TRƯỜNG THỊNH,000224002023000,Xe đạp Thống Nhất New 24 Kem,Kem,2.0,3110000.0
KH-00487,DOANH NGHIỆP TW TRƯỜNG THỊNH,000225002002000,Xe đạp Thống Nhất New 26 Trắng,Trắng,7.0,11382222.0
KH-00487,DOANH NGHIỆP TW TRƯỜNG THỊNH,000225002015000,Xe đạp Thống Nhất New 26 Café/nâu,Café/nâu,6.0,9752222.0
KH-00487,DOANH NGHIỆP TW TRƯỜNG THỊNH,000225002023000,Xe đạp Thống Nhất New 26 Kem,Kem,13.0,21162222.0
KH-00487,DOANH NGHIỆP TW TRƯỜNG THỊNH,000225002025000,Xe đạp Thống Nhất New 26 Xanh mint,Xanh mint,7.0,11382222.0
KH-00487,DOANH NGHIỆP TW TRƯỜNG THỊNH,000226003002000,Xe đạp Thống Nhất LD 24-01_2023 Trắng,Trắng,2.0,3394444.0
KH-00487,DOANH NGHIỆP TW TRƯỜNG THỊNH,000226003014000,Xe đạp Thống Nhất LD 24-01_2023 Xanh Santorini,Xanh Santorini,2.0,3366666.0
KH-00487,DOANH NGHIỆP TW TRƯỜNG THỊNH,000226003015000,Xe đạp Thống Nhất LD 24-01_2023 Café/nâu,Café/nâu,1.0,1697222.0
KH-00487,DOANH NGHIỆP TW TRƯỜNG THỊNH,000226003023000,Xe đạp Thống Nhất LD 24-01_2023 Kem,Kem,5.0,8458332.0
KH-00487,DOANH NGHIỆP TW TRƯỜNG THỊNH,000331002008000,Xe đạp Thống Nhất MTB 26-02 Ghi,Ghi,2.0,3626666.0
KH-00487,DOANH NGHIỆP TW TRƯỜNG THỊNH,000331002022000,Xe đạp Thống Nhất MTB 26-02 Xanh dương,Xanh dương,2.0,3626666.0
KH-00488,CÔNG TY TNHH TRƯỜNG THỊNH,000131002001002,Xe đạp Thống Nhất GN 06 20 2024 Đen,Đen,3.0,3551388.0
KH-00488,CÔNG TY TNHH TRƯỜNG THỊNH,000207004000000,Xe đạp Thống Nhất 219-05-26,219-05-26,1.0,1530555.0
KH-00488,CÔNG TY TNHH TRƯỜNG THỊNH,000209002025000,Xe đạp Thống Nhất 219-26 Xanh Tím,Xanh Tím,2.0,2952777.0
KH-00488,CÔNG TY TNHH TRƯỜNG THỊNH,000214004000000,Xe đạp Thống Nhất GN 05-26,05-26,1.0,1544444.0
KH-00488,CÔNG TY TNHH TRƯỜNG THỊNH,000216003001000,Xe đạp Thống Nhất GN 06-24 2.0 Đen,Đen,5.0,7680553.0
KH-00488,CÔNG TY TNHH TRƯỜNG THỊNH,000216003008000,Xe đạp Thống Nhất GN 06-24 2.0 Ghi,Ghi,2.0,3074999.0
KH-00488,CÔNG TY TNHH TRƯỜNG THỊNH,000217003001000,Xe đạp Thống Nhất GN 06-26 2.0 Đen,Đen,4.0,6408331.0
KH-00488,CÔNG TY TNHH TRƯỜNG THỊNH,000217003008000,Xe đạp Thống Nhất GN 06-26 2.0 Ghi,Ghi,2.0,3211110.0
KH-00488,CÔNG TY TNHH TRƯỜNG THỊNH,000224002002000,Xe đạp Thống Nhất New 24 Trắng,Trắng,1.0,1568888.0
KH-00488,CÔNG TY TNHH TRƯỜNG THỊNH,000224002015000,Xe đạp Thống Nhất New 24 Café/nâu,Café/nâu,1.0,1555000.0
KH-00488,CÔNG TY TNHH TRƯỜNG THỊNH,000224002023000,Xe đạp Thống Nhất New 24 Kem,Kem,7.0,10898888.0
KH-00488,CÔNG TY TNHH TRƯỜNG THỊNH,000224002026000,Xe đạp Thống Nhất New 24 Xanh mint,Xanh mint,3.0,4678888.0
KH-00488,CÔNG TY TNHH TRƯỜNG THỊNH,000225002002000,Xe đạp Thống Nhất New 26 Trắng,Trắng,3.0,4862222.0
KH-00488,CÔNG TY TNHH TRƯỜNG THỊNH,000225002015000,Xe đạp Thống Nhất New 26 Café/nâu,Café/nâu,3.0,4848333.0
KH-00488,CÔNG TY TNHH TRƯỜNG THỊNH,000225002023000,Xe đạp Thống Nhất New 26 Kem,Kem,10.0,16174999.0
KH-00488,CÔNG TY TNHH TRƯỜNG THỊNH,000225002025000,Xe đạp Thống Nhất New 26 Xanh mint,Xanh mint,5.0,8108333.0
KH-00488,CÔNG TY TNHH TRƯỜNG THỊNH,000230002023000,Xe đạp Thống Nhất LD 26 Kem,Kem,1.0,1799444.0
KH-00488,CÔNG TY TNHH TRƯỜNG THỊNH,000331002022000,Xe đạp Thống Nhất MTB 26-02 Xanh dương,Xanh dương,1.0,1813333.0
KH-00491,CÔNG TY TNHH PHÚC AN,000125002009000,Xe đạp Thống Nhất Puppy 20 Hồng,Hồng,5.0,6622220.0
KH-00491,CÔNG TY TNHH PHÚC AN,000207004000000,Xe đạp Thống Nhất 219-05-26,219-05-26,10.0,15444440.0
KH-00491,CÔNG TY TNHH PHÚC AN,000209002025000,Xe đạp Thống Nhất 219-26 Xanh Tím,Xanh Tím,5.0,7416665.0
KH-00491,CÔNG TY TNHH PHÚC AN,000214004000000,Xe đạp Thống Nhất GN 05-26,05-26,5.0,7722220.0
KH-00491,CÔNG TY TNHH PHÚC AN,000216003008000,Xe đạp Thống Nhất GN 06-24 2.0 Ghi,Ghi,12.0,18533328.0
KH-00491,CÔNG TY TNHH PHÚC AN,000217003001000,Xe đạp Thống Nhất GN 06-26 2.0 Đen,Đen,9.0,14449995.0
KH-00491,CÔNG TY TNHH PHÚC AN,000217003008000,Xe đạp Thống Nhất GN 06-26 2.0 Ghi,Ghi,10.0,16055550.0
KH-00491,CÔNG TY TNHH PHÚC AN,000224002015000,Xe đạp Thống Nhất New 24 Café/nâu,Café/nâu,10.0,15688880.0
KH-00491,CÔNG TY TNHH PHÚC AN,000224002023000,Xe đạp Thống Nhất New 24 Kem,Kem,15.0,23533320.0
KH-00491,CÔNG TY TNHH PHÚC AN,000225002002000,Xe đạp Thống Nhất New 26 Trắng,Trắng,5.0,8150000.0
KH-00491,CÔNG TY TNHH PHÚC AN,000225002015000,Xe đạp Thống Nhất New 26 Café/nâu,Café/nâu,10.0,16300000.0
KH-00491,CÔNG TY TNHH PHÚC AN,000225002023000,Xe đạp Thống Nhất New 26 Kem,Kem,25.0,40750000.0
KH-00491,CÔNG TY TNHH PHÚC AN,000230002023000,Xe đạp Thống Nhất LD 26 Kem,Kem,3.0,5439999.0
KH-00505,CÔNG TY CỔ PHẦN TÚ ANH,000207004000000,Xe đạp Thống Nhất 219-05-26,219-05-26,5.0,7652775.0
KH-00505,CÔNG TY CỔ PHẦN TÚ ANH,000216003001000,Xe đạp Thống Nhất GN 06-24 2.0 Đen,Đen,2.0,3074999.0
KH-00505,CÔNG TY CỔ PHẦN TÚ ANH,000216003008000,Xe đạp Thống Nhất GN 06-24 2.0 Ghi,Ghi,2.0,3088888.0
KH-00505,CÔNG TY CỔ PHẦN TÚ ANH,000217003008000,Xe đạp Thống Nhất GN 06-26 2.0 Ghi,Ghi,2.0,3183332.0
KH-00505,CÔNG TY CỔ PHẦN TÚ ANH,000225002002000,Xe đạp Thống Nhất New 26 Trắng,Trắng,1.0,1630000.0
KH-00505,CÔNG TY CỔ PHẦN TÚ ANH,000225002015000,Xe đạp Thống Nhất New 26 Café/nâu,Café/nâu,6.0,9738333.0
KH-00505,CÔNG TY CỔ PHẦN TÚ ANH,000225002023000,Xe đạp Thống Nhất New 26 Kem,Kem,8.0,12984444.0
KH-00505,CÔNG TY CỔ PHẦN TÚ ANH,000225002025000,Xe đạp Thống Nhất New 26 Xanh mint,Xanh mint,4.0,6478333.0
KH-00505,CÔNG TY CỔ PHẦN TÚ ANH,000401002016000,"Xe đạp Thống Nhất Nữ Truyền thống Lốp đỏ, Ngọc",Ngọc,3.0,4633332.0
KH-00519,CÔNG TY CỔ PHẦN XUÂN MAI,000207004000000,Xe đạp Thống Nhất 219-05-26,219-05-26,2.0,3061110.0
KH-00519,CÔNG TY CỔ PHẦN XUÂN MAI,000216003001000,Xe đạp Thống Nhất GN 06-24 2.0 Đen,Đen,2.0,3088888.0
KH-00519,CÔNG TY CỔ PHẦN XUÂN MAI,000216003008000,Xe đạp Thống Nhất GN 06-24 2.0 Ghi,Ghi,2.0,3088888.0
KH-00519,CÔNG TY CỔ PHẦN XUÂN MAI,000217003001000,Xe đạp Thống Nhất GN 06-26 2.0 Đen,Đen,6.0,9577774.0
KH-00519,CÔNG TY CỔ PHẦN XUÂN MAI,000217003008000,Xe đạp Thống Nhất GN 06-26 2.0 Ghi,Ghi,2.0,3211110.0
KH-00519,CÔNG TY CỔ PHẦN XUÂN MAI,000224002002000,Xe đạp Thống Nhất New 24 Trắng,Trắng,7.0,10885000.0
KH-00519,CÔNG TY CỔ PHẦN XUÂN MAI,000224002015000,Xe đạp Thống Nhất New 24 Café/nâu,Café/nâu,3.0,4665000.0
KH-00519,CÔNG TY CỔ PHẦN XUÂN MAI,000224002023000,Xe đạp Thống Nhất New 24 Kem,Kem,11.0,17146664.0
KH-00519,CÔNG TY CỔ PHẦN XUÂN MAI,000224002026000,Xe đạp Thống Nhất New 24 Xanh mint,Xanh mint,3.0,4665000.0
KH-00519,CÔNG TY CỔ PHẦN XUÂN MAI,000225002002000,Xe đạp Thống Nhất New 26 Trắng,Trắng,10.0,16161110.0
KH-00519,CÔNG TY CỔ PHẦN XUÂN MAI,000225002015000,Xe đạp Thống Nhất New 26 Café/nâu,Café/nâu,3.0,4890000.0
KH-00519,CÔNG TY CỔ PHẦN XUÂN MAI,000225002023000,Xe đạp Thống Nhất New 26 Kem,Kem,14.0,22681110.0
KH-00519,CÔNG TY CỔ PHẦN XUÂN MAI,000225002025000,Xe đạp Thống Nhất New 26 Xanh mint,Xanh mint,8.0,12928888.0
KH-00519,CÔNG TY CỔ PHẦN XUÂN MAI,000230002023000,Xe đạp Thống Nhất LD 26 Kem,Kem,3.0,5398332.0
KH-00519,CÔNG TY CỔ PHẦN XUÂN MAI,000331002022000,Xe đạp Thống Nhất MTB 26-02 Xanh dương,Xanh dương,2.0,3598888.0
KH-00536,CỬA HÀNG XE ĐẠP LONG PHÚ,000125002009000,Xe đạp Thống Nhất Puppy 20 Hồng,Hồng,5.0,6622220.0
KH-00536,CỬA HÀNG XE ĐẠP LONG PHÚ,000207004000000,Xe đạp Thống Nhất 219-05-26,219-05-26,2.0,3088888.0
KH-00536,CỬA HÀNG XE ĐẠP LONG PHÚ,000214004000000,Xe đạp Thống Nhất GN 05-26,05-26,3.0,4633332.0
KH-00536,CỬA HÀNG XE ĐẠP LONG PHÚ,000217003001000,Xe đạp Thống Nhất GN 06-26 2.0 Đen,Đen,2.0,3211110.0
KH-00536,CỬA HÀNG XE ĐẠP LONG PHÚ,000217003008000,Xe đạp Thống Nhất GN 06-26 2.0 Ghi,Ghi,2.0,3211110.0
KH-00536,CỬA HÀNG XE ĐẠP LONG PHÚ,000224002002000,Xe đạp Thống Nhất New 24 Trắng,Trắng,3.0,4706664.0
KH-00536,CỬA HÀNG XE ĐẠP LONG PHÚ,000225002002000,Xe đạp Thống Nhất New 26 Trắng,Trắng,4.0,6520000.0
KH-00536,CỬA HÀNG XE ĐẠP LONG PHÚ,000225002015000,Xe đạp Thống Nhất New 26 Café/nâu,Café/nâu,2.0,3260000.0
KH-00536,CỬA HÀNG XE ĐẠP LONG PHÚ,000225002023000,Xe đạp Thống Nhất New 26 Kem,Kem,3.0,4890000.0
KH-00536,CỬA HÀNG XE ĐẠP LONG PHÚ,000226003002000,Xe đạp Thống Nhất LD 24-01_2023 Trắng,Trắng,4.0,6788888.0
KH-00536,CỬA HÀNG XE ĐẠP LONG PHÚ,000226003014000,Xe đạp Thống Nhất LD 24-01_2023 Xanh Santorini,Xanh Santorini,2.0,3394444.0
KH-00536,CỬA HÀNG XE ĐẠP LONG PHÚ,000226003023000,Xe đạp Thống Nhất LD 24-01_2023 Kem,Kem,4.0,6788888.0
KH-00536,CỬA HÀNG XE ĐẠP LONG PHÚ,000230002023000,Xe đạp Thống Nhất LD 26 Kem,Kem,4.0,7253332.0
KH-00536,CỬA HÀNG XE ĐẠP LONG PHÚ,000331002008000,Xe đạp Thống Nhất MTB 26-02 Ghi,Ghi,5.0,9066665.0
KH-00553,CÔNG TY CỔ PHẦN SƠN HÀ,000125002009000,Xe đạp Thống Nhất Puppy 20 Hồng,Hồng,3.0,3959443.0
KH-00553,CÔNG TY CỔ PHẦN SƠN HÀ,000125002013000,Xe đạp Thống Nhất Puppy 20 Xanh,Xanh,3.0,3931665.0
KH-00553,CÔNG TY CỔ PHẦN SƠN HÀ,000125002023000,Xe đạp Thống Nhất Puppy 20 Kem,Kem,2.0,2621110.0
KH-00553,CÔNG TY CỔ PHẦN SƠN HÀ,000131002001002,Xe đạp Thống Nhất GN 06 20 2024 Đen,Đen,2.0,2353703.0
KH-00553,CÔNG TY CỔ PHẦN SƠN HÀ,000131002008001,Xe đạp Thống Nhất GN 06 20 2024 Ghi,Ghi,1.0,1169907.0
KH-00553,CÔNG TY CỔ PHẦN SƠN HÀ,000217003001000,Xe đạp Thống Nhất GN 06-26 2.0 Đen,Đen,1.0,1605555.0
KH-00553,CÔNG TY CỔ PHẦN SƠN HÀ,000217003008000,Xe đạp Thống Nhất GN 06-26 2.0 Ghi,Ghi,3.0,4788887.0
KH-00553,CÔNG TY CỔ PHẦN SƠN HÀ,000224002015000,Xe đạp Thống Nhất New 24 Café/nâu,Café/nâu,4.0,6247776.0
KH-00553,CÔNG TY CỔ PHẦN SƠN HÀ,000224002023000,Xe đạp Thống Nhất New 24 Kem,Kem,8.0,12440000.0
KH-00553,CÔNG TY CỔ PHẦN SƠN HÀ,000225002023000,Xe đạp Thống Nhất New 26 Kem,Kem,2.0,3232222.0
KH-00553,CÔNG TY CỔ PHẦN SƠN HÀ,000226003023000,Xe đạp Thống Nhất LD 24-01_2023 Kem,Kem,25.0,42222215.0
KH-00553,CÔNG TY CỔ PHẦN SƠN HÀ,000230002023000,Xe đạp Thống Nhất LD 26 Kem,Kem,15.0,27061105.0
KH-00553,CÔNG TY CỔ PHẦN SƠN HÀ,000331002008000,Xe đạp Thống Nhất MTB 26-02 Ghi,Ghi,7.0,12596108.0
KH-00553,CÔNG TY CỔ PHẦN SƠN HÀ,000331002022000,Xe đạp Thống Nhất MTB 26-02 Xanh dương,Xanh dương,3.0,5398332.0
KH-00553,CÔNG TY CỔ PHẦN SƠN HÀ,000401002016000,"Xe đạp Thống Nhất Nữ Truyền thống Lốp đỏ, Ngọc",Ngọc,2.0,3061110.0
KH-00557,CÔNG TY TNHH THƯƠNG MẠI MINH PHƯƠNG,000125002009000,Xe đạp Thống Nhất Puppy 20 Hồng,Hồng,2.0,2621110.0
KH-00557,CÔNG TY TNHH THƯƠNG MẠI MINH PHƯƠNG,000207004000000,Xe đạp Thống Nhất 219-05-26,219-05-26,3.0,4591665.0
KH-00557,CÔNG TY TNHH THƯƠNG MẠI MINH PHƯƠNG,000209002025000,Xe đạp Thống Nhất 219-26 Xanh Tím,Xanh Tím,10.0,14833330.0
KH-00557,CÔNG TY TNHH THƯƠNG MẠI MINH PHƯƠNG,000225002015000,Xe đạp Thống Nhất New 26 Café/nâu,Café/nâu,3.0,4848333.0
KH-00557,CÔNG TY TNHH THƯƠNG MẠI MINH PHƯƠNG,000225002023000,Xe đạp Thống Nhất New 26 Kem,Kem,3.0,4848333.0
KH-00557,CÔNG TY TNHH THƯƠNG MẠI MINH PHƯƠNG,000335002001000,Xe đạp Thống Nhất Super 24 Đen,Đen,3.0,6356664.0
KH-00564,CỬA HÀNG XE ĐẠP SÁN LẠP,000125002009000,Xe đạp Thống Nhất Puppy 20 Hồng,Hồng,1.0,1324444.0
KH-00564,CỬA HÀNG XE ĐẠP SÁN LẠP,000207004000000,Xe đạp Thống Nhất 219-05-26,219-05-26,2.0,3088888.0
KH-00564,CỬA HÀNG XE ĐẠP SÁN LẠP,000214004000000,Xe đạp Thống Nhất GN 05-26,05-26,3.0,4633332.0
KH-00564,CỬA HÀNG XE ĐẠP SÁN LẠP,000224002002000,Xe đạp Thống Nhất New 24 Trắng,Trắng,1.0,1568888.0
KH-00564,CỬA HÀNG XE ĐẠP SÁN LẠP,000226003002000,Xe đạp Thống Nhất LD 24-01_2023 Trắng,Trắng,3.0,5091666.0
KH-00564,CỬA HÀNG XE ĐẠP SÁN LẠP,000226003014000,Xe đạp Thống Nhất LD 24-01_2023 Xanh Santorini,Xanh Santorini,1.0,1697222.0
KH-00564,CỬA HÀNG XE ĐẠP SÁN LẠP,000226003023000,Xe đạp Thống Nhất LD 24-01_2023 Kem,Kem,5.0,8486110.0
KH-00564,CỬA HÀNG XE ĐẠP SÁN LẠP,000331002008000,Xe đạp Thống Nhất MTB 26-02 Ghi,Ghi,5.0,8997220.0
KH-00564,CỬA HÀNG XE ĐẠP SÁN LẠP,000331002022000,Xe đạp Thống Nhất MTB 26-02 Xanh dương,Xanh dương,4.0,7253332.0
KH-00584,CÔNG TY TNHH CHI THÀNH,000125002009000,Xe đạp Thống Nhất Puppy 20 Hồng,Hồng,1.0,1324444.0
KH-00584,CÔNG TY TNHH CHI THÀNH,000125002023000,Xe đạp Thống Nhất Puppy 20 Kem,Kem,1.0,1324444.0
KH-00584,CÔNG TY TNHH CHI THÀNH,000216003001000,Xe đạp Thống Nhất GN 06-24 2.0 Đen,Đen,1.0,1544444.0
KH-00584,CÔNG TY TNHH CHI THÀNH,000216003008000,Xe đạp Thống Nhất GN 06-24 2.0 Ghi,Ghi,1.0,1544444.0
KH-00584,CÔNG TY TNHH CHI THÀNH,000217003001000,Xe đạp Thống Nhất GN 06-26 2.0 Đen,Đen,1.0,1605555.0
KH-00584,CÔNG TY TNHH CHI THÀNH,000217003008000,Xe đạp Thống Nhất GN 06-26 2.0 Ghi,Ghi,1.0,1605555.0
KH-00584,CÔNG TY TNHH CHI THÀNH,000224002023000,Xe đạp Thống Nhất New 24 Kem,Kem,11.0,17132776.0
KH-00584,CÔNG TY TNHH CHI THÀNH,000225002002000,Xe đạp Thống Nhất New 26 Trắng,Trắng,8.0,12956666.0
KH-00584,CÔNG TY TNHH CHI THÀNH,000225002023000,Xe đạp Thống Nhất New 26 Kem,Kem,11.0,17804999.0
KH-00584,CÔNG TY TNHH CHI THÀNH,000226003002000,Xe đạp Thống Nhất LD 24-01_2023 Trắng,Trắng,7.0,11797220.0
KH-00584,CÔNG TY TNHH CHI THÀNH,000226003014000,Xe đạp Thống Nhất LD 24-01_2023 Xanh Santorini,Xanh Santorini,7.0,11797220.0
KH-00584,CÔNG TY TNHH CHI THÀNH,000226003023000,Xe đạp Thống Nhất LD 24-01_2023 Kem,Kem,2.0,3394444.0
KH-00584,CÔNG TY TNHH CHI THÀNH,000230002023000,Xe đạp Thống Nhất LD 26 Kem,Kem,2.0,3626666.0
KH-00586,CÔNG TY CỔ PHẦN THƯƠNG MẠI MINH PHƯƠNG,000125002009000,Xe đạp Thống Nhất Puppy 20 Hồng,Hồng,1.0,1324444.0
KH-00586,CÔNG TY CỔ PHẦN THƯƠNG MẠI MINH PHƯƠNG,000125002013000,Xe đạp Thống Nhất Puppy 20 Xanh,Xanh,1.0,1324444.0
KH-00586,CÔNG TY CỔ PHẦN THƯƠNG MẠI MINH PHƯƠNG,000125002023000,Xe đạp Thống Nhất Puppy 20 Kem,Kem,1.0,1324444.0
KH-00586,CÔNG TY CỔ PHẦN THƯƠNG MẠI MINH PHƯƠNG,000131002001002,Xe đạp Thống Nhất GN 06 20 2024 Đen,Đen,1.0,1183796.0
KH-00586,CÔNG TY CỔ PHẦN THƯƠNG MẠI MINH PHƯƠNG,000209002025000,Xe đạp Thống Nhất 219-26 Xanh Tím,Xanh Tím,1.0,1483333.0
KH-00586,CÔNG TY CỔ PHẦN THƯƠNG MẠI MINH PHƯƠNG,000214004000000,Xe đạp Thống Nhất GN 05-26,05-26,1.0,1544444.0
KH-00586,CÔNG TY CỔ PHẦN THƯƠNG MẠI MINH PHƯƠNG,000216003001000,Xe đạp Thống Nhất GN 06-24 2.0 Đen,Đen,1.0,1544444.0
KH-00586,CÔNG TY CỔ PHẦN THƯƠNG MẠI MINH PHƯƠNG,000216003008000,Xe đạp Thống Nhất GN 06-24 2.0 Ghi,Ghi,1.0,1544444.0
KH-00586,CÔNG TY CỔ PHẦN THƯƠNG MẠI MINH PHƯƠNG,000217003001000,Xe đạp Thống Nhất GN 06-26 2.0 Đen,Đen,1.0,1605555.0
KH-00586,CÔNG TY CỔ PHẦN THƯƠNG MẠI MINH PHƯƠNG,000217003008000,Xe đạp Thống Nhất GN 06-26 2.0 Ghi,Ghi,1.0,1605555.0
KH-00586,CÔNG TY CỔ PHẦN THƯƠNG MẠI MINH PHƯƠNG,000224002002000,Xe đạp Thống Nhất New 24 Trắng,Trắng,1.0,1568888.0
KH-00586,CÔNG TY CỔ PHẦN THƯƠNG MẠI MINH PHƯƠNG,000224002015000,Xe đạp Thống Nhất New 24 Café/nâu,Café/nâu,1.0,1568888.0
KH-00586,CÔNG TY CỔ PHẦN THƯƠNG MẠI MINH PHƯƠNG,000224002023000,Xe đạp Thống Nhất New 24 Kem,Kem,1.0,1568888.0
KH-00586,CÔNG TY CỔ PHẦN THƯƠNG MẠI MINH PHƯƠNG,000224002026000,Xe đạp Thống Nhất New 24 Xanh mint,Xanh mint,1.0,1568888.0
KH-00586,CÔNG TY CỔ PHẦN THƯƠNG MẠI MINH PHƯƠNG,000225002002000,Xe đạp Thống Nhất New 26 Trắng,Trắng,1.0,1630000.0
KH-00586,CÔNG TY CỔ PHẦN THƯƠNG MẠI MINH PHƯƠNG,000225002015000,Xe đạp Thống Nhất New 26 Café/nâu,Café/nâu,1.0,1630000.0
KH-00586,CÔNG TY CỔ PHẦN THƯƠNG MẠI MINH PHƯƠNG,000225002023000,Xe đạp Thống Nhất New 26 Kem,Kem,1.0,1630000.0
KH-00586,CÔNG TY CỔ PHẦN THƯƠNG MẠI MINH PHƯƠNG,000225002025000,Xe đạp Thống Nhất New 26 Xanh mint,Xanh mint,1.0,1630000.0
KH-00586,CÔNG TY CỔ PHẦN THƯƠNG MẠI MINH PHƯƠNG,000226003002000,Xe đạp Thống Nhất LD 24-01_2023 Trắng,Trắng,1.0,1697222.0
KH-00586,CÔNG TY CỔ PHẦN THƯƠNG MẠI MINH PHƯƠNG,000226003014000,Xe đạp Thống Nhất LD 24-01_2023 Xanh Santorini,Xanh Santorini,1.0,1697222.0
KH-00586,CÔNG TY CỔ PHẦN THƯƠNG MẠI MINH PHƯƠNG,000226003015000,Xe đạp Thống Nhất LD 24-01_2023 Café/nâu,Café/nâu,1.0,1697222.0
KH-00586,CÔNG TY CỔ PHẦN THƯƠNG MẠI MINH PHƯƠNG,000226003023000,Xe đạp Thống Nhất LD 24-01_2023 Kem,Kem,1.0,1697222.0
KH-00586,CÔNG TY CỔ PHẦN THƯƠNG MẠI MINH PHƯƠNG,000230002023000,Xe đạp Thống Nhất LD 26 Kem,Kem,1.0,1813333.0
KH-00586,CÔNG TY CỔ PHẦN THƯƠNG MẠI MINH PHƯƠNG,000331002008000,Xe đạp Thống Nhất MTB 26-02 Ghi,Ghi,1.0,1813333.0
KH-00586,CÔNG TY CỔ PHẦN THƯƠNG MẠI MINH PHƯƠNG,000331002022000,Xe đạp Thống Nhất MTB 26-02 Xanh dương,Xanh dương,1.0,1813333.0
KH-00586,CÔNG TY CỔ PHẦN THƯƠNG MẠI MINH PHƯƠNG,000335002001000,Xe đạp Thống Nhất Super 24 Đen,Đen,1.0,2118888.0
KH-00586,CÔNG TY CỔ PHẦN THƯƠNG MẠI MINH PHƯƠNG,000401002016000,"Xe đạp Thống Nhất Nữ Truyền thống Lốp đỏ, Ngọc",Ngọc,2.0,3088888.0
KH-00594,DOANH NGHIỆP TW LONG PHÚ,000125002023000,Xe đạp Thống Nhất Puppy 20 Kem,Kem,5.0,6552775.0
KH-00594,DOANH NGHIỆP TW LONG PHÚ,000216003001000,Xe đạp Thống Nhất GN 06-24 2.0 Đen,Đen,5.0,7652775.0
KH-00594,DOANH NGHIỆP TW LONG PHÚ,000216003008000,Xe đạp Thống Nhất GN 06-24 2.0 Ghi,Ghi,5.0,7652775.0
KH-00594,DOANH NGHIỆP TW LONG PHÚ,000217003001000,Xe đạp Thống Nhất GN 06-26 2.0 Đen,Đen,5.0,7958330.0
KH-00594,DOANH NGHIỆP TW LONG PHÚ,000217003008000,Xe đạp Thống Nhất GN 06-26 2.0 Ghi,Ghi,5.0,7958330.0
KH-00594,DOANH NGHIỆP TW LONG PHÚ,000224002023000,Xe đạp Thống Nhất New 24 Kem,Kem,5.0,7775000.0
KH-00594,DOANH NGHIỆP TW LONG PHÚ,000224002026000,Xe đạp Thống Nhất New 24 Xanh mint,Xanh mint,3.0,4665000.0
KH-00594,DOANH NGHIỆP TW LONG PHÚ,000225002023000,Xe đạp Thống Nhất New 26 Kem,Kem,5.0,8080555.0
KH-00594,DOANH NGHIỆP TW LONG PHÚ,000225002025000,Xe đạp Thống Nhất New 26 Xanh mint,Xanh mint,3.0,4848333.0
KH-00594,DOANH NGHIỆP TW LONG PHÚ,000401002016000,"Xe đạp Thống Nhất Nữ Truyền thống Lốp đỏ, Ngọc",Ngọc,1.0,1530555.0
KH-00605,CÔNG TY CỔ PHẦN VĨNH PHÁT,000125002009000,Xe đạp Thống Nhất Puppy 20 Hồng,Hồng,4.0,5242220.0
KH-00605,CÔNG TY CỔ PHẦN VĨNH PHÁT,000125002013000,Xe đạp Thống Nhất Puppy 20 Xanh,Xanh,4.0,5242220.0
KH-00605,CÔNG TY CỔ PHẦN VĨNH PHÁT,000131002001002,Xe đạp Thống Nhất GN 06 20 2024 Đen,Đen,3.0,3509721.0
KH-00605,CÔNG TY CỔ PHẦN VĨNH PHÁT,000207004000000,Xe đạp Thống Nhất 219-05-26,219-05-26,11.0,16836105.0
KH-00605,CÔNG TY CỔ PHẦN VĨNH PHÁT,000216003001000,Xe đạp Thống Nhất GN 06-24 2.0 Đen,Đen,1.0,1530555.0
KH-00605,CÔNG TY CỔ PHẦN VĨNH PHÁT,000216003008000,Xe đạp Thống Nhất GN 06-24 2.0 Ghi,Ghi,14.0,21427770.0
KH-00605,CÔNG TY CỔ PHẦN VĨNH PHÁT,000217003001000,Xe đạp Thống Nhất GN 06-26 2.0 Đen,Đen,6.0,9549996.0
KH-00605,CÔNG TY CỔ PHẦN VĨNH PHÁT,000217003008000,Xe đạp Thống Nhất GN 06-26 2.0 Ghi,Ghi,2.0,3183332.0
KH-00605,CÔNG TY CỔ PHẦN VĨNH PHÁT,000224002002000,Xe đạp Thống Nhất New 24 Trắng,Trắng,2.0,3110000.0
KH-00605,CÔNG TY CỔ PHẦN VĨNH PHÁT,000224002015000,Xe đạp Thống Nhất New 24 Café/nâu,Café/nâu,2.0,3110000.0
KH-00605,CÔNG TY CỔ PHẦN VĨNH PHÁT,000224002023000,Xe đạp Thống Nhất New 24 Kem,Kem,3.0,4665000.0
KH-00605,CÔNG TY CỔ PHẦN VĨNH PHÁT,000224002026000,Xe đạp Thống Nhất New 24 Xanh mint,Xanh mint,1.0,1555000.0
KH-00605,CÔNG TY CỔ PHẦN VĨNH PHÁT,000225002002000,Xe đạp Thống Nhất New 26 Trắng,Trắng,3.0,4848333.0
KH-00605,CÔNG TY CỔ PHẦN VĨNH PHÁT,000225002015000,Xe đạp Thống Nhất New 26 Café/nâu,Café/nâu,1.0,1616111.0
KH-00605,CÔNG TY CỔ PHẦN VĨNH PHÁT,000225002023000,Xe đạp Thống Nhất New 26 Kem,Kem,6.0,9696666.0
KH-00605,CÔNG TY CỔ PHẦN VĨNH PHÁT,000225002025000,Xe đạp Thống Nhất New 26 Xanh mint,Xanh mint,3.0,4848333.0
KH-00605,CÔNG TY CỔ PHẦN VĨNH PHÁT,000226003002000,Xe đạp Thống Nhất LD 24-01_2023 Trắng,Trắng,2.0,3366666.0
KH-00605,CÔNG TY CỔ PHẦN VĨNH PHÁT,000226003014000,Xe đạp Thống Nhất LD 24-01_2023 Xanh Santorini,Xanh Santorini,1.0,1683333.0
KH-00605,CÔNG TY CỔ PHẦN VĨNH PHÁT,000226003015000,Xe đạp Thống Nhất LD 24-01_2023 Café/nâu,Café/nâu,4.0,6733332.0
KH-00605,CÔNG TY CỔ PHẦN VĨNH PHÁT,000226003023000,Xe đạp Thống Nhất LD 24-01_2023 Kem,Kem,3.0,5049999.0
KH-00605,CÔNG TY CỔ PHẦN VĨNH PHÁT,000230002023000,Xe đạp Thống Nhất LD 26 Kem,Kem,2.0,3598888.0
